file,class,type,cbo,cboModified,fanin,fanout,wmc,dit,noc,rfc,lcom,lcom*,tcc,lcc,totalMethodsQty,staticMethodsQty,publicMethodsQty,privateMethodsQty,protectedMethodsQty,defaultMethodsQty,visibleMethodsQty,abstractMethodsQty,finalMethodsQty,synchronizedMethodsQty,totalFieldsQty,staticFieldsQty,publicFieldsQty,privateFieldsQty,protectedFieldsQty,defaultFieldsQty,finalFieldsQty,synchronizedFieldsQty,nosi,loc,returnQty,loopQty,comparisonsQty,tryCatchQty,parenthesizedExpsQty,stringLiteralsQty,numbersQty,assignmentsQty,mathOperationsQty,variablesQty,maxNestedBlocksQty,anonymousClassesQty,innerClassesQty,lambdasQty,uniqueWordsQty,modifiers,logStatementsQty
C:\projects\spellingGame-master\source\j9\SimpleWordTestDrive.java,j9.SimpleWordTestDrive,class,1,1,0,1,1,1,0,4,0,0.0,NaN,NaN,1,1,1,0,0,0,1,0,0,0,0,0,0,0,0,0,0,0,0,17,0,0,0,0,1,5,0,8,2,6,0,0,0,0,17,1,0
C:\projects\spellingGame-master\source\j9\SimpleSpellGame.java,j9.SimpleSpellGame,class,2,2,0,2,5,1,0,13,0,0.0,NaN,NaN,1,1,1,0,0,0,1,0,0,0,0,0,0,0,0,0,0,0,1,32,0,2,0,0,2,8,0,12,3,11,2,0,0,0,28,0,0
C:\projects\spellingGame-master\source\j9\GameHelper.java,j9.GameHelper,class,0,1,1,0,3,1,0,5,0,0.0,NaN,NaN,1,0,1,0,0,0,1,0,0,0,0,0,0,0,0,0,0,0,0,15,2,0,1,1,0,2,1,3,2,2,2,0,0,0,17,1,0
C:\projects\spellingGame-master\source\j9\SimpleWord.java,j9.SimpleWord,class,0,2,2,0,5,1,0,1,0,0.375,0.6666667,1.0,4,0,4,0,0,0,4,0,0,0,2,0,0,2,0,0,0,0,0,25,3,0,0,0,0,2,1,5,0,4,1,0,0,0,15,1,0
