file,class,method,variable,usage
C:\projects\spellingGame-master\source\j9\SimpleWord.java,j9.SimpleWord,getSpelling/0,correctSpelling,1
C:\projects\spellingGame-master\source\j9\SimpleWord.java,j9.SimpleWord,SimpleWord/1[java.lang.String],correctSpelling,1
C:\projects\spellingGame-master\source\j9\SimpleWord.java,j9.SimpleWord,checkSpelling/1[java.lang.String],correctSpelling,1
C:\projects\spellingGame-master\source\j9\SimpleWord.java,j9.SimpleWord,checkSpelling/1[java.lang.String],numOfGuesses,1
C:\projects\spellingGame-master\source\j9\SimpleWord.java,j9.SimpleWord,getNumGuesses/0,numOfGuesses,1
