file,class,method,constructor,line,cbo,cboModified,fanin,fanout,wmc,rfc,loc,returnsQty,variablesQty,parametersQty,methodsInvokedQty,methodsInvokedLocalQty,methodsInvokedIndirectLocalQty,loopQty,comparisonsQty,tryCatchQty,parenthesizedExpsQty,stringLiteralsQty,numbersQty,assignmentsQty,mathOperationsQty,maxNestedBlocksQty,anonymousClassesQty,innerClassesQty,lambdasQty,uniqueWordsQty,modifiers,logStatementsQty,hasJavaDoc
C:\projects\spellingGame-master\source\j9\SimpleWordTestDrive.java,j9.SimpleWordTestDrive,main/1[java.lang.String[]],false,5,1,4,0,4,1,4,15,0,6,1,4,0,0,0,0,0,1,5,0,8,2,0,0,0,0,15,9,0,false
C:\projects\spellingGame-master\source\j9\SimpleSpellGame.java,j9.SimpleSpellGame,main/1[java.lang.String[]],false,7,2,6,0,6,5,13,30,0,11,1,13,0,0,2,0,0,2,8,0,12,3,2,0,0,0,27,9,0,false
C:\projects\spellingGame-master\source\j9\GameHelper.java,j9.GameHelper,getUserInput/1[java.lang.String],false,8,0,1,1,0,3,5,13,2,2,1,5,0,0,0,1,1,0,2,1,3,2,2,0,0,0,15,1,0,false
C:\projects\spellingGame-master\source\j9\SimpleWord.java,j9.SimpleWord,getSpelling/0,false,12,0,2,2,0,1,0,3,1,0,0,0,0,0,0,0,0,0,0,0,0,0,0,0,0,0,3,1,0,false
C:\projects\spellingGame-master\source\j9\SimpleWord.java,j9.SimpleWord,SimpleWord/1[java.lang.String],true,8,0,2,2,0,1,0,3,0,0,1,0,0,0,0,0,0,0,0,0,1,0,0,0,0,0,5,1,0,false
C:\projects\spellingGame-master\source\j9\SimpleWord.java,j9.SimpleWord,checkSpelling/1[java.lang.String],false,16,0,2,2,0,2,1,12,1,2,1,1,0,0,0,0,0,0,2,0,3,0,1,0,0,0,10,1,0,false
C:\projects\spellingGame-master\source\j9\SimpleWord.java,j9.SimpleWord,getNumGuesses/0,false,31,0,2,2,0,1,0,3,1,0,0,0,0,0,0,0,0,0,0,0,0,0,0,0,0,0,5,1,0,false
