file,class,method,variable,usage
C:\projects\spellingGame-master\source\j9\SimpleWordTestDrive.java,j9.SimpleWordTestDrive,main/1[java.lang.String[]],args,0
C:\projects\spellingGame-master\source\j9\SimpleWordTestDrive.java,j9.SimpleWordTestDrive,main/1[java.lang.String[]],result,3
C:\projects\spellingGame-master\source\j9\SimpleWordTestDrive.java,j9.SimpleWordTestDrive,main/1[java.lang.String[]],numGuesses,1
C:\projects\spellingGame-master\source\j9\SimpleWordTestDrive.java,j9.SimpleWordTestDrive,main/1[java.lang.String[]],myWord,1
C:\projects\spellingGame-master\source\j9\SimpleWordTestDrive.java,j9.SimpleWordTestDrive,main/1[java.lang.String[]],wordToGuess,1
C:\projects\spellingGame-master\source\j9\SimpleWordTestDrive.java,j9.SimpleWordTestDrive,main/1[java.lang.String[]],userInput,4
C:\projects\spellingGame-master\source\j9\SimpleWordTestDrive.java,j9.SimpleWordTestDrive,main/1[java.lang.String[]],word,4
C:\projects\spellingGame-master\source\j9\SimpleSpellGame.java,j9.SimpleSpellGame,main/1[java.lang.String[]],numGuesses,2
C:\projects\spellingGame-master\source\j9\SimpleSpellGame.java,j9.SimpleSpellGame,main/1[java.lang.String[]],words,5
C:\projects\spellingGame-master\source\j9\SimpleSpellGame.java,j9.SimpleSpellGame,main/1[java.lang.String[]],spelled,2
C:\projects\spellingGame-master\source\j9\SimpleSpellGame.java,j9.SimpleSpellGame,main/1[java.lang.String[]],list,1
C:\projects\spellingGame-master\source\j9\SimpleSpellGame.java,j9.SimpleSpellGame,main/1[java.lang.String[]],wordsRemaining,2
C:\projects\spellingGame-master\source\j9\SimpleSpellGame.java,j9.SimpleSpellGame,main/1[java.lang.String[]],randomNum,1
C:\projects\spellingGame-master\source\j9\SimpleSpellGame.java,j9.SimpleSpellGame,main/1[java.lang.String[]],args,0
C:\projects\spellingGame-master\source\j9\SimpleSpellGame.java,j9.SimpleSpellGame,main/1[java.lang.String[]],result,1
C:\projects\spellingGame-master\source\j9\SimpleSpellGame.java,j9.SimpleSpellGame,main/1[java.lang.String[]],helper,1
C:\projects\spellingGame-master\source\j9\SimpleSpellGame.java,j9.SimpleSpellGame,main/1[java.lang.String[]],wordToGuess,4
C:\projects\spellingGame-master\source\j9\SimpleSpellGame.java,j9.SimpleSpellGame,main/1[java.lang.String[]],userInput,1
C:\projects\spellingGame-master\source\j9\SimpleSpellGame.java,j9.SimpleSpellGame,main/1[java.lang.String[]],word,1
C:\projects\spellingGame-master\source\j9\SimpleSpellGame.java,j9.SimpleSpellGame,main/1[java.lang.String[]],element,1
C:\projects\spellingGame-master\source\j9\GameHelper.java,j9.GameHelper,getUserInput/1[java.lang.String],inputLine,3
C:\projects\spellingGame-master\source\j9\GameHelper.java,j9.GameHelper,getUserInput/1[java.lang.String],e,1
C:\projects\spellingGame-master\source\j9\GameHelper.java,j9.GameHelper,getUserInput/1[java.lang.String],is,1
C:\projects\spellingGame-master\source\j9\GameHelper.java,j9.GameHelper,getUserInput/1[java.lang.String],prompt,1
C:\projects\spellingGame-master\source\j9\SimpleWord.java,j9.SimpleWord,SimpleWord/1[java.lang.String],spelling,1
C:\projects\spellingGame-master\source\j9\SimpleWord.java,j9.SimpleWord,checkSpelling/1[java.lang.String],result,3
C:\projects\spellingGame-master\source\j9\SimpleWord.java,j9.SimpleWord,checkSpelling/1[java.lang.String],correctResponse,1
C:\projects\spellingGame-master\source\j9\SimpleWord.java,j9.SimpleWord,checkSpelling/1[java.lang.String],userGuess,1
