file,class,method,variable,usage
C:\projects\eightball-game-java-main\EightBallGameJava\EightBall.java,EightBall,keyTyped/1[java.awt.event.KeyEvent],question,1
C:\projects\eightball-game-java-main\EightBallGameJava\EightBall.java,EightBall,keyTyped/1[java.awt.event.KeyEvent],questionLabel,1
C:\projects\eightball-game-java-main\EightBallGameJava\EightBall.java,EightBall,EightBall/0,displayAnswer,6
C:\projects\eightball-game-java-main\EightBallGameJava\EightBall.java,EightBall,EightBall/0,answerLabel,3
C:\projects\eightball-game-java-main\EightBallGameJava\EightBall.java,EightBall,EightBall/0,displayQuestion,5
C:\projects\eightball-game-java-main\EightBallGameJava\EightBall.java,EightBall,EightBall/0,questionLabel,2
C:\projects\eightball-game-java-main\EightBallGameJava\EightBall.java,EightBall,keyReleased/1[java.awt.event.KeyEvent],question,1
C:\projects\eightball-game-java-main\EightBallGameJava\EightBall.java,EightBall,keyReleased/1[java.awt.event.KeyEvent],answerLabel,1
C:\projects\eightball-game-java-main\EightBallGameJava\EightBall.java,EightBall,keyPressed/1[java.awt.event.KeyEvent],question,5
C:\projects\eightball-game-java-main\EightBallGameJava\EightBall.java,EightBall,keyPressed/1[java.awt.event.KeyEvent],questionLabel,1
