file,class,method,constructor,line,cbo,cboModified,fanin,fanout,wmc,rfc,loc,returnsQty,variablesQty,parametersQty,methodsInvokedQty,methodsInvokedLocalQty,methodsInvokedIndirectLocalQty,loopQty,comparisonsQty,tryCatchQty,parenthesizedExpsQty,stringLiteralsQty,numbersQty,assignmentsQty,mathOperationsQty,maxNestedBlocksQty,anonymousClassesQty,innerClassesQty,lambdasQty,uniqueWordsQty,modifiers,logStatementsQty,hasJavaDoc
C:\projects\eightball-game-java-main\EightBallGameJava\EightBall.java,EightBall,keyTyped/1[java.awt.event.KeyEvent],false,50,0,0,0,0,1,1,3,0,0,1,1,0,0,0,0,0,0,0,0,0,0,0,0,0,0,6,1,0,false
C:\projects\eightball-game-java-main\EightBallGameJava\EightBall.java,EightBall,EightBall/0,true,20,0,1,1,0,1,12,23,0,2,0,12,0,0,0,0,0,0,2,10,2,0,0,0,0,0,16,0,0,false
C:\projects\eightball-game-java-main\EightBallGameJava\EightBall.java,EightBall,keyReleased/1[java.awt.event.KeyEvent],false,79,1,1,0,1,2,3,6,0,0,1,3,1,1,0,1,0,0,1,1,1,0,1,0,0,0,9,1,0,false
C:\projects\eightball-game-java-main\EightBallGameJava\EightBall.java,EightBall,eightBallAnswers/0,false,88,0,1,1,0,1,1,6,1,3,0,1,0,0,0,0,0,0,20,0,3,0,0,0,0,0,30,1,0,false
C:\projects\eightball-game-java-main\EightBallGameJava\EightBall.java,EightBall,keyPressed/1[java.awt.event.KeyEvent],false,55,1,0,0,0,5,5,16,0,3,1,5,0,0,1,2,0,0,0,19,6,1,2,0,0,0,15,1,0,false
C:\projects\eightball-game-java-main\EightBallGameJava\Main.java,Main,main/1[java.lang.String[]],false,2,1,1,0,1,1,0,3,0,1,1,0,0,0,0,0,0,0,0,0,1,0,0,0,0,0,5,9,0,false
