file,class,method,variable,usage
C:\projects\eightball-game-java-main\EightBallGameJava\EightBall.java,EightBall,keyTyped/1[java.awt.event.KeyEvent],e,0
C:\projects\eightball-game-java-main\EightBallGameJava\EightBall.java,EightBall,EightBall/0,width,2
C:\projects\eightball-game-java-main\EightBallGameJava\EightBall.java,EightBall,EightBall/0,height,2
C:\projects\eightball-game-java-main\EightBallGameJava\EightBall.java,EightBall,keyReleased/1[java.awt.event.KeyEvent],e,1
C:\projects\eightball-game-java-main\EightBallGameJava\EightBall.java,EightBall,eightBallAnswers/0,chosenAnswer,1
C:\projects\eightball-game-java-main\EightBallGameJava\EightBall.java,EightBall,eightBallAnswers/0,possibleAnswers,2
C:\projects\eightball-game-java-main\EightBallGameJava\EightBall.java,EightBall,eightBallAnswers/0,chosenAnswerIndex,1
C:\projects\eightball-game-java-main\EightBallGameJava\EightBall.java,EightBall,keyPressed/1[java.awt.event.KeyEvent],e,3
C:\projects\eightball-game-java-main\EightBallGameJava\EightBall.java,EightBall,keyPressed/1[java.awt.event.KeyEvent],isNotExempted,2
C:\projects\eightball-game-java-main\EightBallGameJava\EightBall.java,EightBall,keyPressed/1[java.awt.event.KeyEvent],i,3
C:\projects\eightball-game-java-main\EightBallGameJava\EightBall.java,EightBall,keyPressed/1[java.awt.event.KeyEvent],exceptTheseKeys,2
C:\projects\eightball-game-java-main\EightBallGameJava\Main.java,Main,main/1[java.lang.String[]],args,0
C:\projects\eightball-game-java-main\EightBallGameJava\Main.java,Main,main/1[java.lang.String[]],eightBall,0
