file,class,type,cbo,cboModified,fanin,fanout,wmc,dit,noc,rfc,lcom,lcom*,tcc,lcc,totalMethodsQty,staticMethodsQty,publicMethodsQty,privateMethodsQty,protectedMethodsQty,defaultMethodsQty,visibleMethodsQty,abstractMethodsQty,finalMethodsQty,synchronizedMethodsQty,totalFieldsQty,staticFieldsQty,publicFieldsQty,privateFieldsQty,protectedFieldsQty,defaultFieldsQty,finalFieldsQty,synchronizedFieldsQty,nosi,loc,returnQty,loopQty,comparisonsQty,tryCatchQty,parenthesizedExpsQty,stringLiteralsQty,numbersQty,assignmentsQty,mathOperationsQty,variablesQty,maxNestedBlocksQty,anonymousClassesQty,innerClassesQty,lambdasQty,uniqueWordsQty,modifiers,logStatementsQty
C:\projects\Winter-Games-Java-master\WinterGames\src\wintergames\Scores.java,wintergames.Scores,class,2,5,3,2,28,1,0,13,0,0.725,1.0,1.0,4,4,4,0,0,0,4,0,0,0,10,10,0,0,0,10,0,0,5,159,0,8,2,0,0,21,59,57,8,46,4,0,0,0,67,1,0
C:\projects\Winter-Games-Java-master\WinterGames\src\wintergames\WinterGames.java,wintergames.WinterGames$Anonymous1,anonymous,2,2,0,2,1,1,0,2,0,0.0,NaN,NaN,1,0,1,0,0,0,1,0,0,0,0,0,0,0,0,0,0,0,2,6,0,0,0,0,0,0,0,0,0,0,0,0,0,0,4,-1,0
C:\projects\Winter-Games-Java-master\WinterGames\src\wintergames\getData.java,wintergames.getData,class,1,3,2,1,14,1,0,0,1,0.5555556,0.46666667,1.0,6,0,6,0,0,0,6,0,0,0,3,0,0,3,0,0,0,0,0,27,5,0,0,0,0,0,12,5,0,3,1,0,0,0,13,1,0
C:\projects\Winter-Games-Java-master\WinterGames\src\wintergames\WinterGames.java,wintergames.WinterGames,class,1,2,1,1,2,1,0,2,1,0.0,NaN,NaN,2,2,1,1,0,0,1,0,0,0,0,0,0,0,0,0,0,0,2,15,0,0,0,0,0,0,0,1,0,1,0,1,0,0,14,1,0
C:\projects\Winter-Games-Java-master\WinterGames\src\wintergames\MedalRank.java,wintergames.MedalRank,class,2,3,1,2,14,1,0,21,0,0.22222222,1.0,1.0,2,0,2,0,0,0,2,0,0,0,5,3,0,0,0,5,0,0,7,101,0,6,0,0,0,35,59,17,24,17,3,0,0,0,32,1,0
