file,class,method,variable,usage
C:\projects\Winter-Games-Java-master\WinterGames\src\wintergames\Scores.java,wintergames.Scores,"sortTimes/2[wintergames.getData[],int]",competitors,7
C:\projects\Winter-Games-Java-master\WinterGames\src\wintergames\Scores.java,wintergames.Scores,Scores/0,newEvent,4
C:\projects\Winter-Games-Java-master\WinterGames\src\wintergames\Scores.java,wintergames.Scores,Scores/0,competitors,5
C:\projects\Winter-Games-Java-master\WinterGames\src\wintergames\Scores.java,wintergames.Scores,Scores/0,TIMES,2
C:\projects\Winter-Games-Java-master\WinterGames\src\wintergames\Scores.java,wintergames.Scores,Scores/0,timedEvents,3
C:\projects\Winter-Games-Java-master\WinterGames\src\wintergames\Scores.java,wintergames.Scores,Scores/0,SCORES,2
C:\projects\Winter-Games-Java-master\WinterGames\src\wintergames\Scores.java,wintergames.Scores,Scores/0,scoredEvents,3
C:\projects\Winter-Games-Java-master\WinterGames\src\wintergames\Scores.java,wintergames.Scores,Scores/0,scoreType,2
C:\projects\Winter-Games-Java-master\WinterGames\src\wintergames\Scores.java,wintergames.Scores,Scores/0,cnames,5
C:\projects\Winter-Games-Java-master\WinterGames\src\wintergames\Scores.java,wintergames.Scores,"setData/5[wintergames.getData[],int,java.lang.String,java.lang.Integer[],java.lang.Integer[]]",competitors,4
C:\projects\Winter-Games-Java-master\WinterGames\src\wintergames\Scores.java,wintergames.Scores,"sortScores/2[wintergames.getData[],int]",competitors,7
C:\projects\Winter-Games-Java-master\WinterGames\src\wintergames\getData.java,wintergames.getData,getScore/1[int],scores,1
C:\projects\Winter-Games-Java-master\WinterGames\src\wintergames\getData.java,wintergames.getData,"setScore/2[int,int]",scores,1
C:\projects\Winter-Games-Java-master\WinterGames\src\wintergames\getData.java,wintergames.getData,getData/1[java.lang.String],times,1
C:\projects\Winter-Games-Java-master\WinterGames\src\wintergames\getData.java,wintergames.getData,getData/1[java.lang.String],scores,1
C:\projects\Winter-Games-Java-master\WinterGames\src\wintergames\getData.java,wintergames.getData,getData/1[java.lang.String],name,1
C:\projects\Winter-Games-Java-master\WinterGames\src\wintergames\getData.java,wintergames.getData,getTime/1[int],times,1
C:\projects\Winter-Games-Java-master\WinterGames\src\wintergames\getData.java,wintergames.getData,"setTime/2[int,int]",times,1
C:\projects\Winter-Games-Java-master\WinterGames\src\wintergames\getData.java,wintergames.getData,getName/0,name,1
C:\projects\Winter-Games-Java-master\WinterGames\src\wintergames\MedalRank.java,wintergames.MedalRank,actionPerformed/1[java.awt.event.ActionEvent],medalResult2,6
C:\projects\Winter-Games-Java-master\WinterGames\src\wintergames\MedalRank.java,wintergames.MedalRank,actionPerformed/1[java.awt.event.ActionEvent],medalResult3,6
C:\projects\Winter-Games-Java-master\WinterGames\src\wintergames\MedalRank.java,wintergames.MedalRank,actionPerformed/1[java.awt.event.ActionEvent],medalResult1,6
C:\projects\Winter-Games-Java-master\WinterGames\src\wintergames\MedalRank.java,wintergames.MedalRank,actionPerformed/1[java.awt.event.ActionEvent],eventType,6
C:\projects\Winter-Games-Java-master\WinterGames\src\wintergames\MedalRank.java,wintergames.MedalRank,MedalRank/0,medalResult2,3
C:\projects\Winter-Games-Java-master\WinterGames\src\wintergames\MedalRank.java,wintergames.MedalRank,MedalRank/0,medalResult3,3
C:\projects\Winter-Games-Java-master\WinterGames\src\wintergames\MedalRank.java,wintergames.MedalRank,MedalRank/0,names,5
C:\projects\Winter-Games-Java-master\WinterGames\src\wintergames\MedalRank.java,wintergames.MedalRank,MedalRank/0,medalResult1,3
C:\projects\Winter-Games-Java-master\WinterGames\src\wintergames\MedalRank.java,wintergames.MedalRank,MedalRank/0,eventListPrompt,3
C:\projects\Winter-Games-Java-master\WinterGames\src\wintergames\MedalRank.java,wintergames.MedalRank,MedalRank/0,eventNames,5
C:\projects\Winter-Games-Java-master\WinterGames\src\wintergames\MedalRank.java,wintergames.MedalRank,MedalRank/0,eventType,3
C:\projects\Winter-Games-Java-master\WinterGames\src\wintergames\MedalRank.java,wintergames.MedalRank,MedalRank/0,contentPane,11
C:\projects\Winter-Games-Java-master\WinterGames\src\wintergames\MedalRank.java,wintergames.MedalRank,MedalRank/0,frame,5
