file,class,method,constructor,line,cbo,cboModified,fanin,fanout,wmc,rfc,loc,returnsQty,variablesQty,parametersQty,methodsInvokedQty,methodsInvokedLocalQty,methodsInvokedIndirectLocalQty,loopQty,comparisonsQty,tryCatchQty,parenthesizedExpsQty,stringLiteralsQty,numbersQty,assignmentsQty,mathOperationsQty,maxNestedBlocksQty,anonymousClassesQty,innerClassesQty,lambdasQty,uniqueWordsQty,modifiers,logStatementsQty,hasJavaDoc
C:\projects\Winter-Games-Java-master\WinterGames\src\wintergames\Scores.java,wintergames.Scores,"sortTimes/2[wintergames.getData[],int]",false,202,1,2,1,1,5,1,15,0,4,2,1,0,0,2,1,0,0,0,3,7,2,3,0,0,0,10,9,0,false
C:\projects\Winter-Games-Java-master\WinterGames\src\wintergames\Scores.java,wintergames.Scores,Scores/0,false,29,1,2,1,1,15,9,112,0,26,0,9,1,1,2,0,0,0,13,48,32,4,4,0,0,0,49,9,0,false
C:\projects\Winter-Games-Java-master\WinterGames\src\wintergames\Scores.java,wintergames.Scores,"setData/5[wintergames.getData[],int,java.lang.String,java.lang.Integer[],java.lang.Integer[]]",false,173,1,4,1,3,3,2,5,0,2,5,2,0,0,2,0,0,0,0,2,3,0,1,0,0,0,7,9,0,false
C:\projects\Winter-Games-Java-master\WinterGames\src\wintergames\Scores.java,wintergames.Scores,"sortScores/2[wintergames.getData[],int]",false,184,1,2,1,1,5,1,15,0,4,2,1,0,0,2,1,0,0,0,3,7,2,3,0,0,0,10,9,0,false
C:\projects\Winter-Games-Java-master\WinterGames\src\wintergames\WinterGames.java,wintergames.WinterGames$Anonymous1,run/0,false,27,2,2,0,2,1,2,4,0,0,0,2,0,0,0,0,0,0,0,0,0,0,0,0,0,0,4,1,0,false
C:\projects\Winter-Games-Java-master\WinterGames\src\wintergames\getData.java,wintergames.getData,getScore/1[int],false,37,0,1,1,0,3,0,4,2,0,1,0,0,0,0,0,0,0,0,3,0,0,1,0,0,0,3,1,0,false
C:\projects\Winter-Games-Java-master\WinterGames\src\wintergames\getData.java,wintergames.getData,"setScore/2[int,int]",false,21,0,1,1,0,3,0,3,0,0,2,0,0,0,0,0,0,0,0,2,1,0,1,0,0,0,4,1,0,false
C:\projects\Winter-Games-Java-master\WinterGames\src\wintergames\getData.java,wintergames.getData,getData/1[java.lang.String],true,14,1,1,1,0,1,0,5,0,0,1,0,0,0,0,0,0,0,0,2,3,0,0,0,0,0,6,1,0,false
C:\projects\Winter-Games-Java-master\WinterGames\src\wintergames\getData.java,wintergames.getData,getTime/1[int],false,45,0,1,1,0,3,0,4,2,0,1,0,0,0,0,0,0,0,0,3,0,0,1,0,0,0,3,1,0,false
C:\projects\Winter-Games-Java-master\WinterGames\src\wintergames\getData.java,wintergames.getData,"setTime/2[int,int]",false,27,0,1,1,0,3,0,3,0,0,2,0,0,0,0,0,0,0,0,2,1,0,1,0,0,0,4,1,0,false
C:\projects\Winter-Games-Java-master\WinterGames\src\wintergames\getData.java,wintergames.getData,getName/0,false,33,0,1,1,0,1,0,3,1,0,0,0,0,0,0,0,0,0,0,0,0,0,0,0,0,0,3,1,0,false
C:\projects\Winter-Games-Java-master\WinterGames\src\wintergames\WinterGames.java,wintergames.WinterGames,runGUI/0,false,16,1,2,1,1,1,1,4,0,1,0,1,0,0,0,0,0,0,0,0,1,0,0,0,0,0,8,10,0,false
C:\projects\Winter-Games-Java-master\WinterGames\src\wintergames\WinterGames.java,wintergames.WinterGames,main/1[java.lang.String[]],false,21,0,1,0,1,1,1,9,0,0,1,1,0,0,0,0,0,0,0,0,0,0,0,1,0,0,7,9,0,false
C:\projects\Winter-Games-Java-master\WinterGames\src\wintergames\MedalRank.java,wintergames.MedalRank,actionPerformed/1[java.awt.event.ActionEvent],false,76,2,3,0,3,13,9,60,0,8,1,9,0,0,6,0,0,0,29,54,8,24,3,0,0,0,12,1,0,false
C:\projects\Winter-Games-Java-master\WinterGames\src\wintergames\MedalRank.java,wintergames.MedalRank,MedalRank/0,true,22,0,1,1,0,1,12,34,0,0,0,12,0,0,0,0,0,0,6,5,8,0,0,0,0,0,23,1,0,false
