file,class,method,variable,usage
C:\projects\Winter-Games-Java-master\WinterGames\src\wintergames\Scores.java,wintergames.Scores,"sortTimes/2[wintergames.getData[],int]",competitors,8
C:\projects\Winter-Games-Java-master\WinterGames\src\wintergames\Scores.java,wintergames.Scores,"sortTimes/2[wintergames.getData[],int]",temp,1
C:\projects\Winter-Games-Java-master\WinterGames\src\wintergames\Scores.java,wintergames.Scores,"sortTimes/2[wintergames.getData[],int]",index,2
C:\projects\Winter-Games-Java-master\WinterGames\src\wintergames\Scores.java,wintergames.Scores,"sortTimes/2[wintergames.getData[],int]",i,7
C:\projects\Winter-Games-Java-master\WinterGames\src\wintergames\Scores.java,wintergames.Scores,"sortTimes/2[wintergames.getData[],int]",minPos,5
C:\projects\Winter-Games-Java-master\WinterGames\src\wintergames\Scores.java,wintergames.Scores,"sortTimes/2[wintergames.getData[],int]",j,4
C:\projects\Winter-Games-Java-master\WinterGames\src\wintergames\Scores.java,wintergames.Scores,Scores/0,ct2List,5
C:\projects\Winter-Games-Java-master\WinterGames\src\wintergames\Scores.java,wintergames.Scores,Scores/0,cs1,1
C:\projects\Winter-Games-Java-master\WinterGames\src\wintergames\Scores.java,wintergames.Scores,Scores/0,cs3,1
C:\projects\Winter-Games-Java-master\WinterGames\src\wintergames\Scores.java,wintergames.Scores,Scores/0,cs2,1
C:\projects\Winter-Games-Java-master\WinterGames\src\wintergames\Scores.java,wintergames.Scores,Scores/0,cs5,1
C:\projects\Winter-Games-Java-master\WinterGames\src\wintergames\Scores.java,wintergames.Scores,Scores/0,cs4List,5
C:\projects\Winter-Games-Java-master\WinterGames\src\wintergames\Scores.java,wintergames.Scores,Scores/0,cs4,1
C:\projects\Winter-Games-Java-master\WinterGames\src\wintergames\Scores.java,wintergames.Scores,Scores/0,compTime,6
C:\projects\Winter-Games-Java-master\WinterGames\src\wintergames\Scores.java,wintergames.Scores,Scores/0,ct3List,5
C:\projects\Winter-Games-Java-master\WinterGames\src\wintergames\Scores.java,wintergames.Scores,Scores/0,ct1List,5
C:\projects\Winter-Games-Java-master\WinterGames\src\wintergames\Scores.java,wintergames.Scores,Scores/0,addEvent,2
C:\projects\Winter-Games-Java-master\WinterGames\src\wintergames\Scores.java,wintergames.Scores,Scores/0,cs5List,5
C:\projects\Winter-Games-Java-master\WinterGames\src\wintergames\Scores.java,wintergames.Scores,Scores/0,ct4List,5
C:\projects\Winter-Games-Java-master\WinterGames\src\wintergames\Scores.java,wintergames.Scores,Scores/0,ct2,1
C:\projects\Winter-Games-Java-master\WinterGames\src\wintergames\Scores.java,wintergames.Scores,Scores/0,ct1,1
C:\projects\Winter-Games-Java-master\WinterGames\src\wintergames\Scores.java,wintergames.Scores,Scores/0,ct4,1
C:\projects\Winter-Games-Java-master\WinterGames\src\wintergames\Scores.java,wintergames.Scores,Scores/0,cs1List,5
C:\projects\Winter-Games-Java-master\WinterGames\src\wintergames\Scores.java,wintergames.Scores,Scores/0,ct3,1
C:\projects\Winter-Games-Java-master\WinterGames\src\wintergames\Scores.java,wintergames.Scores,Scores/0,ct5,1
C:\projects\Winter-Games-Java-master\WinterGames\src\wintergames\Scores.java,wintergames.Scores,Scores/0,ct5List,5
C:\projects\Winter-Games-Java-master\WinterGames\src\wintergames\Scores.java,wintergames.Scores,Scores/0,cs2List,5
C:\projects\Winter-Games-Java-master\WinterGames\src\wintergames\Scores.java,wintergames.Scores,Scores/0,input,5
C:\projects\Winter-Games-Java-master\WinterGames\src\wintergames\Scores.java,wintergames.Scores,Scores/0,cs3List,5
C:\projects\Winter-Games-Java-master\WinterGames\src\wintergames\Scores.java,wintergames.Scores,Scores/0,x,9
C:\projects\Winter-Games-Java-master\WinterGames\src\wintergames\Scores.java,wintergames.Scores,Scores/0,compScore,6
C:\projects\Winter-Games-Java-master\WinterGames\src\wintergames\Scores.java,wintergames.Scores,"setData/5[wintergames.getData[],int,java.lang.String,java.lang.Integer[],java.lang.Integer[]]",cs,2
C:\projects\Winter-Games-Java-master\WinterGames\src\wintergames\Scores.java,wintergames.Scores,"setData/5[wintergames.getData[],int,java.lang.String,java.lang.Integer[],java.lang.Integer[]]",ct,2
C:\projects\Winter-Games-Java-master\WinterGames\src\wintergames\Scores.java,wintergames.Scores,"setData/5[wintergames.getData[],int,java.lang.String,java.lang.Integer[],java.lang.Integer[]]",competitors,3
C:\projects\Winter-Games-Java-master\WinterGames\src\wintergames\Scores.java,wintergames.Scores,"setData/5[wintergames.getData[],int,java.lang.String,java.lang.Integer[],java.lang.Integer[]]",cname,1
C:\projects\Winter-Games-Java-master\WinterGames\src\wintergames\Scores.java,wintergames.Scores,"setData/5[wintergames.getData[],int,java.lang.String,java.lang.Integer[],java.lang.Integer[]]",index,3
C:\projects\Winter-Games-Java-master\WinterGames\src\wintergames\Scores.java,wintergames.Scores,"setData/5[wintergames.getData[],int,java.lang.String,java.lang.Integer[],java.lang.Integer[]]",i,4
C:\projects\Winter-Games-Java-master\WinterGames\src\wintergames\Scores.java,wintergames.Scores,"setData/5[wintergames.getData[],int,java.lang.String,java.lang.Integer[],java.lang.Integer[]]",j,4
C:\projects\Winter-Games-Java-master\WinterGames\src\wintergames\Scores.java,wintergames.Scores,"sortScores/2[wintergames.getData[],int]",competitors,8
C:\projects\Winter-Games-Java-master\WinterGames\src\wintergames\Scores.java,wintergames.Scores,"sortScores/2[wintergames.getData[],int]",temp,1
C:\projects\Winter-Games-Java-master\WinterGames\src\wintergames\Scores.java,wintergames.Scores,"sortScores/2[wintergames.getData[],int]",index,2
C:\projects\Winter-Games-Java-master\WinterGames\src\wintergames\Scores.java,wintergames.Scores,"sortScores/2[wintergames.getData[],int]",i,7
C:\projects\Winter-Games-Java-master\WinterGames\src\wintergames\Scores.java,wintergames.Scores,"sortScores/2[wintergames.getData[],int]",minPos,5
C:\projects\Winter-Games-Java-master\WinterGames\src\wintergames\Scores.java,wintergames.Scores,"sortScores/2[wintergames.getData[],int]",j,4
C:\projects\Winter-Games-Java-master\WinterGames\src\wintergames\getData.java,wintergames.getData,getScore/1[int],index,3
C:\projects\Winter-Games-Java-master\WinterGames\src\wintergames\getData.java,wintergames.getData,"setScore/2[int,int]",score,1
C:\projects\Winter-Games-Java-master\WinterGames\src\wintergames\getData.java,wintergames.getData,"setScore/2[int,int]",index,3
C:\projects\Winter-Games-Java-master\WinterGames\src\wintergames\getData.java,wintergames.getData,getData/1[java.lang.String],cname,1
C:\projects\Winter-Games-Java-master\WinterGames\src\wintergames\getData.java,wintergames.getData,getTime/1[int],index,3
C:\projects\Winter-Games-Java-master\WinterGames\src\wintergames\getData.java,wintergames.getData,"setTime/2[int,int]",index,3
C:\projects\Winter-Games-Java-master\WinterGames\src\wintergames\getData.java,wintergames.getData,"setTime/2[int,int]",time,1
C:\projects\Winter-Games-Java-master\WinterGames\src\wintergames\WinterGames.java,wintergames.WinterGames,runGUI/0,winner,0
C:\projects\Winter-Games-Java-master\WinterGames\src\wintergames\WinterGames.java,wintergames.WinterGames,main/1[java.lang.String[]],args,0
C:\projects\Winter-Games-Java-master\WinterGames\src\wintergames\MedalRank.java,wintergames.MedalRank,actionPerformed/1[java.awt.event.ActionEvent],e,1
C:\projects\Winter-Games-Java-master\WinterGames\src\wintergames\MedalRank.java,wintergames.MedalRank,actionPerformed/1[java.awt.event.ActionEvent],i,17
C:\projects\Winter-Games-Java-master\WinterGames\src\wintergames\MedalRank.java,wintergames.MedalRank,actionPerformed/1[java.awt.event.ActionEvent],eventNames,5
C:\projects\Winter-Games-Java-master\WinterGames\src\wintergames\MedalRank.java,wintergames.MedalRank,actionPerformed/1[java.awt.event.ActionEvent],comboBox,1
