file,class,method,variable,usage
C:\projects\Lotto-App-Java-master\Lotto.java,Lotto,Lotto/0,count1,1
C:\projects\Lotto-App-Java-master\Lotto.java,Lotto,Lotto/0,count2,1
C:\projects\Lotto-App-Java-master\Lotto.java,Lotto,Lotto/0,guess,1
C:\projects\Lotto-App-Java-master\Lotto.java,Lotto,Lotto/0,count3,1
C:\projects\Lotto-App-Java-master\Lotto.java,Lotto,Lotto/0,check,1
C:\projects\Lotto-App-Java-master\Lotto.java,Lotto,Lotto/0,lotteryNumbers,1
C:\projects\Lotto-App-Java-master\Lotto.java,Lotto,getCount3/0,count3,1
C:\projects\Lotto-App-Java-master\Lotto.java,Lotto,getCount2/0,count2,1
C:\projects\Lotto-App-Java-master\Lotto.java,Lotto,getCount1/0,count1,1
C:\projects\Lotto-App-Java-master\Lotto.java,Lotto,setGuess/1[int[][]],guess,3
C:\projects\Lotto-App-Java-master\Lotto.java,Lotto,getLotteryNumbers/0,lotteryNumbers,1
C:\projects\Lotto-App-Java-master\Lotto.java,Lotto,compute/0,count1,1
C:\projects\Lotto-App-Java-master\Lotto.java,Lotto,compute/0,duplicates,3
C:\projects\Lotto-App-Java-master\Lotto.java,Lotto,compute/0,count2,1
C:\projects\Lotto-App-Java-master\Lotto.java,Lotto,compute/0,guess,3
C:\projects\Lotto-App-Java-master\Lotto.java,Lotto,compute/0,count3,1
C:\projects\Lotto-App-Java-master\Lotto.java,Lotto,compute/0,check,5
C:\projects\Lotto-App-Java-master\Lotto.java,Lotto,compute/0,lotteryNumbers,5
