file,class,method,constructor,line,cbo,cboModified,fanin,fanout,wmc,rfc,loc,returnsQty,variablesQty,parametersQty,methodsInvokedQty,methodsInvokedLocalQty,methodsInvokedIndirectLocalQty,loopQty,comparisonsQty,tryCatchQty,parenthesizedExpsQty,stringLiteralsQty,numbersQty,assignmentsQty,mathOperationsQty,maxNestedBlocksQty,anonymousClassesQty,innerClassesQty,lambdasQty,uniqueWordsQty,modifiers,logStatementsQty,hasJavaDoc
C:\projects\Lotto-App-Java-master\LottoApp.java,LottoApp,main/1[java.lang.String[]],false,12,2,7,0,7,9,9,46,0,13,1,9,0,0,5,1,0,14,23,18,26,9,3,0,0,0,27,9,0,false
C:\projects\Lotto-App-Java-master\Lotto.java,Lotto,Lotto/0,true,17,1,1,1,0,1,0,8,0,0,0,0,0,0,0,0,0,0,0,8,6,0,0,0,0,0,8,1,0,false
C:\projects\Lotto-App-Java-master\Lotto.java,Lotto,getCount3/0,false,103,0,1,1,0,1,0,3,1,0,0,0,0,0,0,0,0,0,0,0,0,0,0,0,0,0,3,1,0,false
C:\projects\Lotto-App-Java-master\Lotto.java,Lotto,getCount2/0,false,98,0,1,1,0,1,0,3,1,0,0,0,0,0,0,0,0,0,0,0,0,0,0,0,0,0,3,1,0,false
C:\projects\Lotto-App-Java-master\Lotto.java,Lotto,getCount1/0,false,93,0,1,1,0,1,0,3,1,0,0,0,0,0,0,0,0,0,0,0,0,0,0,0,0,0,3,1,0,false
C:\projects\Lotto-App-Java-master\Lotto.java,Lotto,setGuess/1[int[][]],false,27,1,1,1,0,1,0,3,0,0,1,0,0,0,0,0,0,0,0,0,1,0,0,0,0,0,3,1,0,false
C:\projects\Lotto-App-Java-master\Lotto.java,Lotto,getLotteryNumbers/0,false,88,1,1,1,0,1,0,3,1,0,0,0,0,0,0,0,0,0,0,0,0,0,0,0,0,0,4,1,0,false
C:\projects\Lotto-App-Java-master\Lotto.java,Lotto,compute/0,false,33,0,1,1,0,19,1,38,0,8,0,1,0,0,8,9,0,10,0,19,13,5,4,0,0,0,10,1,0,false
