file,class,method,variable,usage
C:\projects\Lotto-App-Java-master\LottoApp.java,LottoApp,main/1[java.lang.String[]],args,0
C:\projects\Lotto-App-Java-master\LottoApp.java,LottoApp,main/1[java.lang.String[]],count1,2
C:\projects\Lotto-App-Java-master\LottoApp.java,LottoApp,main/1[java.lang.String[]],str,12
C:\projects\Lotto-App-Java-master\LottoApp.java,LottoApp,main/1[java.lang.String[]],count2,2
C:\projects\Lotto-App-Java-master\LottoApp.java,LottoApp,main/1[java.lang.String[]],myLotto,7
C:\projects\Lotto-App-Java-master\LottoApp.java,LottoApp,main/1[java.lang.String[]],guess,7
C:\projects\Lotto-App-Java-master\LottoApp.java,LottoApp,main/1[java.lang.String[]],count3,2
C:\projects\Lotto-App-Java-master\LottoApp.java,LottoApp,main/1[java.lang.String[]],i,15
C:\projects\Lotto-App-Java-master\LottoApp.java,LottoApp,main/1[java.lang.String[]],j,11
C:\projects\Lotto-App-Java-master\LottoApp.java,LottoApp,main/1[java.lang.String[]],check,1
C:\projects\Lotto-App-Java-master\LottoApp.java,LottoApp,main/1[java.lang.String[]],lotteryNumbers,2
C:\projects\Lotto-App-Java-master\Lotto.java,Lotto,setGuess/1[int[][]],guess,2
C:\projects\Lotto-App-Java-master\Lotto.java,Lotto,compute/0,i,27
C:\projects\Lotto-App-Java-master\Lotto.java,Lotto,compute/0,j,16
C:\projects\Lotto-App-Java-master\Lotto.java,Lotto,compute/0,k,3
