file,class,type,cbo,cboModified,fanin,fanout,wmc,dit,noc,rfc,lcom,lcom*,tcc,lcc,totalMethodsQty,staticMethodsQty,publicMethodsQty,privateMethodsQty,protectedMethodsQty,defaultMethodsQty,visibleMethodsQty,abstractMethodsQty,finalMethodsQty,synchronizedMethodsQty,totalFieldsQty,staticFieldsQty,publicFieldsQty,privateFieldsQty,protectedFieldsQty,defaultFieldsQty,finalFieldsQty,synchronizedFieldsQty,nosi,loc,returnQty,loopQty,comparisonsQty,tryCatchQty,parenthesizedExpsQty,stringLiteralsQty,numbersQty,assignmentsQty,mathOperationsQty,variablesQty,maxNestedBlocksQty,anonymousClassesQty,innerClassesQty,lambdasQty,uniqueWordsQty,modifiers,logStatementsQty
C:\projects\Order-and-Chaos-Game-master\src\gamespace\GameState.java,gamespace.GameState,class,3,5,2,3,44,1,0,6,8,0.375,1.0,1.0,8,0,4,4,0,0,4,0,1,0,1,0,1,0,0,0,0,0,0,157,5,12,10,0,1,0,28,54,0,10,3,0,2,0,42,1,0
C:\projects\Order-and-Chaos-Game-master\src\gamespace\MainOrderAndChaos.java,gamespace.MainOrderAndChaos$Anonymous7,anonymous,1,1,0,1,1,1,0,1,0,0.0,NaN,NaN,1,0,1,0,0,0,1,0,0,0,0,0,0,0,0,0,0,0,0,5,0,0,0,0,0,0,0,0,0,0,0,0,0,0,6,-1,0
C:\projects\Order-and-Chaos-Game-master\src\gamespace\MainOrderAndChaos.java,gamespace.MainOrderAndChaos$Anonymous5,anonymous,1,1,0,1,1,1,0,1,0,0.0,NaN,NaN,1,0,1,0,0,0,1,0,0,0,0,0,0,0,0,0,0,0,0,5,0,0,0,0,0,0,0,0,0,0,0,0,0,0,6,-1,0
C:\projects\Order-and-Chaos-Game-master\src\gamespace\MainOrderAndChaos.java,gamespace.MainOrderAndChaos,class,4,12,8,4,43,6,0,46,78,0.92317706,0.2,0.26666668,16,1,6,10,0,0,6,0,0,0,48,0,8,40,0,0,0,0,9,351,1,7,7,1,0,57,177,96,0,53,3,7,0,0,140,1,0
C:\projects\Order-and-Chaos-Game-master\src\gamespace\MainOrderAndChaos.java,gamespace.MainOrderAndChaos$Anonymous6,anonymous,1,1,0,1,1,1,0,1,0,0.0,NaN,NaN,1,0,1,0,0,0,1,0,0,0,0,0,0,0,0,0,0,0,0,5,0,0,0,0,0,0,0,0,0,0,0,0,0,0,6,-1,0
C:\projects\Order-and-Chaos-Game-master\src\gamespace\MainOrderAndChaos.java,gamespace.MainOrderAndChaos$Anonymous3,anonymous,1,1,0,1,1,1,0,1,0,0.0,NaN,NaN,1,0,1,0,0,0,1,0,0,0,0,0,0,0,0,0,0,0,0,5,0,0,0,0,0,0,0,0,0,0,0,0,0,0,5,-1,0
C:\projects\Order-and-Chaos-Game-master\src\gamespace\GameState.java,gamespace.GameState$GState,enum,0,0,0,0,0,1,0,0,0,0.0,-1.0,-1.0,0,0,0,0,0,0,0,0,0,0,0,0,0,0,0,0,0,0,0,1,0,0,0,0,0,0,0,0,0,0,0,0,0,0,7,1,0
C:\projects\Order-and-Chaos-Game-master\src\gamespace\MainOrderAndChaos.java,gamespace.MainOrderAndChaos$Anonymous4,anonymous,1,1,0,1,1,1,0,1,0,0.0,NaN,NaN,1,0,1,0,0,0,1,0,0,0,0,0,0,0,0,0,0,0,0,5,0,0,0,0,0,0,0,0,0,0,0,0,0,0,6,-1,0
C:\projects\Order-and-Chaos-Game-master\src\gamespace\MainOrderAndChaos.java,gamespace.MainOrderAndChaos$Anonymous1,anonymous,1,1,0,1,1,1,0,1,0,0.0,NaN,NaN,1,0,1,0,0,0,1,0,0,0,0,0,0,0,0,0,0,0,0,5,0,0,0,0,0,0,0,0,0,0,0,0,0,0,6,-1,0
C:\projects\Order-and-Chaos-Game-master\src\gamespace\MainOrderAndChaos.java,gamespace.MainOrderAndChaos$Anonymous2,anonymous,1,1,0,1,1,1,0,1,0,0.0,NaN,NaN,1,0,1,0,0,0,1,0,0,0,0,0,0,0,0,0,0,0,0,5,0,0,0,0,0,0,0,0,0,0,0,0,0,0,5,-1,0
C:\projects\Order-and-Chaos-Game-master\src\gamespace\GameState.java,gamespace.GameState$CellState,enum,0,0,0,0,0,1,0,0,0,0.0,-1.0,-1.0,0,0,0,0,0,0,0,0,0,0,0,0,0,0,0,0,0,0,0,1,0,0,0,0,0,0,0,0,0,0,0,0,0,0,8,1,0
