file,class,method,variable,usage
C:\projects\Order-and-Chaos-Game-master\src\gamespace\GameState.java,gamespace.GameState,"changeState/3[int,int,gamespace.GameState.CellState]",Grid,1
C:\projects\Order-and-Chaos-Game-master\src\gamespace\GameState.java,gamespace.GameState,clearGrid/0,Grid,1
C:\projects\Order-and-Chaos-Game-master\src\gamespace\GameState.java,gamespace.GameState,"getCellState/2[int,int]",Grid,1
C:\projects\Order-and-Chaos-Game-master\src\gamespace\GameState.java,gamespace.GameState,GameState/1[int],Grid,1
C:\projects\Order-and-Chaos-Game-master\src\gamespace\GameState.java,gamespace.GameState,"changeCell/3[int,int,gamespace.GameState.CellState]",Grid,1
C:\projects\Order-and-Chaos-Game-master\src\gamespace\MainOrderAndChaos.java,gamespace.MainOrderAndChaos,setVirtualComponents/0,desiredState,1
C:\projects\Order-and-Chaos-Game-master\src\gamespace\MainOrderAndChaos.java,gamespace.MainOrderAndChaos,setVirtualComponents/0,defaultState,1
C:\projects\Order-and-Chaos-Game-master\src\gamespace\MainOrderAndChaos.java,gamespace.MainOrderAndChaos,setVirtualComponents/0,isOrderTurn,1
C:\projects\Order-and-Chaos-Game-master\src\gamespace\MainOrderAndChaos.java,gamespace.MainOrderAndChaos,MainOrderAndChaos/0,tbO,2
C:\projects\Order-and-Chaos-Game-master\src\gamespace\MainOrderAndChaos.java,gamespace.MainOrderAndChaos,MainOrderAndChaos/0,desiredState,2
C:\projects\Order-and-Chaos-Game-master\src\gamespace\MainOrderAndChaos.java,gamespace.MainOrderAndChaos,MainOrderAndChaos/0,startingMsg,1
C:\projects\Order-and-Chaos-Game-master\src\gamespace\MainOrderAndChaos.java,gamespace.MainOrderAndChaos,MainOrderAndChaos/0,lMsg,1
C:\projects\Order-and-Chaos-Game-master\src\gamespace\MainOrderAndChaos.java,gamespace.MainOrderAndChaos,MainOrderAndChaos/0,gridSide,1
C:\projects\Order-and-Chaos-Game-master\src\gamespace\MainOrderAndChaos.java,gamespace.MainOrderAndChaos,MainOrderAndChaos/0,tbX,2
C:\projects\Order-and-Chaos-Game-master\src\gamespace\MainOrderAndChaos.java,gamespace.MainOrderAndChaos,MainOrderAndChaos/0,myState,1
C:\projects\Order-and-Chaos-Game-master\src\gamespace\MainOrderAndChaos.java,gamespace.MainOrderAndChaos,setButtons/0,b10,1
C:\projects\Order-and-Chaos-Game-master\src\gamespace\MainOrderAndChaos.java,gamespace.MainOrderAndChaos,setButtons/0,b32,1
C:\projects\Order-and-Chaos-Game-master\src\gamespace\MainOrderAndChaos.java,gamespace.MainOrderAndChaos,setButtons/0,b54,1
C:\projects\Order-and-Chaos-Game-master\src\gamespace\MainOrderAndChaos.java,gamespace.MainOrderAndChaos,setButtons/0,b31,1
C:\projects\Order-and-Chaos-Game-master\src\gamespace\MainOrderAndChaos.java,gamespace.MainOrderAndChaos,setButtons/0,b53,1
C:\projects\Order-and-Chaos-Game-master\src\gamespace\MainOrderAndChaos.java,gamespace.MainOrderAndChaos,setButtons/0,b12,1
C:\projects\Order-and-Chaos-Game-master\src\gamespace\MainOrderAndChaos.java,gamespace.MainOrderAndChaos,setButtons/0,b34,1
C:\projects\Order-and-Chaos-Game-master\src\gamespace\MainOrderAndChaos.java,gamespace.MainOrderAndChaos,setButtons/0,b11,1
C:\projects\Order-and-Chaos-Game-master\src\gamespace\MainOrderAndChaos.java,gamespace.MainOrderAndChaos,setButtons/0,b33,1
C:\projects\Order-and-Chaos-Game-master\src\gamespace\MainOrderAndChaos.java,gamespace.MainOrderAndChaos,setButtons/0,b55,1
C:\projects\Order-and-Chaos-Game-master\src\gamespace\MainOrderAndChaos.java,gamespace.MainOrderAndChaos,setButtons/0,b14,1
C:\projects\Order-and-Chaos-Game-master\src\gamespace\MainOrderAndChaos.java,gamespace.MainOrderAndChaos,setButtons/0,b13,1
C:\projects\Order-and-Chaos-Game-master\src\gamespace\MainOrderAndChaos.java,gamespace.MainOrderAndChaos,setButtons/0,b35,1
C:\projects\Order-and-Chaos-Game-master\src\gamespace\MainOrderAndChaos.java,gamespace.MainOrderAndChaos,setButtons/0,b15,1
C:\projects\Order-and-Chaos-Game-master\src\gamespace\MainOrderAndChaos.java,gamespace.MainOrderAndChaos,setButtons/0,vB,36
C:\projects\Order-and-Chaos-Game-master\src\gamespace\MainOrderAndChaos.java,gamespace.MainOrderAndChaos,setButtons/0,b41,1
C:\projects\Order-and-Chaos-Game-master\src\gamespace\MainOrderAndChaos.java,gamespace.MainOrderAndChaos,setButtons/0,b40,1
C:\projects\Order-and-Chaos-Game-master\src\gamespace\MainOrderAndChaos.java,gamespace.MainOrderAndChaos,setButtons/0,b21,1
C:\projects\Order-and-Chaos-Game-master\src\gamespace\MainOrderAndChaos.java,gamespace.MainOrderAndChaos,setButtons/0,b43,1
C:\projects\Order-and-Chaos-Game-master\src\gamespace\MainOrderAndChaos.java,gamespace.MainOrderAndChaos,setButtons/0,b20,1
C:\projects\Order-and-Chaos-Game-master\src\gamespace\MainOrderAndChaos.java,gamespace.MainOrderAndChaos,setButtons/0,b42,1
C:\projects\Order-and-Chaos-Game-master\src\gamespace\MainOrderAndChaos.java,gamespace.MainOrderAndChaos,setButtons/0,b01,1
C:\projects\Order-and-Chaos-Game-master\src\gamespace\MainOrderAndChaos.java,gamespace.MainOrderAndChaos,setButtons/0,b23,1
C:\projects\Order-and-Chaos-Game-master\src\gamespace\MainOrderAndChaos.java,gamespace.MainOrderAndChaos,setButtons/0,b45,1
C:\projects\Order-and-Chaos-Game-master\src\gamespace\MainOrderAndChaos.java,gamespace.MainOrderAndChaos,setButtons/0,b00,1
C:\projects\Order-and-Chaos-Game-master\src\gamespace\MainOrderAndChaos.java,gamespace.MainOrderAndChaos,setButtons/0,b22,1
C:\projects\Order-and-Chaos-Game-master\src\gamespace\MainOrderAndChaos.java,gamespace.MainOrderAndChaos,setButtons/0,b44,1
C:\projects\Order-and-Chaos-Game-master\src\gamespace\MainOrderAndChaos.java,gamespace.MainOrderAndChaos,setButtons/0,b03,1
C:\projects\Order-and-Chaos-Game-master\src\gamespace\MainOrderAndChaos.java,gamespace.MainOrderAndChaos,setButtons/0,b25,1
C:\projects\Order-and-Chaos-Game-master\src\gamespace\MainOrderAndChaos.java,gamespace.MainOrderAndChaos,setButtons/0,b02,1
C:\projects\Order-and-Chaos-Game-master\src\gamespace\MainOrderAndChaos.java,gamespace.MainOrderAndChaos,setButtons/0,b24,1
C:\projects\Order-and-Chaos-Game-master\src\gamespace\MainOrderAndChaos.java,gamespace.MainOrderAndChaos,setButtons/0,b05,1
C:\projects\Order-and-Chaos-Game-master\src\gamespace\MainOrderAndChaos.java,gamespace.MainOrderAndChaos,setButtons/0,b04,1
C:\projects\Order-and-Chaos-Game-master\src\gamespace\MainOrderAndChaos.java,gamespace.MainOrderAndChaos,setButtons/0,b50,1
C:\projects\Order-and-Chaos-Game-master\src\gamespace\MainOrderAndChaos.java,gamespace.MainOrderAndChaos,setButtons/0,b30,1
C:\projects\Order-and-Chaos-Game-master\src\gamespace\MainOrderAndChaos.java,gamespace.MainOrderAndChaos,setButtons/0,b52,1
C:\projects\Order-and-Chaos-Game-master\src\gamespace\MainOrderAndChaos.java,gamespace.MainOrderAndChaos,setButtons/0,b51,1
C:\projects\Order-and-Chaos-Game-master\src\gamespace\MainOrderAndChaos.java,gamespace.MainOrderAndChaos,stateCheck/1[gamespace.GameState.GState],lMsg,7
C:\projects\Order-and-Chaos-Game-master\src\gamespace\MainOrderAndChaos.java,gamespace.MainOrderAndChaos,tbXActionPerformed/1[java.awt.event.ActionEvent],tbO,1
C:\projects\Order-and-Chaos-Game-master\src\gamespace\MainOrderAndChaos.java,gamespace.MainOrderAndChaos,tbXActionPerformed/1[java.awt.event.ActionEvent],desiredState,1
C:\projects\Order-and-Chaos-Game-master\src\gamespace\MainOrderAndChaos.java,gamespace.MainOrderAndChaos,tbXActionPerformed/1[java.awt.event.ActionEvent],tbX,1
C:\projects\Order-and-Chaos-Game-master\src\gamespace\MainOrderAndChaos.java,gamespace.MainOrderAndChaos,bCellSelected/1[java.awt.event.ActionEvent],desiredState,2
C:\projects\Order-and-Chaos-Game-master\src\gamespace\MainOrderAndChaos.java,gamespace.MainOrderAndChaos,bCellSelected/1[java.awt.event.ActionEvent],vB,2
C:\projects\Order-and-Chaos-Game-master\src\gamespace\MainOrderAndChaos.java,gamespace.MainOrderAndChaos,bCellSelected/1[java.awt.event.ActionEvent],myState,3
C:\projects\Order-and-Chaos-Game-master\src\gamespace\MainOrderAndChaos.java,gamespace.MainOrderAndChaos,setListeners/0,vB,1
C:\projects\Order-and-Chaos-Game-master\src\gamespace\MainOrderAndChaos.java,gamespace.MainOrderAndChaos,clearGamearea/0,vB,1
C:\projects\Order-and-Chaos-Game-master\src\gamespace\MainOrderAndChaos.java,gamespace.MainOrderAndChaos,tbOActionPerformed/1[java.awt.event.ActionEvent],tbO,1
C:\projects\Order-and-Chaos-Game-master\src\gamespace\MainOrderAndChaos.java,gamespace.MainOrderAndChaos,tbOActionPerformed/1[java.awt.event.ActionEvent],desiredState,1
C:\projects\Order-and-Chaos-Game-master\src\gamespace\MainOrderAndChaos.java,gamespace.MainOrderAndChaos,tbOActionPerformed/1[java.awt.event.ActionEvent],tbX,1
C:\projects\Order-and-Chaos-Game-master\src\gamespace\MainOrderAndChaos.java,gamespace.MainOrderAndChaos,initComponents/0,b10,4
C:\projects\Order-and-Chaos-Game-master\src\gamespace\MainOrderAndChaos.java,gamespace.MainOrderAndChaos,initComponents/0,b32,4
C:\projects\Order-and-Chaos-Game-master\src\gamespace\MainOrderAndChaos.java,gamespace.MainOrderAndChaos,initComponents/0,b54,5
C:\projects\Order-and-Chaos-Game-master\src\gamespace\MainOrderAndChaos.java,gamespace.MainOrderAndChaos,initComponents/0,b31,4
C:\projects\Order-and-Chaos-Game-master\src\gamespace\MainOrderAndChaos.java,gamespace.MainOrderAndChaos,initComponents/0,b53,4
C:\projects\Order-and-Chaos-Game-master\src\gamespace\MainOrderAndChaos.java,gamespace.MainOrderAndChaos,initComponents/0,b12,4
C:\projects\Order-and-Chaos-Game-master\src\gamespace\MainOrderAndChaos.java,gamespace.MainOrderAndChaos,initComponents/0,b34,4
C:\projects\Order-and-Chaos-Game-master\src\gamespace\MainOrderAndChaos.java,gamespace.MainOrderAndChaos,initComponents/0,b11,4
C:\projects\Order-and-Chaos-Game-master\src\gamespace\MainOrderAndChaos.java,gamespace.MainOrderAndChaos,initComponents/0,b33,4
C:\projects\Order-and-Chaos-Game-master\src\gamespace\MainOrderAndChaos.java,gamespace.MainOrderAndChaos,initComponents/0,b55,4
C:\projects\Order-and-Chaos-Game-master\src\gamespace\MainOrderAndChaos.java,gamespace.MainOrderAndChaos,initComponents/0,b14,4
C:\projects\Order-and-Chaos-Game-master\src\gamespace\MainOrderAndChaos.java,gamespace.MainOrderAndChaos,initComponents/0,b13,4
C:\projects\Order-and-Chaos-Game-master\src\gamespace\MainOrderAndChaos.java,gamespace.MainOrderAndChaos,initComponents/0,b35,4
C:\projects\Order-and-Chaos-Game-master\src\gamespace\MainOrderAndChaos.java,gamespace.MainOrderAndChaos,initComponents/0,b15,4
C:\projects\Order-and-Chaos-Game-master\src\gamespace\MainOrderAndChaos.java,gamespace.MainOrderAndChaos,initComponents/0,lMsg,5
C:\projects\Order-and-Chaos-Game-master\src\gamespace\MainOrderAndChaos.java,gamespace.MainOrderAndChaos,initComponents/0,b41,4
C:\projects\Order-and-Chaos-Game-master\src\gamespace\MainOrderAndChaos.java,gamespace.MainOrderAndChaos,initComponents/0,b40,4
C:\projects\Order-and-Chaos-Game-master\src\gamespace\MainOrderAndChaos.java,gamespace.MainOrderAndChaos,initComponents/0,b21,4
C:\projects\Order-and-Chaos-Game-master\src\gamespace\MainOrderAndChaos.java,gamespace.MainOrderAndChaos,initComponents/0,b43,4
C:\projects\Order-and-Chaos-Game-master\src\gamespace\MainOrderAndChaos.java,gamespace.MainOrderAndChaos,initComponents/0,tbO,5
C:\projects\Order-and-Chaos-Game-master\src\gamespace\MainOrderAndChaos.java,gamespace.MainOrderAndChaos,initComponents/0,b20,4
C:\projects\Order-and-Chaos-Game-master\src\gamespace\MainOrderAndChaos.java,gamespace.MainOrderAndChaos,initComponents/0,b42,4
C:\projects\Order-and-Chaos-Game-master\src\gamespace\MainOrderAndChaos.java,gamespace.MainOrderAndChaos,initComponents/0,b01,4
C:\projects\Order-and-Chaos-Game-master\src\gamespace\MainOrderAndChaos.java,gamespace.MainOrderAndChaos,initComponents/0,b23,5
C:\projects\Order-and-Chaos-Game-master\src\gamespace\MainOrderAndChaos.java,gamespace.MainOrderAndChaos,initComponents/0,b45,4
C:\projects\Order-and-Chaos-Game-master\src\gamespace\MainOrderAndChaos.java,gamespace.MainOrderAndChaos,initComponents/0,b00,4
C:\projects\Order-and-Chaos-Game-master\src\gamespace\MainOrderAndChaos.java,gamespace.MainOrderAndChaos,initComponents/0,b22,4
C:\projects\Order-and-Chaos-Game-master\src\gamespace\MainOrderAndChaos.java,gamespace.MainOrderAndChaos,initComponents/0,b44,4
C:\projects\Order-and-Chaos-Game-master\src\gamespace\MainOrderAndChaos.java,gamespace.MainOrderAndChaos,initComponents/0,bReset,5
C:\projects\Order-and-Chaos-Game-master\src\gamespace\MainOrderAndChaos.java,gamespace.MainOrderAndChaos,initComponents/0,b03,4
C:\projects\Order-and-Chaos-Game-master\src\gamespace\MainOrderAndChaos.java,gamespace.MainOrderAndChaos,initComponents/0,b25,4
C:\projects\Order-and-Chaos-Game-master\src\gamespace\MainOrderAndChaos.java,gamespace.MainOrderAndChaos,initComponents/0,b02,4
C:\projects\Order-and-Chaos-Game-master\src\gamespace\MainOrderAndChaos.java,gamespace.MainOrderAndChaos,initComponents/0,b24,4
C:\projects\Order-and-Chaos-Game-master\src\gamespace\MainOrderAndChaos.java,gamespace.MainOrderAndChaos,initComponents/0,b05,4
C:\projects\Order-and-Chaos-Game-master\src\gamespace\MainOrderAndChaos.java,gamespace.MainOrderAndChaos,initComponents/0,b04,4
C:\projects\Order-and-Chaos-Game-master\src\gamespace\MainOrderAndChaos.java,gamespace.MainOrderAndChaos,initComponents/0,tbX,5
C:\projects\Order-and-Chaos-Game-master\src\gamespace\MainOrderAndChaos.java,gamespace.MainOrderAndChaos,initComponents/0,b50,4
C:\projects\Order-and-Chaos-Game-master\src\gamespace\MainOrderAndChaos.java,gamespace.MainOrderAndChaos,initComponents/0,b30,4
C:\projects\Order-and-Chaos-Game-master\src\gamespace\MainOrderAndChaos.java,gamespace.MainOrderAndChaos,initComponents/0,b52,4
C:\projects\Order-and-Chaos-Game-master\src\gamespace\MainOrderAndChaos.java,gamespace.MainOrderAndChaos,initComponents/0,b51,4
C:\projects\Order-and-Chaos-Game-master\src\gamespace\MainOrderAndChaos.java,gamespace.MainOrderAndChaos,resetGame/0,tbO,2
C:\projects\Order-and-Chaos-Game-master\src\gamespace\MainOrderAndChaos.java,gamespace.MainOrderAndChaos,resetGame/0,desiredState,2
C:\projects\Order-and-Chaos-Game-master\src\gamespace\MainOrderAndChaos.java,gamespace.MainOrderAndChaos,resetGame/0,startingMsg,1
C:\projects\Order-and-Chaos-Game-master\src\gamespace\MainOrderAndChaos.java,gamespace.MainOrderAndChaos,resetGame/0,lMsg,1
C:\projects\Order-and-Chaos-Game-master\src\gamespace\MainOrderAndChaos.java,gamespace.MainOrderAndChaos,resetGame/0,gridSide,1
C:\projects\Order-and-Chaos-Game-master\src\gamespace\MainOrderAndChaos.java,gamespace.MainOrderAndChaos,resetGame/0,tbX,2
C:\projects\Order-and-Chaos-Game-master\src\gamespace\MainOrderAndChaos.java,gamespace.MainOrderAndChaos,resetGame/0,myState,1
