file,class,method,constructor,line,cbo,cboModified,fanin,fanout,wmc,rfc,loc,returnsQty,variablesQty,parametersQty,methodsInvokedQty,methodsInvokedLocalQty,methodsInvokedIndirectLocalQty,loopQty,comparisonsQty,tryCatchQty,parenthesizedExpsQty,stringLiteralsQty,numbersQty,assignmentsQty,mathOperationsQty,maxNestedBlocksQty,anonymousClassesQty,innerClassesQty,lambdasQty,uniqueWordsQty,modifiers,logStatementsQty,hasJavaDoc
C:\projects\Order-and-Chaos-Game-master\src\gamespace\GameState.java,gamespace.GameState,"changeState/3[int,int,gamespace.GameState.CellState]",false,41,3,3,1,2,1,2,6,1,1,3,2,2,3,0,0,0,0,0,0,1,0,0,0,0,0,9,1,0,false
C:\projects\Order-and-Chaos-Game-master\src\gamespace\GameState.java,gamespace.GameState,"didOrderWin/3[gamespace.GameState.CellState[][],int,int]",false,74,2,2,1,1,29,1,110,1,6,3,1,1,1,8,8,0,1,0,28,45,0,3,0,0,0,18,2,0,false
C:\projects\Order-and-Chaos-Game-master\src\gamespace\GameState.java,gamespace.GameState,clearGrid/0,false,31,0,1,1,0,3,0,7,0,0,0,0,0,0,2,0,0,0,0,0,1,0,2,0,0,0,7,17,0,false
C:\projects\Order-and-Chaos-Game-master\src\gamespace\GameState.java,gamespace.GameState,"getCellState/2[int,int]",false,51,1,2,2,0,1,0,3,1,0,2,0,0,0,0,0,0,0,0,0,0,0,0,0,0,0,4,1,0,false
C:\projects\Order-and-Chaos-Game-master\src\gamespace\GameState.java,gamespace.GameState,"didChaosWin/3[gamespace.GameState.CellState[][],int,int]",false,208,1,1,1,0,5,0,9,1,1,3,0,0,0,2,2,0,0,0,0,2,0,3,0,0,0,14,2,0,false
C:\projects\Order-and-Chaos-Game-master\src\gamespace\GameState.java,gamespace.GameState,GameState/1[int],true,21,2,3,2,1,1,1,4,0,0,1,1,1,1,0,0,0,0,0,0,1,0,0,0,0,0,5,1,0,false
C:\projects\Order-and-Chaos-Game-master\src\gamespace\GameState.java,gamespace.GameState,"changeCell/3[int,int,gamespace.GameState.CellState]",false,57,1,1,1,0,1,0,3,0,0,3,0,0,0,0,0,0,0,0,0,1,0,0,0,0,0,4,2,0,false
C:\projects\Order-and-Chaos-Game-master\src\gamespace\GameState.java,gamespace.GameState,"checkGameEnd/3[gamespace.GameState.CellState[][],int,int]",false,62,3,3,1,2,3,2,10,1,1,3,2,2,2,0,0,0,0,0,0,3,0,1,0,0,0,12,2,0,false
C:\projects\Order-and-Chaos-Game-master\src\gamespace\MainOrderAndChaos.java,gamespace.MainOrderAndChaos$Anonymous7,run/0,false,569,1,1,0,1,1,1,3,0,0,0,1,0,0,0,0,0,0,0,0,0,0,0,0,0,0,6,1,0,false
C:\projects\Order-and-Chaos-Game-master\src\gamespace\MainOrderAndChaos.java,gamespace.MainOrderAndChaos$Anonymous5,actionPerformed/1[java.awt.event.ActionEvent],false,334,1,6,0,6,1,1,3,0,0,1,1,0,0,0,0,0,0,0,0,0,0,0,0,0,0,6,1,0,false
C:\projects\Order-and-Chaos-Game-master\src\gamespace\MainOrderAndChaos.java,gamespace.MainOrderAndChaos,setVirtualComponents/0,false,105,0,2,2,0,1,0,4,0,0,0,0,0,0,0,0,0,0,0,0,2,0,0,0,0,0,10,1,0,false
C:\projects\Order-and-Chaos-Game-master\src\gamespace\MainOrderAndChaos.java,gamespace.MainOrderAndChaos,MainOrderAndChaos/0,true,35,2,6,1,5,3,6,16,0,0,0,6,4,1,0,2,0,0,0,0,1,0,1,0,0,0,22,1,0,true
C:\projects\Order-and-Chaos-Game-master\src\gamespace\MainOrderAndChaos.java,gamespace.MainOrderAndChaos,setButtons/0,false,52,0,1,1,0,1,0,38,0,0,0,0,0,0,0,0,0,0,0,72,36,0,0,0,0,0,38,1,0,false
C:\projects\Order-and-Chaos-Game-master\src\gamespace\MainOrderAndChaos.java,gamespace.MainOrderAndChaos,stateCheck/1[gamespace.GameState.GState],false,127,2,2,1,1,6,5,19,0,0,1,5,1,3,0,0,0,0,9,0,0,0,3,0,0,0,11,1,0,false
C:\projects\Order-and-Chaos-Game-master\src\gamespace\MainOrderAndChaos.java,gamespace.MainOrderAndChaos,tbXActionPerformed/1[java.awt.event.ActionEvent],false,526,0,1,1,0,1,1,5,0,0,1,1,0,0,0,0,0,0,0,0,1,0,0,0,0,0,9,2,0,false
C:\projects\Order-and-Chaos-Game-master\src\gamespace\MainOrderAndChaos.java,gamespace.MainOrderAndChaos,bCellSelected/1[java.awt.event.ActionEvent],false,113,3,5,1,4,6,6,12,0,3,1,6,2,4,2,3,0,0,0,2,4,0,3,0,0,0,13,2,0,false
C:\projects\Order-and-Chaos-Game-master\src\gamespace\MainOrderAndChaos.java,gamespace.MainOrderAndChaos,bResetActionPerformed/1[java.awt.event.ActionEvent],false,521,1,2,1,1,1,1,3,0,0,1,1,1,3,0,0,0,0,0,0,0,0,0,0,0,0,7,2,0,false
C:\projects\Order-and-Chaos-Game-master\src\gamespace\MainOrderAndChaos.java,gamespace.MainOrderAndChaos,setListeners/0,false,92,0,2,1,1,3,1,12,0,0,0,1,0,0,2,0,0,0,0,0,0,0,2,1,0,0,13,1,0,false
C:\projects\Order-and-Chaos-Game-master\src\gamespace\MainOrderAndChaos.java,gamespace.MainOrderAndChaos,b23ActionPerformed/1[java.awt.event.ActionEvent],false,513,0,1,1,0,1,0,2,0,0,1,0,0,0,0,0,0,0,0,0,0,0,0,0,0,0,4,2,0,false
C:\projects\Order-and-Chaos-Game-master\src\gamespace\MainOrderAndChaos.java,gamespace.MainOrderAndChaos,b54ActionPerformed/1[java.awt.event.ActionEvent],false,517,0,1,1,0,1,0,2,0,0,1,0,0,0,0,0,0,0,0,0,0,0,0,0,0,0,4,2,0,false
C:\projects\Order-and-Chaos-Game-master\src\gamespace\MainOrderAndChaos.java,gamespace.MainOrderAndChaos,clearGamearea/0,false,165,1,2,1,1,3,2,7,0,0,0,2,1,1,2,0,0,0,0,0,0,0,2,0,0,0,11,2,0,false
C:\projects\Order-and-Chaos-Game-master\src\gamespace\MainOrderAndChaos.java,gamespace.MainOrderAndChaos,main/1[java.lang.String[]],false,543,1,1,0,1,7,9,28,0,0,1,9,0,0,1,0,1,0,1,0,0,0,3,1,0,0,22,9,0,true
C:\projects\Order-and-Chaos-Game-master\src\gamespace\MainOrderAndChaos.java,gamespace.MainOrderAndChaos,tbOActionPerformed/1[java.awt.event.ActionEvent],false,533,0,1,1,0,1,1,5,0,0,1,1,0,0,0,0,0,0,0,0,1,0,0,0,0,0,9,2,0,false
C:\projects\Order-and-Chaos-Game-master\src\gamespace\MainOrderAndChaos.java,gamespace.MainOrderAndChaos,initComponents/0,false,198,0,2,1,1,1,22,119,0,1,0,22,0,0,0,0,0,0,42,102,41,0,0,5,0,0,79,2,0,true
C:\projects\Order-and-Chaos-Game-master\src\gamespace\MainOrderAndChaos.java,gamespace.MainOrderAndChaos,resetGame/0,false,151,2,5,2,3,3,4,14,0,0,0,4,2,2,0,2,0,0,0,0,1,0,1,0,0,0,16,2,0,false
C:\projects\Order-and-Chaos-Game-master\src\gamespace\MainOrderAndChaos.java,gamespace.MainOrderAndChaos,stateToString/1[gamespace.GameState.CellState],false,175,1,2,2,0,4,0,15,1,1,1,0,0,0,0,0,0,0,4,0,4,0,1,0,0,0,4,2,0,false
C:\projects\Order-and-Chaos-Game-master\src\gamespace\MainOrderAndChaos.java,gamespace.MainOrderAndChaos$Anonymous6,actionPerformed/1[java.awt.event.ActionEvent],false,341,1,6,0,6,1,1,3,0,0,1,1,0,0,0,0,0,0,0,0,0,0,0,0,0,0,6,1,0,false
C:\projects\Order-and-Chaos-Game-master\src\gamespace\MainOrderAndChaos.java,gamespace.MainOrderAndChaos$Anonymous3,actionPerformed/1[java.awt.event.ActionEvent],false,304,1,6,0,6,1,1,3,0,0,1,1,0,0,0,0,0,0,0,0,0,0,0,0,0,0,5,1,0,false
C:\projects\Order-and-Chaos-Game-master\src\gamespace\MainOrderAndChaos.java,gamespace.MainOrderAndChaos$Anonymous4,actionPerformed/1[java.awt.event.ActionEvent],false,327,1,6,0,6,1,1,3,0,0,1,1,0,0,0,0,0,0,0,0,0,0,0,0,0,0,6,1,0,false
C:\projects\Order-and-Chaos-Game-master\src\gamespace\MainOrderAndChaos.java,gamespace.MainOrderAndChaos$Anonymous1,actionPerformed/1[java.awt.event.ActionEvent],false,96,1,6,0,6,1,1,3,0,0,1,1,0,0,0,0,0,0,0,0,0,0,0,0,0,0,6,1,0,false
C:\projects\Order-and-Chaos-Game-master\src\gamespace\MainOrderAndChaos.java,gamespace.MainOrderAndChaos$Anonymous2,actionPerformed/1[java.awt.event.ActionEvent],false,283,1,6,0,6,1,1,3,0,0,1,1,0,0,0,0,0,0,0,0,0,0,0,0,0,0,5,1,0,false
