file,class,method,variable,usage
C:\projects\Order-and-Chaos-Game-master\src\gamespace\GameState.java,gamespace.GameState,"changeState/3[int,int,gamespace.GameState.CellState]",col,2
C:\projects\Order-and-Chaos-Game-master\src\gamespace\GameState.java,gamespace.GameState,"changeState/3[int,int,gamespace.GameState.CellState]",row,2
C:\projects\Order-and-Chaos-Game-master\src\gamespace\GameState.java,gamespace.GameState,"changeState/3[int,int,gamespace.GameState.CellState]",currentState,2
C:\projects\Order-and-Chaos-Game-master\src\gamespace\GameState.java,gamespace.GameState,"changeState/3[int,int,gamespace.GameState.CellState]",newState,1
C:\projects\Order-and-Chaos-Game-master\src\gamespace\GameState.java,gamespace.GameState,"didOrderWin/3[gamespace.GameState.CellState[][],int,int]",current,8
C:\projects\Order-and-Chaos-Game-master\src\gamespace\GameState.java,gamespace.GameState,"didOrderWin/3[gamespace.GameState.CellState[][],int,int]",r,31
C:\projects\Order-and-Chaos-Game-master\src\gamespace\GameState.java,gamespace.GameState,"didOrderWin/3[gamespace.GameState.CellState[][],int,int]",cCol,9
C:\projects\Order-and-Chaos-Game-master\src\gamespace\GameState.java,gamespace.GameState,"didOrderWin/3[gamespace.GameState.CellState[][],int,int]",c,24
C:\projects\Order-and-Chaos-Game-master\src\gamespace\GameState.java,gamespace.GameState,"didOrderWin/3[gamespace.GameState.CellState[][],int,int]",checkG,10
C:\projects\Order-and-Chaos-Game-master\src\gamespace\GameState.java,gamespace.GameState,"didOrderWin/3[gamespace.GameState.CellState[][],int,int]",sameInRow,23
C:\projects\Order-and-Chaos-Game-master\src\gamespace\GameState.java,gamespace.GameState,"didOrderWin/3[gamespace.GameState.CellState[][],int,int]",cRow,9
C:\projects\Order-and-Chaos-Game-master\src\gamespace\GameState.java,gamespace.GameState,"didOrderWin/3[gamespace.GameState.CellState[][],int,int]",targetSameInRow,8
C:\projects\Order-and-Chaos-Game-master\src\gamespace\GameState.java,gamespace.GameState,"didOrderWin/3[gamespace.GameState.CellState[][],int,int]",orderWin,2
C:\projects\Order-and-Chaos-Game-master\src\gamespace\GameState.java,gamespace.GameState,clearGrid/0,cRow,1
C:\projects\Order-and-Chaos-Game-master\src\gamespace\GameState.java,gamespace.GameState,clearGrid/0,cell,1
C:\projects\Order-and-Chaos-Game-master\src\gamespace\GameState.java,gamespace.GameState,"getCellState/2[int,int]",col,1
C:\projects\Order-and-Chaos-Game-master\src\gamespace\GameState.java,gamespace.GameState,"getCellState/2[int,int]",row,1
C:\projects\Order-and-Chaos-Game-master\src\gamespace\GameState.java,gamespace.GameState,"didChaosWin/3[gamespace.GameState.CellState[][],int,int]",cCol,0
C:\projects\Order-and-Chaos-Game-master\src\gamespace\GameState.java,gamespace.GameState,"didChaosWin/3[gamespace.GameState.CellState[][],int,int]",checkG,1
C:\projects\Order-and-Chaos-Game-master\src\gamespace\GameState.java,gamespace.GameState,"didChaosWin/3[gamespace.GameState.CellState[][],int,int]",chaosWin,2
C:\projects\Order-and-Chaos-Game-master\src\gamespace\GameState.java,gamespace.GameState,"didChaosWin/3[gamespace.GameState.CellState[][],int,int]",cRow,0
C:\projects\Order-and-Chaos-Game-master\src\gamespace\GameState.java,gamespace.GameState,"didChaosWin/3[gamespace.GameState.CellState[][],int,int]",cell,2
C:\projects\Order-and-Chaos-Game-master\src\gamespace\GameState.java,gamespace.GameState,"didChaosWin/3[gamespace.GameState.CellState[][],int,int]",cR,1
C:\projects\Order-and-Chaos-Game-master\src\gamespace\GameState.java,gamespace.GameState,GameState/1[int],side,2
C:\projects\Order-and-Chaos-Game-master\src\gamespace\GameState.java,gamespace.GameState,"changeCell/3[int,int,gamespace.GameState.CellState]",col,1
C:\projects\Order-and-Chaos-Game-master\src\gamespace\GameState.java,gamespace.GameState,"changeCell/3[int,int,gamespace.GameState.CellState]",row,1
C:\projects\Order-and-Chaos-Game-master\src\gamespace\GameState.java,gamespace.GameState,"changeCell/3[int,int,gamespace.GameState.CellState]",newState,1
C:\projects\Order-and-Chaos-Game-master\src\gamespace\GameState.java,gamespace.GameState,"checkGameEnd/3[gamespace.GameState.CellState[][],int,int]",cCol,2
C:\projects\Order-and-Chaos-Game-master\src\gamespace\GameState.java,gamespace.GameState,"checkGameEnd/3[gamespace.GameState.CellState[][],int,int]",checkG,2
C:\projects\Order-and-Chaos-Game-master\src\gamespace\GameState.java,gamespace.GameState,"checkGameEnd/3[gamespace.GameState.CellState[][],int,int]",cRow,2
C:\projects\Order-and-Chaos-Game-master\src\gamespace\GameState.java,gamespace.GameState,"checkGameEnd/3[gamespace.GameState.CellState[][],int,int]",state,3
C:\projects\Order-and-Chaos-Game-master\src\gamespace\MainOrderAndChaos.java,gamespace.MainOrderAndChaos$Anonymous5,actionPerformed/1[java.awt.event.ActionEvent],evt,1
C:\projects\Order-and-Chaos-Game-master\src\gamespace\MainOrderAndChaos.java,gamespace.MainOrderAndChaos,stateCheck/1[gamespace.GameState.GState],currentState,1
C:\projects\Order-and-Chaos-Game-master\src\gamespace\MainOrderAndChaos.java,gamespace.MainOrderAndChaos,tbXActionPerformed/1[java.awt.event.ActionEvent],evt,0
C:\projects\Order-and-Chaos-Game-master\src\gamespace\MainOrderAndChaos.java,gamespace.MainOrderAndChaos,bCellSelected/1[java.awt.event.ActionEvent],col,7
C:\projects\Order-and-Chaos-Game-master\src\gamespace\MainOrderAndChaos.java,gamespace.MainOrderAndChaos,bCellSelected/1[java.awt.event.ActionEvent],evt,1
C:\projects\Order-and-Chaos-Game-master\src\gamespace\MainOrderAndChaos.java,gamespace.MainOrderAndChaos,bCellSelected/1[java.awt.event.ActionEvent],row,7
C:\projects\Order-and-Chaos-Game-master\src\gamespace\MainOrderAndChaos.java,gamespace.MainOrderAndChaos,bCellSelected/1[java.awt.event.ActionEvent],currentState,2
C:\projects\Order-and-Chaos-Game-master\src\gamespace\MainOrderAndChaos.java,gamespace.MainOrderAndChaos,bResetActionPerformed/1[java.awt.event.ActionEvent],evt,0
C:\projects\Order-and-Chaos-Game-master\src\gamespace\MainOrderAndChaos.java,gamespace.MainOrderAndChaos,setListeners/0,b,1
C:\projects\Order-and-Chaos-Game-master\src\gamespace\MainOrderAndChaos.java,gamespace.MainOrderAndChaos,setListeners/0,bRow,1
C:\projects\Order-and-Chaos-Game-master\src\gamespace\MainOrderAndChaos.java,gamespace.MainOrderAndChaos,b23ActionPerformed/1[java.awt.event.ActionEvent],evt,0
C:\projects\Order-and-Chaos-Game-master\src\gamespace\MainOrderAndChaos.java,gamespace.MainOrderAndChaos,b54ActionPerformed/1[java.awt.event.ActionEvent],evt,0
C:\projects\Order-and-Chaos-Game-master\src\gamespace\MainOrderAndChaos.java,gamespace.MainOrderAndChaos,clearGamearea/0,b,1
C:\projects\Order-and-Chaos-Game-master\src\gamespace\MainOrderAndChaos.java,gamespace.MainOrderAndChaos,clearGamearea/0,bRow,1
C:\projects\Order-and-Chaos-Game-master\src\gamespace\MainOrderAndChaos.java,gamespace.MainOrderAndChaos,main/1[java.lang.String[]],args,0
C:\projects\Order-and-Chaos-Game-master\src\gamespace\MainOrderAndChaos.java,gamespace.MainOrderAndChaos,main/1[java.lang.String[]],ex,7
C:\projects\Order-and-Chaos-Game-master\src\gamespace\MainOrderAndChaos.java,gamespace.MainOrderAndChaos,main/1[java.lang.String[]],info,2
C:\projects\Order-and-Chaos-Game-master\src\gamespace\MainOrderAndChaos.java,gamespace.MainOrderAndChaos,tbOActionPerformed/1[java.awt.event.ActionEvent],evt,0
C:\projects\Order-and-Chaos-Game-master\src\gamespace\MainOrderAndChaos.java,gamespace.MainOrderAndChaos,initComponents/0,layout,33
C:\projects\Order-and-Chaos-Game-master\src\gamespace\MainOrderAndChaos.java,gamespace.MainOrderAndChaos,stateToString/1[gamespace.GameState.CellState],s,4
C:\projects\Order-and-Chaos-Game-master\src\gamespace\MainOrderAndChaos.java,gamespace.MainOrderAndChaos,stateToString/1[gamespace.GameState.CellState],state,1
C:\projects\Order-and-Chaos-Game-master\src\gamespace\MainOrderAndChaos.java,gamespace.MainOrderAndChaos$Anonymous6,actionPerformed/1[java.awt.event.ActionEvent],evt,1
C:\projects\Order-and-Chaos-Game-master\src\gamespace\MainOrderAndChaos.java,gamespace.MainOrderAndChaos$Anonymous3,actionPerformed/1[java.awt.event.ActionEvent],evt,1
C:\projects\Order-and-Chaos-Game-master\src\gamespace\MainOrderAndChaos.java,gamespace.MainOrderAndChaos$Anonymous4,actionPerformed/1[java.awt.event.ActionEvent],evt,1
C:\projects\Order-and-Chaos-Game-master\src\gamespace\MainOrderAndChaos.java,gamespace.MainOrderAndChaos$Anonymous1,actionPerformed/1[java.awt.event.ActionEvent],evt,1
C:\projects\Order-and-Chaos-Game-master\src\gamespace\MainOrderAndChaos.java,gamespace.MainOrderAndChaos$Anonymous2,actionPerformed/1[java.awt.event.ActionEvent],evt,1
