file,class,method,variable,usage
C:\projects\MovieGame-master\src\MoveGame.java,MoveGame,main/1[java.lang.String[]],randomMovie,4
C:\projects\MovieGame-master\src\MoveGame.java,MoveGame,main/1[java.lang.String[]],movieTitles,2
C:\projects\MovieGame-master\src\MoveGame.java,MoveGame,main/1[java.lang.String[]],userGuess,3
C:\projects\MovieGame-master\src\MoveGame.java,MoveGame,main/1[java.lang.String[]],usersGuess,2
C:\projects\MovieGame-master\src\MoveGame.java,MoveGame,main/1[java.lang.String[]],i,3
C:\projects\MovieGame-master\src\MoveGame.java,MoveGame,main/1[java.lang.String[]],counter,2
C:\projects\MovieGame-master\src\MoveGame.java,MoveGame,main/1[java.lang.String[]],args,0
C:\projects\MovieGame-master\src\MoveGame.java,MoveGame,main/1[java.lang.String[]],movies,1
C:\projects\MovieGame-master\src\MoveGame.java,MoveGame,main/1[java.lang.String[]],movieTitlesList,2
C:\projects\MovieGame-master\src\MoveGame.java,MoveGame,main/1[java.lang.String[]],q,4
C:\projects\MovieGame-master\src\MoveGame.java,MoveGame,main/1[java.lang.String[]],movieNameInUnderscores,6
C:\projects\MovieGame-master\src\MoveGame.java,MoveGame,main/1[java.lang.String[]],won,2
C:\projects\MovieGame-master\src\MoveGame.java,MoveGame,main/1[java.lang.String[]],randomNumber,1
C:\projects\MovieGame-master\src\MoveGame.java,MoveGame,main/1[java.lang.String[]],getUserInput,1
C:\projects\MovieGame-master\src\MoveGame.java,MoveGame,main/1[java.lang.String[]],userInput,0
C:\projects\MovieGame-master\src\MoveGame.java,MoveGame,main/1[java.lang.String[]],movieName,1
