file,class,type,cbo,cboModified,fanin,fanout,wmc,dit,noc,rfc,lcom,lcom*,tcc,lcc,totalMethodsQty,staticMethodsQty,publicMethodsQty,privateMethodsQty,protectedMethodsQty,defaultMethodsQty,visibleMethodsQty,abstractMethodsQty,finalMethodsQty,synchronizedMethodsQty,totalFieldsQty,staticFieldsQty,publicFieldsQty,privateFieldsQty,protectedFieldsQty,defaultFieldsQty,finalFieldsQty,synchronizedFieldsQty,nosi,loc,returnQty,loopQty,comparisonsQty,tryCatchQty,parenthesizedExpsQty,stringLiteralsQty,numbersQty,assignmentsQty,mathOperationsQty,variablesQty,maxNestedBlocksQty,anonymousClassesQty,innerClassesQty,lambdasQty,uniqueWordsQty,modifiers,logStatementsQty
C:\projects\java-master-mind-game-master\src\Game\Codemaker.java,Game.Codemaker,class,3,9,6,3,12,2,1,2,4,0.4,0.5,0.5,5,0,4,1,0,0,4,0,0,0,1,0,0,1,0,0,0,0,0,45,2,3,4,0,0,0,12,16,3,7,3,0,0,0,69,1,0
C:\projects\java-master-mind-game-master\src\GUI\Custom\ColourButton.java,GUI.Custom.ColourButton,class,1,3,2,1,13,6,0,15,60,0.8333333,0.018181818,0.018181818,12,0,11,1,0,0,11,0,0,0,2,0,0,2,0,0,0,0,0,58,3,0,0,0,0,0,10,9,4,5,1,0,0,0,47,1,0
C:\projects\java-master-mind-game-master\src\GUI\Assets\Colours.java,GUI.Assets.Colours,class,0,0,0,0,0,1,0,1,0,NaN,-1.0,-1.0,0,0,0,0,0,0,0,0,0,0,13,13,13,0,0,0,0,0,12,15,0,0,0,0,0,12,12,13,0,13,0,0,0,0,15,1,0
C:\projects\java-master-mind-game-master\src\GUI\Highscore.java,GUI.Highscore,class,8,10,2,8,4,5,0,20,0,0.16666667,1.0,1.0,2,0,2,0,0,0,2,0,0,0,3,1,1,2,0,0,0,0,1,51,1,1,1,0,0,14,11,17,2,15,1,0,0,0,48,1,0
C:\projects\java-master-mind-game-master\src\GUI\Menu.java,GUI.Menu,class,8,16,8,8,8,5,0,21,1,0.6,0.33333334,0.33333334,3,0,3,0,0,0,3,0,0,0,10,2,2,8,0,0,4,0,4,80,1,2,3,0,0,7,18,25,0,19,1,0,0,0,59,1,0
C:\projects\java-master-mind-game-master\src\GUI\Multiplayer.java,GUI.Multiplayer,class,9,11,2,9,17,5,0,27,0,0.675,0.33333334,0.33333334,4,0,3,1,0,0,3,0,0,0,16,2,2,14,0,0,9,0,10,133,1,5,6,0,0,15,30,41,3,32,4,0,0,0,73,1,0
C:\projects\java-master-mind-game-master\src\GUI\Singleplayer.java,GUI.Singleplayer,class,8,10,2,8,9,5,0,18,0,0.6666667,0.33333334,0.33333334,4,0,3,1,0,0,3,0,0,0,11,3,3,8,0,0,5,0,2,71,1,1,4,0,0,8,14,24,0,18,2,0,0,0,59,1,0
C:\projects\java-master-mind-game-master\src\Game\ComputerTester.java,Game.ComputerTester,class,7,7,0,7,7,1,0,7,0,0.5833333,0.5,0.5,4,1,4,0,0,0,4,0,0,0,6,3,0,5,0,1,3,0,1,33,1,3,0,0,3,0,67,9,0,9,1,0,0,0,36,1,0
C:\projects\java-master-mind-game-master\src\GUI\Custom\Labels.java,GUI.Custom.Labels,class,1,8,7,1,5,5,0,13,8,0.6,0.1,0.1,5,0,5,0,0,0,5,0,0,0,1,0,0,1,0,0,0,0,0,26,3,0,0,0,2,0,5,3,5,3,0,0,0,0,41,1,0
C:\projects\java-master-mind-game-master\src\GUI\Custom\NavButton.java,GUI.Custom.NavButton,class,2,9,7,2,16,6,0,24,77,0.8428572,0.06410257,0.07692308,14,0,13,1,0,0,13,0,0,0,3,0,0,3,0,0,0,0,0,81,3,0,1,0,2,1,11,16,5,10,1,0,0,0,61,1,0
C:\projects\java-master-mind-game-master\src\Game\Player.java,Game.Player,class,2,9,7,2,9,1,2,4,18,0.875,0.1904762,0.2857143,8,0,7,1,0,0,7,0,0,0,8,0,0,0,8,0,5,0,0,36,3,0,0,0,0,0,8,10,1,8,1,0,0,0,54,1025,0
C:\projects\java-master-mind-game-master\src\GUI\Play.java,GUI.Play,class,13,16,3,13,19,5,0,32,0,0.60714287,1.0,1.0,4,0,2,2,0,0,2,0,0,0,13,1,3,10,0,0,5,0,6,124,2,5,7,0,1,11,31,43,10,35,3,0,0,0,78,1,0
C:\projects\java-master-mind-game-master\src\GUI\Assets\Fonts.java,GUI.Assets.Fonts,class,1,10,9,1,5,1,0,9,1,0.6666667,0.33333334,0.33333334,3,1,3,0,0,0,3,0,0,0,2,1,2,0,0,0,0,0,2,28,3,0,0,1,0,5,2,7,1,4,1,0,0,0,21,1,0
C:\projects\java-master-mind-game-master\src\Game\Computer.java,Game.Computer,class,2,5,3,2,2,3,0,2,0,0.0,NaN,NaN,1,0,1,0,0,0,1,0,0,0,1,0,0,1,0,0,0,0,0,10,0,1,0,0,1,0,4,4,3,3,1,0,0,0,26,1,0
C:\projects\java-master-mind-game-master\src\GUI\SingleGuessingRow.java,GUI.SingleGuessingRow,class,6,8,2,6,19,5,0,16,5,0.6666667,0.33333334,0.6666667,6,0,6,0,0,0,6,0,0,0,9,0,0,9,0,0,3,0,1,80,1,6,3,0,1,12,20,28,4,20,2,0,0,0,65,1,0
C:\projects\java-master-mind-game-master\src\GUI\Custom\NumberingLabel.java,GUI.Custom.NumberingLabel,class,2,4,2,2,4,5,0,7,3,0.0,0.0,0.0,3,0,2,1,0,0,2,0,0,0,0,0,0,0,0,0,0,0,0,16,0,0,0,0,0,1,1,1,0,1,1,0,0,0,17,1,0
C:\projects\java-master-mind-game-master\src\GUI\Main.java,GUI.Main,class,1,3,2,1,6,6,0,2,15,1.0,0.0,0.0,6,1,6,0,0,0,6,0,0,0,1,1,1,0,0,0,0,0,2,41,4,0,0,0,0,1,2,1,0,1,0,2,0,0,21,1,0
C:\projects\java-master-mind-game-master\src\GUI\Instructions.java,GUI.Instructions,class,7,9,2,7,7,5,0,23,1,0.5555556,0.33333334,0.33333334,3,0,3,0,0,0,3,0,0,0,3,1,1,2,0,0,1,0,5,82,1,2,2,0,0,9,31,20,0,17,2,0,0,0,108,1,0
C:\projects\java-master-mind-game-master\src\Game\CodebreakerTester.java,Game.CodebreakerTester,class,7,7,0,7,3,1,0,4,1,0.33333334,0.33333334,0.33333334,3,1,3,0,0,0,3,0,0,0,2,0,0,1,0,1,0,0,1,14,1,0,0,0,0,0,33,2,0,2,0,0,0,0,23,1,0
C:\projects\java-master-mind-game-master\src\Game\Codebreaker.java,Game.Codebreaker,class,3,8,5,3,7,2,0,2,9,0.5714286,0.4,0.6666667,7,0,6,1,0,0,6,0,0,0,2,0,0,2,0,0,0,0,0,30,2,0,0,0,0,0,5,9,2,2,0,0,0,0,44,1,0
C:\projects\java-master-mind-game-master\src\Game\CodemakerTester.java,Game.CodemakerTester,class,7,7,0,7,3,1,0,4,1,0.33333334,0.33333334,0.33333334,3,1,3,0,0,0,3,0,0,0,2,0,0,1,0,1,0,0,1,14,1,0,0,0,0,0,33,2,0,2,0,0,0,0,24,1,0
C:\projects\java-master-mind-game-master\src\GUI\Main.java,GUI.Main$Anonymous2,anonymous,1,1,0,1,1,1,0,7,0,0.0,NaN,NaN,1,0,1,0,0,0,1,0,0,0,0,0,0,0,0,0,0,0,0,10,0,0,0,0,0,1,0,0,0,0,0,0,0,0,3,-1,0
C:\projects\java-master-mind-game-master\src\GUI\Main.java,GUI.Main$Anonymous1,anonymous,1,1,0,1,1,1,0,7,0,0.0,NaN,NaN,1,0,1,0,0,0,1,0,0,0,0,0,0,0,0,0,0,0,0,10,0,0,0,0,0,1,0,0,0,0,0,0,0,0,3,-1,0
C:\projects\java-master-mind-game-master\src\Interface.java,Interface,class,1,1,0,1,1,1,0,1,0,0.0,NaN,NaN,1,1,1,0,0,0,1,0,0,0,0,0,0,0,0,0,0,0,0,6,0,0,0,0,0,0,0,1,0,1,0,0,0,0,9,1,0
C:\projects\java-master-mind-game-master\src\GUI\Custom\FeedbackLabel.java,GUI.Custom.FeedbackLabel,class,1,4,3,1,7,5,0,6,13,0.6666667,0.06666667,0.06666667,6,0,6,0,0,0,6,0,0,0,2,0,0,2,0,0,0,0,0,32,3,0,0,0,0,0,10,5,8,3,1,0,0,0,26,1,0
C:\projects\java-master-mind-game-master\src\GUI\Custom\GuessButton.java,GUI.Custom.GuessButton,class,1,8,7,1,11,6,0,13,20,0.7083333,0.14285715,0.14285715,8,0,7,1,0,0,7,0,0,0,2,0,0,2,0,0,0,0,0,50,3,0,0,0,0,0,16,8,12,5,1,0,0,0,42,1,0
