file,class,method,variable,usage
C:\projects\java-master-mind-game-master\src\Game\Codemaker.java,Game.Codemaker,getPattern/0,pattern,1
C:\projects\java-master-mind-game-master\src\Game\Codemaker.java,Game.Codemaker,checkPattern/1[int[]],pattern,3
C:\projects\java-master-mind-game-master\src\Game\Codemaker.java,Game.Codemaker,setPattern/1[int[]],pattern,3
C:\projects\java-master-mind-game-master\src\GUI\Custom\ColourButton.java,GUI.Custom.ColourButton,paintComponent/1[java.awt.Graphics],hoverColour,1
C:\projects\java-master-mind-game-master\src\GUI\Custom\ColourButton.java,GUI.Custom.ColourButton,setButtonColour/1[java.awt.Color],hoverColour,1
C:\projects\java-master-mind-game-master\src\GUI\Custom\ColourButton.java,GUI.Custom.ColourButton,setButtonColour/1[java.awt.Color],originalColour,4
C:\projects\java-master-mind-game-master\src\GUI\Custom\ColourButton.java,GUI.Custom.ColourButton,toggleHoverColour/0,isHover,3
C:\projects\java-master-mind-game-master\src\GUI\Custom\ColourButton.java,GUI.Custom.ColourButton,toggleHoverColour/0,hoverColour,2
C:\projects\java-master-mind-game-master\src\GUI\Custom\ColourButton.java,GUI.Custom.ColourButton,toggleHoverColour/0,originalColour,2
C:\projects\java-master-mind-game-master\src\GUI\Highscore.java,GUI.Highscore,actionPerformed/1[java.awt.event.ActionEvent],newGamebtn,1
C:\projects\java-master-mind-game-master\src\GUI\Highscore.java,GUI.Highscore,actionPerformed/1[java.awt.event.ActionEvent],cb,1
C:\projects\java-master-mind-game-master\src\GUI\Highscore.java,GUI.Highscore,showUI/0,newGamebtn,5
C:\projects\java-master-mind-game-master\src\GUI\Highscore.java,GUI.Highscore,showUI/0,cb,2
C:\projects\java-master-mind-game-master\src\GUI\Menu.java,GUI.Menu,actionPerformed/1[java.awt.event.ActionEvent],mode,2
C:\projects\java-master-mind-game-master\src\GUI\Menu.java,GUI.Menu,actionPerformed/1[java.awt.event.ActionEvent],MULTIPLAYER,1
C:\projects\java-master-mind-game-master\src\GUI\Menu.java,GUI.Menu,actionPerformed/1[java.awt.event.ActionEvent],modes,2
C:\projects\java-master-mind-game-master\src\GUI\Menu.java,GUI.Menu,actionPerformed/1[java.awt.event.ActionEvent],SINGLEPLAYER,1
C:\projects\java-master-mind-game-master\src\GUI\Menu.java,GUI.Menu,actionPerformed/1[java.awt.event.ActionEvent],instructionsbtn,1
C:\projects\java-master-mind-game-master\src\GUI\Menu.java,GUI.Menu,showUI/0,MODES,1
C:\projects\java-master-mind-game-master\src\GUI\Menu.java,GUI.Menu,showUI/0,modes,4
C:\projects\java-master-mind-game-master\src\GUI\Menu.java,GUI.Menu,showUI/0,exitbtn,4
C:\projects\java-master-mind-game-master\src\GUI\Menu.java,GUI.Menu,showUI/0,titleText,2
C:\projects\java-master-mind-game-master\src\GUI\Menu.java,GUI.Menu,showUI/0,TITLE,1
C:\projects\java-master-mind-game-master\src\GUI\Menu.java,GUI.Menu,showUI/0,instructionsbtn,3
C:\projects\java-master-mind-game-master\src\GUI\Multiplayer.java,GUI.Multiplayer,actionPerformed/1[java.awt.event.ActionEvent],codes,7
C:\projects\java-master-mind-game-master\src\GUI\Multiplayer.java,GUI.Multiplayer,actionPerformed/1[java.awt.event.ActionEvent],EASY,1
C:\projects\java-master-mind-game-master\src\GUI\Multiplayer.java,GUI.Multiplayer,actionPerformed/1[java.awt.event.ActionEvent],CODES_LENGTH,3
C:\projects\java-master-mind-game-master\src\GUI\Multiplayer.java,GUI.Multiplayer,actionPerformed/1[java.awt.event.ActionEvent],COLOURS_EASY,1
C:\projects\java-master-mind-game-master\src\GUI\Multiplayer.java,GUI.Multiplayer,actionPerformed/1[java.awt.event.ActionEvent],codemaker,1
C:\projects\java-master-mind-game-master\src\GUI\Multiplayer.java,GUI.Multiplayer,actionPerformed/1[java.awt.event.ActionEvent],backbtn,1
C:\projects\java-master-mind-game-master\src\GUI\Multiplayer.java,GUI.Multiplayer,actionPerformed/1[java.awt.event.ActionEvent],HARD,1
C:\projects\java-master-mind-game-master\src\GUI\Multiplayer.java,GUI.Multiplayer,actionPerformed/1[java.awt.event.ActionEvent],COLOURS_MED,1
C:\projects\java-master-mind-game-master\src\GUI\Multiplayer.java,GUI.Multiplayer,actionPerformed/1[java.awt.event.ActionEvent],playbtn,1
C:\projects\java-master-mind-game-master\src\GUI\Multiplayer.java,GUI.Multiplayer,actionPerformed/1[java.awt.event.ActionEvent],MED,1
C:\projects\java-master-mind-game-master\src\GUI\Multiplayer.java,GUI.Multiplayer,actionPerformed/1[java.awt.event.ActionEvent],COLOURS_HARD,1
C:\projects\java-master-mind-game-master\src\GUI\Multiplayer.java,GUI.Multiplayer,actionPerformed/1[java.awt.event.ActionEvent],diffbtn,3
C:\projects\java-master-mind-game-master\src\GUI\Multiplayer.java,GUI.Multiplayer,showUI/0,logoText,2
C:\projects\java-master-mind-game-master\src\GUI\Multiplayer.java,GUI.Multiplayer,showUI/0,codes,4
C:\projects\java-master-mind-game-master\src\GUI\Multiplayer.java,GUI.Multiplayer,showUI/0,DIFFICULTIES,2
C:\projects\java-master-mind-game-master\src\GUI\Multiplayer.java,GUI.Multiplayer,showUI/0,codesSection,7
C:\projects\java-master-mind-game-master\src\GUI\Multiplayer.java,GUI.Multiplayer,showUI/0,titleText,2
C:\projects\java-master-mind-game-master\src\GUI\Multiplayer.java,GUI.Multiplayer,showUI/0,CODES_LENGTH,2
C:\projects\java-master-mind-game-master\src\GUI\Multiplayer.java,GUI.Multiplayer,showUI/0,backbtn,4
C:\projects\java-master-mind-game-master\src\GUI\Multiplayer.java,GUI.Multiplayer,showUI/0,TITLE,1
C:\projects\java-master-mind-game-master\src\GUI\Multiplayer.java,GUI.Multiplayer,showUI/0,playbtn,5
C:\projects\java-master-mind-game-master\src\GUI\Multiplayer.java,GUI.Multiplayer,showUI/0,difficultySection,5
C:\projects\java-master-mind-game-master\src\GUI\Multiplayer.java,GUI.Multiplayer,showUI/0,diffbtn,5
C:\projects\java-master-mind-game-master\src\GUI\Multiplayer.java,GUI.Multiplayer,resetCodes/0,codes,2
C:\projects\java-master-mind-game-master\src\GUI\Multiplayer.java,GUI.Multiplayer,resetCodes/0,CODES_LENGTH,1
C:\projects\java-master-mind-game-master\src\GUI\Singleplayer.java,GUI.Singleplayer,showUI/0,difficulty,5
C:\projects\java-master-mind-game-master\src\GUI\Singleplayer.java,GUI.Singleplayer,showUI/0,logoText,2
C:\projects\java-master-mind-game-master\src\GUI\Singleplayer.java,GUI.Singleplayer,showUI/0,DIFFICULTIES,2
C:\projects\java-master-mind-game-master\src\GUI\Singleplayer.java,GUI.Singleplayer,showUI/0,titleText,2
C:\projects\java-master-mind-game-master\src\GUI\Singleplayer.java,GUI.Singleplayer,showUI/0,backbtn,4
C:\projects\java-master-mind-game-master\src\GUI\Singleplayer.java,GUI.Singleplayer,showUI/0,TITLE,1
C:\projects\java-master-mind-game-master\src\GUI\Singleplayer.java,GUI.Singleplayer,initializeBackEnd/0,difficulty,2
C:\projects\java-master-mind-game-master\src\GUI\Singleplayer.java,GUI.Singleplayer,initializeBackEnd/0,computer,1
C:\projects\java-master-mind-game-master\src\GUI\Singleplayer.java,GUI.Singleplayer,initializeBackEnd/0,codebreaker,1
C:\projects\java-master-mind-game-master\src\GUI\Singleplayer.java,GUI.Singleplayer,actionPerformed/1[java.awt.event.ActionEvent],difficulty,6
C:\projects\java-master-mind-game-master\src\GUI\Singleplayer.java,GUI.Singleplayer,actionPerformed/1[java.awt.event.ActionEvent],EASY,1
C:\projects\java-master-mind-game-master\src\GUI\Singleplayer.java,GUI.Singleplayer,actionPerformed/1[java.awt.event.ActionEvent],backbtn,1
C:\projects\java-master-mind-game-master\src\GUI\Singleplayer.java,GUI.Singleplayer,actionPerformed/1[java.awt.event.ActionEvent],HARD,1
C:\projects\java-master-mind-game-master\src\GUI\Singleplayer.java,GUI.Singleplayer,actionPerformed/1[java.awt.event.ActionEvent],MED,1
C:\projects\java-master-mind-game-master\src\Game\ComputerTester.java,Game.ComputerTester,TestPatternChecker/0,c,1
C:\projects\java-master-mind-game-master\src\Game\ComputerTester.java,Game.ComputerTester,TestPatternChecker/0,answer,1
C:\projects\java-master-mind-game-master\src\Game\ComputerTester.java,Game.ComputerTester,TestPatternChecker/0,guess,1
C:\projects\java-master-mind-game-master\src\Game\ComputerTester.java,Game.ComputerTester,TestPattern/0,EASY,2
C:\projects\java-master-mind-game-master\src\Game\ComputerTester.java,Game.ComputerTester,TestPattern/0,c,9
C:\projects\java-master-mind-game-master\src\Game\ComputerTester.java,Game.ComputerTester,TestPattern/0,HARD,2
C:\projects\java-master-mind-game-master\src\Game\ComputerTester.java,Game.ComputerTester,TestPattern/0,MED,2
C:\projects\java-master-mind-game-master\src\Game\ComputerTester.java,Game.ComputerTester,"ComputerTester/3[int[],int[],int[]]",c,1
C:\projects\java-master-mind-game-master\src\Game\ComputerTester.java,Game.ComputerTester,"ComputerTester/3[int[],int[],int[]]",answer,3
C:\projects\java-master-mind-game-master\src\Game\ComputerTester.java,Game.ComputerTester,"ComputerTester/3[int[],int[],int[]]",guess,1
C:\projects\java-master-mind-game-master\src\GUI\Custom\Labels.java,GUI.Custom.Labels,paintComponent/1[java.awt.Graphics],label,2
C:\projects\java-master-mind-game-master\src\GUI\Custom\Labels.java,GUI.Custom.Labels,"Labels/3[java.lang.String,java.awt.Font,java.awt.Color]",label,1
C:\projects\java-master-mind-game-master\src\GUI\Custom\NavButton.java,GUI.Custom.NavButton,"NavButton/2[java.lang.String,java.awt.Dimension]",preferredSize,1
C:\projects\java-master-mind-game-master\src\GUI\Custom\NavButton.java,GUI.Custom.NavButton,setButtonColour/1[java.awt.Color],hoverColour,1
C:\projects\java-master-mind-game-master\src\GUI\Custom\NavButton.java,GUI.Custom.NavButton,setButtonColour/1[java.awt.Color],originalColour,4
C:\projects\java-master-mind-game-master\src\GUI\Custom\NavButton.java,GUI.Custom.NavButton,setFontColour/1[java.awt.Color],fontColour,1
C:\projects\java-master-mind-game-master\src\GUI\Custom\NavButton.java,GUI.Custom.NavButton,toggleHoverColour/0,isHover,3
C:\projects\java-master-mind-game-master\src\GUI\Custom\NavButton.java,GUI.Custom.NavButton,toggleHoverColour/0,hoverColour,2
C:\projects\java-master-mind-game-master\src\GUI\Custom\NavButton.java,GUI.Custom.NavButton,toggleHoverColour/0,originalColour,2
C:\projects\java-master-mind-game-master\src\GUI\Custom\NavButton.java,GUI.Custom.NavButton,paintComponent/1[java.awt.Graphics],hoverColour,1
C:\projects\java-master-mind-game-master\src\GUI\Custom\NavButton.java,GUI.Custom.NavButton,paintComponent/1[java.awt.Graphics],fontColour,1
C:\projects\java-master-mind-game-master\src\GUI\Custom\NavButton.java,GUI.Custom.NavButton,getPreferredSize/0,preferredSize,1
C:\projects\java-master-mind-game-master\src\GUI\Custom\NavButton.java,GUI.Custom.NavButton,NavButton/1[java.lang.String],preferredSize,1
C:\projects\java-master-mind-game-master\src\Game\Player.java,Game.Player,getCurrentPoint/0,currentPoint,1
C:\projects\java-master-mind-game-master\src\Game\Player.java,Game.Player,reset/0,penalty,1
C:\projects\java-master-mind-game-master\src\Game\Player.java,Game.Player,reset/0,currentPoint,1
C:\projects\java-master-mind-game-master\src\Game\Player.java,Game.Player,getHighscore/0,highscore,1
C:\projects\java-master-mind-game-master\src\Game\Player.java,Game.Player,updateHighscore/0,highscore,2
C:\projects\java-master-mind-game-master\src\Game\Player.java,Game.Player,getScore/0,score,1
C:\projects\java-master-mind-game-master\src\Game\Player.java,Game.Player,getScore/0,penalty,1
C:\projects\java-master-mind-game-master\src\Game\Player.java,Game.Player,setCurrentPoint/1[int[]],currentPoint,3
C:\projects\java-master-mind-game-master\src\GUI\Play.java,GUI.Play,showUI/0,difficulty,1
C:\projects\java-master-mind-game-master\src\GUI\Play.java,GUI.Play,showUI/0,TRIALS,5
C:\projects\java-master-mind-game-master\src\GUI\Play.java,GUI.Play,showUI/0,currentRowIndex,2
C:\projects\java-master-mind-game-master\src\GUI\Play.java,GUI.Play,showUI/0,quitbtn,4
C:\projects\java-master-mind-game-master\src\GUI\Play.java,GUI.Play,showUI/0,TITLE,1
C:\projects\java-master-mind-game-master\src\GUI\Play.java,GUI.Play,showUI/0,row,4
C:\projects\java-master-mind-game-master\src\GUI\Play.java,GUI.Play,showUI/0,titleSection,4
C:\projects\java-master-mind-game-master\src\GUI\Play.java,GUI.Play,showUI/0,checkbtn,4
C:\projects\java-master-mind-game-master\src\GUI\Play.java,GUI.Play,actionPerformed/1[java.awt.event.ActionEvent],currentRowIndex,5
C:\projects\java-master-mind-game-master\src\GUI\Play.java,GUI.Play,actionPerformed/1[java.awt.event.ActionEvent],quitbtn,1
C:\projects\java-master-mind-game-master\src\GUI\Play.java,GUI.Play,actionPerformed/1[java.awt.event.ActionEvent],row,3
C:\projects\java-master-mind-game-master\src\GUI\Play.java,GUI.Play,actionPerformed/1[java.awt.event.ActionEvent],checkbtn,1
C:\projects\java-master-mind-game-master\src\GUI\Play.java,GUI.Play,actionPerformed/1[java.awt.event.ActionEvent],cb,3
C:\projects\java-master-mind-game-master\src\GUI\Play.java,GUI.Play,isCorrect/0,MULTIPLAYER,1
C:\projects\java-master-mind-game-master\src\GUI\Play.java,GUI.Play,isCorrect/0,currentRowIndex,1
C:\projects\java-master-mind-game-master\src\GUI\Play.java,GUI.Play,isCorrect/0,SINGLEPLAYER,1
C:\projects\java-master-mind-game-master\src\GUI\Play.java,GUI.Play,isCorrect/0,row,1
C:\projects\java-master-mind-game-master\src\GUI\Play.java,GUI.Play,isCorrect/0,cb,9
C:\projects\java-master-mind-game-master\src\GUI\Play.java,GUI.Play,showCorrectAnswer/0,MULTIPLAYER,1
C:\projects\java-master-mind-game-master\src\GUI\Play.java,GUI.Play,showCorrectAnswer/0,SINGLEPLAYER,1
C:\projects\java-master-mind-game-master\src\GUI\Play.java,GUI.Play,showCorrectAnswer/0,titleSection,3
C:\projects\java-master-mind-game-master\src\GUI\Assets\Fonts.java,GUI.Assets.Fonts,"OpenSans/3[java.lang.String,int,double]",OpenSans,3
C:\projects\java-master-mind-game-master\src\GUI\Assets\Fonts.java,GUI.Assets.Fonts,"OpenSans/2[java.lang.String,int]",OpenSans,2
C:\projects\java-master-mind-game-master\src\Game\Computer.java,Game.Computer,generatePattern/1[int],rand,1
C:\projects\java-master-mind-game-master\src\GUI\SingleGuessingRow.java,GUI.SingleGuessingRow,updateFeedback/1[java.lang.String],feedback,2
C:\projects\java-master-mind-game-master\src\GUI\SingleGuessingRow.java,GUI.SingleGuessingRow,getGuesses/0,guessValue,1
C:\projects\java-master-mind-game-master\src\GUI\SingleGuessingRow.java,GUI.SingleGuessingRow,"SingleGuessingRow/2[int,int]",feedback,2
C:\projects\java-master-mind-game-master\src\GUI\SingleGuessingRow.java,GUI.SingleGuessingRow,"SingleGuessingRow/2[int,int]",numbering,4
C:\projects\java-master-mind-game-master\src\GUI\SingleGuessingRow.java,GUI.SingleGuessingRow,"SingleGuessingRow/2[int,int]",guess,4
C:\projects\java-master-mind-game-master\src\GUI\SingleGuessingRow.java,GUI.SingleGuessingRow,"SingleGuessingRow/2[int,int]",isEnabled,2
C:\projects\java-master-mind-game-master\src\GUI\SingleGuessingRow.java,GUI.SingleGuessingRow,"SingleGuessingRow/2[int,int]",CODES_LENGTH,2
C:\projects\java-master-mind-game-master\src\GUI\SingleGuessingRow.java,GUI.SingleGuessingRow,"SingleGuessingRow/2[int,int]",colourButtons,3
C:\projects\java-master-mind-game-master\src\GUI\SingleGuessingRow.java,GUI.SingleGuessingRow,"SingleGuessingRow/2[int,int]",MIN_TRIAL,1
C:\projects\java-master-mind-game-master\src\GUI\SingleGuessingRow.java,GUI.SingleGuessingRow,actionPerformed/1[java.awt.event.ActionEvent],guess,2
C:\projects\java-master-mind-game-master\src\GUI\SingleGuessingRow.java,GUI.SingleGuessingRow,actionPerformed/1[java.awt.event.ActionEvent],MAX_COLOURS,1
C:\projects\java-master-mind-game-master\src\GUI\SingleGuessingRow.java,GUI.SingleGuessingRow,actionPerformed/1[java.awt.event.ActionEvent],CODES_LENGTH,1
C:\projects\java-master-mind-game-master\src\GUI\SingleGuessingRow.java,GUI.SingleGuessingRow,actionPerformed/1[java.awt.event.ActionEvent],guessValue,1
C:\projects\java-master-mind-game-master\src\GUI\SingleGuessingRow.java,GUI.SingleGuessingRow,actionPerformed/1[java.awt.event.ActionEvent],colourButtons,1
C:\projects\java-master-mind-game-master\src\GUI\SingleGuessingRow.java,GUI.SingleGuessingRow,toggleRow/0,numbering,1
C:\projects\java-master-mind-game-master\src\GUI\SingleGuessingRow.java,GUI.SingleGuessingRow,toggleRow/0,guess,1
C:\projects\java-master-mind-game-master\src\GUI\SingleGuessingRow.java,GUI.SingleGuessingRow,toggleRow/0,CODES_LENGTH,1
C:\projects\java-master-mind-game-master\src\GUI\SingleGuessingRow.java,GUI.SingleGuessingRow,toggleRow/0,isEnabled,4
C:\projects\java-master-mind-game-master\src\GUI\Instructions.java,GUI.Instructions,actionPerformed/1[java.awt.event.ActionEvent],backbtn,1
C:\projects\java-master-mind-game-master\src\GUI\Instructions.java,GUI.Instructions,showUI/0,INSTRUCTIONS,2
C:\projects\java-master-mind-game-master\src\GUI\Instructions.java,GUI.Instructions,showUI/0,backbtn,4
C:\projects\java-master-mind-game-master\src\Game\CodebreakerTester.java,Game.CodebreakerTester,TestMethod/0,score,1
C:\projects\java-master-mind-game-master\src\Game\CodebreakerTester.java,Game.CodebreakerTester,TestMethod/0,g,1
C:\projects\java-master-mind-game-master\src\Game\CodebreakerTester.java,Game.CodebreakerTester,"CodebreakerTester/2[int[],double]",score,3
C:\projects\java-master-mind-game-master\src\Game\CodebreakerTester.java,Game.CodebreakerTester,"CodebreakerTester/2[int[],double]",g,1
C:\projects\java-master-mind-game-master\src\Game\Codebreaker.java,Game.Codebreaker,setCurrentGuess/1[int[]],currentGuess,3
C:\projects\java-master-mind-game-master\src\Game\Codebreaker.java,Game.Codebreaker,getDifficulty/0,difficulty,1
C:\projects\java-master-mind-game-master\src\Game\Codebreaker.java,Game.Codebreaker,setDifficulty/1[int],difficulty,3
C:\projects\java-master-mind-game-master\src\Game\Codebreaker.java,Game.Codebreaker,getCurrentGuess/0,currentGuess,1
C:\projects\java-master-mind-game-master\src\Game\Codebreaker.java,Game.Codebreaker,reset/0,difficulty,1
C:\projects\java-master-mind-game-master\src\Game\Codebreaker.java,Game.Codebreaker,reset/0,currentGuess,1
C:\projects\java-master-mind-game-master\src\Game\CodemakerTester.java,Game.CodemakerTester,TestMethod/0,score,1
C:\projects\java-master-mind-game-master\src\Game\CodemakerTester.java,Game.CodemakerTester,TestMethod/0,g,1
C:\projects\java-master-mind-game-master\src\Game\CodemakerTester.java,Game.CodemakerTester,"CodemakerTester/2[int[],double]",score,3
C:\projects\java-master-mind-game-master\src\Game\CodemakerTester.java,Game.CodemakerTester,"CodemakerTester/2[int[],double]",g,1
C:\projects\java-master-mind-game-master\src\GUI\Custom\FeedbackLabel.java,GUI.Custom.FeedbackLabel,paintComponent/1[java.awt.Graphics],colour,1
C:\projects\java-master-mind-game-master\src\GUI\Custom\FeedbackLabel.java,GUI.Custom.FeedbackLabel,paintComponent/1[java.awt.Graphics],hasGivenFeedback,1
C:\projects\java-master-mind-game-master\src\GUI\Custom\FeedbackLabel.java,GUI.Custom.FeedbackLabel,setFeedbackColour/1[java.awt.Color],colour,3
C:\projects\java-master-mind-game-master\src\GUI\Custom\FeedbackLabel.java,GUI.Custom.FeedbackLabel,setFeedbackColour/1[java.awt.Color],hasGivenFeedback,1
C:\projects\java-master-mind-game-master\src\GUI\Custom\GuessButton.java,GUI.Custom.GuessButton,paintComponent/1[java.awt.Graphics],guessedColour,1
C:\projects\java-master-mind-game-master\src\GUI\Custom\GuessButton.java,GUI.Custom.GuessButton,paintComponent/1[java.awt.Graphics],hasGuessed,1
C:\projects\java-master-mind-game-master\src\GUI\Custom\GuessButton.java,GUI.Custom.GuessButton,paintComponent/1[java.awt.Graphics],activeColour,2
C:\projects\java-master-mind-game-master\src\GUI\Custom\GuessButton.java,GUI.Custom.GuessButton,changeColourTo/1[java.awt.Color],guessedColour,3
C:\projects\java-master-mind-game-master\src\GUI\Custom\GuessButton.java,GUI.Custom.GuessButton,changeColourTo/1[java.awt.Color],hasGuessed,2
C:\projects\java-master-mind-game-master\src\GUI\Custom\GuessButton.java,GUI.Custom.GuessButton,checkEnabled/0,activeColour,2
C:\projects\java-master-mind-game-master\src\GUI\Custom\GuessButton.java,GUI.Custom.GuessButton,reset/0,hasGuessed,1
