file,class,method,constructor,line,cbo,cboModified,fanin,fanout,wmc,rfc,loc,returnsQty,variablesQty,parametersQty,methodsInvokedQty,methodsInvokedLocalQty,methodsInvokedIndirectLocalQty,loopQty,comparisonsQty,tryCatchQty,parenthesizedExpsQty,stringLiteralsQty,numbersQty,assignmentsQty,mathOperationsQty,maxNestedBlocksQty,anonymousClassesQty,innerClassesQty,lambdasQty,uniqueWordsQty,modifiers,logStatementsQty,hasJavaDoc
C:\projects\java-master-mind-game-master\src\Game\Codemaker.java,Game.Codemaker,getPattern/0,false,22,1,3,3,0,1,0,3,1,0,0,0,0,0,0,0,0,0,0,0,0,0,0,0,0,0,3,1,0,false
C:\projects\java-master-mind-game-master\src\Game\Codemaker.java,Game.Codemaker,checkPattern/1[int[]],false,40,2,3,2,1,8,2,28,1,6,1,2,1,1,3,4,0,0,0,10,12,1,3,0,0,0,42,1,0,true
C:\projects\java-master-mind-game-master\src\Game\Codemaker.java,Game.Codemaker,calculatePoint/0,false,17,0,2,2,0,1,0,4,0,0,0,0,0,0,0,0,0,0,0,2,2,2,0,0,0,0,20,2,0,true
C:\projects\java-master-mind-game-master\src\Game\Codemaker.java,Game.Codemaker,setCurrentPoint/1[int[]],false,90,2,2,1,1,1,2,4,0,0,1,2,1,1,0,0,0,0,0,0,1,0,0,0,0,0,11,1,0,true
C:\projects\java-master-mind-game-master\src\Game\Codemaker.java,Game.Codemaker,setPattern/1[int[]],false,26,1,3,3,0,1,1,3,0,0,1,1,0,0,0,0,0,0,0,0,1,0,0,0,0,0,3,1,0,false
C:\projects\java-master-mind-game-master\src\GUI\Custom\ColourButton.java,GUI.Custom.ColourButton,paintComponent/1[java.awt.Graphics],false,51,0,0,0,0,1,6,10,0,2,1,6,0,0,0,0,0,0,0,8,2,4,0,0,0,0,13,1,0,false
C:\projects\java-master-mind-game-master\src\GUI\Custom\ColourButton.java,GUI.Custom.ColourButton,setButtonColour/1[java.awt.Color],false,35,0,1,1,0,1,0,4,0,0,1,0,0,0,0,0,0,0,0,0,2,0,0,0,0,0,6,1,0,false
C:\projects\java-master-mind-game-master\src\GUI\Custom\ColourButton.java,GUI.Custom.ColourButton,toggleHoverColour/0,false,40,0,2,2,0,2,2,11,0,0,0,2,0,0,0,0,0,0,0,0,4,0,1,0,0,0,9,2,0,false
C:\projects\java-master-mind-game-master\src\GUI\Custom\ColourButton.java,GUI.Custom.ColourButton,mouseClicked/1[java.awt.event.MouseEvent],false,65,0,0,0,0,1,0,2,0,0,1,0,0,0,0,0,0,0,0,0,0,0,0,0,0,0,5,1,0,false
C:\projects\java-master-mind-game-master\src\GUI\Custom\ColourButton.java,GUI.Custom.ColourButton,mouseEntered/1[java.awt.event.MouseEvent],false,62,1,1,0,1,1,1,3,0,0,1,1,1,1,0,0,0,0,0,0,0,0,0,0,0,0,8,1,0,false
C:\projects\java-master-mind-game-master\src\GUI\Custom\ColourButton.java,GUI.Custom.ColourButton,mousePressed/1[java.awt.event.MouseEvent],false,64,0,0,0,0,1,0,2,0,0,1,0,0,0,0,0,0,0,0,0,0,0,0,0,0,0,5,1,0,false
C:\projects\java-master-mind-game-master\src\GUI\Custom\ColourButton.java,GUI.Custom.ColourButton,getMaximumSize/0,false,31,1,1,0,1,1,1,3,1,0,0,1,1,1,0,0,0,0,0,0,0,0,0,0,0,0,5,1,0,false
C:\projects\java-master-mind-game-master\src\GUI\Custom\ColourButton.java,GUI.Custom.ColourButton,mouseReleased/1[java.awt.event.MouseEvent],false,66,0,0,0,0,1,0,2,0,0,1,0,0,0,0,0,0,0,0,0,0,0,0,0,0,0,5,1,0,false
C:\projects\java-master-mind-game-master\src\GUI\Custom\ColourButton.java,GUI.Custom.ColourButton,getPreferredSize/0,false,21,0,2,2,0,1,0,3,1,0,0,0,0,0,0,0,0,0,0,2,0,0,0,0,0,0,4,1,0,false
C:\projects\java-master-mind-game-master\src\GUI\Custom\ColourButton.java,GUI.Custom.ColourButton,mouseExited/1[java.awt.event.MouseEvent],false,63,1,1,0,1,1,1,3,0,0,1,1,1,1,0,0,0,0,0,0,0,0,0,0,0,0,8,1,0,false
C:\projects\java-master-mind-game-master\src\GUI\Custom\ColourButton.java,GUI.Custom.ColourButton,getMinimumSize/0,false,26,1,1,0,1,1,1,3,1,0,0,1,1,1,0,0,0,0,0,0,0,0,0,0,0,0,5,1,0,false
C:\projects\java-master-mind-game-master\src\GUI\Custom\ColourButton.java,GUI.Custom.ColourButton,ColourButton/1[java.lang.String],true,11,0,0,0,0,1,5,8,0,0,1,5,0,0,0,0,0,0,0,0,0,0,0,0,0,0,15,1,0,false
C:\projects\java-master-mind-game-master\src\GUI\Highscore.java,GUI.Highscore,actionPerformed/1[java.awt.event.ActionEvent],false,74,2,2,0,2,2,5,7,0,0,1,5,0,0,0,1,0,0,0,0,0,0,1,0,0,0,7,1,0,false
C:\projects\java-master-mind-game-master\src\GUI\Highscore.java,GUI.Highscore,showUI/0,false,20,6,10,1,9,2,15,39,1,12,0,15,0,0,1,0,0,0,14,11,15,2,1,0,0,0,38,1,0,false
C:\projects\java-master-mind-game-master\src\GUI\Menu.java,GUI.Menu,actionPerformed/1[java.awt.event.ActionEvent],false,89,3,3,0,3,4,9,19,0,0,1,9,0,0,0,3,0,0,0,3,2,0,1,0,0,0,21,1,0,false
C:\projects\java-master-mind-game-master\src\GUI\Menu.java,GUI.Menu,showUI/0,false,25,5,14,6,8,3,11,45,1,9,0,11,1,1,2,0,0,0,4,11,14,0,1,0,0,0,39,1,0,false
C:\projects\java-master-mind-game-master\src\GUI\Menu.java,GUI.Menu,"addComponent/3[java.awt.Component,java.awt.GridBagLayout,java.awt.GridBagConstraints]",false,83,0,1,1,0,1,2,4,0,0,3,2,0,0,0,0,0,0,0,0,0,0,0,0,0,0,4,1,0,false
C:\projects\java-master-mind-game-master\src\GUI\Multiplayer.java,GUI.Multiplayer,actionPerformed/1[java.awt.event.ActionEvent],false,121,6,5,0,5,11,15,46,0,4,1,15,1,1,2,6,0,0,4,5,8,3,4,0,0,0,33,1,0,false
C:\projects\java-master-mind-game-master\src\GUI\Multiplayer.java,GUI.Multiplayer,showUI/0,false,32,5,9,1,8,3,10,59,1,7,0,10,1,1,2,0,0,0,9,16,21,0,1,0,0,0,52,1,0,false
C:\projects\java-master-mind-game-master\src\GUI\Multiplayer.java,GUI.Multiplayer,resetCodes/0,false,104,1,2,1,1,2,2,6,0,1,0,2,0,0,1,0,0,0,1,1,1,0,1,0,0,0,14,2,0,false
C:\projects\java-master-mind-game-master\src\GUI\Multiplayer.java,GUI.Multiplayer,"addComponent/3[java.awt.Component,java.awt.GridBagLayout,java.awt.GridBagConstraints]",false,115,0,1,1,0,1,2,4,0,0,3,2,0,0,0,0,0,0,0,0,0,0,0,0,0,0,4,1,0,false
C:\projects\java-master-mind-game-master\src\GUI\Singleplayer.java,GUI.Singleplayer,"addComponent/3[java.awt.Component,java.awt.GridBagLayout,java.awt.GridBagConstraints]",false,79,0,1,1,0,1,2,4,0,0,3,2,0,0,0,0,0,0,0,0,0,0,0,0,0,0,4,1,0,false
C:\projects\java-master-mind-game-master\src\GUI\Singleplayer.java,GUI.Singleplayer,showUI/0,false,33,4,6,1,5,2,9,36,1,6,0,9,1,1,1,0,0,0,7,7,13,0,1,0,0,0,38,1,0,false
C:\projects\java-master-mind-game-master\src\GUI\Singleplayer.java,GUI.Singleplayer,initializeBackEnd/0,false,28,2,3,1,2,1,2,4,0,0,0,2,0,0,0,0,0,0,0,0,0,0,0,0,0,0,3,2,0,false
C:\projects\java-master-mind-game-master\src\GUI\Singleplayer.java,GUI.Singleplayer,actionPerformed/1[java.awt.event.ActionEvent],false,85,3,3,0,3,5,6,14,0,0,1,6,1,1,0,4,0,0,0,3,3,0,2,0,0,0,17,1,0,false
C:\projects\java-master-mind-game-master\src\Game\ComputerTester.java,Game.ComputerTester,TestPatternChecker/0,false,46,2,1,0,1,1,2,3,0,0,0,2,0,0,0,0,0,0,0,0,0,0,0,0,0,0,8,1,0,false
C:\projects\java-master-mind-game-master\src\Game\ComputerTester.java,Game.ComputerTester,TestPattern/0,false,52,3,2,0,2,4,3,14,0,3,0,3,0,0,3,0,0,3,0,9,3,0,1,0,0,0,14,1,0,false
C:\projects\java-master-mind-game-master\src\Game\ComputerTester.java,Game.ComputerTester,"ComputerTester/3[int[],int[],int[]]",true,28,2,1,0,1,1,1,5,0,0,3,1,0,0,0,0,0,0,0,0,2,0,0,0,0,0,5,1,0,false
C:\projects\java-master-mind-game-master\src\Game\ComputerTester.java,Game.ComputerTester,getTestParameters/0,false,35,2,0,0,0,1,1,3,1,0,0,1,0,0,0,0,0,0,0,55,0,0,0,0,0,0,3,9,0,false
C:\projects\java-master-mind-game-master\src\GUI\Custom\Labels.java,GUI.Custom.Labels,getPreferredSize/0,false,31,0,2,2,0,1,1,3,1,0,0,1,0,0,0,0,0,0,0,1,0,0,0,0,0,0,4,1,0,false
C:\projects\java-master-mind-game-master\src\GUI\Custom\Labels.java,GUI.Custom.Labels,getMinimumSize/0,false,36,1,1,0,1,1,1,3,1,0,0,1,1,1,0,0,0,0,0,0,0,0,0,0,0,0,5,1,0,false
C:\projects\java-master-mind-game-master\src\GUI\Custom\Labels.java,GUI.Custom.Labels,paintComponent/1[java.awt.Graphics],false,22,0,0,0,0,1,7,7,0,2,1,7,0,0,0,0,0,2,0,4,2,5,0,0,0,0,13,1,0,false
C:\projects\java-master-mind-game-master\src\GUI\Custom\Labels.java,GUI.Custom.Labels,getMaximumSize/0,false,41,1,1,0,1,1,1,3,1,0,0,1,1,1,0,0,0,0,0,0,0,0,0,0,0,0,5,1,0,false
C:\projects\java-master-mind-game-master\src\GUI\Custom\Labels.java,GUI.Custom.Labels,"Labels/3[java.lang.String,java.awt.Font,java.awt.Color]",true,13,0,6,6,0,1,4,7,0,0,3,4,0,0,0,0,0,0,0,0,1,0,0,0,0,0,22,1,0,false
C:\projects\java-master-mind-game-master\src\GUI\Custom\NavButton.java,GUI.Custom.NavButton,"NavButton/2[java.lang.String,java.awt.Dimension]",true,24,0,1,1,0,1,5,9,0,0,2,5,0,0,0,0,0,0,0,0,1,0,0,0,0,0,18,1,0,false
C:\projects\java-master-mind-game-master\src\GUI\Custom\NavButton.java,GUI.Custom.NavButton,getMaximumSize/0,false,45,1,1,0,1,1,1,3,1,0,0,1,1,1,0,0,0,0,0,0,0,0,0,0,0,0,5,1,0,false
C:\projects\java-master-mind-game-master\src\GUI\Custom\NavButton.java,GUI.Custom.NavButton,setButtonColour/1[java.awt.Color],false,49,0,6,6,0,1,0,4,0,0,1,0,0,0,0,0,0,0,0,0,2,0,0,0,0,0,6,1,0,false
C:\projects\java-master-mind-game-master\src\GUI\Custom\NavButton.java,GUI.Custom.NavButton,setFontColour/1[java.awt.Color],false,54,0,3,3,0,1,1,4,0,0,1,1,0,0,0,0,0,0,0,0,1,0,0,0,0,0,7,1,0,false
C:\projects\java-master-mind-game-master\src\GUI\Custom\NavButton.java,GUI.Custom.NavButton,getMinimumSize/0,false,40,1,1,0,1,1,1,3,1,0,0,1,1,1,0,0,0,0,0,0,0,0,0,0,0,0,5,1,0,false
C:\projects\java-master-mind-game-master\src\GUI\Custom\NavButton.java,GUI.Custom.NavButton,mouseExited/1[java.awt.event.MouseEvent],false,90,1,1,0,1,1,1,3,0,0,1,1,1,1,0,0,0,0,0,0,0,0,0,0,0,0,8,1,0,false
C:\projects\java-master-mind-game-master\src\GUI\Custom\NavButton.java,GUI.Custom.NavButton,mouseClicked/1[java.awt.event.MouseEvent],false,91,0,0,0,0,1,0,2,0,0,1,0,0,0,0,0,0,0,0,0,0,0,0,0,0,0,5,1,0,false
C:\projects\java-master-mind-game-master\src\GUI\Custom\NavButton.java,GUI.Custom.NavButton,mouseReleased/1[java.awt.event.MouseEvent],false,93,0,0,0,0,1,0,2,0,0,1,0,0,0,0,0,0,0,0,0,0,0,0,0,0,0,5,1,0,false
C:\projects\java-master-mind-game-master\src\GUI\Custom\NavButton.java,GUI.Custom.NavButton,toggleHoverColour/0,false,59,0,2,2,0,2,2,11,0,0,0,2,0,0,0,0,0,0,0,0,4,0,1,0,0,0,9,2,0,false
C:\projects\java-master-mind-game-master\src\GUI\Custom\NavButton.java,GUI.Custom.NavButton,mousePressed/1[java.awt.event.MouseEvent],false,92,0,0,0,0,1,0,2,0,0,1,0,0,0,0,0,0,0,0,0,0,0,0,0,0,0,5,1,0,false
C:\projects\java-master-mind-game-master\src\GUI\Custom\NavButton.java,GUI.Custom.NavButton,paintComponent/1[java.awt.Graphics],false,70,1,1,0,1,2,14,17,0,5,1,14,0,0,0,1,0,2,1,9,5,5,1,0,0,0,21,1,0,false
C:\projects\java-master-mind-game-master\src\GUI\Custom\NavButton.java,GUI.Custom.NavButton,getPreferredSize/0,false,35,0,2,2,0,1,0,3,1,0,0,0,0,0,0,0,0,0,0,0,0,0,0,0,0,0,5,1,0,false
C:\projects\java-master-mind-game-master\src\GUI\Custom\NavButton.java,GUI.Custom.NavButton,NavButton/1[java.lang.String],true,13,0,6,6,0,1,6,10,0,0,1,6,0,0,0,0,0,0,0,2,1,0,0,0,0,0,20,1,0,false
C:\projects\java-master-mind-game-master\src\GUI\Custom\NavButton.java,GUI.Custom.NavButton,mouseEntered/1[java.awt.event.MouseEvent],false,89,1,1,0,1,1,1,3,0,0,1,1,1,1,0,0,0,0,0,0,0,0,0,0,0,0,8,1,0,false
C:\projects\java-master-mind-game-master\src\Game\Player.java,Game.Player,getCurrentPoint/0,false,55,1,1,1,0,1,0,3,1,0,0,0,0,0,0,0,0,0,0,0,0,0,0,0,0,0,4,1,0,false
C:\projects\java-master-mind-game-master\src\Game\Player.java,Game.Player,reset/0,false,29,1,2,2,0,1,0,4,0,0,0,0,0,0,0,0,0,0,0,2,2,0,0,0,0,0,4,1,0,false
C:\projects\java-master-mind-game-master\src\Game\Player.java,Game.Player,getHighscore/0,false,42,0,1,1,0,1,0,3,1,0,0,0,0,0,0,0,0,0,0,0,0,0,0,0,0,0,3,1,0,false
C:\projects\java-master-mind-game-master\src\Game\Player.java,Game.Player,updateHighscore/0,false,50,1,2,1,1,2,1,3,0,0,0,1,1,1,0,0,0,0,0,0,1,0,1,0,0,0,14,2,0,true
C:\projects\java-master-mind-game-master\src\Game\Player.java,Game.Player,getScore/0,false,25,0,5,5,0,1,0,3,1,0,0,0,0,0,0,0,0,0,0,0,0,1,0,0,0,0,11,1,0,true
C:\projects\java-master-mind-game-master\src\Game\Player.java,Game.Player,setCurrentPoint/1[int[]],false,62,1,0,0,0,1,1,3,0,0,1,1,0,0,0,0,0,0,0,0,1,0,0,0,0,0,10,1,0,true
C:\projects\java-master-mind-game-master\src\Game\Player.java,Game.Player,Player/0,true,18,1,1,0,1,1,1,3,0,0,0,1,1,1,0,0,0,0,0,0,0,0,0,0,0,0,2,1,0,false
C:\projects\java-master-mind-game-master\src\Game\Player.java,Game.Player,endGame/0,false,37,1,3,1,2,1,2,4,0,0,0,2,2,2,0,0,0,0,0,0,0,0,0,0,0,0,11,1,0,true
C:\projects\java-master-mind-game-master\src\GUI\Play.java,GUI.Play,showUI/0,false,80,5,8,2,6,2,9,33,1,5,0,9,0,0,1,0,0,0,3,9,11,4,1,0,0,0,37,1,0,false
C:\projects\java-master-mind-game-master\src\GUI\Play.java,GUI.Play,actionPerformed/1[java.awt.event.ActionEvent],false,122,6,8,0,8,6,14,32,0,2,1,14,2,1,0,2,0,1,3,3,2,3,3,0,0,0,24,1,0,false
C:\projects\java-master-mind-game-master\src\GUI\Play.java,GUI.Play,isCorrect/0,false,32,5,9,1,8,7,10,22,1,8,0,10,0,0,3,3,0,0,2,9,12,2,1,0,0,0,27,2,0,false
C:\projects\java-master-mind-game-master\src\GUI\Play.java,GUI.Play,showCorrectAnswer/0,false,58,4,4,1,3,4,6,22,0,6,0,6,0,0,1,2,0,0,1,5,9,1,1,0,0,0,27,2,0,false
C:\projects\java-master-mind-game-master\src\GUI\Assets\Fonts.java,GUI.Assets.Fonts,"OpenSans/3[java.lang.String,int,double]",false,13,1,3,2,1,1,1,4,1,0,3,1,1,1,0,0,0,0,1,0,1,0,0,0,0,0,5,1,0,false
C:\projects\java-master-mind-game-master\src\GUI\Assets\Fonts.java,GUI.Assets.Fonts,"makeFont/4[java.lang.String,java.lang.String,int,double]",false,15,0,1,1,0,3,7,17,1,2,4,7,0,0,0,0,1,0,4,1,5,1,1,0,0,0,15,9,0,false
C:\projects\java-master-mind-game-master\src\GUI\Assets\Fonts.java,GUI.Assets.Fonts,"OpenSans/2[java.lang.String,int]",false,12,1,9,8,1,1,1,3,1,0,2,1,1,2,0,0,0,0,0,1,0,0,0,0,0,0,4,1,0,false
C:\projects\java-master-mind-game-master\src\Game\Computer.java,Game.Computer,generatePattern/1[int],false,15,2,3,2,1,2,2,7,0,2,1,2,0,0,1,0,0,1,0,4,3,3,1,0,0,0,6,1,0,false
C:\projects\java-master-mind-game-master\src\GUI\SingleGuessingRow.java,GUI.SingleGuessingRow,updateFeedback/1[java.lang.String],false,91,1,2,1,1,4,3,12,0,1,1,3,0,0,1,0,0,0,0,1,1,0,2,0,0,0,4,1,0,false
C:\projects\java-master-mind-game-master\src\GUI\SingleGuessingRow.java,GUI.SingleGuessingRow,getGuesses/0,false,105,1,2,2,0,1,0,3,1,0,0,0,0,0,0,0,0,0,0,0,0,0,0,0,0,0,4,1,0,false
C:\projects\java-master-mind-game-master\src\GUI\SingleGuessingRow.java,GUI.SingleGuessingRow,"SingleGuessingRow/2[int,int]",true,29,5,6,1,5,6,9,35,0,6,2,9,1,1,2,1,0,1,3,11,12,2,1,0,0,0,43,1,0,false
C:\projects\java-master-mind-game-master\src\GUI\SingleGuessingRow.java,GUI.SingleGuessingRow,"addComponent/3[java.awt.Component,java.awt.GridBagLayout,java.awt.GridBagConstraints]",false,76,0,1,1,0,1,2,4,0,0,3,2,0,0,0,0,0,0,0,0,0,0,0,0,0,0,4,1,0,false
C:\projects\java-master-mind-game-master\src\GUI\SingleGuessingRow.java,GUI.SingleGuessingRow,actionPerformed/1[java.awt.event.ActionEvent],false,110,1,1,0,1,5,3,8,0,3,1,3,0,0,2,2,0,0,1,4,5,2,2,0,0,0,24,1,0,false
C:\projects\java-master-mind-game-master\src\GUI\SingleGuessingRow.java,GUI.SingleGuessingRow,toggleRow/0,false,82,0,2,2,0,2,2,7,0,1,0,2,0,0,1,0,0,0,0,1,2,0,1,0,0,0,16,1,0,false
C:\projects\java-master-mind-game-master\src\GUI\Custom\NumberingLabel.java,GUI.Custom.NumberingLabel,paintComponent/1[java.awt.Graphics],false,18,1,1,0,1,1,3,6,0,1,1,3,1,1,0,0,0,0,0,0,1,0,0,0,0,0,9,1,0,false
C:\projects\java-master-mind-game-master\src\GUI\Custom\NumberingLabel.java,GUI.Custom.NumberingLabel,checkEnabled/0,false,13,0,1,1,0,2,2,4,0,0,0,2,0,0,0,0,0,0,0,0,0,0,1,0,0,0,5,2,0,false
C:\projects\java-master-mind-game-master\src\GUI\Custom\NumberingLabel.java,GUI.Custom.NumberingLabel,NumberingLabel/1[java.lang.String],true,8,1,2,1,1,1,2,4,0,0,1,2,0,0,0,0,0,0,1,1,0,0,0,0,0,0,5,1,0,false
C:\projects\java-master-mind-game-master\src\GUI\Main.java,GUI.Main,main/1[java.lang.String[]],false,46,0,1,0,1,1,1,13,0,0,1,1,0,0,0,0,0,0,0,0,0,0,0,1,0,0,6,9,0,false
C:\projects\java-master-mind-game-master\src\GUI\Main.java,GUI.Main,getMaximumSize/0,false,28,1,1,0,1,1,1,3,1,0,0,1,1,1,0,0,0,0,0,0,0,0,0,0,0,0,5,1,0,false
C:\projects\java-master-mind-game-master\src\GUI\Main.java,GUI.Main,getMinimumSize/0,false,23,1,1,0,1,1,1,3,1,0,0,1,1,1,0,0,0,0,0,0,0,0,0,0,0,0,5,1,0,false
C:\projects\java-master-mind-game-master\src\GUI\Main.java,GUI.Main,getPreferredSize/0,false,18,0,2,2,0,1,0,3,1,0,0,0,0,0,0,0,0,0,0,2,0,0,0,0,0,0,4,1,0,false
C:\projects\java-master-mind-game-master\src\GUI\Main.java,GUI.Main,text/0,false,13,0,0,0,0,1,0,3,1,0,0,0,0,0,0,0,0,0,1,0,0,0,0,0,0,0,1,1,0,false
C:\projects\java-master-mind-game-master\src\GUI\Main.java,GUI.Main,run/0,false,32,0,2,1,1,1,1,13,0,0,0,1,0,0,0,0,0,0,0,0,0,0,0,1,0,0,4,1,0,false
C:\projects\java-master-mind-game-master\src\GUI\Instructions.java,GUI.Instructions,"addComponent/3[java.awt.Component,java.awt.GridBagLayout,java.awt.GridBagConstraints]",false,111,0,1,1,0,1,2,4,0,0,3,2,0,0,0,0,0,0,0,0,0,0,0,0,0,0,4,1,0,false
C:\projects\java-master-mind-game-master\src\GUI\Instructions.java,GUI.Instructions,actionPerformed/1[java.awt.event.ActionEvent],false,116,1,1,0,1,2,4,6,0,0,1,4,0,0,0,1,0,0,0,0,0,0,1,0,0,0,6,1,0,false
C:\projects\java-master-mind-game-master\src\GUI\Instructions.java,GUI.Instructions,showUI/0,false,17,6,11,1,10,4,18,67,1,14,0,18,1,1,2,1,0,0,7,31,18,0,2,0,0,0,36,1,0,false
C:\projects\java-master-mind-game-master\src\Game\CodebreakerTester.java,Game.CodebreakerTester,TestMethod/0,false,44,2,1,0,1,1,2,3,0,0,0,2,0,0,0,0,0,0,0,1,0,0,0,0,0,0,5,1,0,false
C:\projects\java-master-mind-game-master\src\Game\CodebreakerTester.java,Game.CodebreakerTester,getTestParameters/0,false,29,2,0,0,0,1,1,3,1,0,0,1,0,0,0,0,0,0,0,32,0,0,0,0,0,0,3,9,0,false
C:\projects\java-master-mind-game-master\src\Game\CodebreakerTester.java,Game.CodebreakerTester,"CodebreakerTester/2[int[],double]",true,23,2,1,0,1,1,1,4,0,0,2,1,0,0,0,0,0,0,0,0,1,0,0,0,0,0,4,1,0,false
C:\projects\java-master-mind-game-master\src\Game\Codebreaker.java,Game.Codebreaker,setCurrentGuess/1[int[]],false,46,1,1,1,0,1,1,3,0,0,1,1,0,0,0,0,0,0,0,0,1,0,0,0,0,0,4,1,0,false
C:\projects\java-master-mind-game-master\src\Game\Codebreaker.java,Game.Codebreaker,getDifficulty/0,false,24,0,0,0,0,1,0,3,1,0,0,0,0,0,0,0,0,0,0,0,0,0,0,0,0,0,3,1,0,false
C:\projects\java-master-mind-game-master\src\Game\Codebreaker.java,Game.Codebreaker,setDifficulty/1[int],false,28,0,1,1,0,1,0,3,0,0,1,0,0,0,0,0,0,0,0,0,1,0,0,0,0,0,3,1,0,false
C:\projects\java-master-mind-game-master\src\Game\Codebreaker.java,Game.Codebreaker,calculatePoint/0,false,37,0,1,1,0,1,0,4,0,0,0,0,0,0,0,0,0,0,0,2,2,2,0,0,0,0,20,2,0,true
C:\projects\java-master-mind-game-master\src\Game\Codebreaker.java,Game.Codebreaker,setCurrentPoint/1[int[]],false,53,2,3,2,1,1,2,4,0,0,1,2,1,1,0,0,0,0,0,0,1,0,0,0,0,0,11,1,0,true
C:\projects\java-master-mind-game-master\src\Game\Codebreaker.java,Game.Codebreaker,getCurrentGuess/0,false,42,1,1,1,0,1,0,3,1,0,0,0,0,0,0,0,0,0,0,0,0,0,0,0,0,0,4,1,0,false
C:\projects\java-master-mind-game-master\src\Game\Codebreaker.java,Game.Codebreaker,reset/0,false,17,1,1,1,0,1,0,6,0,0,0,0,0,0,0,0,0,0,0,3,4,0,0,0,0,0,12,1,0,true
C:\projects\java-master-mind-game-master\src\Game\CodemakerTester.java,Game.CodemakerTester,TestMethod/0,false,43,2,1,0,1,1,2,3,0,0,0,2,0,0,0,0,0,0,0,1,0,0,0,0,0,0,5,1,0,false
C:\projects\java-master-mind-game-master\src\Game\CodemakerTester.java,Game.CodemakerTester,getTestParameters/0,false,28,2,0,0,0,1,1,3,1,0,0,1,0,0,0,0,0,0,0,32,0,0,0,0,0,0,3,9,0,false
C:\projects\java-master-mind-game-master\src\Game\CodemakerTester.java,Game.CodemakerTester,"CodemakerTester/2[int[],double]",true,22,2,1,0,1,1,1,4,0,0,2,1,0,0,0,0,0,0,0,0,1,0,0,0,0,0,4,1,0,false
C:\projects\java-master-mind-game-master\src\GUI\Main.java,GUI.Main$Anonymous2,run/0,false,48,1,1,0,1,1,7,8,0,0,0,7,0,0,0,0,0,0,1,0,0,0,0,0,0,0,3,1,0,false
C:\projects\java-master-mind-game-master\src\GUI\Main.java,GUI.Main$Anonymous1,run/0,false,34,1,1,0,1,1,7,8,0,0,0,7,0,0,0,0,0,0,1,0,0,0,0,0,0,0,3,1,0,false
C:\projects\java-master-mind-game-master\src\Interface.java,Interface,main/1[java.lang.String[]],false,8,1,2,0,2,1,1,4,0,1,1,1,0,0,0,0,0,0,0,0,1,0,0,0,0,0,4,9,0,false
C:\projects\java-master-mind-game-master\src\GUI\Custom\FeedbackLabel.java,GUI.Custom.FeedbackLabel,paintComponent/1[java.awt.Graphics],false,36,0,0,0,0,2,4,11,0,1,1,4,0,0,0,0,0,0,0,8,1,8,1,0,0,0,13,1,0,false
C:\projects\java-master-mind-game-master\src\GUI\Custom\FeedbackLabel.java,GUI.Custom.FeedbackLabel,FeedbackLabel/1[java.lang.String],true,11,0,2,2,0,1,0,3,0,0,1,0,0,0,0,0,0,0,0,0,0,0,0,0,0,0,3,1,0,false
C:\projects\java-master-mind-game-master\src\GUI\Custom\FeedbackLabel.java,GUI.Custom.FeedbackLabel,setFeedbackColour/1[java.awt.Color],false,30,0,2,2,0,1,1,5,0,0,1,1,0,0,0,0,0,0,0,0,2,0,0,0,0,0,9,1,0,false
C:\projects\java-master-mind-game-master\src\GUI\Custom\FeedbackLabel.java,GUI.Custom.FeedbackLabel,getMinimumSize/0,false,21,1,1,0,1,1,1,3,1,0,0,1,1,1,0,0,0,0,0,0,0,0,0,0,0,0,5,1,0,false
C:\projects\java-master-mind-game-master\src\GUI\Custom\FeedbackLabel.java,GUI.Custom.FeedbackLabel,getPreferredSize/0,false,16,0,2,2,0,1,0,3,1,0,0,0,0,0,0,0,0,0,0,2,0,0,0,0,0,0,4,1,0,false
C:\projects\java-master-mind-game-master\src\GUI\Custom\FeedbackLabel.java,GUI.Custom.FeedbackLabel,getMaximumSize/0,false,26,1,1,0,1,1,1,3,1,0,0,1,1,1,0,0,0,0,0,0,0,0,0,0,0,0,5,1,0,false
C:\projects\java-master-mind-game-master\src\GUI\Custom\GuessButton.java,GUI.Custom.GuessButton,getMaximumSize/0,false,30,1,1,0,1,1,1,3,1,0,0,1,1,1,0,0,0,0,0,0,0,0,0,0,0,0,5,1,0,false
C:\projects\java-master-mind-game-master\src\GUI\Custom\GuessButton.java,GUI.Custom.GuessButton,paintComponent/1[java.awt.Graphics],false,48,1,1,0,1,2,7,19,0,2,1,7,1,1,0,0,0,0,0,14,2,12,1,0,0,0,19,1,0,false
C:\projects\java-master-mind-game-master\src\GUI\Custom\GuessButton.java,GUI.Custom.GuessButton,GuessButton/1[java.lang.String],true,11,0,6,6,0,1,4,7,0,0,1,4,0,0,0,0,0,0,0,0,0,0,0,0,0,0,12,1,0,false
C:\projects\java-master-mind-game-master\src\GUI\Custom\GuessButton.java,GUI.Custom.GuessButton,getMinimumSize/0,false,25,1,1,0,1,1,1,3,1,0,0,1,1,1,0,0,0,0,0,0,0,0,0,0,0,0,5,1,0,false
C:\projects\java-master-mind-game-master\src\GUI\Custom\GuessButton.java,GUI.Custom.GuessButton,getPreferredSize/0,false,20,0,2,2,0,1,0,3,1,0,0,0,0,0,0,0,0,0,0,2,0,0,0,0,0,0,4,1,0,false
C:\projects\java-master-mind-game-master\src\GUI\Custom\GuessButton.java,GUI.Custom.GuessButton,changeColourTo/1[java.awt.Color],false,38,0,6,6,0,2,0,4,0,0,1,0,0,0,0,0,0,0,0,0,2,0,1,0,0,0,8,1,0,false
C:\projects\java-master-mind-game-master\src\GUI\Custom\GuessButton.java,GUI.Custom.GuessButton,checkEnabled/0,false,43,0,1,1,0,2,1,4,0,0,0,1,0,0,0,0,0,0,0,0,2,0,1,0,0,0,5,2,0,false
C:\projects\java-master-mind-game-master\src\GUI\Custom\GuessButton.java,GUI.Custom.GuessButton,reset/0,false,34,0,1,1,0,1,0,3,0,0,0,0,0,0,0,0,0,0,0,0,1,0,0,0,0,0,4,1,0,false
