file,class,method,variable,usage
C:\projects\java-master-mind-game-master\src\Game\Codemaker.java,Game.Codemaker,checkPattern/1[int[]],guessPattern,5
C:\projects\java-master-mind-game-master\src\Game\Codemaker.java,Game.Codemaker,checkPattern/1[int[]],pattern,2
C:\projects\java-master-mind-game-master\src\Game\Codemaker.java,Game.Codemaker,checkPattern/1[int[]],i,12
C:\projects\java-master-mind-game-master\src\Game\Codemaker.java,Game.Codemaker,checkPattern/1[int[]],j,5
C:\projects\java-master-mind-game-master\src\Game\Codemaker.java,Game.Codemaker,checkPattern/1[int[]],points,7
C:\projects\java-master-mind-game-master\src\Game\Codemaker.java,Game.Codemaker,checkPattern/1[int[]],tempPattern,5
C:\projects\java-master-mind-game-master\src\Game\Codemaker.java,Game.Codemaker,setCurrentPoint/1[int[]],currentPoint,2
C:\projects\java-master-mind-game-master\src\Game\Codemaker.java,Game.Codemaker,setPattern/1[int[]],pattern,2
C:\projects\java-master-mind-game-master\src\GUI\Custom\ColourButton.java,GUI.Custom.ColourButton,paintComponent/1[java.awt.Graphics],arc,2
C:\projects\java-master-mind-game-master\src\GUI\Custom\ColourButton.java,GUI.Custom.ColourButton,paintComponent/1[java.awt.Graphics],g,6
C:\projects\java-master-mind-game-master\src\GUI\Custom\ColourButton.java,GUI.Custom.ColourButton,paintComponent/1[java.awt.Graphics],g2d,1
C:\projects\java-master-mind-game-master\src\GUI\Custom\ColourButton.java,GUI.Custom.ColourButton,setButtonColour/1[java.awt.Color],originalColour,3
C:\projects\java-master-mind-game-master\src\GUI\Custom\ColourButton.java,GUI.Custom.ColourButton,mouseClicked/1[java.awt.event.MouseEvent],event,0
C:\projects\java-master-mind-game-master\src\GUI\Custom\ColourButton.java,GUI.Custom.ColourButton,mouseEntered/1[java.awt.event.MouseEvent],event,0
C:\projects\java-master-mind-game-master\src\GUI\Custom\ColourButton.java,GUI.Custom.ColourButton,mousePressed/1[java.awt.event.MouseEvent],event,0
C:\projects\java-master-mind-game-master\src\GUI\Custom\ColourButton.java,GUI.Custom.ColourButton,mouseReleased/1[java.awt.event.MouseEvent],event,0
C:\projects\java-master-mind-game-master\src\GUI\Custom\ColourButton.java,GUI.Custom.ColourButton,mouseExited/1[java.awt.event.MouseEvent],event,0
C:\projects\java-master-mind-game-master\src\GUI\Custom\ColourButton.java,GUI.Custom.ColourButton,ColourButton/1[java.lang.String],s,1
C:\projects\java-master-mind-game-master\src\GUI\Highscore.java,GUI.Highscore,actionPerformed/1[java.awt.event.ActionEvent],e,1
C:\projects\java-master-mind-game-master\src\GUI\Highscore.java,GUI.Highscore,showUI/0,c,2
C:\projects\java-master-mind-game-master\src\GUI\Highscore.java,GUI.Highscore,showUI/0,guess,3
C:\projects\java-master-mind-game-master\src\GUI\Highscore.java,GUI.Highscore,showUI/0,highScoreText,1
C:\projects\java-master-mind-game-master\src\GUI\Highscore.java,GUI.Highscore,showUI/0,mockupSection,2
C:\projects\java-master-mind-game-master\src\GUI\Highscore.java,GUI.Highscore,showUI/0,titleText,1
C:\projects\java-master-mind-game-master\src\GUI\Highscore.java,GUI.Highscore,showUI/0,gameStatusText,1
C:\projects\java-master-mind-game-master\src\GUI\Highscore.java,GUI.Highscore,showUI/0,i,6
C:\projects\java-master-mind-game-master\src\GUI\Highscore.java,GUI.Highscore,showUI/0,finalScoreTitle,1
C:\projects\java-master-mind-game-master\src\GUI\Highscore.java,GUI.Highscore,showUI/0,scoreText,1
C:\projects\java-master-mind-game-master\src\GUI\Highscore.java,GUI.Highscore,showUI/0,gb,2
C:\projects\java-master-mind-game-master\src\GUI\Highscore.java,GUI.Highscore,showUI/0,highScoreTitle,1
C:\projects\java-master-mind-game-master\src\GUI\Highscore.java,GUI.Highscore,showUI/0,panel,14
C:\projects\java-master-mind-game-master\src\GUI\Menu.java,GUI.Menu,actionPerformed/1[java.awt.event.ActionEvent],e,3
C:\projects\java-master-mind-game-master\src\GUI\Menu.java,GUI.Menu,showUI/0,c,5
C:\projects\java-master-mind-game-master\src\GUI\Menu.java,GUI.Menu,showUI/0,modeLabels,1
C:\projects\java-master-mind-game-master\src\GUI\Menu.java,GUI.Menu,showUI/0,guess,3
C:\projects\java-master-mind-game-master\src\GUI\Menu.java,GUI.Menu,showUI/0,mockupSection,3
C:\projects\java-master-mind-game-master\src\GUI\Menu.java,GUI.Menu,showUI/0,textSection,3
C:\projects\java-master-mind-game-master\src\GUI\Menu.java,GUI.Menu,showUI/0,i,14
C:\projects\java-master-mind-game-master\src\GUI\Menu.java,GUI.Menu,showUI/0,gb,4
C:\projects\java-master-mind-game-master\src\GUI\Menu.java,GUI.Menu,showUI/0,buttonsSection,10
C:\projects\java-master-mind-game-master\src\GUI\Menu.java,GUI.Menu,"addComponent/3[java.awt.Component,java.awt.GridBagLayout,java.awt.GridBagConstraints]",component,2
C:\projects\java-master-mind-game-master\src\GUI\Menu.java,GUI.Menu,"addComponent/3[java.awt.Component,java.awt.GridBagLayout,java.awt.GridBagConstraints]",c,1
C:\projects\java-master-mind-game-master\src\GUI\Menu.java,GUI.Menu,"addComponent/3[java.awt.Component,java.awt.GridBagLayout,java.awt.GridBagConstraints]",gb,1
C:\projects\java-master-mind-game-master\src\GUI\Multiplayer.java,GUI.Multiplayer,actionPerformed/1[java.awt.event.ActionEvent],e,6
C:\projects\java-master-mind-game-master\src\GUI\Multiplayer.java,GUI.Multiplayer,actionPerformed/1[java.awt.event.ActionEvent],theCodes,4
C:\projects\java-master-mind-game-master\src\GUI\Multiplayer.java,GUI.Multiplayer,actionPerformed/1[java.awt.event.ActionEvent],currentCode,3
C:\projects\java-master-mind-game-master\src\GUI\Multiplayer.java,GUI.Multiplayer,actionPerformed/1[java.awt.event.ActionEvent],i,13
C:\projects\java-master-mind-game-master\src\GUI\Multiplayer.java,GUI.Multiplayer,showUI/0,c,8
C:\projects\java-master-mind-game-master\src\GUI\Multiplayer.java,GUI.Multiplayer,showUI/0,diffText,1
C:\projects\java-master-mind-game-master\src\GUI\Multiplayer.java,GUI.Multiplayer,showUI/0,i,13
C:\projects\java-master-mind-game-master\src\GUI\Multiplayer.java,GUI.Multiplayer,showUI/0,gb,5
C:\projects\java-master-mind-game-master\src\GUI\Multiplayer.java,GUI.Multiplayer,showUI/0,logoSection,7
C:\projects\java-master-mind-game-master\src\GUI\Multiplayer.java,GUI.Multiplayer,showUI/0,buttonsSection,7
C:\projects\java-master-mind-game-master\src\GUI\Multiplayer.java,GUI.Multiplayer,resetCodes/0,i,4
C:\projects\java-master-mind-game-master\src\GUI\Multiplayer.java,GUI.Multiplayer,"addComponent/3[java.awt.Component,java.awt.GridBagLayout,java.awt.GridBagConstraints]",component,2
C:\projects\java-master-mind-game-master\src\GUI\Multiplayer.java,GUI.Multiplayer,"addComponent/3[java.awt.Component,java.awt.GridBagLayout,java.awt.GridBagConstraints]",c,1
C:\projects\java-master-mind-game-master\src\GUI\Multiplayer.java,GUI.Multiplayer,"addComponent/3[java.awt.Component,java.awt.GridBagLayout,java.awt.GridBagConstraints]",gb,1
C:\projects\java-master-mind-game-master\src\GUI\Singleplayer.java,GUI.Singleplayer,"addComponent/3[java.awt.Component,java.awt.GridBagLayout,java.awt.GridBagConstraints]",component,2
C:\projects\java-master-mind-game-master\src\GUI\Singleplayer.java,GUI.Singleplayer,"addComponent/3[java.awt.Component,java.awt.GridBagLayout,java.awt.GridBagConstraints]",c,1
C:\projects\java-master-mind-game-master\src\GUI\Singleplayer.java,GUI.Singleplayer,"addComponent/3[java.awt.Component,java.awt.GridBagLayout,java.awt.GridBagConstraints]",gb,1
C:\projects\java-master-mind-game-master\src\GUI\Singleplayer.java,GUI.Singleplayer,showUI/0,c,4
C:\projects\java-master-mind-game-master\src\GUI\Singleplayer.java,GUI.Singleplayer,showUI/0,diffText,1
C:\projects\java-master-mind-game-master\src\GUI\Singleplayer.java,GUI.Singleplayer,showUI/0,i,7
C:\projects\java-master-mind-game-master\src\GUI\Singleplayer.java,GUI.Singleplayer,showUI/0,gb,3
C:\projects\java-master-mind-game-master\src\GUI\Singleplayer.java,GUI.Singleplayer,showUI/0,logoSection,6
C:\projects\java-master-mind-game-master\src\GUI\Singleplayer.java,GUI.Singleplayer,showUI/0,buttonsSection,8
C:\projects\java-master-mind-game-master\src\GUI\Singleplayer.java,GUI.Singleplayer,actionPerformed/1[java.awt.event.ActionEvent],e,4
C:\projects\java-master-mind-game-master\src\Game\ComputerTester.java,Game.ComputerTester,TestPattern/0,i,14
C:\projects\java-master-mind-game-master\src\Game\ComputerTester.java,Game.ComputerTester,"ComputerTester/3[int[],int[],int[]]",answer,2
C:\projects\java-master-mind-game-master\src\Game\ComputerTester.java,Game.ComputerTester,"ComputerTester/3[int[],int[],int[]]",pattern1,1
C:\projects\java-master-mind-game-master\src\Game\ComputerTester.java,Game.ComputerTester,"ComputerTester/3[int[],int[],int[]]",pattern2,1
C:\projects\java-master-mind-game-master\src\GUI\Custom\Labels.java,GUI.Custom.Labels,paintComponent/1[java.awt.Graphics],g,1
C:\projects\java-master-mind-game-master\src\GUI\Custom\Labels.java,GUI.Custom.Labels,paintComponent/1[java.awt.Graphics],fm,1
C:\projects\java-master-mind-game-master\src\GUI\Custom\Labels.java,GUI.Custom.Labels,paintComponent/1[java.awt.Graphics],g2d,3
C:\projects\java-master-mind-game-master\src\GUI\Custom\Labels.java,GUI.Custom.Labels,"Labels/3[java.lang.String,java.awt.Font,java.awt.Color]",s,1
C:\projects\java-master-mind-game-master\src\GUI\Custom\Labels.java,GUI.Custom.Labels,"Labels/3[java.lang.String,java.awt.Font,java.awt.Color]",c,1
C:\projects\java-master-mind-game-master\src\GUI\Custom\Labels.java,GUI.Custom.Labels,"Labels/3[java.lang.String,java.awt.Font,java.awt.Color]",f,1
C:\projects\java-master-mind-game-master\src\GUI\Custom\NavButton.java,GUI.Custom.NavButton,"NavButton/2[java.lang.String,java.awt.Dimension]",s,1
C:\projects\java-master-mind-game-master\src\GUI\Custom\NavButton.java,GUI.Custom.NavButton,"NavButton/2[java.lang.String,java.awt.Dimension]",d,1
C:\projects\java-master-mind-game-master\src\GUI\Custom\NavButton.java,GUI.Custom.NavButton,setButtonColour/1[java.awt.Color],originalColour,3
C:\projects\java-master-mind-game-master\src\GUI\Custom\NavButton.java,GUI.Custom.NavButton,setFontColour/1[java.awt.Color],c,1
C:\projects\java-master-mind-game-master\src\GUI\Custom\NavButton.java,GUI.Custom.NavButton,mouseExited/1[java.awt.event.MouseEvent],event,0
C:\projects\java-master-mind-game-master\src\GUI\Custom\NavButton.java,GUI.Custom.NavButton,mouseClicked/1[java.awt.event.MouseEvent],event,0
C:\projects\java-master-mind-game-master\src\GUI\Custom\NavButton.java,GUI.Custom.NavButton,mouseReleased/1[java.awt.event.MouseEvent],event,0
C:\projects\java-master-mind-game-master\src\GUI\Custom\NavButton.java,GUI.Custom.NavButton,mousePressed/1[java.awt.event.MouseEvent],event,0
C:\projects\java-master-mind-game-master\src\GUI\Custom\NavButton.java,GUI.Custom.NavButton,paintComponent/1[java.awt.Graphics],arc,2
C:\projects\java-master-mind-game-master\src\GUI\Custom\NavButton.java,GUI.Custom.NavButton,paintComponent/1[java.awt.Graphics],f,1
C:\projects\java-master-mind-game-master\src\GUI\Custom\NavButton.java,GUI.Custom.NavButton,paintComponent/1[java.awt.Graphics],g,4
C:\projects\java-master-mind-game-master\src\GUI\Custom\NavButton.java,GUI.Custom.NavButton,paintComponent/1[java.awt.Graphics],fm,1
C:\projects\java-master-mind-game-master\src\GUI\Custom\NavButton.java,GUI.Custom.NavButton,paintComponent/1[java.awt.Graphics],g2d,5
C:\projects\java-master-mind-game-master\src\GUI\Custom\NavButton.java,GUI.Custom.NavButton,paintComponent/1[java.awt.Graphics],label,2
C:\projects\java-master-mind-game-master\src\GUI\Custom\NavButton.java,GUI.Custom.NavButton,NavButton/1[java.lang.String],s,1
C:\projects\java-master-mind-game-master\src\GUI\Custom\NavButton.java,GUI.Custom.NavButton,mouseEntered/1[java.awt.event.MouseEvent],event,0
C:\projects\java-master-mind-game-master\src\Game\Player.java,Game.Player,setCurrentPoint/1[int[]],currentPoint,2
C:\projects\java-master-mind-game-master\src\GUI\Play.java,GUI.Play,showUI/0,buttonSection,2
C:\projects\java-master-mind-game-master\src\GUI\Play.java,GUI.Play,showUI/0,innerButtonSection,6
C:\projects\java-master-mind-game-master\src\GUI\Play.java,GUI.Play,showUI/0,titleText,1
C:\projects\java-master-mind-game-master\src\GUI\Play.java,GUI.Play,showUI/0,i,4
C:\projects\java-master-mind-game-master\src\GUI\Play.java,GUI.Play,showUI/0,index,2
C:\projects\java-master-mind-game-master\src\GUI\Play.java,GUI.Play,actionPerformed/1[java.awt.event.ActionEvent],e,2
C:\projects\java-master-mind-game-master\src\GUI\Play.java,GUI.Play,actionPerformed/1[java.awt.event.ActionEvent],currentRow,1
C:\projects\java-master-mind-game-master\src\GUI\Play.java,GUI.Play,actionPerformed/1[java.awt.event.ActionEvent],hasInput,1
C:\projects\java-master-mind-game-master\src\GUI\Play.java,GUI.Play,isCorrect/0,result,2
C:\projects\java-master-mind-game-master\src\GUI\Play.java,GUI.Play,isCorrect/0,c,5
C:\projects\java-master-mind-game-master\src\GUI\Play.java,GUI.Play,isCorrect/0,currentRow,2
C:\projects\java-master-mind-game-master\src\GUI\Play.java,GUI.Play,isCorrect/0,feedbacks,4
C:\projects\java-master-mind-game-master\src\GUI\Play.java,GUI.Play,isCorrect/0,j,8
C:\projects\java-master-mind-game-master\src\GUI\Play.java,GUI.Play,showCorrectAnswer/0,correctAnswerSection,3
C:\projects\java-master-mind-game-master\src\GUI\Play.java,GUI.Play,showCorrectAnswer/0,c,3
C:\projects\java-master-mind-game-master\src\GUI\Play.java,GUI.Play,showCorrectAnswer/0,answers,3
C:\projects\java-master-mind-game-master\src\GUI\Play.java,GUI.Play,showCorrectAnswer/0,i,6
C:\projects\java-master-mind-game-master\src\GUI\Play.java,GUI.Play,showCorrectAnswer/0,correctAnswer,3
C:\projects\java-master-mind-game-master\src\GUI\Assets\Fonts.java,GUI.Assets.Fonts,"OpenSans/3[java.lang.String,int,double]",spacing,1
C:\projects\java-master-mind-game-master\src\GUI\Assets\Fonts.java,GUI.Assets.Fonts,"OpenSans/3[java.lang.String,int,double]",size,1
C:\projects\java-master-mind-game-master\src\GUI\Assets\Fonts.java,GUI.Assets.Fonts,"OpenSans/3[java.lang.String,int,double]",style,1
C:\projects\java-master-mind-game-master\src\GUI\Assets\Fonts.java,GUI.Assets.Fonts,"makeFont/4[java.lang.String,java.lang.String,int,double]",fontName,1
C:\projects\java-master-mind-game-master\src\GUI\Assets\Fonts.java,GUI.Assets.Fonts,"makeFont/4[java.lang.String,java.lang.String,int,double]",ex,1
C:\projects\java-master-mind-game-master\src\GUI\Assets\Fonts.java,GUI.Assets.Fonts,"makeFont/4[java.lang.String,java.lang.String,int,double]",size,1
C:\projects\java-master-mind-game-master\src\GUI\Assets\Fonts.java,GUI.Assets.Fonts,"makeFont/4[java.lang.String,java.lang.String,int,double]",ffe,1
C:\projects\java-master-mind-game-master\src\GUI\Assets\Fonts.java,GUI.Assets.Fonts,"makeFont/4[java.lang.String,java.lang.String,int,double]",letterSpacing,1
C:\projects\java-master-mind-game-master\src\GUI\Assets\Fonts.java,GUI.Assets.Fonts,"makeFont/4[java.lang.String,java.lang.String,int,double]",style,1
C:\projects\java-master-mind-game-master\src\GUI\Assets\Fonts.java,GUI.Assets.Fonts,"makeFont/4[java.lang.String,java.lang.String,int,double]",attributes,2
C:\projects\java-master-mind-game-master\src\GUI\Assets\Fonts.java,GUI.Assets.Fonts,"makeFont/4[java.lang.String,java.lang.String,int,double]",font,7
C:\projects\java-master-mind-game-master\src\GUI\Assets\Fonts.java,GUI.Assets.Fonts,"OpenSans/2[java.lang.String,int]",size,1
C:\projects\java-master-mind-game-master\src\GUI\Assets\Fonts.java,GUI.Assets.Fonts,"OpenSans/2[java.lang.String,int]",style,1
C:\projects\java-master-mind-game-master\src\Game\Computer.java,Game.Computer,generatePattern/1[int],difficulty,1
C:\projects\java-master-mind-game-master\src\Game\Computer.java,Game.Computer,generatePattern/1[int],pattern,2
C:\projects\java-master-mind-game-master\src\Game\Computer.java,Game.Computer,generatePattern/1[int],i,3
C:\projects\java-master-mind-game-master\src\GUI\SingleGuessingRow.java,GUI.SingleGuessingRow,updateFeedback/1[java.lang.String],feedbacks,2
C:\projects\java-master-mind-game-master\src\GUI\SingleGuessingRow.java,GUI.SingleGuessingRow,updateFeedback/1[java.lang.String],i,5
C:\projects\java-master-mind-game-master\src\GUI\SingleGuessingRow.java,GUI.SingleGuessingRow,"SingleGuessingRow/2[int,int]",difficulty,1
C:\projects\java-master-mind-game-master\src\GUI\SingleGuessingRow.java,GUI.SingleGuessingRow,"SingleGuessingRow/2[int,int]",b,3
C:\projects\java-master-mind-game-master\src\GUI\SingleGuessingRow.java,GUI.SingleGuessingRow,"SingleGuessingRow/2[int,int]",c,8
C:\projects\java-master-mind-game-master\src\GUI\SingleGuessingRow.java,GUI.SingleGuessingRow,"SingleGuessingRow/2[int,int]",filler,2
C:\projects\java-master-mind-game-master\src\GUI\SingleGuessingRow.java,GUI.SingleGuessingRow,"SingleGuessingRow/2[int,int]",i,11
C:\projects\java-master-mind-game-master\src\GUI\SingleGuessingRow.java,GUI.SingleGuessingRow,"SingleGuessingRow/2[int,int]",gb,6
C:\projects\java-master-mind-game-master\src\GUI\SingleGuessingRow.java,GUI.SingleGuessingRow,"SingleGuessingRow/2[int,int]",trial,8
C:\projects\java-master-mind-game-master\src\GUI\SingleGuessingRow.java,GUI.SingleGuessingRow,"addComponent/3[java.awt.Component,java.awt.GridBagLayout,java.awt.GridBagConstraints]",component,2
C:\projects\java-master-mind-game-master\src\GUI\SingleGuessingRow.java,GUI.SingleGuessingRow,"addComponent/3[java.awt.Component,java.awt.GridBagLayout,java.awt.GridBagConstraints]",c,1
C:\projects\java-master-mind-game-master\src\GUI\SingleGuessingRow.java,GUI.SingleGuessingRow,"addComponent/3[java.awt.Component,java.awt.GridBagLayout,java.awt.GridBagConstraints]",gb,1
C:\projects\java-master-mind-game-master\src\GUI\SingleGuessingRow.java,GUI.SingleGuessingRow,actionPerformed/1[java.awt.event.ActionEvent],e,2
C:\projects\java-master-mind-game-master\src\GUI\SingleGuessingRow.java,GUI.SingleGuessingRow,actionPerformed/1[java.awt.event.ActionEvent],i,10
C:\projects\java-master-mind-game-master\src\GUI\SingleGuessingRow.java,GUI.SingleGuessingRow,actionPerformed/1[java.awt.event.ActionEvent],currentColour,4
C:\projects\java-master-mind-game-master\src\GUI\SingleGuessingRow.java,GUI.SingleGuessingRow,toggleRow/0,i,3
C:\projects\java-master-mind-game-master\src\GUI\Custom\NumberingLabel.java,GUI.Custom.NumberingLabel,paintComponent/1[java.awt.Graphics],g,2
C:\projects\java-master-mind-game-master\src\GUI\Custom\NumberingLabel.java,GUI.Custom.NumberingLabel,paintComponent/1[java.awt.Graphics],g2d,1
C:\projects\java-master-mind-game-master\src\GUI\Custom\NumberingLabel.java,GUI.Custom.NumberingLabel,NumberingLabel/1[java.lang.String],s,1
C:\projects\java-master-mind-game-master\src\GUI\Main.java,GUI.Main,main/1[java.lang.String[]],args,0
C:\projects\java-master-mind-game-master\src\GUI\Instructions.java,GUI.Instructions,"addComponent/3[java.awt.Component,java.awt.GridBagLayout,java.awt.GridBagConstraints]",component,2
C:\projects\java-master-mind-game-master\src\GUI\Instructions.java,GUI.Instructions,"addComponent/3[java.awt.Component,java.awt.GridBagLayout,java.awt.GridBagConstraints]",c,1
C:\projects\java-master-mind-game-master\src\GUI\Instructions.java,GUI.Instructions,"addComponent/3[java.awt.Component,java.awt.GridBagLayout,java.awt.GridBagConstraints]",gb,1
C:\projects\java-master-mind-game-master\src\GUI\Instructions.java,GUI.Instructions,actionPerformed/1[java.awt.event.ActionEvent],e,1
C:\projects\java-master-mind-game-master\src\GUI\Instructions.java,GUI.Instructions,showUI/0,feedbackButtonSection,4
C:\projects\java-master-mind-game-master\src\GUI\Instructions.java,GUI.Instructions,showUI/0,c,12
C:\projects\java-master-mind-game-master\src\GUI\Instructions.java,GUI.Instructions,showUI/0,textSection,3
C:\projects\java-master-mind-game-master\src\GUI\Instructions.java,GUI.Instructions,showUI/0,jtaPanel,3
C:\projects\java-master-mind-game-master\src\GUI\Instructions.java,GUI.Instructions,showUI/0,i,13
C:\projects\java-master-mind-game-master\src\GUI\Instructions.java,GUI.Instructions,showUI/0,ta,8
C:\projects\java-master-mind-game-master\src\GUI\Instructions.java,GUI.Instructions,showUI/0,feedback,4
C:\projects\java-master-mind-game-master\src\GUI\Instructions.java,GUI.Instructions,showUI/0,guessButtonSection,3
C:\projects\java-master-mind-game-master\src\GUI\Instructions.java,GUI.Instructions,showUI/0,guess,3
C:\projects\java-master-mind-game-master\src\GUI\Instructions.java,GUI.Instructions,showUI/0,jta,8
C:\projects\java-master-mind-game-master\src\GUI\Instructions.java,GUI.Instructions,showUI/0,titleText,1
C:\projects\java-master-mind-game-master\src\GUI\Instructions.java,GUI.Instructions,showUI/0,taPanel,3
C:\projects\java-master-mind-game-master\src\GUI\Instructions.java,GUI.Instructions,showUI/0,gb,12
C:\projects\java-master-mind-game-master\src\Game\CodebreakerTester.java,Game.CodebreakerTester,"CodebreakerTester/2[int[],double]",score,2
C:\projects\java-master-mind-game-master\src\Game\CodebreakerTester.java,Game.CodebreakerTester,"CodebreakerTester/2[int[],double]",point,1
C:\projects\java-master-mind-game-master\src\Game\Codebreaker.java,Game.Codebreaker,setCurrentGuess/1[int[]],currentGuess,2
C:\projects\java-master-mind-game-master\src\Game\Codebreaker.java,Game.Codebreaker,setDifficulty/1[int],difficulty,2
C:\projects\java-master-mind-game-master\src\Game\Codebreaker.java,Game.Codebreaker,setCurrentPoint/1[int[]],currentPoint,2
C:\projects\java-master-mind-game-master\src\Game\CodemakerTester.java,Game.CodemakerTester,"CodemakerTester/2[int[],double]",score,2
C:\projects\java-master-mind-game-master\src\Game\CodemakerTester.java,Game.CodemakerTester,"CodemakerTester/2[int[],double]",point,1
C:\projects\java-master-mind-game-master\src\Interface.java,Interface,main/1[java.lang.String[]],args,0
C:\projects\java-master-mind-game-master\src\Interface.java,Interface,main/1[java.lang.String[]],m,1
C:\projects\java-master-mind-game-master\src\GUI\Custom\FeedbackLabel.java,GUI.Custom.FeedbackLabel,paintComponent/1[java.awt.Graphics],g,4
C:\projects\java-master-mind-game-master\src\GUI\Custom\FeedbackLabel.java,GUI.Custom.FeedbackLabel,paintComponent/1[java.awt.Graphics],g2d,1
C:\projects\java-master-mind-game-master\src\GUI\Custom\FeedbackLabel.java,GUI.Custom.FeedbackLabel,FeedbackLabel/1[java.lang.String],s,1
C:\projects\java-master-mind-game-master\src\GUI\Custom\FeedbackLabel.java,GUI.Custom.FeedbackLabel,setFeedbackColour/1[java.awt.Color],colour,2
C:\projects\java-master-mind-game-master\src\GUI\Custom\GuessButton.java,GUI.Custom.GuessButton,paintComponent/1[java.awt.Graphics],rh,3
C:\projects\java-master-mind-game-master\src\GUI\Custom\GuessButton.java,GUI.Custom.GuessButton,paintComponent/1[java.awt.Graphics],g,2
C:\projects\java-master-mind-game-master\src\GUI\Custom\GuessButton.java,GUI.Custom.GuessButton,paintComponent/1[java.awt.Graphics],g2d,9
C:\projects\java-master-mind-game-master\src\GUI\Custom\GuessButton.java,GUI.Custom.GuessButton,GuessButton/1[java.lang.String],s,1
C:\projects\java-master-mind-game-master\src\GUI\Custom\GuessButton.java,GUI.Custom.GuessButton,changeColourTo/1[java.awt.Color],guessedColour,2
