file,class,type,cbo,cboModified,fanin,fanout,wmc,dit,noc,rfc,lcom,lcom*,tcc,lcc,totalMethodsQty,staticMethodsQty,publicMethodsQty,privateMethodsQty,protectedMethodsQty,defaultMethodsQty,visibleMethodsQty,abstractMethodsQty,finalMethodsQty,synchronizedMethodsQty,totalFieldsQty,staticFieldsQty,publicFieldsQty,privateFieldsQty,protectedFieldsQty,defaultFieldsQty,finalFieldsQty,synchronizedFieldsQty,nosi,loc,returnQty,loopQty,comparisonsQty,tryCatchQty,parenthesizedExpsQty,stringLiteralsQty,numbersQty,assignmentsQty,mathOperationsQty,variablesQty,maxNestedBlocksQty,anonymousClassesQty,innerClassesQty,lambdasQty,uniqueWordsQty,modifiers,logStatementsQty
C:\projects\Road-Crossing-game-using-java-applet-master\src\Applet\Player.java,Applet.Player,class,1,4,3,1,18,1,0,6,10,0.73015875,0.3611111,0.7777778,9,0,9,0,0,0,9,0,0,0,7,0,0,7,0,0,0,0,0,84,2,0,1,0,0,2,18,19,0,7,1,0,0,0,32,1,0
C:\projects\Road-Crossing-game-using-java-applet-master\src\Applet\MainClass.java,Applet.MainClass,class,4,8,4,4,10,5,0,17,9,0.6493507,0.2857143,0.47619048,7,0,7,0,0,0,7,0,0,0,11,0,0,0,0,11,0,0,1,70,0,1,1,1,0,3,30,14,0,12,2,0,0,0,47,1,0
C:\projects\Road-Crossing-game-using-java-applet-master\src\Applet\Car.java,Applet.Car,class,3,5,2,3,9,1,0,8,0,0.4,1.0,1.0,4,0,3,1,0,0,3,0,0,0,5,0,0,5,0,0,0,0,0,32,0,0,1,0,2,2,8,9,4,7,1,0,0,0,23,1,0
C:\projects\Road-Crossing-game-using-java-applet-master\src\Applet\Carl.java,Applet.Carl,class,3,5,2,3,11,1,0,8,0,0.4,1.0,1.0,4,0,3,1,0,0,3,0,0,0,5,0,0,5,0,0,0,0,0,34,0,0,3,0,3,2,10,9,4,7,2,0,0,0,23,1,0
