file,class,method,variable,usage
C:\projects\Road-Crossing-game-using-java-applet-master\src\Applet\Player.java,Applet.Player,keyPressed/1[java.awt.event.KeyEvent],velY,2
C:\projects\Road-Crossing-game-using-java-applet-master\src\Applet\Player.java,Applet.Player,keyPressed/1[java.awt.event.KeyEvent],velX,2
C:\projects\Road-Crossing-game-using-java-applet-master\src\Applet\Player.java,Applet.Player,getY/0,y,1
C:\projects\Road-Crossing-game-using-java-applet-master\src\Applet\Player.java,Applet.Player,"paint/2[java.awt.Graphics,Applet.MainClass]",x,1
C:\projects\Road-Crossing-game-using-java-applet-master\src\Applet\Player.java,Applet.Player,"paint/2[java.awt.Graphics,Applet.MainClass]",y,1
C:\projects\Road-Crossing-game-using-java-applet-master\src\Applet\Player.java,Applet.Player,"paint/2[java.awt.Graphics,Applet.MainClass]",player,1
C:\projects\Road-Crossing-game-using-java-applet-master\src\Applet\Player.java,Applet.Player,getX/0,x,1
C:\projects\Road-Crossing-game-using-java-applet-master\src\Applet\Player.java,Applet.Player,update/1[Applet.MainClass],x,1
C:\projects\Road-Crossing-game-using-java-applet-master\src\Applet\Player.java,Applet.Player,update/1[Applet.MainClass],y,2
C:\projects\Road-Crossing-game-using-java-applet-master\src\Applet\Player.java,Applet.Player,update/1[Applet.MainClass],velY,1
C:\projects\Road-Crossing-game-using-java-applet-master\src\Applet\Player.java,Applet.Player,update/1[Applet.MainClass],velX,1
C:\projects\Road-Crossing-game-using-java-applet-master\src\Applet\Player.java,Applet.Player,restart/0,x,1
C:\projects\Road-Crossing-game-using-java-applet-master\src\Applet\Player.java,Applet.Player,restart/0,y,1
C:\projects\Road-Crossing-game-using-java-applet-master\src\Applet\Player.java,Applet.Player,keyReleased/1[java.awt.event.KeyEvent],velY,2
C:\projects\Road-Crossing-game-using-java-applet-master\src\Applet\Player.java,Applet.Player,keyReleased/1[java.awt.event.KeyEvent],velX,2
C:\projects\Road-Crossing-game-using-java-applet-master\src\Applet\Player.java,Applet.Player,Player/1[Applet.MainClass],url,2
C:\projects\Road-Crossing-game-using-java-applet-master\src\Applet\Player.java,Applet.Player,Player/1[Applet.MainClass],player,1
C:\projects\Road-Crossing-game-using-java-applet-master\src\Applet\MainClass.java,Applet.MainClass,update/1[java.awt.Graphics],dbg,2
C:\projects\Road-Crossing-game-using-java-applet-master\src\Applet\MainClass.java,Applet.MainClass,update/1[java.awt.Graphics],dbImage,3
C:\projects\Road-Crossing-game-using-java-applet-master\src\Applet\MainClass.java,Applet.MainClass,paint/1[java.awt.Graphics],p,2
C:\projects\Road-Crossing-game-using-java-applet-master\src\Applet\MainClass.java,Applet.MainClass,paint/1[java.awt.Graphics],cr2,1
C:\projects\Road-Crossing-game-using-java-applet-master\src\Applet\MainClass.java,Applet.MainClass,paint/1[java.awt.Graphics],cr1,1
C:\projects\Road-Crossing-game-using-java-applet-master\src\Applet\MainClass.java,Applet.MainClass,paint/1[java.awt.Graphics],cr3,1
C:\projects\Road-Crossing-game-using-java-applet-master\src\Applet\MainClass.java,Applet.MainClass,paint/1[java.awt.Graphics],cl2,1
C:\projects\Road-Crossing-game-using-java-applet-master\src\Applet\MainClass.java,Applet.MainClass,paint/1[java.awt.Graphics],cl1,1
C:\projects\Road-Crossing-game-using-java-applet-master\src\Applet\MainClass.java,Applet.MainClass,paint/1[java.awt.Graphics],cl3,1
C:\projects\Road-Crossing-game-using-java-applet-master\src\Applet\MainClass.java,Applet.MainClass,stop/0,running,1
C:\projects\Road-Crossing-game-using-java-applet-master\src\Applet\MainClass.java,Applet.MainClass,init/0,p,1
C:\projects\Road-Crossing-game-using-java-applet-master\src\Applet\MainClass.java,Applet.MainClass,init/0,cr2,1
C:\projects\Road-Crossing-game-using-java-applet-master\src\Applet\MainClass.java,Applet.MainClass,init/0,cr1,1
C:\projects\Road-Crossing-game-using-java-applet-master\src\Applet\MainClass.java,Applet.MainClass,init/0,cr3,1
C:\projects\Road-Crossing-game-using-java-applet-master\src\Applet\MainClass.java,Applet.MainClass,init/0,cl2,1
C:\projects\Road-Crossing-game-using-java-applet-master\src\Applet\MainClass.java,Applet.MainClass,init/0,cl1,1
C:\projects\Road-Crossing-game-using-java-applet-master\src\Applet\MainClass.java,Applet.MainClass,init/0,cl3,1
C:\projects\Road-Crossing-game-using-java-applet-master\src\Applet\MainClass.java,Applet.MainClass,destroy/0,running,1
C:\projects\Road-Crossing-game-using-java-applet-master\src\Applet\MainClass.java,Applet.MainClass,run/0,running,1
C:\projects\Road-Crossing-game-using-java-applet-master\src\Applet\MainClass.java,Applet.MainClass,run/0,p,7
C:\projects\Road-Crossing-game-using-java-applet-master\src\Applet\MainClass.java,Applet.MainClass,run/0,cr2,1
C:\projects\Road-Crossing-game-using-java-applet-master\src\Applet\MainClass.java,Applet.MainClass,run/0,cr1,1
C:\projects\Road-Crossing-game-using-java-applet-master\src\Applet\MainClass.java,Applet.MainClass,run/0,cr3,1
C:\projects\Road-Crossing-game-using-java-applet-master\src\Applet\MainClass.java,Applet.MainClass,run/0,cl2,1
C:\projects\Road-Crossing-game-using-java-applet-master\src\Applet\MainClass.java,Applet.MainClass,run/0,cl1,1
C:\projects\Road-Crossing-game-using-java-applet-master\src\Applet\MainClass.java,Applet.MainClass,run/0,cl3,1
C:\projects\Road-Crossing-game-using-java-applet-master\src\Applet\MainClass.java,Applet.MainClass,start/0,thread,1
C:\projects\Road-Crossing-game-using-java-applet-master\src\Applet\Car.java,Applet.Car,collision/1[Applet.Player],x,2
C:\projects\Road-Crossing-game-using-java-applet-master\src\Applet\Car.java,Applet.Car,collision/1[Applet.Player],y,2
C:\projects\Road-Crossing-game-using-java-applet-master\src\Applet\Car.java,Applet.Car,"Car/4[Applet.MainClass,int,int,int]",car,1
C:\projects\Road-Crossing-game-using-java-applet-master\src\Applet\Car.java,Applet.Car,"Car/4[Applet.MainClass,int,int,int]",x,3
C:\projects\Road-Crossing-game-using-java-applet-master\src\Applet\Car.java,Applet.Car,"Car/4[Applet.MainClass,int,int,int]",y,3
C:\projects\Road-Crossing-game-using-java-applet-master\src\Applet\Car.java,Applet.Car,"Car/4[Applet.MainClass,int,int,int]",speed,3
C:\projects\Road-Crossing-game-using-java-applet-master\src\Applet\Car.java,Applet.Car,"Car/4[Applet.MainClass,int,int,int]",url,2
C:\projects\Road-Crossing-game-using-java-applet-master\src\Applet\Car.java,Applet.Car,"paint/2[java.awt.Graphics,Applet.MainClass]",car,1
C:\projects\Road-Crossing-game-using-java-applet-master\src\Applet\Car.java,Applet.Car,"paint/2[java.awt.Graphics,Applet.MainClass]",x,1
C:\projects\Road-Crossing-game-using-java-applet-master\src\Applet\Car.java,Applet.Car,"paint/2[java.awt.Graphics,Applet.MainClass]",y,1
C:\projects\Road-Crossing-game-using-java-applet-master\src\Applet\Car.java,Applet.Car,"update/2[Applet.MainClass,Applet.Player]",x,3
C:\projects\Road-Crossing-game-using-java-applet-master\src\Applet\Car.java,Applet.Car,"update/2[Applet.MainClass,Applet.Player]",speed,1
C:\projects\Road-Crossing-game-using-java-applet-master\src\Applet\Carl.java,Applet.Carl,collision/1[Applet.Player],x,2
C:\projects\Road-Crossing-game-using-java-applet-master\src\Applet\Carl.java,Applet.Carl,collision/1[Applet.Player],y,2
C:\projects\Road-Crossing-game-using-java-applet-master\src\Applet\Carl.java,Applet.Carl,"paint/2[java.awt.Graphics,Applet.MainClass]",car,1
C:\projects\Road-Crossing-game-using-java-applet-master\src\Applet\Carl.java,Applet.Carl,"paint/2[java.awt.Graphics,Applet.MainClass]",x,1
C:\projects\Road-Crossing-game-using-java-applet-master\src\Applet\Carl.java,Applet.Carl,"paint/2[java.awt.Graphics,Applet.MainClass]",y,1
C:\projects\Road-Crossing-game-using-java-applet-master\src\Applet\Carl.java,Applet.Carl,"Carl/4[Applet.MainClass,int,int,int]",car,1
C:\projects\Road-Crossing-game-using-java-applet-master\src\Applet\Carl.java,Applet.Carl,"Carl/4[Applet.MainClass,int,int,int]",x,3
C:\projects\Road-Crossing-game-using-java-applet-master\src\Applet\Carl.java,Applet.Carl,"Carl/4[Applet.MainClass,int,int,int]",y,3
C:\projects\Road-Crossing-game-using-java-applet-master\src\Applet\Carl.java,Applet.Carl,"Carl/4[Applet.MainClass,int,int,int]",speed,3
C:\projects\Road-Crossing-game-using-java-applet-master\src\Applet\Carl.java,Applet.Carl,"Carl/4[Applet.MainClass,int,int,int]",url,2
C:\projects\Road-Crossing-game-using-java-applet-master\src\Applet\Carl.java,Applet.Carl,"update/2[Applet.MainClass,Applet.Player]",x,3
C:\projects\Road-Crossing-game-using-java-applet-master\src\Applet\Carl.java,Applet.Carl,"update/2[Applet.MainClass,Applet.Player]",speed,1
