file,class,method,constructor,line,cbo,cboModified,fanin,fanout,wmc,rfc,loc,returnsQty,variablesQty,parametersQty,methodsInvokedQty,methodsInvokedLocalQty,methodsInvokedIndirectLocalQty,loopQty,comparisonsQty,tryCatchQty,parenthesizedExpsQty,stringLiteralsQty,numbersQty,assignmentsQty,mathOperationsQty,maxNestedBlocksQty,anonymousClassesQty,innerClassesQty,lambdasQty,uniqueWordsQty,modifiers,logStatementsQty,hasJavaDoc
C:\projects\Road-Crossing-game-using-java-applet-master\src\Applet\Player.java,Applet.Player,keyPressed/1[java.awt.event.KeyEvent],false,47,0,0,0,0,5,1,24,0,0,1,1,0,0,0,0,0,0,0,4,4,0,1,0,0,0,8,1,0,false
C:\projects\Road-Crossing-game-using-java-applet-master\src\Applet\Player.java,Applet.Player,getY/0,false,100,0,3,3,0,1,0,3,1,0,0,0,0,0,0,0,0,0,0,0,0,0,0,0,0,0,3,1,0,false
C:\projects\Road-Crossing-game-using-java-applet-master\src\Applet\Player.java,Applet.Player,"paint/2[java.awt.Graphics,Applet.MainClass]",false,39,1,1,1,0,1,1,3,0,0,2,1,0,0,0,0,0,0,0,2,0,0,0,0,0,0,3,1,0,false
C:\projects\Road-Crossing-game-using-java-applet-master\src\Applet\Player.java,Applet.Player,getX/0,false,96,0,2,2,0,1,0,3,1,0,0,0,0,0,0,0,0,0,0,0,0,0,0,0,0,0,3,1,0,false
C:\projects\Road-Crossing-game-using-java-applet-master\src\Applet\Player.java,Applet.Player,update/1[Applet.MainClass],false,29,1,1,1,0,2,2,8,0,0,1,2,0,0,0,1,0,0,1,1,2,0,1,0,0,0,10,1,0,false
C:\projects\Road-Crossing-game-using-java-applet-master\src\Applet\Player.java,Applet.Player,restart/0,false,104,0,2,2,0,1,0,4,0,0,0,0,0,0,0,0,0,0,0,2,2,0,0,0,0,0,3,1,0,false
C:\projects\Road-Crossing-game-using-java-applet-master\src\Applet\Player.java,Applet.Player,keyReleased/1[java.awt.event.KeyEvent],false,70,0,0,0,0,5,1,24,0,0,1,1,0,0,0,0,0,0,0,4,4,0,1,0,0,0,8,1,0,false
C:\projects\Road-Crossing-game-using-java-applet-master\src\Applet\Player.java,Applet.Player,keyTyped/1[java.awt.event.KeyEvent],false,92,0,0,0,0,1,0,2,0,0,1,0,0,0,0,0,0,0,0,0,0,0,0,0,0,0,5,1,0,false
C:\projects\Road-Crossing-game-using-java-applet-master\src\Applet\Player.java,Applet.Player,Player/1[Applet.MainClass],true,25,1,1,1,0,1,2,4,0,0,1,2,0,0,0,0,0,0,1,0,2,0,0,0,0,0,6,1,0,false
C:\projects\Road-Crossing-game-using-java-applet-master\src\Applet\MainClass.java,Applet.MainClass,update/1[java.awt.Graphics],false,68,1,1,0,1,1,4,6,0,0,1,4,1,1,0,0,0,0,0,4,2,0,0,0,0,0,8,1,0,false
C:\projects\Road-Crossing-game-using-java-applet-master\src\Applet\MainClass.java,Applet.MainClass,paint/1[java.awt.Graphics],false,75,3,5,1,4,2,5,14,0,1,1,5,0,0,0,1,0,0,2,5,1,0,1,0,0,0,10,1,0,false
C:\projects\Road-Crossing-game-using-java-applet-master\src\Applet\MainClass.java,Applet.MainClass,stop/0,false,45,0,0,0,0,1,0,3,0,0,0,0,0,0,0,0,0,0,0,0,1,0,0,0,0,0,3,1,0,false
C:\projects\Road-Crossing-game-using-java-applet-master\src\Applet\MainClass.java,Applet.MainClass,init/0,false,25,3,3,0,3,1,1,10,0,0,0,1,0,0,0,0,0,0,0,20,7,0,0,0,0,0,13,1,0,false
C:\projects\Road-Crossing-game-using-java-applet-master\src\Applet\MainClass.java,Applet.MainClass,destroy/0,false,41,0,0,0,0,1,0,3,0,0,0,0,0,0,0,0,0,0,0,0,1,0,0,0,0,0,3,1,0,false
C:\projects\Road-Crossing-game-using-java-applet-master\src\Applet\MainClass.java,Applet.MainClass,run/0,false,49,3,3,0,3,3,6,18,0,0,0,6,0,0,1,0,1,0,1,1,0,0,2,0,0,0,7,1,0,false
C:\projects\Road-Crossing-game-using-java-applet-master\src\Applet\MainClass.java,Applet.MainClass,start/0,false,37,0,0,0,0,1,1,3,0,0,0,1,0,0,0,0,0,0,0,0,0,0,0,0,0,0,1,1,0,false
C:\projects\Road-Crossing-game-using-java-applet-master\src\Applet\Car.java,Applet.Car,collision/1[Applet.Player],false,40,1,4,1,3,5,4,8,0,2,1,4,0,0,0,0,0,2,1,4,2,4,1,0,0,0,8,2,0,false
C:\projects\Road-Crossing-game-using-java-applet-master\src\Applet\Car.java,Applet.Car,"Car/4[Applet.MainClass,int,int,int]",true,24,1,1,1,0,1,2,7,0,0,4,2,0,0,0,0,0,0,1,0,5,0,0,0,0,0,8,1,0,false
C:\projects\Road-Crossing-game-using-java-applet-master\src\Applet\Car.java,Applet.Car,"paint/2[java.awt.Graphics,Applet.MainClass]",false,50,1,1,1,0,1,1,3,0,0,2,1,0,0,0,0,0,0,0,2,0,0,0,0,0,0,3,1,0,false
C:\projects\Road-Crossing-game-using-java-applet-master\src\Applet\Car.java,Applet.Car,"update/2[Applet.MainClass,Applet.Player]",false,32,3,2,1,1,2,1,7,0,0,2,1,1,1,0,1,0,0,0,2,2,0,1,0,0,0,7,1,0,false
C:\projects\Road-Crossing-game-using-java-applet-master\src\Applet\Carl.java,Applet.Carl,collision/1[Applet.Player],false,40,1,4,1,3,7,4,10,0,2,1,4,0,0,0,2,0,3,1,6,2,4,2,0,0,0,8,2,0,false
C:\projects\Road-Crossing-game-using-java-applet-master\src\Applet\Carl.java,Applet.Carl,"paint/2[java.awt.Graphics,Applet.MainClass]",false,52,1,1,1,0,1,1,3,0,0,2,1,0,0,0,0,0,0,0,2,0,0,0,0,0,0,3,1,0,false
C:\projects\Road-Crossing-game-using-java-applet-master\src\Applet\Carl.java,Applet.Carl,"Carl/4[Applet.MainClass,int,int,int]",true,23,1,1,1,0,1,2,7,0,0,4,2,0,0,0,0,0,0,1,0,5,0,0,0,0,0,8,1,0,false
C:\projects\Road-Crossing-game-using-java-applet-master\src\Applet\Carl.java,Applet.Carl,"update/2[Applet.MainClass,Applet.Player]",false,32,3,2,1,1,2,1,7,0,0,2,1,1,1,0,1,0,0,0,2,2,0,1,0,0,0,7,1,0,false
