file,class,method,variable,usage
C:\projects\Road-Crossing-game-using-java-applet-master\src\Applet\Player.java,Applet.Player,keyPressed/1[java.awt.event.KeyEvent],e,1
C:\projects\Road-Crossing-game-using-java-applet-master\src\Applet\Player.java,Applet.Player,"paint/2[java.awt.Graphics,Applet.MainClass]",mc,1
C:\projects\Road-Crossing-game-using-java-applet-master\src\Applet\Player.java,Applet.Player,"paint/2[java.awt.Graphics,Applet.MainClass]",g,1
C:\projects\Road-Crossing-game-using-java-applet-master\src\Applet\Player.java,Applet.Player,update/1[Applet.MainClass],mc,1
C:\projects\Road-Crossing-game-using-java-applet-master\src\Applet\Player.java,Applet.Player,keyReleased/1[java.awt.event.KeyEvent],e,1
C:\projects\Road-Crossing-game-using-java-applet-master\src\Applet\Player.java,Applet.Player,keyTyped/1[java.awt.event.KeyEvent],arg0,0
C:\projects\Road-Crossing-game-using-java-applet-master\src\Applet\Player.java,Applet.Player,Player/1[Applet.MainClass],mc,2
C:\projects\Road-Crossing-game-using-java-applet-master\src\Applet\MainClass.java,Applet.MainClass,update/1[java.awt.Graphics],g,1
C:\projects\Road-Crossing-game-using-java-applet-master\src\Applet\MainClass.java,Applet.MainClass,paint/1[java.awt.Graphics],g,9
C:\projects\Road-Crossing-game-using-java-applet-master\src\Applet\MainClass.java,Applet.MainClass,paint/1[java.awt.Graphics],PY,1
C:\projects\Road-Crossing-game-using-java-applet-master\src\Applet\MainClass.java,Applet.MainClass,run/0,e,0
C:\projects\Road-Crossing-game-using-java-applet-master\src\Applet\Car.java,Applet.Car,collision/1[Applet.Player],p,3
C:\projects\Road-Crossing-game-using-java-applet-master\src\Applet\Car.java,Applet.Car,collision/1[Applet.Player],PX,2
C:\projects\Road-Crossing-game-using-java-applet-master\src\Applet\Car.java,Applet.Car,collision/1[Applet.Player],PY,2
C:\projects\Road-Crossing-game-using-java-applet-master\src\Applet\Car.java,Applet.Car,"Car/4[Applet.MainClass,int,int,int]",mc,2
C:\projects\Road-Crossing-game-using-java-applet-master\src\Applet\Car.java,Applet.Car,"Car/4[Applet.MainClass,int,int,int]",x,2
C:\projects\Road-Crossing-game-using-java-applet-master\src\Applet\Car.java,Applet.Car,"Car/4[Applet.MainClass,int,int,int]",y,2
C:\projects\Road-Crossing-game-using-java-applet-master\src\Applet\Car.java,Applet.Car,"Car/4[Applet.MainClass,int,int,int]",speed,2
C:\projects\Road-Crossing-game-using-java-applet-master\src\Applet\Car.java,Applet.Car,"paint/2[java.awt.Graphics,Applet.MainClass]",mc,1
C:\projects\Road-Crossing-game-using-java-applet-master\src\Applet\Car.java,Applet.Car,"paint/2[java.awt.Graphics,Applet.MainClass]",g,1
C:\projects\Road-Crossing-game-using-java-applet-master\src\Applet\Car.java,Applet.Car,"update/2[Applet.MainClass,Applet.Player]",p,1
C:\projects\Road-Crossing-game-using-java-applet-master\src\Applet\Car.java,Applet.Car,"update/2[Applet.MainClass,Applet.Player]",mc,0
C:\projects\Road-Crossing-game-using-java-applet-master\src\Applet\Carl.java,Applet.Carl,collision/1[Applet.Player],p,3
C:\projects\Road-Crossing-game-using-java-applet-master\src\Applet\Carl.java,Applet.Carl,collision/1[Applet.Player],PX,3
C:\projects\Road-Crossing-game-using-java-applet-master\src\Applet\Carl.java,Applet.Carl,collision/1[Applet.Player],PY,3
C:\projects\Road-Crossing-game-using-java-applet-master\src\Applet\Carl.java,Applet.Carl,"paint/2[java.awt.Graphics,Applet.MainClass]",mc,1
C:\projects\Road-Crossing-game-using-java-applet-master\src\Applet\Carl.java,Applet.Carl,"paint/2[java.awt.Graphics,Applet.MainClass]",g,1
C:\projects\Road-Crossing-game-using-java-applet-master\src\Applet\Carl.java,Applet.Carl,"Carl/4[Applet.MainClass,int,int,int]",mc,2
C:\projects\Road-Crossing-game-using-java-applet-master\src\Applet\Carl.java,Applet.Carl,"Carl/4[Applet.MainClass,int,int,int]",x,2
C:\projects\Road-Crossing-game-using-java-applet-master\src\Applet\Carl.java,Applet.Carl,"Carl/4[Applet.MainClass,int,int,int]",y,2
C:\projects\Road-Crossing-game-using-java-applet-master\src\Applet\Carl.java,Applet.Carl,"Carl/4[Applet.MainClass,int,int,int]",speed,2
C:\projects\Road-Crossing-game-using-java-applet-master\src\Applet\Carl.java,Applet.Carl,"update/2[Applet.MainClass,Applet.Player]",p,1
C:\projects\Road-Crossing-game-using-java-applet-master\src\Applet\Carl.java,Applet.Carl,"update/2[Applet.MainClass,Applet.Player]",mc,0
