file,class,method,variable,usage
C:\projects\CountdownApp-Java--main\Countdown.java,Countdown,computeScoreTwo/0,p1Word,1
C:\projects\CountdownApp-Java--main\Countdown.java,Countdown,computeScoreTwo/0,p2Word,2
C:\projects\CountdownApp-Java--main\Countdown.java,Countdown,computeScoreTwo/0,p2Score,2
C:\projects\CountdownApp-Java--main\Countdown.java,Countdown,computeScoreTwo/0,wordBank,1
C:\projects\CountdownApp-Java--main\Countdown.java,Countdown,getP2Score/0,p2Score,1
C:\projects\CountdownApp-Java--main\Countdown.java,Countdown,computeVowOne/0,vowelAmount,1
C:\projects\CountdownApp-Java--main\Countdown.java,Countdown,computeVowOne/0,vowel,1
C:\projects\CountdownApp-Java--main\Countdown.java,Countdown,computeVowOne/0,vowelOut,3
C:\projects\CountdownApp-Java--main\Countdown.java,Countdown,computeVowOne/0,randomVowels,3
C:\projects\CountdownApp-Java--main\Countdown.java,Countdown,getP1Score/0,p1Score,1
C:\projects\CountdownApp-Java--main\Countdown.java,Countdown,setP2Word/1[java.lang.String],p2Word,3
C:\projects\CountdownApp-Java--main\Countdown.java,Countdown,setVowelAmount/1[int],vowelAmount,3
C:\projects\CountdownApp-Java--main\Countdown.java,Countdown,getRandomConsonants/0,randomConsonants,1
C:\projects\CountdownApp-Java--main\Countdown.java,Countdown,getVowelAmount/0,vowelAmount,1
C:\projects\CountdownApp-Java--main\Countdown.java,Countdown,computeConOne/0,consonant,1
C:\projects\CountdownApp-Java--main\Countdown.java,Countdown,computeConOne/0,consonantAmount,1
C:\projects\CountdownApp-Java--main\Countdown.java,Countdown,computeConOne/0,consOut,3
C:\projects\CountdownApp-Java--main\Countdown.java,Countdown,computeConOne/0,randomConsonants,3
C:\projects\CountdownApp-Java--main\Countdown.java,Countdown,getRandomVowels/0,randomVowels,1
C:\projects\CountdownApp-Java--main\Countdown.java,Countdown,getConsonantAmount/0,consonantAmount,1
C:\projects\CountdownApp-Java--main\Countdown.java,Countdown,Countdown/0,p1Word,1
C:\projects\CountdownApp-Java--main\Countdown.java,Countdown,Countdown/0,p2Word,1
C:\projects\CountdownApp-Java--main\Countdown.java,Countdown,Countdown/0,vowelAmount,1
C:\projects\CountdownApp-Java--main\Countdown.java,Countdown,Countdown/0,p1Score,1
C:\projects\CountdownApp-Java--main\Countdown.java,Countdown,Countdown/0,consonantAmount,1
C:\projects\CountdownApp-Java--main\Countdown.java,Countdown,Countdown/0,lettersLength,1
C:\projects\CountdownApp-Java--main\Countdown.java,Countdown,Countdown/0,vowelOut,1
C:\projects\CountdownApp-Java--main\Countdown.java,Countdown,Countdown/0,consOut,1
C:\projects\CountdownApp-Java--main\Countdown.java,Countdown,Countdown/0,p2Score,1
C:\projects\CountdownApp-Java--main\Countdown.java,Countdown,Countdown/0,rounds,1
C:\projects\CountdownApp-Java--main\Countdown.java,Countdown,setRounds/1[int],rounds,2
C:\projects\CountdownApp-Java--main\Countdown.java,Countdown,setConsonantAmount/1[int],consonantAmount,3
C:\projects\CountdownApp-Java--main\Countdown.java,Countdown,setP1Word/1[java.lang.String],p1Word,3
C:\projects\CountdownApp-Java--main\Countdown.java,Countdown,getRounds/0,rounds,1
C:\projects\CountdownApp-Java--main\Countdown.java,Countdown,computeScoreOne/0,p1Word,2
C:\projects\CountdownApp-Java--main\Countdown.java,Countdown,computeScoreOne/0,p2Word,1
C:\projects\CountdownApp-Java--main\Countdown.java,Countdown,computeScoreOne/0,p1Score,2
C:\projects\CountdownApp-Java--main\Countdown.java,Countdown,computeScoreOne/0,wordBank,1
