file,class,method,constructor,line,cbo,cboModified,fanin,fanout,wmc,rfc,loc,returnsQty,variablesQty,parametersQty,methodsInvokedQty,methodsInvokedLocalQty,methodsInvokedIndirectLocalQty,loopQty,comparisonsQty,tryCatchQty,parenthesizedExpsQty,stringLiteralsQty,numbersQty,assignmentsQty,mathOperationsQty,maxNestedBlocksQty,anonymousClassesQty,innerClassesQty,lambdasQty,uniqueWordsQty,modifiers,logStatementsQty,hasJavaDoc
C:\projects\CountdownApp-Java--main\CountdownApp.java,CountdownApp,main/1[java.lang.String[]],false,9,1,13,0,13,11,16,62,0,14,1,16,0,0,2,0,0,0,23,5,16,7,4,0,0,0,49,9,0,false
C:\projects\CountdownApp-Java--main\Countdown.java,Countdown,computeScoreTwo/0,false,90,0,1,1,0,4,2,9,0,1,0,2,0,0,1,0,0,0,0,2,2,1,3,0,0,0,5,1,0,false
C:\projects\CountdownApp-Java--main\Countdown.java,Countdown,getP2Score/0,false,131,0,1,1,0,1,0,3,1,0,0,0,0,0,0,0,0,0,0,0,0,0,0,0,0,0,4,1,0,false
C:\projects\CountdownApp-Java--main\Countdown.java,Countdown,computeVowOne/0,false,103,0,1,1,0,2,3,8,0,1,0,3,0,0,1,0,0,1,0,2,4,1,1,0,0,0,11,1,0,false
C:\projects\CountdownApp-Java--main\Countdown.java,Countdown,getP1Score/0,false,128,0,1,1,0,1,0,3,1,0,0,0,0,0,0,0,0,0,0,0,0,0,0,0,0,0,4,1,0,false
C:\projects\CountdownApp-Java--main\Countdown.java,Countdown,setP2Word/1[java.lang.String],false,55,0,1,1,0,1,0,3,0,0,1,0,0,0,0,0,0,0,0,0,1,0,0,0,0,0,4,1,0,false
C:\projects\CountdownApp-Java--main\Countdown.java,Countdown,setVowelAmount/1[int],false,59,0,1,1,0,1,0,3,0,0,1,0,0,0,0,0,0,0,0,0,1,0,0,0,0,0,4,1,0,false
C:\projects\CountdownApp-Java--main\Countdown.java,Countdown,getRandomConsonants/0,false,152,0,1,1,0,1,0,3,1,0,0,0,0,0,0,0,0,0,0,0,0,0,0,0,0,0,4,1,0,false
C:\projects\CountdownApp-Java--main\Countdown.java,Countdown,getVowelAmount/0,false,136,0,0,0,0,1,0,3,1,0,0,0,0,0,0,0,0,0,0,0,0,0,0,0,0,0,4,1,0,false
C:\projects\CountdownApp-Java--main\Countdown.java,Countdown,computeConOne/0,false,113,0,1,1,0,2,3,8,0,1,0,3,0,0,1,0,0,1,0,2,4,1,1,0,0,0,12,1,0,false
C:\projects\CountdownApp-Java--main\Countdown.java,Countdown,getRandomVowels/0,false,148,0,1,1,0,1,0,3,1,0,0,0,0,0,0,0,0,0,0,0,0,0,0,0,0,0,4,1,0,false
C:\projects\CountdownApp-Java--main\Countdown.java,Countdown,getConsonantAmount/0,false,140,0,0,0,0,1,0,3,1,0,0,0,0,0,0,0,0,0,0,0,0,0,0,0,0,0,4,1,0,false
C:\projects\CountdownApp-Java--main\Countdown.java,Countdown,Countdown/0,true,33,0,1,1,0,1,0,12,0,0,0,0,0,0,0,0,0,0,2,6,10,0,0,0,0,0,15,1,0,false
C:\projects\CountdownApp-Java--main\Countdown.java,Countdown,setRounds/1[int],false,67,0,0,0,0,1,0,3,0,0,1,0,0,0,0,0,0,0,0,0,1,0,0,0,0,0,3,1,0,false
C:\projects\CountdownApp-Java--main\Countdown.java,Countdown,setConsonantAmount/1[int],false,63,0,1,1,0,1,0,3,0,0,1,0,0,0,0,0,0,0,0,0,1,0,0,0,0,0,4,1,0,false
C:\projects\CountdownApp-Java--main\Countdown.java,Countdown,setP1Word/1[java.lang.String],false,51,0,1,1,0,1,0,3,0,0,1,0,0,0,0,0,0,0,0,0,1,0,0,0,0,0,4,1,0,false
C:\projects\CountdownApp-Java--main\Countdown.java,Countdown,getRounds/0,false,144,0,0,0,0,1,0,3,1,0,0,0,0,0,0,0,0,0,0,0,0,0,0,0,0,0,3,1,0,false
C:\projects\CountdownApp-Java--main\Countdown.java,Countdown,computeScoreOne/0,false,75,0,1,1,0,4,2,9,0,1,0,2,0,0,1,0,0,0,0,2,2,1,3,0,0,0,5,1,0,false
