file,class,method,variable,usage
C:\projects\CountdownApp-Java--main\CountdownApp.java,CountdownApp,main/1[java.lang.String[]],play,3
C:\projects\CountdownApp-Java--main\CountdownApp.java,CountdownApp,main/1[java.lang.String[]],p2Word,2
C:\projects\CountdownApp-Java--main\CountdownApp.java,CountdownApp,main/1[java.lang.String[]],p1Score,7
C:\projects\CountdownApp-Java--main\CountdownApp.java,CountdownApp,main/1[java.lang.String[]],playAgain,2
C:\projects\CountdownApp-Java--main\CountdownApp.java,CountdownApp,main/1[java.lang.String[]],myCountdown,14
C:\projects\CountdownApp-Java--main\CountdownApp.java,CountdownApp,main/1[java.lang.String[]],i,2
C:\projects\CountdownApp-Java--main\CountdownApp.java,CountdownApp,main/1[java.lang.String[]],randomConsonants,3
C:\projects\CountdownApp-Java--main\CountdownApp.java,CountdownApp,main/1[java.lang.String[]],args,0
C:\projects\CountdownApp-Java--main\CountdownApp.java,CountdownApp,main/1[java.lang.String[]],p1Word,2
C:\projects\CountdownApp-Java--main\CountdownApp.java,CountdownApp,main/1[java.lang.String[]],vowelAmount,3
C:\projects\CountdownApp-Java--main\CountdownApp.java,CountdownApp,main/1[java.lang.String[]],consonantAmount,3
C:\projects\CountdownApp-Java--main\CountdownApp.java,CountdownApp,main/1[java.lang.String[]],lettersLength,5
C:\projects\CountdownApp-Java--main\CountdownApp.java,CountdownApp,main/1[java.lang.String[]],randomVowels,3
C:\projects\CountdownApp-Java--main\CountdownApp.java,CountdownApp,main/1[java.lang.String[]],p2Score,7
C:\projects\CountdownApp-Java--main\CountdownApp.java,CountdownApp,main/1[java.lang.String[]],rounds,2
C:\projects\CountdownApp-Java--main\Countdown.java,Countdown,computeScoreTwo/0,i,3
C:\projects\CountdownApp-Java--main\Countdown.java,Countdown,computeVowOne/0,i,2
C:\projects\CountdownApp-Java--main\Countdown.java,Countdown,setP2Word/1[java.lang.String],p2Word,2
C:\projects\CountdownApp-Java--main\Countdown.java,Countdown,setVowelAmount/1[int],vowelAmount,2
C:\projects\CountdownApp-Java--main\Countdown.java,Countdown,computeConOne/0,i,2
C:\projects\CountdownApp-Java--main\Countdown.java,Countdown,setRounds/1[int],Rounds,0
C:\projects\CountdownApp-Java--main\Countdown.java,Countdown,setConsonantAmount/1[int],consonantAmount,2
C:\projects\CountdownApp-Java--main\Countdown.java,Countdown,setP1Word/1[java.lang.String],p1Word,2
C:\projects\CountdownApp-Java--main\Countdown.java,Countdown,computeScoreOne/0,i,3
