file,class,type,cbo,cboModified,fanin,fanout,wmc,dit,noc,rfc,lcom,lcom*,tcc,lcc,totalMethodsQty,staticMethodsQty,publicMethodsQty,privateMethodsQty,protectedMethodsQty,defaultMethodsQty,visibleMethodsQty,abstractMethodsQty,finalMethodsQty,synchronizedMethodsQty,totalFieldsQty,staticFieldsQty,publicFieldsQty,privateFieldsQty,protectedFieldsQty,defaultFieldsQty,finalFieldsQty,synchronizedFieldsQty,nosi,loc,returnQty,loopQty,comparisonsQty,tryCatchQty,parenthesizedExpsQty,stringLiteralsQty,numbersQty,assignmentsQty,mathOperationsQty,variablesQty,maxNestedBlocksQty,anonymousClassesQty,innerClassesQty,lambdasQty,uniqueWordsQty,modifiers,logStatementsQty
C:\projects\Java_Quiz_App-master\JavaQuizApp\src\javaquizapp\Quiz.java,javaquizapp.Quiz$Anonymous4,anonymous,1,1,0,1,1,1,0,1,0,0.0,NaN,NaN,1,0,1,0,0,0,1,0,0,0,0,0,0,0,0,0,0,0,0,5,0,0,0,0,0,0,0,0,0,0,0,0,0,0,6,-1,0
C:\projects\Java_Quiz_App-master\JavaQuizApp\src\javaquizapp\Quiz.java,javaquizapp.Quiz$Anonymous5,anonymous,1,1,0,1,1,1,0,1,0,0.0,NaN,NaN,1,0,1,0,0,0,1,0,0,0,0,0,0,0,0,0,0,0,0,5,0,0,0,0,0,0,0,0,0,0,0,0,0,0,6,-1,0
C:\projects\Java_Quiz_App-master\JavaQuizApp\src\javaquizapp\Quiz.java,javaquizapp.Quiz$Anonymous2,anonymous,1,1,0,1,1,1,0,1,0,0.0,NaN,NaN,1,0,1,0,0,0,1,0,0,0,0,0,0,0,0,0,0,0,0,5,0,0,0,0,0,0,0,0,0,0,0,0,0,0,6,-1,0
C:\projects\Java_Quiz_App-master\JavaQuizApp\src\javaquizapp\ProggQuiz.java,javaquizapp.ProggQuiz,class,0,0,0,0,1,1,0,1,0,0.0,NaN,NaN,1,1,1,0,0,0,1,0,0,0,0,0,0,0,0,0,0,0,1,10,0,0,0,0,0,0,0,0,0,0,0,1,0,0,12,1,0
C:\projects\Java_Quiz_App-master\JavaQuizApp\src\javaquizapp\Quiz.java,javaquizapp.Quiz$Anonymous3,anonymous,1,1,0,1,1,1,0,1,0,0.0,NaN,NaN,1,0,1,0,0,0,1,0,0,0,0,0,0,0,0,0,0,0,0,5,0,0,0,0,0,0,0,0,0,0,0,0,0,0,6,-1,0
C:\projects\Java_Quiz_App-master\JavaQuizApp\src\javaquizapp\Quiz.java,javaquizapp.Quiz$Anonymous8,anonymous,1,1,0,1,1,1,0,1,0,0.0,NaN,NaN,1,0,1,0,0,0,1,0,0,0,0,0,0,0,0,0,0,0,0,5,0,0,0,0,0,0,0,0,0,0,0,0,0,0,6,-1,0
C:\projects\Java_Quiz_App-master\JavaQuizApp\src\javaquizapp\Quiz.java,javaquizapp.Quiz$Anonymous9,anonymous,1,1,0,1,1,1,0,1,0,0.0,NaN,NaN,1,0,1,0,0,0,1,0,0,0,0,0,0,0,0,0,0,0,0,5,0,0,0,0,0,0,0,0,0,0,0,0,0,0,6,-1,0
C:\projects\Java_Quiz_App-master\JavaQuizApp\src\javaquizapp\Quiz.java,javaquizapp.Quiz$Anonymous6,anonymous,1,1,0,1,1,1,0,1,0,0.0,NaN,NaN,1,0,1,0,0,0,1,0,0,0,0,0,0,0,0,0,0,0,0,5,0,0,0,0,0,0,0,0,0,0,0,0,0,0,6,-1,0
C:\projects\Java_Quiz_App-master\JavaQuizApp\src\javaquizapp\ProggQuiz.java,javaquizapp.ProggQuiz$Anonymous1,anonymous,1,1,0,1,1,1,0,1,0,0.0,NaN,NaN,1,0,1,0,0,0,1,0,0,0,0,0,0,0,0,0,0,0,0,5,0,0,0,0,0,0,0,0,0,0,0,0,0,0,4,-1,0
C:\projects\Java_Quiz_App-master\JavaQuizApp\src\javaquizapp\Quiz.java,javaquizapp.Quiz$Anonymous7,anonymous,1,1,0,1,1,1,0,1,0,0.0,NaN,NaN,1,0,1,0,0,0,1,0,0,0,0,0,0,0,0,0,0,0,0,5,0,0,0,0,0,0,0,0,0,0,0,0,0,0,6,-1,0
C:\projects\Java_Quiz_App-master\JavaQuizApp\src\javaquizapp\Quiz.java,javaquizapp.Quiz$Anonymous30,anonymous,1,1,0,1,1,1,0,1,0,0.0,NaN,NaN,1,0,1,0,0,0,1,0,0,0,0,0,0,0,0,0,0,0,0,5,0,0,0,0,0,0,0,0,0,0,0,0,0,0,6,-1,0
C:\projects\Java_Quiz_App-master\JavaQuizApp\src\javaquizapp\Quiz.java,javaquizapp.Quiz$Anonymous22,anonymous,1,1,0,1,1,1,0,1,0,0.0,NaN,NaN,1,0,1,0,0,0,1,0,0,0,0,0,0,0,0,0,0,0,0,5,0,0,0,0,0,0,0,0,0,0,0,0,0,0,6,-1,0
C:\projects\Java_Quiz_App-master\JavaQuizApp\src\javaquizapp\Quiz.java,javaquizapp.Quiz$Anonymous23,anonymous,1,1,0,1,1,1,0,1,0,0.0,NaN,NaN,1,0,1,0,0,0,1,0,0,0,0,0,0,0,0,0,0,0,0,5,0,0,0,0,0,0,0,0,0,0,0,0,0,0,6,-1,0
C:\projects\Java_Quiz_App-master\JavaQuizApp\src\javaquizapp\Quiz.java,javaquizapp.Quiz$Anonymous20,anonymous,1,1,0,1,1,1,0,1,0,0.0,NaN,NaN,1,0,1,0,0,0,1,0,0,0,0,0,0,0,0,0,0,0,0,5,0,0,0,0,0,0,0,0,0,0,0,0,0,0,6,-1,0
C:\projects\Java_Quiz_App-master\JavaQuizApp\src\javaquizapp\Quiz.java,javaquizapp.Quiz$Anonymous21,anonymous,1,1,0,1,1,1,0,1,0,0.0,NaN,NaN,1,0,1,0,0,0,1,0,0,0,0,0,0,0,0,0,0,0,0,5,0,0,0,0,0,0,0,0,0,0,0,0,0,0,6,-1,0
C:\projects\Java_Quiz_App-master\JavaQuizApp\src\javaquizapp\Quiz.java,javaquizapp.Quiz$Anonymous26,anonymous,1,1,0,1,1,1,0,1,0,0.0,NaN,NaN,1,0,1,0,0,0,1,0,0,0,0,0,0,0,0,0,0,0,0,5,0,0,0,0,0,0,0,0,0,0,0,0,0,0,6,-1,0
C:\projects\Java_Quiz_App-master\JavaQuizApp\src\javaquizapp\Result.java,javaquizapp.Result$Anonymous2,anonymous,1,1,0,1,1,1,0,1,0,0.0,NaN,NaN,1,0,1,0,0,0,1,0,0,0,0,0,0,0,0,0,0,0,0,5,0,0,0,0,0,0,0,0,0,0,0,0,0,0,3,-1,0
C:\projects\Java_Quiz_App-master\JavaQuizApp\src\javaquizapp\Quiz.java,javaquizapp.Quiz$Anonymous27,anonymous,1,1,0,1,1,1,0,1,0,0.0,NaN,NaN,1,0,1,0,0,0,1,0,0,0,0,0,0,0,0,0,0,0,0,5,0,0,0,0,0,0,0,0,0,0,0,0,0,0,6,-1,0
C:\projects\Java_Quiz_App-master\JavaQuizApp\src\javaquizapp\JavaQuizApp.java,javaquizapp.JavaQuizApp,class,1,1,0,1,7,1,0,9,0,0.0,NaN,NaN,1,1,1,0,0,0,1,0,0,0,0,0,0,0,0,0,0,0,7,30,0,1,0,1,0,1,0,0,0,0,3,1,0,0,20,1,0
C:\projects\Java_Quiz_App-master\JavaQuizApp\src\javaquizapp\Quiz.java,javaquizapp.Quiz$Anonymous24,anonymous,1,1,0,1,1,1,0,1,0,0.0,NaN,NaN,1,0,1,0,0,0,1,0,0,0,0,0,0,0,0,0,0,0,0,5,0,0,0,0,0,0,0,0,0,0,0,0,0,0,6,-1,0
C:\projects\Java_Quiz_App-master\JavaQuizApp\src\javaquizapp\Quiz.java,javaquizapp.Quiz$Anonymous25,anonymous,1,1,0,1,1,1,0,1,0,0.0,NaN,NaN,1,0,1,0,0,0,1,0,0,0,0,0,0,0,0,0,0,0,0,5,0,0,0,0,0,0,0,0,0,0,0,0,0,0,6,-1,0
C:\projects\Java_Quiz_App-master\JavaQuizApp\src\javaquizapp\Quiz.java,javaquizapp.Quiz$Anonymous28,anonymous,1,1,0,1,1,1,0,1,0,0.0,NaN,NaN,1,0,1,0,0,0,1,0,0,0,0,0,0,0,0,0,0,0,0,5,0,0,0,0,0,0,0,0,0,0,0,0,0,0,6,-1,0
C:\projects\Java_Quiz_App-master\JavaQuizApp\src\javaquizapp\Quiz.java,javaquizapp.Quiz$Anonymous29,anonymous,1,1,0,1,1,1,0,1,0,0.0,NaN,NaN,1,0,1,0,0,0,1,0,0,0,0,0,0,0,0,0,0,0,0,5,0,0,0,0,0,0,0,0,0,0,0,0,0,0,6,-1,0
C:\projects\Java_Quiz_App-master\JavaQuizApp\src\javaquizapp\Result.java,javaquizapp.Result$Anonymous1,anonymous,1,1,0,1,1,1,0,1,0,0.0,NaN,NaN,1,0,1,0,0,0,1,0,0,0,0,0,0,0,0,0,0,0,0,5,0,0,0,0,0,0,0,0,0,0,0,0,0,0,6,-1,0
C:\projects\Java_Quiz_App-master\JavaQuizApp\src\javaquizapp\Quiz.java,javaquizapp.Quiz$Anonymous1,anonymous,1,1,0,1,1,1,0,1,0,0.0,NaN,NaN,1,0,1,0,0,0,1,0,0,0,0,0,0,0,0,0,0,0,0,5,0,0,0,0,0,0,0,0,0,0,0,0,0,0,6,-1,0
C:\projects\Java_Quiz_App-master\JavaQuizApp\src\javaquizapp\StartPage.java,javaquizapp.StartPage$Anonymous1,anonymous,1,1,0,1,1,1,0,1,0,0.0,NaN,NaN,1,0,1,0,0,0,1,0,0,0,0,0,0,0,0,0,0,0,0,5,0,0,0,0,0,0,0,0,0,0,0,0,0,0,6,-1,0
C:\projects\Java_Quiz_App-master\JavaQuizApp\src\javaquizapp\JavaQuizApp.java,javaquizapp.JavaQuizApp$Anonymous1,anonymous,1,1,0,1,1,1,0,1,0,0.0,NaN,NaN,1,0,1,0,0,0,1,0,0,0,0,0,0,0,0,0,0,0,0,5,0,0,0,0,0,0,0,0,0,0,0,0,0,0,4,-1,0
C:\projects\Java_Quiz_App-master\JavaQuizApp\src\javaquizapp\StartPage.java,javaquizapp.StartPage$Anonymous2,anonymous,1,1,0,1,1,1,0,1,0,0.0,NaN,NaN,1,0,1,0,0,0,1,0,0,0,0,0,0,0,0,0,0,0,0,5,0,0,0,0,0,0,0,0,0,0,0,0,0,0,4,-1,0
C:\projects\Java_Quiz_App-master\JavaQuizApp\src\javaquizapp\Quiz.java,javaquizapp.Quiz$Anonymous11,anonymous,1,1,0,1,1,1,0,1,0,0.0,NaN,NaN,1,0,1,0,0,0,1,0,0,0,0,0,0,0,0,0,0,0,0,5,0,0,0,0,0,0,0,0,0,0,0,0,0,0,6,-1,0
C:\projects\Java_Quiz_App-master\JavaQuizApp\src\javaquizapp\Quiz.java,javaquizapp.Quiz$Anonymous33,anonymous,1,1,0,1,1,1,0,1,0,0.0,NaN,NaN,1,0,1,0,0,0,1,0,0,0,0,0,0,0,0,0,0,0,0,5,0,0,0,0,0,0,0,0,0,0,0,0,0,0,6,-1,0
C:\projects\Java_Quiz_App-master\JavaQuizApp\src\javaquizapp\Quiz.java,javaquizapp.Quiz$Anonymous12,anonymous,1,1,0,1,1,1,0,1,0,0.0,NaN,NaN,1,0,1,0,0,0,1,0,0,0,0,0,0,0,0,0,0,0,0,5,0,0,0,0,0,0,0,0,0,0,0,0,0,0,6,-1,0
C:\projects\Java_Quiz_App-master\JavaQuizApp\src\javaquizapp\Quiz.java,javaquizapp.Quiz$Anonymous34,anonymous,1,1,0,1,1,1,0,1,0,0.0,NaN,NaN,1,0,1,0,0,0,1,0,0,0,0,0,0,0,0,0,0,0,0,5,0,0,0,0,0,0,0,0,0,0,0,0,0,0,3,-1,0
C:\projects\Java_Quiz_App-master\JavaQuizApp\src\javaquizapp\Quiz.java,javaquizapp.Quiz$Anonymous31,anonymous,1,1,0,1,1,1,0,1,0,0.0,NaN,NaN,1,0,1,0,0,0,1,0,0,0,0,0,0,0,0,0,0,0,0,5,0,0,0,0,0,0,0,0,0,0,0,0,0,0,7,-1,0
C:\projects\Java_Quiz_App-master\JavaQuizApp\src\javaquizapp\Quiz.java,javaquizapp.Quiz$Anonymous10,anonymous,1,1,0,1,1,1,0,1,0,0.0,NaN,NaN,1,0,1,0,0,0,1,0,0,0,0,0,0,0,0,0,0,0,0,5,0,0,0,0,0,0,0,0,0,0,0,0,0,0,6,-1,0
C:\projects\Java_Quiz_App-master\JavaQuizApp\src\javaquizapp\Quiz.java,javaquizapp.Quiz$Anonymous32,anonymous,1,1,0,1,1,1,0,1,0,0.0,NaN,NaN,1,0,1,0,0,0,1,0,0,0,0,0,0,0,0,0,0,0,0,5,0,0,0,0,0,0,0,0,0,0,0,0,0,0,7,-1,0
C:\projects\Java_Quiz_App-master\JavaQuizApp\src\javaquizapp\Quiz.java,javaquizapp.Quiz$Anonymous15,anonymous,1,1,0,1,1,1,0,1,0,0.0,NaN,NaN,1,0,1,0,0,0,1,0,0,0,0,0,0,0,0,0,0,0,0,5,0,0,0,0,0,0,0,0,0,0,0,0,0,0,6,-1,0
C:\projects\Java_Quiz_App-master\JavaQuizApp\src\javaquizapp\Quiz.java,javaquizapp.Quiz$Anonymous16,anonymous,1,1,0,1,1,1,0,1,0,0.0,NaN,NaN,1,0,1,0,0,0,1,0,0,0,0,0,0,0,0,0,0,0,0,5,0,0,0,0,0,0,0,0,0,0,0,0,0,0,6,-1,0
C:\projects\Java_Quiz_App-master\JavaQuizApp\src\javaquizapp\Quiz.java,javaquizapp.Quiz,class,2,38,36,2,76,6,0,53,660,0.97268033,0.0,0.0,37,1,3,34,0,0,3,0,0,0,275,0,2,273,0,0,0,0,9,1970,0,1,32,2,0,393,1231,373,0,339,3,34,0,0,464,1,0
C:\projects\Java_Quiz_App-master\JavaQuizApp\src\javaquizapp\Quiz.java,javaquizapp.Quiz$Anonymous13,anonymous,1,1,0,1,1,1,0,1,0,0.0,NaN,NaN,1,0,1,0,0,0,1,0,0,0,0,0,0,0,0,0,0,0,0,5,0,0,0,0,0,0,0,0,0,0,0,0,0,0,6,-1,0
C:\projects\Java_Quiz_App-master\JavaQuizApp\src\javaquizapp\Quiz.java,javaquizapp.Quiz$Anonymous14,anonymous,1,1,0,1,1,1,0,1,0,0.0,NaN,NaN,1,0,1,0,0,0,1,0,0,0,0,0,0,0,0,0,0,0,0,5,0,0,0,0,0,0,0,0,0,0,0,0,0,0,6,-1,0
C:\projects\Java_Quiz_App-master\JavaQuizApp\src\javaquizapp\Quiz.java,javaquizapp.Quiz$Anonymous19,anonymous,1,1,0,1,1,1,0,1,0,0.0,NaN,NaN,1,0,1,0,0,0,1,0,0,0,0,0,0,0,0,0,0,0,0,5,0,0,0,0,0,0,0,0,0,0,0,0,0,0,6,-1,0
C:\projects\Java_Quiz_App-master\JavaQuizApp\src\javaquizapp\Quiz.java,javaquizapp.Quiz$Anonymous17,anonymous,1,1,0,1,1,1,0,1,0,0.0,NaN,NaN,1,0,1,0,0,0,1,0,0,0,0,0,0,0,0,0,0,0,0,5,0,0,0,0,0,0,0,0,0,0,0,0,0,0,6,-1,0
C:\projects\Java_Quiz_App-master\JavaQuizApp\src\javaquizapp\Quiz.java,javaquizapp.Quiz$Anonymous18,anonymous,1,1,0,1,1,1,0,1,0,0.0,NaN,NaN,1,0,1,0,0,0,1,0,0,0,0,0,0,0,0,0,0,0,0,5,0,0,0,0,0,0,0,0,0,0,0,0,0,0,6,-1,0
C:\projects\Java_Quiz_App-master\JavaQuizApp\src\javaquizapp\StartPage.java,javaquizapp.StartPage,class,2,8,6,2,10,6,0,38,6,0.75,0.0,0.0,4,1,2,2,0,0,2,0,0,0,7,0,0,7,0,0,0,0,7,84,0,1,0,1,0,10,40,10,0,10,3,2,0,0,79,1,0
C:\projects\Java_Quiz_App-master\JavaQuizApp\src\javaquizapp\Result.java,javaquizapp.Result,class,1,5,4,1,14,6,0,37,4,0.72,0.0,0.0,5,1,3,2,0,0,3,0,0,0,5,0,0,4,0,1,0,0,8,87,0,1,0,1,0,11,42,12,1,8,3,2,0,0,78,1,0
