file,class,method,variable,usage
C:\projects\Java_Quiz_App-master\JavaQuizApp\src\javaquizapp\Quiz.java,javaquizapp.Quiz,jButton20ActionPerformed/1[java.awt.event.ActionEvent],jPanel4,6
C:\projects\Java_Quiz_App-master\JavaQuizApp\src\javaquizapp\Quiz.java,javaquizapp.Quiz,jButton20ActionPerformed/1[java.awt.event.ActionEvent],jPanel24,1
C:\projects\Java_Quiz_App-master\JavaQuizApp\src\javaquizapp\Quiz.java,javaquizapp.Quiz,jButton28ActionPerformed/1[java.awt.event.ActionEvent],jPanel4,6
C:\projects\Java_Quiz_App-master\JavaQuizApp\src\javaquizapp\Quiz.java,javaquizapp.Quiz,jButton28ActionPerformed/1[java.awt.event.ActionEvent],jPanel32,1
C:\projects\Java_Quiz_App-master\JavaQuizApp\src\javaquizapp\Quiz.java,javaquizapp.Quiz,jCheckBox1ActionPerformed/1[java.awt.event.ActionEvent],jButton31,1
C:\projects\Java_Quiz_App-master\JavaQuizApp\src\javaquizapp\Quiz.java,javaquizapp.Quiz,jButton10ActionPerformed/1[java.awt.event.ActionEvent],jPanel4,6
C:\projects\Java_Quiz_App-master\JavaQuizApp\src\javaquizapp\Quiz.java,javaquizapp.Quiz,jButton10ActionPerformed/1[java.awt.event.ActionEvent],jPanel14,1
C:\projects\Java_Quiz_App-master\JavaQuizApp\src\javaquizapp\Quiz.java,javaquizapp.Quiz,jButton31ActionPerformed/1[java.awt.event.ActionEvent],Points,2
C:\projects\Java_Quiz_App-master\JavaQuizApp\src\javaquizapp\Quiz.java,javaquizapp.Quiz,jButton17ActionPerformed/1[java.awt.event.ActionEvent],jPanel4,6
C:\projects\Java_Quiz_App-master\JavaQuizApp\src\javaquizapp\Quiz.java,javaquizapp.Quiz,jButton17ActionPerformed/1[java.awt.event.ActionEvent],jPanel21,1
C:\projects\Java_Quiz_App-master\JavaQuizApp\src\javaquizapp\Quiz.java,javaquizapp.Quiz,jButton7ActionPerformed/1[java.awt.event.ActionEvent],jPanel4,6
C:\projects\Java_Quiz_App-master\JavaQuizApp\src\javaquizapp\Quiz.java,javaquizapp.Quiz,jButton7ActionPerformed/1[java.awt.event.ActionEvent],jPanel11,1
C:\projects\Java_Quiz_App-master\JavaQuizApp\src\javaquizapp\Quiz.java,javaquizapp.Quiz,jButton24ActionPerformed/1[java.awt.event.ActionEvent],jPanel28,1
C:\projects\Java_Quiz_App-master\JavaQuizApp\src\javaquizapp\Quiz.java,javaquizapp.Quiz,jButton24ActionPerformed/1[java.awt.event.ActionEvent],jPanel4,6
C:\projects\Java_Quiz_App-master\JavaQuizApp\src\javaquizapp\Quiz.java,javaquizapp.Quiz,jButton25ActionPerformed/1[java.awt.event.ActionEvent],jPanel29,1
C:\projects\Java_Quiz_App-master\JavaQuizApp\src\javaquizapp\Quiz.java,javaquizapp.Quiz,jButton25ActionPerformed/1[java.awt.event.ActionEvent],jPanel4,6
C:\projects\Java_Quiz_App-master\JavaQuizApp\src\javaquizapp\Quiz.java,javaquizapp.Quiz,jButton3ActionPerformed/1[java.awt.event.ActionEvent],jPanel4,6
C:\projects\Java_Quiz_App-master\JavaQuizApp\src\javaquizapp\Quiz.java,javaquizapp.Quiz,jButton3ActionPerformed/1[java.awt.event.ActionEvent],jPanel7,1
C:\projects\Java_Quiz_App-master\JavaQuizApp\src\javaquizapp\Quiz.java,javaquizapp.Quiz,jButton6ActionPerformed/1[java.awt.event.ActionEvent],jPanel4,6
C:\projects\Java_Quiz_App-master\JavaQuizApp\src\javaquizapp\Quiz.java,javaquizapp.Quiz,jButton6ActionPerformed/1[java.awt.event.ActionEvent],jPanel10,1
C:\projects\Java_Quiz_App-master\JavaQuizApp\src\javaquizapp\Quiz.java,javaquizapp.Quiz,jButton18ActionPerformed/1[java.awt.event.ActionEvent],jPanel4,6
C:\projects\Java_Quiz_App-master\JavaQuizApp\src\javaquizapp\Quiz.java,javaquizapp.Quiz,jButton18ActionPerformed/1[java.awt.event.ActionEvent],jPanel22,1
C:\projects\Java_Quiz_App-master\JavaQuizApp\src\javaquizapp\Quiz.java,javaquizapp.Quiz,jButton29ActionPerformed/1[java.awt.event.ActionEvent],jPanel4,6
C:\projects\Java_Quiz_App-master\JavaQuizApp\src\javaquizapp\Quiz.java,javaquizapp.Quiz,jButton29ActionPerformed/1[java.awt.event.ActionEvent],jPanel33,1
C:\projects\Java_Quiz_App-master\JavaQuizApp\src\javaquizapp\Quiz.java,javaquizapp.Quiz,jButton1ActionPerformed/1[java.awt.event.ActionEvent],jPanel4,6
C:\projects\Java_Quiz_App-master\JavaQuizApp\src\javaquizapp\Quiz.java,javaquizapp.Quiz,jButton1ActionPerformed/1[java.awt.event.ActionEvent],jPanel5,1
C:\projects\Java_Quiz_App-master\JavaQuizApp\src\javaquizapp\Quiz.java,javaquizapp.Quiz,jButton2ActionPerformed/1[java.awt.event.ActionEvent],jPanel4,6
C:\projects\Java_Quiz_App-master\JavaQuizApp\src\javaquizapp\Quiz.java,javaquizapp.Quiz,jButton2ActionPerformed/1[java.awt.event.ActionEvent],jPanel6,1
C:\projects\Java_Quiz_App-master\JavaQuizApp\src\javaquizapp\Quiz.java,javaquizapp.Quiz,jButton27ActionPerformed/1[java.awt.event.ActionEvent],jPanel4,6
C:\projects\Java_Quiz_App-master\JavaQuizApp\src\javaquizapp\Quiz.java,javaquizapp.Quiz,jButton27ActionPerformed/1[java.awt.event.ActionEvent],jPanel31,1
C:\projects\Java_Quiz_App-master\JavaQuizApp\src\javaquizapp\Quiz.java,javaquizapp.Quiz,jButton22ActionPerformed/1[java.awt.event.ActionEvent],jPanel4,6
C:\projects\Java_Quiz_App-master\JavaQuizApp\src\javaquizapp\Quiz.java,javaquizapp.Quiz,jButton22ActionPerformed/1[java.awt.event.ActionEvent],jPanel26,1
C:\projects\Java_Quiz_App-master\JavaQuizApp\src\javaquizapp\Quiz.java,javaquizapp.Quiz,jButton4ActionPerformed/1[java.awt.event.ActionEvent],jPanel4,6
C:\projects\Java_Quiz_App-master\JavaQuizApp\src\javaquizapp\Quiz.java,javaquizapp.Quiz,jButton4ActionPerformed/1[java.awt.event.ActionEvent],jPanel8,1
C:\projects\Java_Quiz_App-master\JavaQuizApp\src\javaquizapp\Quiz.java,javaquizapp.Quiz,jButton19ActionPerformed/1[java.awt.event.ActionEvent],jPanel4,6
C:\projects\Java_Quiz_App-master\JavaQuizApp\src\javaquizapp\Quiz.java,javaquizapp.Quiz,jButton19ActionPerformed/1[java.awt.event.ActionEvent],jPanel23,1
C:\projects\Java_Quiz_App-master\JavaQuizApp\src\javaquizapp\Quiz.java,javaquizapp.Quiz,jButton26ActionPerformed/1[java.awt.event.ActionEvent],jPanel30,1
C:\projects\Java_Quiz_App-master\JavaQuizApp\src\javaquizapp\Quiz.java,javaquizapp.Quiz,jButton26ActionPerformed/1[java.awt.event.ActionEvent],jPanel4,6
C:\projects\Java_Quiz_App-master\JavaQuizApp\src\javaquizapp\Quiz.java,javaquizapp.Quiz,jButton12ActionPerformed/1[java.awt.event.ActionEvent],jPanel4,6
C:\projects\Java_Quiz_App-master\JavaQuizApp\src\javaquizapp\Quiz.java,javaquizapp.Quiz,jButton12ActionPerformed/1[java.awt.event.ActionEvent],jPanel16,1
C:\projects\Java_Quiz_App-master\JavaQuizApp\src\javaquizapp\Quiz.java,javaquizapp.Quiz,jButton8ActionPerformed/1[java.awt.event.ActionEvent],jPanel4,6
C:\projects\Java_Quiz_App-master\JavaQuizApp\src\javaquizapp\Quiz.java,javaquizapp.Quiz,jButton8ActionPerformed/1[java.awt.event.ActionEvent],jPanel12,1
C:\projects\Java_Quiz_App-master\JavaQuizApp\src\javaquizapp\Quiz.java,javaquizapp.Quiz,jButton16ActionPerformed/1[java.awt.event.ActionEvent],jPanel4,6
C:\projects\Java_Quiz_App-master\JavaQuizApp\src\javaquizapp\Quiz.java,javaquizapp.Quiz,jButton16ActionPerformed/1[java.awt.event.ActionEvent],jPanel20,1
C:\projects\Java_Quiz_App-master\JavaQuizApp\src\javaquizapp\Quiz.java,javaquizapp.Quiz,jButton11ActionPerformed/1[java.awt.event.ActionEvent],jPanel4,6
C:\projects\Java_Quiz_App-master\JavaQuizApp\src\javaquizapp\Quiz.java,javaquizapp.Quiz,jButton11ActionPerformed/1[java.awt.event.ActionEvent],jPanel15,1
C:\projects\Java_Quiz_App-master\JavaQuizApp\src\javaquizapp\Quiz.java,javaquizapp.Quiz,calPoint/0,jRadioButton117,1
C:\projects\Java_Quiz_App-master\JavaQuizApp\src\javaquizapp\Quiz.java,javaquizapp.Quiz,calPoint/0,jRadioButton28,1
C:\projects\Java_Quiz_App-master\JavaQuizApp\src\javaquizapp\Quiz.java,javaquizapp.Quiz,calPoint/0,jRadioButton69,1
C:\projects\Java_Quiz_App-master\JavaQuizApp\src\javaquizapp\Quiz.java,javaquizapp.Quiz,calPoint/0,jRadioButton26,1
C:\projects\Java_Quiz_App-master\JavaQuizApp\src\javaquizapp\Quiz.java,javaquizapp.Quiz,calPoint/0,jRadioButton46,1
C:\projects\Java_Quiz_App-master\JavaQuizApp\src\javaquizapp\Quiz.java,javaquizapp.Quiz,calPoint/0,jRadioButton21,1
C:\projects\Java_Quiz_App-master\JavaQuizApp\src\javaquizapp\Quiz.java,javaquizapp.Quiz,calPoint/0,jRadioButton43,1
C:\projects\Java_Quiz_App-master\JavaQuizApp\src\javaquizapp\Quiz.java,javaquizapp.Quiz,calPoint/0,jRadioButton42,1
C:\projects\Java_Quiz_App-master\JavaQuizApp\src\javaquizapp\Quiz.java,javaquizapp.Quiz,calPoint/0,jRadioButton86,1
C:\projects\Java_Quiz_App-master\JavaQuizApp\src\javaquizapp\Quiz.java,javaquizapp.Quiz,calPoint/0,jRadioButton72,1
C:\projects\Java_Quiz_App-master\JavaQuizApp\src\javaquizapp\Quiz.java,javaquizapp.Quiz,calPoint/0,jRadioButton94,1
C:\projects\Java_Quiz_App-master\JavaQuizApp\src\javaquizapp\Quiz.java,javaquizapp.Quiz,calPoint/0,jRadioButton51,1
C:\projects\Java_Quiz_App-master\JavaQuizApp\src\javaquizapp\Quiz.java,javaquizapp.Quiz,calPoint/0,jRadioButton70,1
C:\projects\Java_Quiz_App-master\JavaQuizApp\src\javaquizapp\Quiz.java,javaquizapp.Quiz,calPoint/0,jRadioButton92,1
C:\projects\Java_Quiz_App-master\JavaQuizApp\src\javaquizapp\Quiz.java,javaquizapp.Quiz,calPoint/0,Points,1
C:\projects\Java_Quiz_App-master\JavaQuizApp\src\javaquizapp\Quiz.java,javaquizapp.Quiz,calPoint/0,jRadioButton8,1
C:\projects\Java_Quiz_App-master\JavaQuizApp\src\javaquizapp\Quiz.java,javaquizapp.Quiz,calPoint/0,jRadioButton110,1
C:\projects\Java_Quiz_App-master\JavaQuizApp\src\javaquizapp\Quiz.java,javaquizapp.Quiz,calPoint/0,jRadioButton3,1
C:\projects\Java_Quiz_App-master\JavaQuizApp\src\javaquizapp\Quiz.java,javaquizapp.Quiz,calPoint/0,jRadioButton106,1
C:\projects\Java_Quiz_App-master\JavaQuizApp\src\javaquizapp\Quiz.java,javaquizapp.Quiz,calPoint/0,jRadioButton18,1
C:\projects\Java_Quiz_App-master\JavaQuizApp\src\javaquizapp\Quiz.java,javaquizapp.Quiz,calPoint/0,jRadioButton16,1
C:\projects\Java_Quiz_App-master\JavaQuizApp\src\javaquizapp\Quiz.java,javaquizapp.Quiz,calPoint/0,jRadioButton102,1
C:\projects\Java_Quiz_App-master\JavaQuizApp\src\javaquizapp\Quiz.java,javaquizapp.Quiz,calPoint/0,jRadioButton59,1
C:\projects\Java_Quiz_App-master\JavaQuizApp\src\javaquizapp\Quiz.java,javaquizapp.Quiz,calPoint/0,marks,34
C:\projects\Java_Quiz_App-master\JavaQuizApp\src\javaquizapp\Quiz.java,javaquizapp.Quiz,calPoint/0,jRadioButton35,1
C:\projects\Java_Quiz_App-master\JavaQuizApp\src\javaquizapp\Quiz.java,javaquizapp.Quiz,calPoint/0,jRadioButton54,1
C:\projects\Java_Quiz_App-master\JavaQuizApp\src\javaquizapp\Quiz.java,javaquizapp.Quiz,calPoint/0,jRadioButton11,1
C:\projects\Java_Quiz_App-master\JavaQuizApp\src\javaquizapp\Quiz.java,javaquizapp.Quiz,calPoint/0,jRadioButton31,1
C:\projects\Java_Quiz_App-master\JavaQuizApp\src\javaquizapp\Quiz.java,javaquizapp.Quiz,calPoint/0,jRadioButton75,1
C:\projects\Java_Quiz_App-master\JavaQuizApp\src\javaquizapp\Quiz.java,javaquizapp.Quiz,calPoint/0,jRadioButton40,1
C:\projects\Java_Quiz_App-master\JavaQuizApp\src\javaquizapp\Quiz.java,javaquizapp.Quiz,calPoint/0,jRadioButton62,1
C:\projects\Java_Quiz_App-master\JavaQuizApp\src\javaquizapp\Quiz.java,javaquizapp.Quiz,calPoint/0,jRadioButton81,1
C:\projects\Java_Quiz_App-master\JavaQuizApp\src\javaquizapp\Quiz.java,javaquizapp.Quiz,calPoint/0,jRadioButton82,1
C:\projects\Java_Quiz_App-master\JavaQuizApp\src\javaquizapp\Quiz.java,javaquizapp.Quiz,calPoint/0,jRadioButton100,1
C:\projects\Java_Quiz_App-master\JavaQuizApp\src\javaquizapp\Quiz.java,javaquizapp.Quiz,jButton23ActionPerformed/1[java.awt.event.ActionEvent],jPanel4,6
C:\projects\Java_Quiz_App-master\JavaQuizApp\src\javaquizapp\Quiz.java,javaquizapp.Quiz,jButton23ActionPerformed/1[java.awt.event.ActionEvent],jPanel27,1
C:\projects\Java_Quiz_App-master\JavaQuizApp\src\javaquizapp\Quiz.java,javaquizapp.Quiz,jButton30ActionPerformed/1[java.awt.event.ActionEvent],jPanel4,6
C:\projects\Java_Quiz_App-master\JavaQuizApp\src\javaquizapp\Quiz.java,javaquizapp.Quiz,jButton30ActionPerformed/1[java.awt.event.ActionEvent],jPanel34,1
C:\projects\Java_Quiz_App-master\JavaQuizApp\src\javaquizapp\Quiz.java,javaquizapp.Quiz,initComponents/0,jCheckBox1,7
C:\projects\Java_Quiz_App-master\JavaQuizApp\src\javaquizapp\Quiz.java,javaquizapp.Quiz,initComponents/0,jLabel30,6
C:\projects\Java_Quiz_App-master\JavaQuizApp\src\javaquizapp\Quiz.java,javaquizapp.Quiz,initComponents/0,jLabel31,6
C:\projects\Java_Quiz_App-master\JavaQuizApp\src\javaquizapp\Quiz.java,javaquizapp.Quiz,initComponents/0,jLabel3,5
C:\projects\Java_Quiz_App-master\JavaQuizApp\src\javaquizapp\Quiz.java,javaquizapp.Quiz,initComponents/0,jLabel2,5
C:\projects\Java_Quiz_App-master\JavaQuizApp\src\javaquizapp\Quiz.java,javaquizapp.Quiz,initComponents/0,jLabel5,5
C:\projects\Java_Quiz_App-master\JavaQuizApp\src\javaquizapp\Quiz.java,javaquizapp.Quiz,initComponents/0,jRadioButton117,6
C:\projects\Java_Quiz_App-master\JavaQuizApp\src\javaquizapp\Quiz.java,javaquizapp.Quiz,initComponents/0,jLabel4,5
C:\projects\Java_Quiz_App-master\JavaQuizApp\src\javaquizapp\Quiz.java,javaquizapp.Quiz,initComponents/0,jLabel7,5
C:\projects\Java_Quiz_App-master\JavaQuizApp\src\javaquizapp\Quiz.java,javaquizapp.Quiz,initComponents/0,jRadioButton115,6
C:\projects\Java_Quiz_App-master\JavaQuizApp\src\javaquizapp\Quiz.java,javaquizapp.Quiz,initComponents/0,jLabel6,5
C:\projects\Java_Quiz_App-master\JavaQuizApp\src\javaquizapp\Quiz.java,javaquizapp.Quiz,initComponents/0,jRadioButton116,6
C:\projects\Java_Quiz_App-master\JavaQuizApp\src\javaquizapp\Quiz.java,javaquizapp.Quiz,initComponents/0,jLabel9,5
C:\projects\Java_Quiz_App-master\JavaQuizApp\src\javaquizapp\Quiz.java,javaquizapp.Quiz,initComponents/0,jRadioButton113,6
C:\projects\Java_Quiz_App-master\JavaQuizApp\src\javaquizapp\Quiz.java,javaquizapp.Quiz,initComponents/0,jLabel8,5
C:\projects\Java_Quiz_App-master\JavaQuizApp\src\javaquizapp\Quiz.java,javaquizapp.Quiz,initComponents/0,jRadioButton114,6
C:\projects\Java_Quiz_App-master\JavaQuizApp\src\javaquizapp\Quiz.java,javaquizapp.Quiz,initComponents/0,jRadioButton111,6
C:\projects\Java_Quiz_App-master\JavaQuizApp\src\javaquizapp\Quiz.java,javaquizapp.Quiz,initComponents/0,jRadioButton112,6
C:\projects\Java_Quiz_App-master\JavaQuizApp\src\javaquizapp\Quiz.java,javaquizapp.Quiz,initComponents/0,jRadioButton110,6
C:\projects\Java_Quiz_App-master\JavaQuizApp\src\javaquizapp\Quiz.java,javaquizapp.Quiz,initComponents/0,jRadioButton108,6
C:\projects\Java_Quiz_App-master\JavaQuizApp\src\javaquizapp\Quiz.java,javaquizapp.Quiz,initComponents/0,jRadioButton109,6
C:\projects\Java_Quiz_App-master\JavaQuizApp\src\javaquizapp\Quiz.java,javaquizapp.Quiz,initComponents/0,jRadioButton106,6
C:\projects\Java_Quiz_App-master\JavaQuizApp\src\javaquizapp\Quiz.java,javaquizapp.Quiz,initComponents/0,jRadioButton107,6
C:\projects\Java_Quiz_App-master\JavaQuizApp\src\javaquizapp\Quiz.java,javaquizapp.Quiz,initComponents/0,jRadioButton104,6
C:\projects\Java_Quiz_App-master\JavaQuizApp\src\javaquizapp\Quiz.java,javaquizapp.Quiz,initComponents/0,jRadioButton105,6
C:\projects\Java_Quiz_App-master\JavaQuizApp\src\javaquizapp\Quiz.java,javaquizapp.Quiz,initComponents/0,jRadioButton102,6
C:\projects\Java_Quiz_App-master\JavaQuizApp\src\javaquizapp\Quiz.java,javaquizapp.Quiz,initComponents/0,jRadioButton103,6
C:\projects\Java_Quiz_App-master\JavaQuizApp\src\javaquizapp\Quiz.java,javaquizapp.Quiz,initComponents/0,jRadioButton100,6
C:\projects\Java_Quiz_App-master\JavaQuizApp\src\javaquizapp\Quiz.java,javaquizapp.Quiz,initComponents/0,jRadioButton101,6
C:\projects\Java_Quiz_App-master\JavaQuizApp\src\javaquizapp\Quiz.java,javaquizapp.Quiz,initComponents/0,jRadioButton1,6
C:\projects\Java_Quiz_App-master\JavaQuizApp\src\javaquizapp\Quiz.java,javaquizapp.Quiz,initComponents/0,jRadioButton2,6
C:\projects\Java_Quiz_App-master\JavaQuizApp\src\javaquizapp\Quiz.java,javaquizapp.Quiz,initComponents/0,jRadioButton9,6
C:\projects\Java_Quiz_App-master\JavaQuizApp\src\javaquizapp\Quiz.java,javaquizapp.Quiz,initComponents/0,jRadioButton7,6
C:\projects\Java_Quiz_App-master\JavaQuizApp\src\javaquizapp\Quiz.java,javaquizapp.Quiz,initComponents/0,jRadioButton8,6
C:\projects\Java_Quiz_App-master\JavaQuizApp\src\javaquizapp\Quiz.java,javaquizapp.Quiz,initComponents/0,jRadioButton5,6
C:\projects\Java_Quiz_App-master\JavaQuizApp\src\javaquizapp\Quiz.java,javaquizapp.Quiz,initComponents/0,jRadioButton6,6
C:\projects\Java_Quiz_App-master\JavaQuizApp\src\javaquizapp\Quiz.java,javaquizapp.Quiz,initComponents/0,jRadioButton3,6
C:\projects\Java_Quiz_App-master\JavaQuizApp\src\javaquizapp\Quiz.java,javaquizapp.Quiz,initComponents/0,jRadioButton4,6
C:\projects\Java_Quiz_App-master\JavaQuizApp\src\javaquizapp\Quiz.java,javaquizapp.Quiz,initComponents/0,jRadioButton18,6
C:\projects\Java_Quiz_App-master\JavaQuizApp\src\javaquizapp\Quiz.java,javaquizapp.Quiz,initComponents/0,jRadioButton19,6
C:\projects\Java_Quiz_App-master\JavaQuizApp\src\javaquizapp\Quiz.java,javaquizapp.Quiz,initComponents/0,jRadioButton16,6
C:\projects\Java_Quiz_App-master\JavaQuizApp\src\javaquizapp\Quiz.java,javaquizapp.Quiz,initComponents/0,jRadioButton17,6
C:\projects\Java_Quiz_App-master\JavaQuizApp\src\javaquizapp\Quiz.java,javaquizapp.Quiz,initComponents/0,jRadioButton14,6
C:\projects\Java_Quiz_App-master\JavaQuizApp\src\javaquizapp\Quiz.java,javaquizapp.Quiz,initComponents/0,jRadioButton15,6
C:\projects\Java_Quiz_App-master\JavaQuizApp\src\javaquizapp\Quiz.java,javaquizapp.Quiz,initComponents/0,jRadioButton12,6
C:\projects\Java_Quiz_App-master\JavaQuizApp\src\javaquizapp\Quiz.java,javaquizapp.Quiz,initComponents/0,jRadioButton13,6
C:\projects\Java_Quiz_App-master\JavaQuizApp\src\javaquizapp\Quiz.java,javaquizapp.Quiz,initComponents/0,jRadioButton10,6
C:\projects\Java_Quiz_App-master\JavaQuizApp\src\javaquizapp\Quiz.java,javaquizapp.Quiz,initComponents/0,jRadioButton11,6
C:\projects\Java_Quiz_App-master\JavaQuizApp\src\javaquizapp\Quiz.java,javaquizapp.Quiz,initComponents/0,jLabel28,5
C:\projects\Java_Quiz_App-master\JavaQuizApp\src\javaquizapp\Quiz.java,javaquizapp.Quiz,initComponents/0,jLabel29,6
C:\projects\Java_Quiz_App-master\JavaQuizApp\src\javaquizapp\Quiz.java,javaquizapp.Quiz,initComponents/0,jRadioButton29,6
C:\projects\Java_Quiz_App-master\JavaQuizApp\src\javaquizapp\Quiz.java,javaquizapp.Quiz,initComponents/0,jRadioButton27,6
C:\projects\Java_Quiz_App-master\JavaQuizApp\src\javaquizapp\Quiz.java,javaquizapp.Quiz,initComponents/0,jRadioButton28,6
C:\projects\Java_Quiz_App-master\JavaQuizApp\src\javaquizapp\Quiz.java,javaquizapp.Quiz,initComponents/0,jRadioButton25,6
C:\projects\Java_Quiz_App-master\JavaQuizApp\src\javaquizapp\Quiz.java,javaquizapp.Quiz,initComponents/0,jRadioButton26,6
C:\projects\Java_Quiz_App-master\JavaQuizApp\src\javaquizapp\Quiz.java,javaquizapp.Quiz,initComponents/0,jRadioButton23,6
C:\projects\Java_Quiz_App-master\JavaQuizApp\src\javaquizapp\Quiz.java,javaquizapp.Quiz,initComponents/0,jRadioButton24,6
C:\projects\Java_Quiz_App-master\JavaQuizApp\src\javaquizapp\Quiz.java,javaquizapp.Quiz,initComponents/0,jRadioButton21,6
C:\projects\Java_Quiz_App-master\JavaQuizApp\src\javaquizapp\Quiz.java,javaquizapp.Quiz,initComponents/0,jRadioButton22,6
C:\projects\Java_Quiz_App-master\JavaQuizApp\src\javaquizapp\Quiz.java,javaquizapp.Quiz,initComponents/0,jRadioButton20,6
C:\projects\Java_Quiz_App-master\JavaQuizApp\src\javaquizapp\Quiz.java,javaquizapp.Quiz,initComponents/0,jPanel1,35
C:\projects\Java_Quiz_App-master\JavaQuizApp\src\javaquizapp\Quiz.java,javaquizapp.Quiz,initComponents/0,jPanel4,35
C:\projects\Java_Quiz_App-master\JavaQuizApp\src\javaquizapp\Quiz.java,javaquizapp.Quiz,initComponents/0,jLabel20,5
C:\projects\Java_Quiz_App-master\JavaQuizApp\src\javaquizapp\Quiz.java,javaquizapp.Quiz,initComponents/0,jPanel5,4
C:\projects\Java_Quiz_App-master\JavaQuizApp\src\javaquizapp\Quiz.java,javaquizapp.Quiz,initComponents/0,jLabel21,5
C:\projects\Java_Quiz_App-master\JavaQuizApp\src\javaquizapp\Quiz.java,javaquizapp.Quiz,initComponents/0,jPanel2,6
C:\projects\Java_Quiz_App-master\JavaQuizApp\src\javaquizapp\Quiz.java,javaquizapp.Quiz,initComponents/0,jLabel22,5
C:\projects\Java_Quiz_App-master\JavaQuizApp\src\javaquizapp\Quiz.java,javaquizapp.Quiz,initComponents/0,jPanel3,6
C:\projects\Java_Quiz_App-master\JavaQuizApp\src\javaquizapp\Quiz.java,javaquizapp.Quiz,initComponents/0,jLabel23,5
C:\projects\Java_Quiz_App-master\JavaQuizApp\src\javaquizapp\Quiz.java,javaquizapp.Quiz,initComponents/0,jPanel8,4
C:\projects\Java_Quiz_App-master\JavaQuizApp\src\javaquizapp\Quiz.java,javaquizapp.Quiz,initComponents/0,jLabel24,5
C:\projects\Java_Quiz_App-master\JavaQuizApp\src\javaquizapp\Quiz.java,javaquizapp.Quiz,initComponents/0,jPanel9,4
C:\projects\Java_Quiz_App-master\JavaQuizApp\src\javaquizapp\Quiz.java,javaquizapp.Quiz,initComponents/0,jLabel25,5
C:\projects\Java_Quiz_App-master\JavaQuizApp\src\javaquizapp\Quiz.java,javaquizapp.Quiz,initComponents/0,jPanel6,4
C:\projects\Java_Quiz_App-master\JavaQuizApp\src\javaquizapp\Quiz.java,javaquizapp.Quiz,initComponents/0,jLabel26,5
C:\projects\Java_Quiz_App-master\JavaQuizApp\src\javaquizapp\Quiz.java,javaquizapp.Quiz,initComponents/0,jPanel7,4
C:\projects\Java_Quiz_App-master\JavaQuizApp\src\javaquizapp\Quiz.java,javaquizapp.Quiz,initComponents/0,jLabel27,5
C:\projects\Java_Quiz_App-master\JavaQuizApp\src\javaquizapp\Quiz.java,javaquizapp.Quiz,initComponents/0,jLabel17,5
C:\projects\Java_Quiz_App-master\JavaQuizApp\src\javaquizapp\Quiz.java,javaquizapp.Quiz,initComponents/0,jLabel18,5
C:\projects\Java_Quiz_App-master\JavaQuizApp\src\javaquizapp\Quiz.java,javaquizapp.Quiz,initComponents/0,jLabel19,5
C:\projects\Java_Quiz_App-master\JavaQuizApp\src\javaquizapp\Quiz.java,javaquizapp.Quiz,initComponents/0,jRadioButton38,6
C:\projects\Java_Quiz_App-master\JavaQuizApp\src\javaquizapp\Quiz.java,javaquizapp.Quiz,initComponents/0,jRadioButton39,6
C:\projects\Java_Quiz_App-master\JavaQuizApp\src\javaquizapp\Quiz.java,javaquizapp.Quiz,initComponents/0,jRadioButton36,6
C:\projects\Java_Quiz_App-master\JavaQuizApp\src\javaquizapp\Quiz.java,javaquizapp.Quiz,initComponents/0,jRadioButton37,6
C:\projects\Java_Quiz_App-master\JavaQuizApp\src\javaquizapp\Quiz.java,javaquizapp.Quiz,initComponents/0,jRadioButton34,6
C:\projects\Java_Quiz_App-master\JavaQuizApp\src\javaquizapp\Quiz.java,javaquizapp.Quiz,initComponents/0,jRadioButton35,6
C:\projects\Java_Quiz_App-master\JavaQuizApp\src\javaquizapp\Quiz.java,javaquizapp.Quiz,initComponents/0,jRadioButton32,6
C:\projects\Java_Quiz_App-master\JavaQuizApp\src\javaquizapp\Quiz.java,javaquizapp.Quiz,initComponents/0,jRadioButton33,6
C:\projects\Java_Quiz_App-master\JavaQuizApp\src\javaquizapp\Quiz.java,javaquizapp.Quiz,initComponents/0,jRadioButton30,6
C:\projects\Java_Quiz_App-master\JavaQuizApp\src\javaquizapp\Quiz.java,javaquizapp.Quiz,initComponents/0,jRadioButton31,6
C:\projects\Java_Quiz_App-master\JavaQuizApp\src\javaquizapp\Quiz.java,javaquizapp.Quiz,initComponents/0,jRadioButton40,6
C:\projects\Java_Quiz_App-master\JavaQuizApp\src\javaquizapp\Quiz.java,javaquizapp.Quiz,initComponents/0,jLabel10,5
C:\projects\Java_Quiz_App-master\JavaQuizApp\src\javaquizapp\Quiz.java,javaquizapp.Quiz,initComponents/0,jLabel11,5
C:\projects\Java_Quiz_App-master\JavaQuizApp\src\javaquizapp\Quiz.java,javaquizapp.Quiz,initComponents/0,jLabel12,5
C:\projects\Java_Quiz_App-master\JavaQuizApp\src\javaquizapp\Quiz.java,javaquizapp.Quiz,initComponents/0,jLabel13,5
C:\projects\Java_Quiz_App-master\JavaQuizApp\src\javaquizapp\Quiz.java,javaquizapp.Quiz,initComponents/0,jLabel14,5
C:\projects\Java_Quiz_App-master\JavaQuizApp\src\javaquizapp\Quiz.java,javaquizapp.Quiz,initComponents/0,jLabel15,5
C:\projects\Java_Quiz_App-master\JavaQuizApp\src\javaquizapp\Quiz.java,javaquizapp.Quiz,initComponents/0,jLabel16,5
C:\projects\Java_Quiz_App-master\JavaQuizApp\src\javaquizapp\Quiz.java,javaquizapp.Quiz,initComponents/0,jPanel62,6
C:\projects\Java_Quiz_App-master\JavaQuizApp\src\javaquizapp\Quiz.java,javaquizapp.Quiz,initComponents/0,jPanel63,6
C:\projects\Java_Quiz_App-master\JavaQuizApp\src\javaquizapp\Quiz.java,javaquizapp.Quiz,initComponents/0,jRadioButton49,6
C:\projects\Java_Quiz_App-master\JavaQuizApp\src\javaquizapp\Quiz.java,javaquizapp.Quiz,initComponents/0,jPanel60,6
C:\projects\Java_Quiz_App-master\JavaQuizApp\src\javaquizapp\Quiz.java,javaquizapp.Quiz,initComponents/0,jPanel61,6
C:\projects\Java_Quiz_App-master\JavaQuizApp\src\javaquizapp\Quiz.java,javaquizapp.Quiz,initComponents/0,buttonGroup21,5
C:\projects\Java_Quiz_App-master\JavaQuizApp\src\javaquizapp\Quiz.java,javaquizapp.Quiz,initComponents/0,jRadioButton47,6
C:\projects\Java_Quiz_App-master\JavaQuizApp\src\javaquizapp\Quiz.java,javaquizapp.Quiz,initComponents/0,buttonGroup22,5
C:\projects\Java_Quiz_App-master\JavaQuizApp\src\javaquizapp\Quiz.java,javaquizapp.Quiz,initComponents/0,jRadioButton48,6
C:\projects\Java_Quiz_App-master\JavaQuizApp\src\javaquizapp\Quiz.java,javaquizapp.Quiz,initComponents/0,buttonGroup23,5
C:\projects\Java_Quiz_App-master\JavaQuizApp\src\javaquizapp\Quiz.java,javaquizapp.Quiz,initComponents/0,jRadioButton45,6
C:\projects\Java_Quiz_App-master\JavaQuizApp\src\javaquizapp\Quiz.java,javaquizapp.Quiz,initComponents/0,jPanel64,6
C:\projects\Java_Quiz_App-master\JavaQuizApp\src\javaquizapp\Quiz.java,javaquizapp.Quiz,initComponents/0,buttonGroup24,5
C:\projects\Java_Quiz_App-master\JavaQuizApp\src\javaquizapp\Quiz.java,javaquizapp.Quiz,initComponents/0,jRadioButton46,6
C:\projects\Java_Quiz_App-master\JavaQuizApp\src\javaquizapp\Quiz.java,javaquizapp.Quiz,initComponents/0,jRadioButton43,6
C:\projects\Java_Quiz_App-master\JavaQuizApp\src\javaquizapp\Quiz.java,javaquizapp.Quiz,initComponents/0,jRadioButton44,6
C:\projects\Java_Quiz_App-master\JavaQuizApp\src\javaquizapp\Quiz.java,javaquizapp.Quiz,initComponents/0,jRadioButton41,6
C:\projects\Java_Quiz_App-master\JavaQuizApp\src\javaquizapp\Quiz.java,javaquizapp.Quiz,initComponents/0,buttonGroup20,5
C:\projects\Java_Quiz_App-master\JavaQuizApp\src\javaquizapp\Quiz.java,javaquizapp.Quiz,initComponents/0,jRadioButton42,6
C:\projects\Java_Quiz_App-master\JavaQuizApp\src\javaquizapp\Quiz.java,javaquizapp.Quiz,initComponents/0,buttonGroup29,5
C:\projects\Java_Quiz_App-master\JavaQuizApp\src\javaquizapp\Quiz.java,javaquizapp.Quiz,initComponents/0,jRadioButton50,6
C:\projects\Java_Quiz_App-master\JavaQuizApp\src\javaquizapp\Quiz.java,javaquizapp.Quiz,initComponents/0,jRadioButton51,6
C:\projects\Java_Quiz_App-master\JavaQuizApp\src\javaquizapp\Quiz.java,javaquizapp.Quiz,initComponents/0,buttonGroup25,5
C:\projects\Java_Quiz_App-master\JavaQuizApp\src\javaquizapp\Quiz.java,javaquizapp.Quiz,initComponents/0,buttonGroup26,9
C:\projects\Java_Quiz_App-master\JavaQuizApp\src\javaquizapp\Quiz.java,javaquizapp.Quiz,initComponents/0,buttonGroup27,5
C:\projects\Java_Quiz_App-master\JavaQuizApp\src\javaquizapp\Quiz.java,javaquizapp.Quiz,initComponents/0,buttonGroup28,5
C:\projects\Java_Quiz_App-master\JavaQuizApp\src\javaquizapp\Quiz.java,javaquizapp.Quiz,initComponents/0,jPanel51,6
C:\projects\Java_Quiz_App-master\JavaQuizApp\src\javaquizapp\Quiz.java,javaquizapp.Quiz,initComponents/0,jPanel52,6
C:\projects\Java_Quiz_App-master\JavaQuizApp\src\javaquizapp\Quiz.java,javaquizapp.Quiz,initComponents/0,jPanel50,6
C:\projects\Java_Quiz_App-master\JavaQuizApp\src\javaquizapp\Quiz.java,javaquizapp.Quiz,initComponents/0,buttonGroup10,5
C:\projects\Java_Quiz_App-master\JavaQuizApp\src\javaquizapp\Quiz.java,javaquizapp.Quiz,initComponents/0,jRadioButton58,6
C:\projects\Java_Quiz_App-master\JavaQuizApp\src\javaquizapp\Quiz.java,javaquizapp.Quiz,initComponents/0,jPanel55,6
C:\projects\Java_Quiz_App-master\JavaQuizApp\src\javaquizapp\Quiz.java,javaquizapp.Quiz,initComponents/0,buttonGroup11,1
C:\projects\Java_Quiz_App-master\JavaQuizApp\src\javaquizapp\Quiz.java,javaquizapp.Quiz,initComponents/0,jRadioButton59,6
C:\projects\Java_Quiz_App-master\JavaQuizApp\src\javaquizapp\Quiz.java,javaquizapp.Quiz,initComponents/0,jPanel56,6
C:\projects\Java_Quiz_App-master\JavaQuizApp\src\javaquizapp\Quiz.java,javaquizapp.Quiz,initComponents/0,buttonGroup12,5
C:\projects\Java_Quiz_App-master\JavaQuizApp\src\javaquizapp\Quiz.java,javaquizapp.Quiz,initComponents/0,jRadioButton56,6
C:\projects\Java_Quiz_App-master\JavaQuizApp\src\javaquizapp\Quiz.java,javaquizapp.Quiz,initComponents/0,jPanel53,6
C:\projects\Java_Quiz_App-master\JavaQuizApp\src\javaquizapp\Quiz.java,javaquizapp.Quiz,initComponents/0,buttonGroup13,4
C:\projects\Java_Quiz_App-master\JavaQuizApp\src\javaquizapp\Quiz.java,javaquizapp.Quiz,initComponents/0,jRadioButton57,6
C:\projects\Java_Quiz_App-master\JavaQuizApp\src\javaquizapp\Quiz.java,javaquizapp.Quiz,initComponents/0,jPanel54,6
C:\projects\Java_Quiz_App-master\JavaQuizApp\src\javaquizapp\Quiz.java,javaquizapp.Quiz,initComponents/0,jRadioButton54,6
C:\projects\Java_Quiz_App-master\JavaQuizApp\src\javaquizapp\Quiz.java,javaquizapp.Quiz,initComponents/0,jPanel59,6
C:\projects\Java_Quiz_App-master\JavaQuizApp\src\javaquizapp\Quiz.java,javaquizapp.Quiz,initComponents/0,jRadioButton55,6
C:\projects\Java_Quiz_App-master\JavaQuizApp\src\javaquizapp\Quiz.java,javaquizapp.Quiz,initComponents/0,jRadioButton52,6
C:\projects\Java_Quiz_App-master\JavaQuizApp\src\javaquizapp\Quiz.java,javaquizapp.Quiz,initComponents/0,jPanel57,6
C:\projects\Java_Quiz_App-master\JavaQuizApp\src\javaquizapp\Quiz.java,javaquizapp.Quiz,initComponents/0,jRadioButton53,6
C:\projects\Java_Quiz_App-master\JavaQuizApp\src\javaquizapp\Quiz.java,javaquizapp.Quiz,initComponents/0,jPanel58,6
C:\projects\Java_Quiz_App-master\JavaQuizApp\src\javaquizapp\Quiz.java,javaquizapp.Quiz,initComponents/0,buttonGroup18,5
C:\projects\Java_Quiz_App-master\JavaQuizApp\src\javaquizapp\Quiz.java,javaquizapp.Quiz,initComponents/0,jRadioButton61,6
C:\projects\Java_Quiz_App-master\JavaQuizApp\src\javaquizapp\Quiz.java,javaquizapp.Quiz,initComponents/0,buttonGroup19,5
C:\projects\Java_Quiz_App-master\JavaQuizApp\src\javaquizapp\Quiz.java,javaquizapp.Quiz,initComponents/0,jRadioButton62,6
C:\projects\Java_Quiz_App-master\JavaQuizApp\src\javaquizapp\Quiz.java,javaquizapp.Quiz,initComponents/0,jRadioButton60,6
C:\projects\Java_Quiz_App-master\JavaQuizApp\src\javaquizapp\Quiz.java,javaquizapp.Quiz,initComponents/0,buttonGroup14,5
C:\projects\Java_Quiz_App-master\JavaQuizApp\src\javaquizapp\Quiz.java,javaquizapp.Quiz,initComponents/0,buttonGroup15,5
C:\projects\Java_Quiz_App-master\JavaQuizApp\src\javaquizapp\Quiz.java,javaquizapp.Quiz,initComponents/0,buttonGroup16,5
C:\projects\Java_Quiz_App-master\JavaQuizApp\src\javaquizapp\Quiz.java,javaquizapp.Quiz,initComponents/0,buttonGroup17,5
C:\projects\Java_Quiz_App-master\JavaQuizApp\src\javaquizapp\Quiz.java,javaquizapp.Quiz,initComponents/0,jButton19,5
C:\projects\Java_Quiz_App-master\JavaQuizApp\src\javaquizapp\Quiz.java,javaquizapp.Quiz,initComponents/0,jButton16,5
C:\projects\Java_Quiz_App-master\JavaQuizApp\src\javaquizapp\Quiz.java,javaquizapp.Quiz,initComponents/0,jPanel40,6
C:\projects\Java_Quiz_App-master\JavaQuizApp\src\javaquizapp\Quiz.java,javaquizapp.Quiz,initComponents/0,jButton15,5
C:\projects\Java_Quiz_App-master\JavaQuizApp\src\javaquizapp\Quiz.java,javaquizapp.Quiz,initComponents/0,jPanel41,6
C:\projects\Java_Quiz_App-master\JavaQuizApp\src\javaquizapp\Quiz.java,javaquizapp.Quiz,initComponents/0,jButton18,5
C:\projects\Java_Quiz_App-master\JavaQuizApp\src\javaquizapp\Quiz.java,javaquizapp.Quiz,initComponents/0,jButton17,5
C:\projects\Java_Quiz_App-master\JavaQuizApp\src\javaquizapp\Quiz.java,javaquizapp.Quiz,initComponents/0,jPanel44,6
C:\projects\Java_Quiz_App-master\JavaQuizApp\src\javaquizapp\Quiz.java,javaquizapp.Quiz,initComponents/0,jRadioButton69,7
C:\projects\Java_Quiz_App-master\JavaQuizApp\src\javaquizapp\Quiz.java,javaquizapp.Quiz,initComponents/0,jPanel45,6
C:\projects\Java_Quiz_App-master\JavaQuizApp\src\javaquizapp\Quiz.java,javaquizapp.Quiz,initComponents/0,jPanel42,6
C:\projects\Java_Quiz_App-master\JavaQuizApp\src\javaquizapp\Quiz.java,javaquizapp.Quiz,initComponents/0,jRadioButton67,6
C:\projects\Java_Quiz_App-master\JavaQuizApp\src\javaquizapp\Quiz.java,javaquizapp.Quiz,initComponents/0,jPanel43,6
C:\projects\Java_Quiz_App-master\JavaQuizApp\src\javaquizapp\Quiz.java,javaquizapp.Quiz,initComponents/0,jRadioButton68,6
C:\projects\Java_Quiz_App-master\JavaQuizApp\src\javaquizapp\Quiz.java,javaquizapp.Quiz,initComponents/0,jPanel48,6
C:\projects\Java_Quiz_App-master\JavaQuizApp\src\javaquizapp\Quiz.java,javaquizapp.Quiz,initComponents/0,jRadioButton65,6
C:\projects\Java_Quiz_App-master\JavaQuizApp\src\javaquizapp\Quiz.java,javaquizapp.Quiz,initComponents/0,jPanel49,6
C:\projects\Java_Quiz_App-master\JavaQuizApp\src\javaquizapp\Quiz.java,javaquizapp.Quiz,initComponents/0,jRadioButton66,6
C:\projects\Java_Quiz_App-master\JavaQuizApp\src\javaquizapp\Quiz.java,javaquizapp.Quiz,initComponents/0,jPanel46,6
C:\projects\Java_Quiz_App-master\JavaQuizApp\src\javaquizapp\Quiz.java,javaquizapp.Quiz,initComponents/0,jRadioButton63,6
C:\projects\Java_Quiz_App-master\JavaQuizApp\src\javaquizapp\Quiz.java,javaquizapp.Quiz,initComponents/0,jPanel47,6
C:\projects\Java_Quiz_App-master\JavaQuizApp\src\javaquizapp\Quiz.java,javaquizapp.Quiz,initComponents/0,jRadioButton64,6
C:\projects\Java_Quiz_App-master\JavaQuizApp\src\javaquizapp\Quiz.java,javaquizapp.Quiz,initComponents/0,jRadioButton72,6
C:\projects\Java_Quiz_App-master\JavaQuizApp\src\javaquizapp\Quiz.java,javaquizapp.Quiz,initComponents/0,jRadioButton73,6
C:\projects\Java_Quiz_App-master\JavaQuizApp\src\javaquizapp\Quiz.java,javaquizapp.Quiz,initComponents/0,jPanel39,6
C:\projects\Java_Quiz_App-master\JavaQuizApp\src\javaquizapp\Quiz.java,javaquizapp.Quiz,initComponents/0,jRadioButton70,6
C:\projects\Java_Quiz_App-master\JavaQuizApp\src\javaquizapp\Quiz.java,javaquizapp.Quiz,initComponents/0,jRadioButton71,6
C:\projects\Java_Quiz_App-master\JavaQuizApp\src\javaquizapp\Quiz.java,javaquizapp.Quiz,initComponents/0,jButton23,5
C:\projects\Java_Quiz_App-master\JavaQuizApp\src\javaquizapp\Quiz.java,javaquizapp.Quiz,initComponents/0,jButton22,5
C:\projects\Java_Quiz_App-master\JavaQuizApp\src\javaquizapp\Quiz.java,javaquizapp.Quiz,initComponents/0,jButton25,5
C:\projects\Java_Quiz_App-master\JavaQuizApp\src\javaquizapp\Quiz.java,javaquizapp.Quiz,initComponents/0,jButton24,5
C:\projects\Java_Quiz_App-master\JavaQuizApp\src\javaquizapp\Quiz.java,javaquizapp.Quiz,initComponents/0,jButton21,5
C:\projects\Java_Quiz_App-master\JavaQuizApp\src\javaquizapp\Quiz.java,javaquizapp.Quiz,initComponents/0,jButton20,5
C:\projects\Java_Quiz_App-master\JavaQuizApp\src\javaquizapp\Quiz.java,javaquizapp.Quiz,initComponents/0,buttonGroup4,5
C:\projects\Java_Quiz_App-master\JavaQuizApp\src\javaquizapp\Quiz.java,javaquizapp.Quiz,initComponents/0,buttonGroup3,5
C:\projects\Java_Quiz_App-master\JavaQuizApp\src\javaquizapp\Quiz.java,javaquizapp.Quiz,initComponents/0,jPanel30,4
C:\projects\Java_Quiz_App-master\JavaQuizApp\src\javaquizapp\Quiz.java,javaquizapp.Quiz,initComponents/0,buttonGroup2,5
C:\projects\Java_Quiz_App-master\JavaQuizApp\src\javaquizapp\Quiz.java,javaquizapp.Quiz,initComponents/0,buttonGroup1,5
C:\projects\Java_Quiz_App-master\JavaQuizApp\src\javaquizapp\Quiz.java,javaquizapp.Quiz,initComponents/0,buttonGroup8,5
C:\projects\Java_Quiz_App-master\JavaQuizApp\src\javaquizapp\Quiz.java,javaquizapp.Quiz,initComponents/0,jPanel33,4
C:\projects\Java_Quiz_App-master\JavaQuizApp\src\javaquizapp\Quiz.java,javaquizapp.Quiz,initComponents/0,buttonGroup7,5
C:\projects\Java_Quiz_App-master\JavaQuizApp\src\javaquizapp\Quiz.java,javaquizapp.Quiz,initComponents/0,jPanel34,4
C:\projects\Java_Quiz_App-master\JavaQuizApp\src\javaquizapp\Quiz.java,javaquizapp.Quiz,initComponents/0,buttonGroup6,3
C:\projects\Java_Quiz_App-master\JavaQuizApp\src\javaquizapp\Quiz.java,javaquizapp.Quiz,initComponents/0,jRadioButton78,6
C:\projects\Java_Quiz_App-master\JavaQuizApp\src\javaquizapp\Quiz.java,javaquizapp.Quiz,initComponents/0,jPanel31,4
C:\projects\Java_Quiz_App-master\JavaQuizApp\src\javaquizapp\Quiz.java,javaquizapp.Quiz,initComponents/0,buttonGroup5,5
C:\projects\Java_Quiz_App-master\JavaQuizApp\src\javaquizapp\Quiz.java,javaquizapp.Quiz,initComponents/0,jRadioButton79,6
C:\projects\Java_Quiz_App-master\JavaQuizApp\src\javaquizapp\Quiz.java,javaquizapp.Quiz,initComponents/0,jPanel32,4
C:\projects\Java_Quiz_App-master\JavaQuizApp\src\javaquizapp\Quiz.java,javaquizapp.Quiz,initComponents/0,jPanel37,6
C:\projects\Java_Quiz_App-master\JavaQuizApp\src\javaquizapp\Quiz.java,javaquizapp.Quiz,initComponents/0,jRadioButton76,6
C:\projects\Java_Quiz_App-master\JavaQuizApp\src\javaquizapp\Quiz.java,javaquizapp.Quiz,initComponents/0,jPanel38,6
C:\projects\Java_Quiz_App-master\JavaQuizApp\src\javaquizapp\Quiz.java,javaquizapp.Quiz,initComponents/0,jRadioButton77,6
C:\projects\Java_Quiz_App-master\JavaQuizApp\src\javaquizapp\Quiz.java,javaquizapp.Quiz,initComponents/0,jPanel35,6
C:\projects\Java_Quiz_App-master\JavaQuizApp\src\javaquizapp\Quiz.java,javaquizapp.Quiz,initComponents/0,jRadioButton74,6
C:\projects\Java_Quiz_App-master\JavaQuizApp\src\javaquizapp\Quiz.java,javaquizapp.Quiz,initComponents/0,buttonGroup9,5
C:\projects\Java_Quiz_App-master\JavaQuizApp\src\javaquizapp\Quiz.java,javaquizapp.Quiz,initComponents/0,jPanel36,6
C:\projects\Java_Quiz_App-master\JavaQuizApp\src\javaquizapp\Quiz.java,javaquizapp.Quiz,initComponents/0,jRadioButton75,6
C:\projects\Java_Quiz_App-master\JavaQuizApp\src\javaquizapp\Quiz.java,javaquizapp.Quiz,initComponents/0,jRadioButton83,6
C:\projects\Java_Quiz_App-master\JavaQuizApp\src\javaquizapp\Quiz.java,javaquizapp.Quiz,initComponents/0,jRadioButton84,6
C:\projects\Java_Quiz_App-master\JavaQuizApp\src\javaquizapp\Quiz.java,javaquizapp.Quiz,initComponents/0,jRadioButton81,6
C:\projects\Java_Quiz_App-master\JavaQuizApp\src\javaquizapp\Quiz.java,javaquizapp.Quiz,initComponents/0,jPanel28,4
C:\projects\Java_Quiz_App-master\JavaQuizApp\src\javaquizapp\Quiz.java,javaquizapp.Quiz,initComponents/0,jRadioButton82,6
C:\projects\Java_Quiz_App-master\JavaQuizApp\src\javaquizapp\Quiz.java,javaquizapp.Quiz,initComponents/0,jPanel29,4
C:\projects\Java_Quiz_App-master\JavaQuizApp\src\javaquizapp\Quiz.java,javaquizapp.Quiz,initComponents/0,jRadioButton80,6
C:\projects\Java_Quiz_App-master\JavaQuizApp\src\javaquizapp\Quiz.java,javaquizapp.Quiz,initComponents/0,jButton12,5
C:\projects\Java_Quiz_App-master\JavaQuizApp\src\javaquizapp\Quiz.java,javaquizapp.Quiz,initComponents/0,jButton11,5
C:\projects\Java_Quiz_App-master\JavaQuizApp\src\javaquizapp\Quiz.java,javaquizapp.Quiz,initComponents/0,jButton14,5
C:\projects\Java_Quiz_App-master\JavaQuizApp\src\javaquizapp\Quiz.java,javaquizapp.Quiz,initComponents/0,jButton13,5
C:\projects\Java_Quiz_App-master\JavaQuizApp\src\javaquizapp\Quiz.java,javaquizapp.Quiz,initComponents/0,jButton10,5
C:\projects\Java_Quiz_App-master\JavaQuizApp\src\javaquizapp\Quiz.java,javaquizapp.Quiz,initComponents/0,jPanel22,4
C:\projects\Java_Quiz_App-master\JavaQuizApp\src\javaquizapp\Quiz.java,javaquizapp.Quiz,initComponents/0,jPanel23,4
C:\projects\Java_Quiz_App-master\JavaQuizApp\src\javaquizapp\Quiz.java,javaquizapp.Quiz,initComponents/0,jPanel20,4
C:\projects\Java_Quiz_App-master\JavaQuizApp\src\javaquizapp\Quiz.java,javaquizapp.Quiz,initComponents/0,jRadioButton89,6
C:\projects\Java_Quiz_App-master\JavaQuizApp\src\javaquizapp\Quiz.java,javaquizapp.Quiz,initComponents/0,jPanel21,4
C:\projects\Java_Quiz_App-master\JavaQuizApp\src\javaquizapp\Quiz.java,javaquizapp.Quiz,initComponents/0,jPanel26,4
C:\projects\Java_Quiz_App-master\JavaQuizApp\src\javaquizapp\Quiz.java,javaquizapp.Quiz,initComponents/0,jRadioButton87,6
C:\projects\Java_Quiz_App-master\JavaQuizApp\src\javaquizapp\Quiz.java,javaquizapp.Quiz,initComponents/0,jPanel27,4
C:\projects\Java_Quiz_App-master\JavaQuizApp\src\javaquizapp\Quiz.java,javaquizapp.Quiz,initComponents/0,jRadioButton88,6
C:\projects\Java_Quiz_App-master\JavaQuizApp\src\javaquizapp\Quiz.java,javaquizapp.Quiz,initComponents/0,jPanel24,4
C:\projects\Java_Quiz_App-master\JavaQuizApp\src\javaquizapp\Quiz.java,javaquizapp.Quiz,initComponents/0,jRadioButton85,6
C:\projects\Java_Quiz_App-master\JavaQuizApp\src\javaquizapp\Quiz.java,javaquizapp.Quiz,initComponents/0,jPanel25,4
C:\projects\Java_Quiz_App-master\JavaQuizApp\src\javaquizapp\Quiz.java,javaquizapp.Quiz,initComponents/0,jRadioButton86,6
C:\projects\Java_Quiz_App-master\JavaQuizApp\src\javaquizapp\Quiz.java,javaquizapp.Quiz,initComponents/0,jPanel19,4
C:\projects\Java_Quiz_App-master\JavaQuizApp\src\javaquizapp\Quiz.java,javaquizapp.Quiz,initComponents/0,jRadioButton94,6
C:\projects\Java_Quiz_App-master\JavaQuizApp\src\javaquizapp\Quiz.java,javaquizapp.Quiz,initComponents/0,jRadioButton95,6
C:\projects\Java_Quiz_App-master\JavaQuizApp\src\javaquizapp\Quiz.java,javaquizapp.Quiz,initComponents/0,jPanel17,4
C:\projects\Java_Quiz_App-master\JavaQuizApp\src\javaquizapp\Quiz.java,javaquizapp.Quiz,initComponents/0,jRadioButton92,6
C:\projects\Java_Quiz_App-master\JavaQuizApp\src\javaquizapp\Quiz.java,javaquizapp.Quiz,initComponents/0,jPanel18,4
C:\projects\Java_Quiz_App-master\JavaQuizApp\src\javaquizapp\Quiz.java,javaquizapp.Quiz,initComponents/0,jRadioButton93,6
C:\projects\Java_Quiz_App-master\JavaQuizApp\src\javaquizapp\Quiz.java,javaquizapp.Quiz,initComponents/0,jRadioButton90,6
C:\projects\Java_Quiz_App-master\JavaQuizApp\src\javaquizapp\Quiz.java,javaquizapp.Quiz,initComponents/0,jRadioButton91,6
C:\projects\Java_Quiz_App-master\JavaQuizApp\src\javaquizapp\Quiz.java,javaquizapp.Quiz,initComponents/0,jButton3,5
C:\projects\Java_Quiz_App-master\JavaQuizApp\src\javaquizapp\Quiz.java,javaquizapp.Quiz,initComponents/0,jButton2,5
C:\projects\Java_Quiz_App-master\JavaQuizApp\src\javaquizapp\Quiz.java,javaquizapp.Quiz,initComponents/0,jButton1,5
C:\projects\Java_Quiz_App-master\JavaQuizApp\src\javaquizapp\Quiz.java,javaquizapp.Quiz,initComponents/0,jButton27,5
C:\projects\Java_Quiz_App-master\JavaQuizApp\src\javaquizapp\Quiz.java,javaquizapp.Quiz,initComponents/0,jButton26,5
C:\projects\Java_Quiz_App-master\JavaQuizApp\src\javaquizapp\Quiz.java,javaquizapp.Quiz,initComponents/0,jButton29,5
C:\projects\Java_Quiz_App-master\JavaQuizApp\src\javaquizapp\Quiz.java,javaquizapp.Quiz,initComponents/0,jButton28,5
C:\projects\Java_Quiz_App-master\JavaQuizApp\src\javaquizapp\Quiz.java,javaquizapp.Quiz,initComponents/0,jPanel11,4
C:\projects\Java_Quiz_App-master\JavaQuizApp\src\javaquizapp\Quiz.java,javaquizapp.Quiz,initComponents/0,jPanel12,4
C:\projects\Java_Quiz_App-master\JavaQuizApp\src\javaquizapp\Quiz.java,javaquizapp.Quiz,initComponents/0,jButton9,5
C:\projects\Java_Quiz_App-master\JavaQuizApp\src\javaquizapp\Quiz.java,javaquizapp.Quiz,initComponents/0,jButton8,5
C:\projects\Java_Quiz_App-master\JavaQuizApp\src\javaquizapp\Quiz.java,javaquizapp.Quiz,initComponents/0,jPanel10,4
C:\projects\Java_Quiz_App-master\JavaQuizApp\src\javaquizapp\Quiz.java,javaquizapp.Quiz,initComponents/0,jButton7,5
C:\projects\Java_Quiz_App-master\JavaQuizApp\src\javaquizapp\Quiz.java,javaquizapp.Quiz,initComponents/0,jPanel15,4
C:\projects\Java_Quiz_App-master\JavaQuizApp\src\javaquizapp\Quiz.java,javaquizapp.Quiz,initComponents/0,jRadioButton98,6
C:\projects\Java_Quiz_App-master\JavaQuizApp\src\javaquizapp\Quiz.java,javaquizapp.Quiz,initComponents/0,jButton6,5
C:\projects\Java_Quiz_App-master\JavaQuizApp\src\javaquizapp\Quiz.java,javaquizapp.Quiz,initComponents/0,jPanel16,4
C:\projects\Java_Quiz_App-master\JavaQuizApp\src\javaquizapp\Quiz.java,javaquizapp.Quiz,initComponents/0,jRadioButton99,6
C:\projects\Java_Quiz_App-master\JavaQuizApp\src\javaquizapp\Quiz.java,javaquizapp.Quiz,initComponents/0,jButton5,5
C:\projects\Java_Quiz_App-master\JavaQuizApp\src\javaquizapp\Quiz.java,javaquizapp.Quiz,initComponents/0,jPanel13,4
C:\projects\Java_Quiz_App-master\JavaQuizApp\src\javaquizapp\Quiz.java,javaquizapp.Quiz,initComponents/0,jRadioButton96,6
C:\projects\Java_Quiz_App-master\JavaQuizApp\src\javaquizapp\Quiz.java,javaquizapp.Quiz,initComponents/0,jButton4,5
C:\projects\Java_Quiz_App-master\JavaQuizApp\src\javaquizapp\Quiz.java,javaquizapp.Quiz,initComponents/0,jPanel14,4
C:\projects\Java_Quiz_App-master\JavaQuizApp\src\javaquizapp\Quiz.java,javaquizapp.Quiz,initComponents/0,jRadioButton97,6
C:\projects\Java_Quiz_App-master\JavaQuizApp\src\javaquizapp\Quiz.java,javaquizapp.Quiz,initComponents/0,jButton30,5
C:\projects\Java_Quiz_App-master\JavaQuizApp\src\javaquizapp\Quiz.java,javaquizapp.Quiz,initComponents/0,jButton31,7
C:\projects\Java_Quiz_App-master\JavaQuizApp\src\javaquizapp\Quiz.java,javaquizapp.Quiz,initComponents/0,buttonGroup30,5
C:\projects\Java_Quiz_App-master\JavaQuizApp\src\javaquizapp\Quiz.java,javaquizapp.Quiz,jButton15ActionPerformed/1[java.awt.event.ActionEvent],jPanel19,1
C:\projects\Java_Quiz_App-master\JavaQuizApp\src\javaquizapp\Quiz.java,javaquizapp.Quiz,jButton15ActionPerformed/1[java.awt.event.ActionEvent],jPanel4,6
C:\projects\Java_Quiz_App-master\JavaQuizApp\src\javaquizapp\Quiz.java,javaquizapp.Quiz,jButton9ActionPerformed/1[java.awt.event.ActionEvent],jPanel4,6
C:\projects\Java_Quiz_App-master\JavaQuizApp\src\javaquizapp\Quiz.java,javaquizapp.Quiz,jButton9ActionPerformed/1[java.awt.event.ActionEvent],jPanel13,1
C:\projects\Java_Quiz_App-master\JavaQuizApp\src\javaquizapp\Quiz.java,javaquizapp.Quiz,jButton14ActionPerformed/1[java.awt.event.ActionEvent],jPanel18,1
C:\projects\Java_Quiz_App-master\JavaQuizApp\src\javaquizapp\Quiz.java,javaquizapp.Quiz,jButton14ActionPerformed/1[java.awt.event.ActionEvent],jPanel4,6
C:\projects\Java_Quiz_App-master\JavaQuizApp\src\javaquizapp\Quiz.java,javaquizapp.Quiz,jButton13ActionPerformed/1[java.awt.event.ActionEvent],jPanel17,1
C:\projects\Java_Quiz_App-master\JavaQuizApp\src\javaquizapp\Quiz.java,javaquizapp.Quiz,jButton13ActionPerformed/1[java.awt.event.ActionEvent],jPanel4,6
C:\projects\Java_Quiz_App-master\JavaQuizApp\src\javaquizapp\Quiz.java,javaquizapp.Quiz,jButton5ActionPerformed/1[java.awt.event.ActionEvent],jPanel4,6
C:\projects\Java_Quiz_App-master\JavaQuizApp\src\javaquizapp\Quiz.java,javaquizapp.Quiz,jButton5ActionPerformed/1[java.awt.event.ActionEvent],jPanel9,1
C:\projects\Java_Quiz_App-master\JavaQuizApp\src\javaquizapp\Quiz.java,javaquizapp.Quiz,jButton21ActionPerformed/1[java.awt.event.ActionEvent],jPanel4,6
C:\projects\Java_Quiz_App-master\JavaQuizApp\src\javaquizapp\Quiz.java,javaquizapp.Quiz,jButton21ActionPerformed/1[java.awt.event.ActionEvent],jPanel25,1
C:\projects\Java_Quiz_App-master\JavaQuizApp\src\javaquizapp\StartPage.java,javaquizapp.StartPage,initComponents/0,jLabel3,5
C:\projects\Java_Quiz_App-master\JavaQuizApp\src\javaquizapp\StartPage.java,javaquizapp.StartPage,initComponents/0,jLabel2,5
C:\projects\Java_Quiz_App-master\JavaQuizApp\src\javaquizapp\StartPage.java,javaquizapp.StartPage,initComponents/0,jButton1,6
C:\projects\Java_Quiz_App-master\JavaQuizApp\src\javaquizapp\StartPage.java,javaquizapp.StartPage,initComponents/0,jLabel4,4
C:\projects\Java_Quiz_App-master\JavaQuizApp\src\javaquizapp\StartPage.java,javaquizapp.StartPage,initComponents/0,jPanel1,6
C:\projects\Java_Quiz_App-master\JavaQuizApp\src\javaquizapp\StartPage.java,javaquizapp.StartPage,initComponents/0,jPanel2,6
C:\projects\Java_Quiz_App-master\JavaQuizApp\src\javaquizapp\StartPage.java,javaquizapp.StartPage,initComponents/0,jLabel1,4
C:\projects\Java_Quiz_App-master\JavaQuizApp\src\javaquizapp\Result.java,javaquizapp.Result,getPoints/1[double],gp,1
C:\projects\Java_Quiz_App-master\JavaQuizApp\src\javaquizapp\Result.java,javaquizapp.Result,jButton1ActionPerformed/1[java.awt.event.ActionEvent],lbl,1
C:\projects\Java_Quiz_App-master\JavaQuizApp\src\javaquizapp\Result.java,javaquizapp.Result,jButton1ActionPerformed/1[java.awt.event.ActionEvent],gp,5
C:\projects\Java_Quiz_App-master\JavaQuizApp\src\javaquizapp\Result.java,javaquizapp.Result,jButton1ActionPerformed/1[java.awt.event.ActionEvent],ProBar,1
C:\projects\Java_Quiz_App-master\JavaQuizApp\src\javaquizapp\Result.java,javaquizapp.Result,initComponents/0,jButton1,6
C:\projects\Java_Quiz_App-master\JavaQuizApp\src\javaquizapp\Result.java,javaquizapp.Result,initComponents/0,jPanel1,6
C:\projects\Java_Quiz_App-master\JavaQuizApp\src\javaquizapp\Result.java,javaquizapp.Result,initComponents/0,lbl,5
C:\projects\Java_Quiz_App-master\JavaQuizApp\src\javaquizapp\Result.java,javaquizapp.Result,initComponents/0,ProBar,5
