file,class,method,constructor,line,cbo,cboModified,fanin,fanout,wmc,rfc,loc,returnsQty,variablesQty,parametersQty,methodsInvokedQty,methodsInvokedLocalQty,methodsInvokedIndirectLocalQty,loopQty,comparisonsQty,tryCatchQty,parenthesizedExpsQty,stringLiteralsQty,numbersQty,assignmentsQty,mathOperationsQty,maxNestedBlocksQty,anonymousClassesQty,innerClassesQty,lambdasQty,uniqueWordsQty,modifiers,logStatementsQty,hasJavaDoc
C:\projects\Java_Quiz_App-master\JavaQuizApp\src\javaquizapp\Quiz.java,javaquizapp.Quiz$Anonymous4,actionPerformed/1[java.awt.event.ActionEvent],false,448,1,35,0,35,1,1,3,0,0,1,1,0,0,0,0,0,0,0,0,0,0,0,0,0,0,6,1,0,false
C:\projects\Java_Quiz_App-master\JavaQuizApp\src\javaquizapp\Quiz.java,javaquizapp.Quiz$Anonymous5,actionPerformed/1[java.awt.event.ActionEvent],false,457,1,35,0,35,1,1,3,0,0,1,1,0,0,0,0,0,0,0,0,0,0,0,0,0,0,6,1,0,false
C:\projects\Java_Quiz_App-master\JavaQuizApp\src\javaquizapp\Quiz.java,javaquizapp.Quiz$Anonymous2,actionPerformed/1[java.awt.event.ActionEvent],false,430,1,35,0,35,1,1,3,0,0,1,1,0,0,0,0,0,0,0,0,0,0,0,0,0,0,6,1,0,false
C:\projects\Java_Quiz_App-master\JavaQuizApp\src\javaquizapp\ProggQuiz.java,javaquizapp.ProggQuiz,main/1[java.lang.String[]],false,17,0,1,0,1,1,1,8,0,0,1,1,0,0,0,0,0,0,0,0,0,0,0,1,0,0,11,9,0,true
C:\projects\Java_Quiz_App-master\JavaQuizApp\src\javaquizapp\Quiz.java,javaquizapp.Quiz$Anonymous3,actionPerformed/1[java.awt.event.ActionEvent],false,439,1,35,0,35,1,1,3,0,0,1,1,0,0,0,0,0,0,0,0,0,0,0,0,0,0,6,1,0,false
C:\projects\Java_Quiz_App-master\JavaQuizApp\src\javaquizapp\Quiz.java,javaquizapp.Quiz$Anonymous8,actionPerformed/1[java.awt.event.ActionEvent],false,484,1,35,0,35,1,1,3,0,0,1,1,0,0,0,0,0,0,0,0,0,0,0,0,0,0,6,1,0,false
C:\projects\Java_Quiz_App-master\JavaQuizApp\src\javaquizapp\Quiz.java,javaquizapp.Quiz$Anonymous9,actionPerformed/1[java.awt.event.ActionEvent],false,493,1,35,0,35,1,1,3,0,0,1,1,0,0,0,0,0,0,0,0,0,0,0,0,0,0,6,1,0,false
C:\projects\Java_Quiz_App-master\JavaQuizApp\src\javaquizapp\Quiz.java,javaquizapp.Quiz$Anonymous6,actionPerformed/1[java.awt.event.ActionEvent],false,466,1,35,0,35,1,1,3,0,0,1,1,0,0,0,0,0,0,0,0,0,0,0,0,0,0,6,1,0,false
C:\projects\Java_Quiz_App-master\JavaQuizApp\src\javaquizapp\ProggQuiz.java,javaquizapp.ProggQuiz$Anonymous1,run/0,false,20,1,3,0,3,1,1,3,0,0,0,1,0,0,0,0,0,0,0,0,0,0,0,0,0,0,4,1,0,false
C:\projects\Java_Quiz_App-master\JavaQuizApp\src\javaquizapp\Quiz.java,javaquizapp.Quiz$Anonymous7,actionPerformed/1[java.awt.event.ActionEvent],false,475,1,35,0,35,1,1,3,0,0,1,1,0,0,0,0,0,0,0,0,0,0,0,0,0,0,6,1,0,false
C:\projects\Java_Quiz_App-master\JavaQuizApp\src\javaquizapp\Quiz.java,javaquizapp.Quiz$Anonymous30,actionPerformed/1[java.awt.event.ActionEvent],false,682,1,35,0,35,1,1,3,0,0,1,1,0,0,0,0,0,0,0,0,0,0,0,0,0,0,6,1,0,false
C:\projects\Java_Quiz_App-master\JavaQuizApp\src\javaquizapp\Quiz.java,javaquizapp.Quiz$Anonymous22,actionPerformed/1[java.awt.event.ActionEvent],false,610,1,35,0,35,1,1,3,0,0,1,1,0,0,0,0,0,0,0,0,0,0,0,0,0,0,6,1,0,false
C:\projects\Java_Quiz_App-master\JavaQuizApp\src\javaquizapp\Quiz.java,javaquizapp.Quiz$Anonymous23,actionPerformed/1[java.awt.event.ActionEvent],false,619,1,35,0,35,1,1,3,0,0,1,1,0,0,0,0,0,0,0,0,0,0,0,0,0,0,6,1,0,false
C:\projects\Java_Quiz_App-master\JavaQuizApp\src\javaquizapp\Quiz.java,javaquizapp.Quiz$Anonymous20,actionPerformed/1[java.awt.event.ActionEvent],false,592,1,35,0,35,1,1,3,0,0,1,1,0,0,0,0,0,0,0,0,0,0,0,0,0,0,6,1,0,false
C:\projects\Java_Quiz_App-master\JavaQuizApp\src\javaquizapp\Quiz.java,javaquizapp.Quiz$Anonymous21,actionPerformed/1[java.awt.event.ActionEvent],false,601,1,35,0,35,1,1,3,0,0,1,1,0,0,0,0,0,0,0,0,0,0,0,0,0,0,6,1,0,false
C:\projects\Java_Quiz_App-master\JavaQuizApp\src\javaquizapp\Quiz.java,javaquizapp.Quiz$Anonymous26,actionPerformed/1[java.awt.event.ActionEvent],false,646,1,35,0,35,1,1,3,0,0,1,1,0,0,0,0,0,0,0,0,0,0,0,0,0,0,6,1,0,false
C:\projects\Java_Quiz_App-master\JavaQuizApp\src\javaquizapp\Result.java,javaquizapp.Result$Anonymous2,run/0,false,150,1,3,0,3,1,1,3,0,0,0,1,0,0,0,0,0,0,0,0,0,0,0,0,0,0,3,1,0,false
C:\projects\Java_Quiz_App-master\JavaQuizApp\src\javaquizapp\Quiz.java,javaquizapp.Quiz$Anonymous27,actionPerformed/1[java.awt.event.ActionEvent],false,655,1,35,0,35,1,1,3,0,0,1,1,0,0,0,0,0,0,0,0,0,0,0,0,0,0,6,1,0,false
C:\projects\Java_Quiz_App-master\JavaQuizApp\src\javaquizapp\JavaQuizApp.java,javaquizapp.JavaQuizApp,main/1[java.lang.String[]],false,17,1,1,0,1,7,9,28,0,0,1,9,0,0,1,0,1,0,1,0,0,0,3,1,0,0,20,9,0,true
C:\projects\Java_Quiz_App-master\JavaQuizApp\src\javaquizapp\Quiz.java,javaquizapp.Quiz$Anonymous24,actionPerformed/1[java.awt.event.ActionEvent],false,628,1,35,0,35,1,1,3,0,0,1,1,0,0,0,0,0,0,0,0,0,0,0,0,0,0,6,1,0,false
C:\projects\Java_Quiz_App-master\JavaQuizApp\src\javaquizapp\Quiz.java,javaquizapp.Quiz$Anonymous25,actionPerformed/1[java.awt.event.ActionEvent],false,637,1,35,0,35,1,1,3,0,0,1,1,0,0,0,0,0,0,0,0,0,0,0,0,0,0,6,1,0,false
C:\projects\Java_Quiz_App-master\JavaQuizApp\src\javaquizapp\Quiz.java,javaquizapp.Quiz$Anonymous28,actionPerformed/1[java.awt.event.ActionEvent],false,664,1,35,0,35,1,1,3,0,0,1,1,0,0,0,0,0,0,0,0,0,0,0,0,0,0,6,1,0,false
C:\projects\Java_Quiz_App-master\JavaQuizApp\src\javaquizapp\Quiz.java,javaquizapp.Quiz$Anonymous29,actionPerformed/1[java.awt.event.ActionEvent],false,673,1,35,0,35,1,1,3,0,0,1,1,0,0,0,0,0,0,0,0,0,0,0,0,0,0,6,1,0,false
C:\projects\Java_Quiz_App-master\JavaQuizApp\src\javaquizapp\Result.java,javaquizapp.Result$Anonymous1,actionPerformed/1[java.awt.event.ActionEvent],false,69,1,35,0,35,1,1,3,0,0,1,1,0,0,0,0,0,0,0,0,0,0,0,0,0,0,6,1,0,false
C:\projects\Java_Quiz_App-master\JavaQuizApp\src\javaquizapp\Quiz.java,javaquizapp.Quiz$Anonymous1,actionPerformed/1[java.awt.event.ActionEvent],false,421,1,35,0,35,1,1,3,0,0,1,1,0,0,0,0,0,0,0,0,0,0,0,0,0,0,6,1,0,false
C:\projects\Java_Quiz_App-master\JavaQuizApp\src\javaquizapp\StartPage.java,javaquizapp.StartPage$Anonymous1,actionPerformed/1[java.awt.event.ActionEvent],false,47,1,35,0,35,1,1,3,0,0,1,1,0,0,0,0,0,0,0,0,0,0,0,0,0,0,6,1,0,false
C:\projects\Java_Quiz_App-master\JavaQuizApp\src\javaquizapp\JavaQuizApp.java,javaquizapp.JavaQuizApp$Anonymous1,run/0,false,39,1,3,0,3,1,1,3,0,0,0,1,0,0,0,0,0,0,0,0,0,0,0,0,0,0,4,1,0,false
C:\projects\Java_Quiz_App-master\JavaQuizApp\src\javaquizapp\StartPage.java,javaquizapp.StartPage$Anonymous2,run/0,false,169,1,3,0,3,1,1,3,0,0,0,1,0,0,0,0,0,0,0,0,0,0,0,0,0,0,4,1,0,false
C:\projects\Java_Quiz_App-master\JavaQuizApp\src\javaquizapp\Quiz.java,javaquizapp.Quiz$Anonymous11,actionPerformed/1[java.awt.event.ActionEvent],false,511,1,35,0,35,1,1,3,0,0,1,1,0,0,0,0,0,0,0,0,0,0,0,0,0,0,6,1,0,false
C:\projects\Java_Quiz_App-master\JavaQuizApp\src\javaquizapp\Quiz.java,javaquizapp.Quiz$Anonymous33,actionPerformed/1[java.awt.event.ActionEvent],false,2750,1,35,0,35,1,1,3,0,0,1,1,0,0,0,0,0,0,0,0,0,0,0,0,0,0,6,1,0,false
C:\projects\Java_Quiz_App-master\JavaQuizApp\src\javaquizapp\Quiz.java,javaquizapp.Quiz$Anonymous12,actionPerformed/1[java.awt.event.ActionEvent],false,520,1,35,0,35,1,1,3,0,0,1,1,0,0,0,0,0,0,0,0,0,0,0,0,0,0,6,1,0,false
C:\projects\Java_Quiz_App-master\JavaQuizApp\src\javaquizapp\Quiz.java,javaquizapp.Quiz$Anonymous34,run/0,false,3168,1,3,0,3,1,1,3,0,0,0,1,0,0,0,0,0,0,0,0,0,0,0,0,0,0,3,1,0,false
C:\projects\Java_Quiz_App-master\JavaQuizApp\src\javaquizapp\Quiz.java,javaquizapp.Quiz$Anonymous31,actionPerformed/1[java.awt.event.ActionEvent],false,1864,1,35,0,35,1,1,3,0,0,1,1,0,0,0,0,0,0,0,0,0,0,0,0,0,0,7,1,0,false
C:\projects\Java_Quiz_App-master\JavaQuizApp\src\javaquizapp\Quiz.java,javaquizapp.Quiz$Anonymous10,actionPerformed/1[java.awt.event.ActionEvent],false,502,1,35,0,35,1,1,3,0,0,1,1,0,0,0,0,0,0,0,0,0,0,0,0,0,0,6,1,0,false
C:\projects\Java_Quiz_App-master\JavaQuizApp\src\javaquizapp\Quiz.java,javaquizapp.Quiz$Anonymous32,actionPerformed/1[java.awt.event.ActionEvent],false,2741,1,35,0,35,1,1,3,0,0,1,1,0,0,0,0,0,0,0,0,0,0,0,0,0,0,7,1,0,false
C:\projects\Java_Quiz_App-master\JavaQuizApp\src\javaquizapp\Quiz.java,javaquizapp.Quiz$Anonymous15,actionPerformed/1[java.awt.event.ActionEvent],false,547,1,35,0,35,1,1,3,0,0,1,1,0,0,0,0,0,0,0,0,0,0,0,0,0,0,6,1,0,false
C:\projects\Java_Quiz_App-master\JavaQuizApp\src\javaquizapp\Quiz.java,javaquizapp.Quiz$Anonymous16,actionPerformed/1[java.awt.event.ActionEvent],false,556,1,35,0,35,1,1,3,0,0,1,1,0,0,0,0,0,0,0,0,0,0,0,0,0,0,6,1,0,false
C:\projects\Java_Quiz_App-master\JavaQuizApp\src\javaquizapp\Quiz.java,javaquizapp.Quiz,Quiz/0,true,17,1,3,2,1,1,1,3,0,0,0,1,1,1,0,0,0,0,0,0,0,0,0,0,0,0,5,1,0,true
C:\projects\Java_Quiz_App-master\JavaQuizApp\src\javaquizapp\Quiz.java,javaquizapp.Quiz,jButton20ActionPerformed/1[java.awt.event.ActionEvent],false,3002,0,1,1,0,1,4,8,0,0,1,4,0,0,0,0,0,0,0,0,0,0,0,0,0,0,6,2,0,false
C:\projects\Java_Quiz_App-master\JavaQuizApp\src\javaquizapp\Quiz.java,javaquizapp.Quiz,jButton28ActionPerformed/1[java.awt.event.ActionEvent],false,3083,0,1,1,0,1,4,8,0,0,1,4,0,0,0,0,0,0,0,0,0,0,0,0,0,0,6,2,0,false
C:\projects\Java_Quiz_App-master\JavaQuizApp\src\javaquizapp\Quiz.java,javaquizapp.Quiz,jCheckBox1ActionPerformed/1[java.awt.event.ActionEvent],false,3134,0,1,1,0,1,1,3,0,0,1,1,0,0,0,0,0,0,0,0,0,0,0,0,0,0,7,2,0,false
C:\projects\Java_Quiz_App-master\JavaQuizApp\src\javaquizapp\Quiz.java,javaquizapp.Quiz,jButton10ActionPerformed/1[java.awt.event.ActionEvent],false,2902,0,1,1,0,1,4,8,0,0,1,4,0,0,0,0,0,0,0,0,0,0,0,0,0,0,6,2,0,false
C:\projects\Java_Quiz_App-master\JavaQuizApp\src\javaquizapp\Quiz.java,javaquizapp.Quiz,jButton31ActionPerformed/1[java.awt.event.ActionEvent],false,3117,2,4,1,3,2,6,13,0,1,1,6,1,1,0,0,1,0,0,0,1,0,1,0,0,0,10,2,0,false
C:\projects\Java_Quiz_App-master\JavaQuizApp\src\javaquizapp\Quiz.java,javaquizapp.Quiz,jButton17ActionPerformed/1[java.awt.event.ActionEvent],false,2972,0,1,1,0,1,4,8,0,0,1,4,0,0,0,0,0,0,0,0,0,0,0,0,0,0,6,2,0,false
C:\projects\Java_Quiz_App-master\JavaQuizApp\src\javaquizapp\Quiz.java,javaquizapp.Quiz,jButton7ActionPerformed/1[java.awt.event.ActionEvent],false,2872,0,1,1,0,1,4,8,0,0,1,4,0,0,0,0,0,0,0,0,0,0,0,0,0,0,6,2,0,false
C:\projects\Java_Quiz_App-master\JavaQuizApp\src\javaquizapp\Quiz.java,javaquizapp.Quiz,jButton24ActionPerformed/1[java.awt.event.ActionEvent],false,3043,0,1,1,0,1,4,8,0,0,1,4,0,0,0,0,0,0,0,0,0,0,0,0,0,0,6,2,0,false
C:\projects\Java_Quiz_App-master\JavaQuizApp\src\javaquizapp\Quiz.java,javaquizapp.Quiz,jButton25ActionPerformed/1[java.awt.event.ActionEvent],false,3053,0,1,1,0,1,4,8,0,0,1,4,0,0,0,0,0,0,0,0,0,0,0,0,0,0,6,2,0,false
C:\projects\Java_Quiz_App-master\JavaQuizApp\src\javaquizapp\Quiz.java,javaquizapp.Quiz,jButton3ActionPerformed/1[java.awt.event.ActionEvent],false,2842,0,1,1,0,1,4,8,0,0,1,4,0,0,0,0,0,0,0,0,0,0,0,0,0,0,6,2,0,false
C:\projects\Java_Quiz_App-master\JavaQuizApp\src\javaquizapp\Quiz.java,javaquizapp.Quiz,jButton6ActionPerformed/1[java.awt.event.ActionEvent],false,2862,0,1,1,0,1,4,8,0,0,1,4,0,0,0,0,0,0,0,0,0,0,0,0,0,0,6,2,0,false
C:\projects\Java_Quiz_App-master\JavaQuizApp\src\javaquizapp\Quiz.java,javaquizapp.Quiz,jButton18ActionPerformed/1[java.awt.event.ActionEvent],false,2982,0,1,1,0,1,4,8,0,0,1,4,0,0,0,0,0,0,0,0,0,0,0,0,0,0,6,2,0,false
C:\projects\Java_Quiz_App-master\JavaQuizApp\src\javaquizapp\Quiz.java,javaquizapp.Quiz,jButton29ActionPerformed/1[java.awt.event.ActionEvent],false,3093,0,1,1,0,1,4,8,0,0,1,4,0,0,0,0,0,0,0,0,0,0,0,0,0,0,6,2,0,false
C:\projects\Java_Quiz_App-master\JavaQuizApp\src\javaquizapp\Quiz.java,javaquizapp.Quiz,jButton1ActionPerformed/1[java.awt.event.ActionEvent],false,2822,0,1,1,0,1,4,8,0,0,1,4,0,0,0,0,0,0,0,0,0,0,0,0,0,0,6,2,0,false
C:\projects\Java_Quiz_App-master\JavaQuizApp\src\javaquizapp\Quiz.java,javaquizapp.Quiz,jButton2ActionPerformed/1[java.awt.event.ActionEvent],false,2832,0,1,1,0,1,4,8,0,0,1,4,0,0,0,0,0,0,0,0,0,0,0,0,0,0,6,2,0,false
C:\projects\Java_Quiz_App-master\JavaQuizApp\src\javaquizapp\Quiz.java,javaquizapp.Quiz,jButton27ActionPerformed/1[java.awt.event.ActionEvent],false,3073,0,1,1,0,1,4,8,0,0,1,4,0,0,0,0,0,0,0,0,0,0,0,0,0,0,6,2,0,false
C:\projects\Java_Quiz_App-master\JavaQuizApp\src\javaquizapp\Quiz.java,javaquizapp.Quiz,jButton22ActionPerformed/1[java.awt.event.ActionEvent],false,3023,0,1,1,0,1,4,8,0,0,1,4,0,0,0,0,0,0,0,0,0,0,0,0,0,0,6,2,0,false
C:\projects\Java_Quiz_App-master\JavaQuizApp\src\javaquizapp\Quiz.java,javaquizapp.Quiz,jButton4ActionPerformed/1[java.awt.event.ActionEvent],false,2852,0,1,1,0,1,4,8,0,0,1,4,0,0,0,0,0,0,0,0,0,0,0,0,0,0,6,2,0,false
C:\projects\Java_Quiz_App-master\JavaQuizApp\src\javaquizapp\Quiz.java,javaquizapp.Quiz,jButton19ActionPerformed/1[java.awt.event.ActionEvent],false,2992,0,1,1,0,1,4,8,0,0,1,4,0,0,0,0,0,0,0,0,0,0,0,0,0,0,6,2,0,false
C:\projects\Java_Quiz_App-master\JavaQuizApp\src\javaquizapp\Quiz.java,javaquizapp.Quiz,jButton26ActionPerformed/1[java.awt.event.ActionEvent],false,3063,0,1,1,0,1,4,8,0,0,1,4,0,0,0,0,0,0,0,0,0,0,0,0,0,0,6,2,0,false
C:\projects\Java_Quiz_App-master\JavaQuizApp\src\javaquizapp\Quiz.java,javaquizapp.Quiz,jButton12ActionPerformed/1[java.awt.event.ActionEvent],false,2922,0,1,1,0,1,4,8,0,0,1,4,0,0,0,0,0,0,0,0,0,0,0,0,0,0,6,2,0,false
C:\projects\Java_Quiz_App-master\JavaQuizApp\src\javaquizapp\Quiz.java,javaquizapp.Quiz,main/1[java.lang.String[]],false,3142,1,1,0,1,7,9,28,0,0,1,9,0,0,1,0,1,0,1,0,0,0,3,1,0,0,19,9,0,true
C:\projects\Java_Quiz_App-master\JavaQuizApp\src\javaquizapp\Quiz.java,javaquizapp.Quiz,jButton8ActionPerformed/1[java.awt.event.ActionEvent],false,2882,0,1,1,0,1,4,8,0,0,1,4,0,0,0,0,0,0,0,0,0,0,0,0,0,0,6,2,0,false
C:\projects\Java_Quiz_App-master\JavaQuizApp\src\javaquizapp\Quiz.java,javaquizapp.Quiz,jButton16ActionPerformed/1[java.awt.event.ActionEvent],false,2962,0,1,1,0,1,4,8,0,0,1,4,0,0,0,0,0,0,0,0,0,0,0,0,0,0,6,2,0,false
C:\projects\Java_Quiz_App-master\JavaQuizApp\src\javaquizapp\Quiz.java,javaquizapp.Quiz,jButton11ActionPerformed/1[java.awt.event.ActionEvent],false,2912,0,1,1,0,1,4,8,0,0,1,4,0,0,0,0,0,0,0,0,0,0,0,0,0,0,6,2,0,false
C:\projects\Java_Quiz_App-master\JavaQuizApp\src\javaquizapp\Quiz.java,javaquizapp.Quiz,jRadioButton69ActionPerformed/1[java.awt.event.ActionEvent],false,3113,0,1,1,0,1,0,2,0,0,1,0,0,0,0,0,0,0,0,0,0,0,0,0,0,0,6,2,0,false
C:\projects\Java_Quiz_App-master\JavaQuizApp\src\javaquizapp\Quiz.java,javaquizapp.Quiz,calPoint/0,false,23,0,1,1,0,33,1,100,0,0,0,1,0,0,0,32,0,0,0,33,34,0,1,0,0,0,5,1,0,false
C:\projects\Java_Quiz_App-master\JavaQuizApp\src\javaquizapp\Quiz.java,javaquizapp.Quiz,jButton23ActionPerformed/1[java.awt.event.ActionEvent],false,3033,0,1,1,0,1,4,8,0,0,1,4,0,0,0,0,0,0,0,0,0,0,0,0,0,0,6,2,0,false
C:\projects\Java_Quiz_App-master\JavaQuizApp\src\javaquizapp\Quiz.java,javaquizapp.Quiz,jButton30ActionPerformed/1[java.awt.event.ActionEvent],false,3103,0,1,1,0,1,4,8,0,0,1,4,0,0,0,0,0,0,0,0,0,0,0,0,0,0,6,2,0,false
C:\projects\Java_Quiz_App-master\JavaQuizApp\src\javaquizapp\Quiz.java,javaquizapp.Quiz,initComponents/0,false,135,0,2,1,1,1,33,1304,0,63,0,33,0,0,0,0,0,0,392,1196,336,0,0,33,0,0,441,2,0,true
C:\projects\Java_Quiz_App-master\JavaQuizApp\src\javaquizapp\Quiz.java,javaquizapp.Quiz,jButton15ActionPerformed/1[java.awt.event.ActionEvent],false,2952,0,1,1,0,1,4,8,0,0,1,4,0,0,0,0,0,0,0,0,0,0,0,0,0,0,6,2,0,false
C:\projects\Java_Quiz_App-master\JavaQuizApp\src\javaquizapp\Quiz.java,javaquizapp.Quiz,jButton9ActionPerformed/1[java.awt.event.ActionEvent],false,2892,0,1,1,0,1,4,8,0,0,1,4,0,0,0,0,0,0,0,0,0,0,0,0,0,0,6,2,0,false
C:\projects\Java_Quiz_App-master\JavaQuizApp\src\javaquizapp\Quiz.java,javaquizapp.Quiz,jButton14ActionPerformed/1[java.awt.event.ActionEvent],false,2942,0,1,1,0,1,4,8,0,0,1,4,0,0,0,0,0,0,0,0,0,0,0,0,0,0,6,2,0,false
C:\projects\Java_Quiz_App-master\JavaQuizApp\src\javaquizapp\Quiz.java,javaquizapp.Quiz,jButton13ActionPerformed/1[java.awt.event.ActionEvent],false,2932,0,1,1,0,1,4,8,0,0,1,4,0,0,0,0,0,0,0,0,0,0,0,0,0,0,6,2,0,false
C:\projects\Java_Quiz_App-master\JavaQuizApp\src\javaquizapp\Quiz.java,javaquizapp.Quiz,jButton5ActionPerformed/1[java.awt.event.ActionEvent],false,2812,0,1,1,0,1,4,8,0,0,1,4,0,0,0,0,0,0,0,0,0,0,0,0,0,0,6,2,0,false
C:\projects\Java_Quiz_App-master\JavaQuizApp\src\javaquizapp\Quiz.java,javaquizapp.Quiz,jButton21ActionPerformed/1[java.awt.event.ActionEvent],false,3012,0,1,1,0,1,4,8,0,0,1,4,0,0,0,0,0,0,0,0,0,0,0,0,0,0,6,2,0,false
C:\projects\Java_Quiz_App-master\JavaQuizApp\src\javaquizapp\Quiz.java,javaquizapp.Quiz$Anonymous13,actionPerformed/1[java.awt.event.ActionEvent],false,529,1,35,0,35,1,1,3,0,0,1,1,0,0,0,0,0,0,0,0,0,0,0,0,0,0,6,1,0,false
C:\projects\Java_Quiz_App-master\JavaQuizApp\src\javaquizapp\Quiz.java,javaquizapp.Quiz$Anonymous14,actionPerformed/1[java.awt.event.ActionEvent],false,538,1,35,0,35,1,1,3,0,0,1,1,0,0,0,0,0,0,0,0,0,0,0,0,0,0,6,1,0,false
C:\projects\Java_Quiz_App-master\JavaQuizApp\src\javaquizapp\Quiz.java,javaquizapp.Quiz$Anonymous19,actionPerformed/1[java.awt.event.ActionEvent],false,583,1,35,0,35,1,1,3,0,0,1,1,0,0,0,0,0,0,0,0,0,0,0,0,0,0,6,1,0,false
C:\projects\Java_Quiz_App-master\JavaQuizApp\src\javaquizapp\Quiz.java,javaquizapp.Quiz$Anonymous17,actionPerformed/1[java.awt.event.ActionEvent],false,565,1,35,0,35,1,1,3,0,0,1,1,0,0,0,0,0,0,0,0,0,0,0,0,0,0,6,1,0,false
C:\projects\Java_Quiz_App-master\JavaQuizApp\src\javaquizapp\Quiz.java,javaquizapp.Quiz$Anonymous18,actionPerformed/1[java.awt.event.ActionEvent],false,574,1,35,0,35,1,1,3,0,0,1,1,0,0,0,0,0,0,0,0,0,0,0,0,0,0,6,1,0,false
C:\projects\Java_Quiz_App-master\JavaQuizApp\src\javaquizapp\StartPage.java,javaquizapp.StartPage,StartPage/0,true,17,1,2,1,1,1,1,3,0,0,0,1,1,1,0,0,0,0,0,0,0,0,0,0,0,0,6,1,0,true
C:\projects\Java_Quiz_App-master\JavaQuizApp\src\javaquizapp\StartPage.java,javaquizapp.StartPage,main/1[java.lang.String[]],false,143,1,1,0,1,7,9,28,0,0,1,9,0,0,1,0,1,0,1,0,0,0,3,1,0,0,20,9,0,true
C:\projects\Java_Quiz_App-master\JavaQuizApp\src\javaquizapp\StartPage.java,javaquizapp.StartPage,jButton1ActionPerformed/1[java.awt.event.ActionEvent],false,134,1,2,1,1,1,1,4,0,0,1,1,0,0,0,0,0,0,0,0,0,0,0,0,0,0,8,2,0,false
C:\projects\Java_Quiz_App-master\JavaQuizApp\src\javaquizapp\StartPage.java,javaquizapp.StartPage,initComponents/0,false,28,0,2,1,1,1,27,40,0,3,0,27,0,0,0,0,0,0,9,40,10,0,0,1,0,0,56,2,0,true
C:\projects\Java_Quiz_App-master\JavaQuizApp\src\javaquizapp\Result.java,javaquizapp.Result,getPoints/1[double],false,118,0,1,1,0,1,0,3,0,0,1,0,0,0,0,0,0,0,0,0,1,0,0,0,0,0,4,1,0,false
C:\projects\Java_Quiz_App-master\JavaQuizApp\src\javaquizapp\Result.java,javaquizapp.Result,Result/0,true,17,1,3,2,1,1,1,3,0,0,0,1,1,1,0,0,0,0,0,0,0,0,0,0,0,0,5,1,0,true
C:\projects\Java_Quiz_App-master\JavaQuizApp\src\javaquizapp\Result.java,javaquizapp.Result,jButton1ActionPerformed/1[java.awt.event.ActionEvent],false,101,0,1,1,0,4,2,16,0,1,1,2,0,0,0,0,0,0,6,3,4,1,2,0,0,0,11,2,0,false
C:\projects\Java_Quiz_App-master\JavaQuizApp\src\javaquizapp\Result.java,javaquizapp.Result,initComponents/0,false,28,0,2,1,1,1,25,30,0,2,0,25,0,0,0,0,0,0,4,38,6,0,0,1,0,0,49,2,0,true
C:\projects\Java_Quiz_App-master\JavaQuizApp\src\javaquizapp\Result.java,javaquizapp.Result,main/1[java.lang.String[]],false,124,1,1,0,1,7,9,28,0,0,1,9,0,0,1,0,1,0,1,0,0,0,3,1,0,0,19,9,0,true
