file,class,method,variable,usage
C:\projects\Java_Quiz_App-master\JavaQuizApp\src\javaquizapp\Quiz.java,javaquizapp.Quiz$Anonymous4,actionPerformed/1[java.awt.event.ActionEvent],evt,1
C:\projects\Java_Quiz_App-master\JavaQuizApp\src\javaquizapp\Quiz.java,javaquizapp.Quiz$Anonymous5,actionPerformed/1[java.awt.event.ActionEvent],evt,1
C:\projects\Java_Quiz_App-master\JavaQuizApp\src\javaquizapp\Quiz.java,javaquizapp.Quiz$Anonymous2,actionPerformed/1[java.awt.event.ActionEvent],evt,1
C:\projects\Java_Quiz_App-master\JavaQuizApp\src\javaquizapp\ProggQuiz.java,javaquizapp.ProggQuiz,main/1[java.lang.String[]],args,0
C:\projects\Java_Quiz_App-master\JavaQuizApp\src\javaquizapp\Quiz.java,javaquizapp.Quiz$Anonymous3,actionPerformed/1[java.awt.event.ActionEvent],evt,1
C:\projects\Java_Quiz_App-master\JavaQuizApp\src\javaquizapp\Quiz.java,javaquizapp.Quiz$Anonymous8,actionPerformed/1[java.awt.event.ActionEvent],evt,1
C:\projects\Java_Quiz_App-master\JavaQuizApp\src\javaquizapp\Quiz.java,javaquizapp.Quiz$Anonymous9,actionPerformed/1[java.awt.event.ActionEvent],evt,1
C:\projects\Java_Quiz_App-master\JavaQuizApp\src\javaquizapp\Quiz.java,javaquizapp.Quiz$Anonymous6,actionPerformed/1[java.awt.event.ActionEvent],evt,1
C:\projects\Java_Quiz_App-master\JavaQuizApp\src\javaquizapp\Quiz.java,javaquizapp.Quiz$Anonymous7,actionPerformed/1[java.awt.event.ActionEvent],evt,1
C:\projects\Java_Quiz_App-master\JavaQuizApp\src\javaquizapp\Quiz.java,javaquizapp.Quiz$Anonymous30,actionPerformed/1[java.awt.event.ActionEvent],evt,1
C:\projects\Java_Quiz_App-master\JavaQuizApp\src\javaquizapp\Quiz.java,javaquizapp.Quiz$Anonymous22,actionPerformed/1[java.awt.event.ActionEvent],evt,1
C:\projects\Java_Quiz_App-master\JavaQuizApp\src\javaquizapp\Quiz.java,javaquizapp.Quiz$Anonymous23,actionPerformed/1[java.awt.event.ActionEvent],evt,1
C:\projects\Java_Quiz_App-master\JavaQuizApp\src\javaquizapp\Quiz.java,javaquizapp.Quiz$Anonymous20,actionPerformed/1[java.awt.event.ActionEvent],evt,1
C:\projects\Java_Quiz_App-master\JavaQuizApp\src\javaquizapp\Quiz.java,javaquizapp.Quiz$Anonymous21,actionPerformed/1[java.awt.event.ActionEvent],evt,1
C:\projects\Java_Quiz_App-master\JavaQuizApp\src\javaquizapp\Quiz.java,javaquizapp.Quiz$Anonymous26,actionPerformed/1[java.awt.event.ActionEvent],evt,1
C:\projects\Java_Quiz_App-master\JavaQuizApp\src\javaquizapp\Quiz.java,javaquizapp.Quiz$Anonymous27,actionPerformed/1[java.awt.event.ActionEvent],evt,1
C:\projects\Java_Quiz_App-master\JavaQuizApp\src\javaquizapp\JavaQuizApp.java,javaquizapp.JavaQuizApp,main/1[java.lang.String[]],args,0
C:\projects\Java_Quiz_App-master\JavaQuizApp\src\javaquizapp\JavaQuizApp.java,javaquizapp.JavaQuizApp,main/1[java.lang.String[]],ex,7
C:\projects\Java_Quiz_App-master\JavaQuizApp\src\javaquizapp\JavaQuizApp.java,javaquizapp.JavaQuizApp,main/1[java.lang.String[]],info,2
C:\projects\Java_Quiz_App-master\JavaQuizApp\src\javaquizapp\Quiz.java,javaquizapp.Quiz$Anonymous24,actionPerformed/1[java.awt.event.ActionEvent],evt,1
C:\projects\Java_Quiz_App-master\JavaQuizApp\src\javaquizapp\Quiz.java,javaquizapp.Quiz$Anonymous25,actionPerformed/1[java.awt.event.ActionEvent],evt,1
C:\projects\Java_Quiz_App-master\JavaQuizApp\src\javaquizapp\Quiz.java,javaquizapp.Quiz$Anonymous28,actionPerformed/1[java.awt.event.ActionEvent],evt,1
C:\projects\Java_Quiz_App-master\JavaQuizApp\src\javaquizapp\Quiz.java,javaquizapp.Quiz$Anonymous29,actionPerformed/1[java.awt.event.ActionEvent],evt,1
C:\projects\Java_Quiz_App-master\JavaQuizApp\src\javaquizapp\Result.java,javaquizapp.Result$Anonymous1,actionPerformed/1[java.awt.event.ActionEvent],evt,1
C:\projects\Java_Quiz_App-master\JavaQuizApp\src\javaquizapp\Quiz.java,javaquizapp.Quiz$Anonymous1,actionPerformed/1[java.awt.event.ActionEvent],evt,1
C:\projects\Java_Quiz_App-master\JavaQuizApp\src\javaquizapp\StartPage.java,javaquizapp.StartPage$Anonymous1,actionPerformed/1[java.awt.event.ActionEvent],evt,1
C:\projects\Java_Quiz_App-master\JavaQuizApp\src\javaquizapp\Quiz.java,javaquizapp.Quiz$Anonymous11,actionPerformed/1[java.awt.event.ActionEvent],evt,1
C:\projects\Java_Quiz_App-master\JavaQuizApp\src\javaquizapp\Quiz.java,javaquizapp.Quiz$Anonymous33,actionPerformed/1[java.awt.event.ActionEvent],evt,1
C:\projects\Java_Quiz_App-master\JavaQuizApp\src\javaquizapp\Quiz.java,javaquizapp.Quiz$Anonymous12,actionPerformed/1[java.awt.event.ActionEvent],evt,1
C:\projects\Java_Quiz_App-master\JavaQuizApp\src\javaquizapp\Quiz.java,javaquizapp.Quiz$Anonymous31,actionPerformed/1[java.awt.event.ActionEvent],evt,1
C:\projects\Java_Quiz_App-master\JavaQuizApp\src\javaquizapp\Quiz.java,javaquizapp.Quiz$Anonymous10,actionPerformed/1[java.awt.event.ActionEvent],evt,1
C:\projects\Java_Quiz_App-master\JavaQuizApp\src\javaquizapp\Quiz.java,javaquizapp.Quiz$Anonymous32,actionPerformed/1[java.awt.event.ActionEvent],evt,1
C:\projects\Java_Quiz_App-master\JavaQuizApp\src\javaquizapp\Quiz.java,javaquizapp.Quiz$Anonymous15,actionPerformed/1[java.awt.event.ActionEvent],evt,1
C:\projects\Java_Quiz_App-master\JavaQuizApp\src\javaquizapp\Quiz.java,javaquizapp.Quiz$Anonymous16,actionPerformed/1[java.awt.event.ActionEvent],evt,1
C:\projects\Java_Quiz_App-master\JavaQuizApp\src\javaquizapp\Quiz.java,javaquizapp.Quiz,jButton20ActionPerformed/1[java.awt.event.ActionEvent],evt,0
C:\projects\Java_Quiz_App-master\JavaQuizApp\src\javaquizapp\Quiz.java,javaquizapp.Quiz,jButton28ActionPerformed/1[java.awt.event.ActionEvent],evt,0
C:\projects\Java_Quiz_App-master\JavaQuizApp\src\javaquizapp\Quiz.java,javaquizapp.Quiz,jCheckBox1ActionPerformed/1[java.awt.event.ActionEvent],evt,0
C:\projects\Java_Quiz_App-master\JavaQuizApp\src\javaquizapp\Quiz.java,javaquizapp.Quiz,jButton10ActionPerformed/1[java.awt.event.ActionEvent],evt,0
C:\projects\Java_Quiz_App-master\JavaQuizApp\src\javaquizapp\Quiz.java,javaquizapp.Quiz,jButton31ActionPerformed/1[java.awt.event.ActionEvent],evt,0
C:\projects\Java_Quiz_App-master\JavaQuizApp\src\javaquizapp\Quiz.java,javaquizapp.Quiz,jButton31ActionPerformed/1[java.awt.event.ActionEvent],e,1
C:\projects\Java_Quiz_App-master\JavaQuizApp\src\javaquizapp\Quiz.java,javaquizapp.Quiz,jButton31ActionPerformed/1[java.awt.event.ActionEvent],obj,2
C:\projects\Java_Quiz_App-master\JavaQuizApp\src\javaquizapp\Quiz.java,javaquizapp.Quiz,jButton17ActionPerformed/1[java.awt.event.ActionEvent],evt,0
C:\projects\Java_Quiz_App-master\JavaQuizApp\src\javaquizapp\Quiz.java,javaquizapp.Quiz,jButton7ActionPerformed/1[java.awt.event.ActionEvent],evt,0
C:\projects\Java_Quiz_App-master\JavaQuizApp\src\javaquizapp\Quiz.java,javaquizapp.Quiz,jButton24ActionPerformed/1[java.awt.event.ActionEvent],evt,0
C:\projects\Java_Quiz_App-master\JavaQuizApp\src\javaquizapp\Quiz.java,javaquizapp.Quiz,jButton25ActionPerformed/1[java.awt.event.ActionEvent],evt,0
C:\projects\Java_Quiz_App-master\JavaQuizApp\src\javaquizapp\Quiz.java,javaquizapp.Quiz,jButton3ActionPerformed/1[java.awt.event.ActionEvent],evt,0
C:\projects\Java_Quiz_App-master\JavaQuizApp\src\javaquizapp\Quiz.java,javaquizapp.Quiz,jButton6ActionPerformed/1[java.awt.event.ActionEvent],evt,0
C:\projects\Java_Quiz_App-master\JavaQuizApp\src\javaquizapp\Quiz.java,javaquizapp.Quiz,jButton18ActionPerformed/1[java.awt.event.ActionEvent],evt,0
C:\projects\Java_Quiz_App-master\JavaQuizApp\src\javaquizapp\Quiz.java,javaquizapp.Quiz,jButton29ActionPerformed/1[java.awt.event.ActionEvent],evt,0
C:\projects\Java_Quiz_App-master\JavaQuizApp\src\javaquizapp\Quiz.java,javaquizapp.Quiz,jButton1ActionPerformed/1[java.awt.event.ActionEvent],evt,0
C:\projects\Java_Quiz_App-master\JavaQuizApp\src\javaquizapp\Quiz.java,javaquizapp.Quiz,jButton2ActionPerformed/1[java.awt.event.ActionEvent],evt,0
C:\projects\Java_Quiz_App-master\JavaQuizApp\src\javaquizapp\Quiz.java,javaquizapp.Quiz,jButton27ActionPerformed/1[java.awt.event.ActionEvent],evt,0
C:\projects\Java_Quiz_App-master\JavaQuizApp\src\javaquizapp\Quiz.java,javaquizapp.Quiz,jButton22ActionPerformed/1[java.awt.event.ActionEvent],evt,0
C:\projects\Java_Quiz_App-master\JavaQuizApp\src\javaquizapp\Quiz.java,javaquizapp.Quiz,jButton4ActionPerformed/1[java.awt.event.ActionEvent],evt,0
C:\projects\Java_Quiz_App-master\JavaQuizApp\src\javaquizapp\Quiz.java,javaquizapp.Quiz,jButton19ActionPerformed/1[java.awt.event.ActionEvent],evt,0
C:\projects\Java_Quiz_App-master\JavaQuizApp\src\javaquizapp\Quiz.java,javaquizapp.Quiz,jButton26ActionPerformed/1[java.awt.event.ActionEvent],evt,0
C:\projects\Java_Quiz_App-master\JavaQuizApp\src\javaquizapp\Quiz.java,javaquizapp.Quiz,jButton12ActionPerformed/1[java.awt.event.ActionEvent],evt,0
C:\projects\Java_Quiz_App-master\JavaQuizApp\src\javaquizapp\Quiz.java,javaquizapp.Quiz,main/1[java.lang.String[]],args,0
C:\projects\Java_Quiz_App-master\JavaQuizApp\src\javaquizapp\Quiz.java,javaquizapp.Quiz,main/1[java.lang.String[]],ex,7
C:\projects\Java_Quiz_App-master\JavaQuizApp\src\javaquizapp\Quiz.java,javaquizapp.Quiz,main/1[java.lang.String[]],info,2
C:\projects\Java_Quiz_App-master\JavaQuizApp\src\javaquizapp\Quiz.java,javaquizapp.Quiz,jButton8ActionPerformed/1[java.awt.event.ActionEvent],evt,0
C:\projects\Java_Quiz_App-master\JavaQuizApp\src\javaquizapp\Quiz.java,javaquizapp.Quiz,jButton16ActionPerformed/1[java.awt.event.ActionEvent],evt,0
C:\projects\Java_Quiz_App-master\JavaQuizApp\src\javaquizapp\Quiz.java,javaquizapp.Quiz,jButton11ActionPerformed/1[java.awt.event.ActionEvent],evt,0
C:\projects\Java_Quiz_App-master\JavaQuizApp\src\javaquizapp\Quiz.java,javaquizapp.Quiz,jRadioButton69ActionPerformed/1[java.awt.event.ActionEvent],evt,0
C:\projects\Java_Quiz_App-master\JavaQuizApp\src\javaquizapp\Quiz.java,javaquizapp.Quiz,jButton23ActionPerformed/1[java.awt.event.ActionEvent],evt,0
C:\projects\Java_Quiz_App-master\JavaQuizApp\src\javaquizapp\Quiz.java,javaquizapp.Quiz,jButton30ActionPerformed/1[java.awt.event.ActionEvent],evt,0
C:\projects\Java_Quiz_App-master\JavaQuizApp\src\javaquizapp\Quiz.java,javaquizapp.Quiz,initComponents/0,jPanel18Layout,5
C:\projects\Java_Quiz_App-master\JavaQuizApp\src\javaquizapp\Quiz.java,javaquizapp.Quiz,initComponents/0,jPanel41Layout,11
C:\projects\Java_Quiz_App-master\JavaQuizApp\src\javaquizapp\Quiz.java,javaquizapp.Quiz,initComponents/0,jPanel21Layout,5
C:\projects\Java_Quiz_App-master\JavaQuizApp\src\javaquizapp\Quiz.java,javaquizapp.Quiz,initComponents/0,jPanel51Layout,11
C:\projects\Java_Quiz_App-master\JavaQuizApp\src\javaquizapp\Quiz.java,javaquizapp.Quiz,initComponents/0,jPanel31Layout,5
C:\projects\Java_Quiz_App-master\JavaQuizApp\src\javaquizapp\Quiz.java,javaquizapp.Quiz,initComponents/0,jPanel38Layout,11
C:\projects\Java_Quiz_App-master\JavaQuizApp\src\javaquizapp\Quiz.java,javaquizapp.Quiz,initComponents/0,jPanel48Layout,11
C:\projects\Java_Quiz_App-master\JavaQuizApp\src\javaquizapp\Quiz.java,javaquizapp.Quiz,initComponents/0,jPanel28Layout,5
C:\projects\Java_Quiz_App-master\JavaQuizApp\src\javaquizapp\Quiz.java,javaquizapp.Quiz,initComponents/0,jPanel58Layout,11
C:\projects\Java_Quiz_App-master\JavaQuizApp\src\javaquizapp\Quiz.java,javaquizapp.Quiz,initComponents/0,jPanel15Layout,5
C:\projects\Java_Quiz_App-master\JavaQuizApp\src\javaquizapp\Quiz.java,javaquizapp.Quiz,initComponents/0,jPanel55Layout,11
C:\projects\Java_Quiz_App-master\JavaQuizApp\src\javaquizapp\Quiz.java,javaquizapp.Quiz,initComponents/0,jPanel35Layout,11
C:\projects\Java_Quiz_App-master\JavaQuizApp\src\javaquizapp\Quiz.java,javaquizapp.Quiz,initComponents/0,jPanel8Layout,5
C:\projects\Java_Quiz_App-master\JavaQuizApp\src\javaquizapp\Quiz.java,javaquizapp.Quiz,initComponents/0,jPanel45Layout,11
C:\projects\Java_Quiz_App-master\JavaQuizApp\src\javaquizapp\Quiz.java,javaquizapp.Quiz,initComponents/0,jPanel25Layout,5
C:\projects\Java_Quiz_App-master\JavaQuizApp\src\javaquizapp\Quiz.java,javaquizapp.Quiz,initComponents/0,jPanel60Layout,11
C:\projects\Java_Quiz_App-master\JavaQuizApp\src\javaquizapp\Quiz.java,javaquizapp.Quiz,initComponents/0,jPanel22Layout,5
C:\projects\Java_Quiz_App-master\JavaQuizApp\src\javaquizapp\Quiz.java,javaquizapp.Quiz,initComponents/0,jPanel5Layout,5
C:\projects\Java_Quiz_App-master\JavaQuizApp\src\javaquizapp\Quiz.java,javaquizapp.Quiz,initComponents/0,jPanel42Layout,11
C:\projects\Java_Quiz_App-master\JavaQuizApp\src\javaquizapp\Quiz.java,javaquizapp.Quiz,initComponents/0,jPanel62Layout,11
C:\projects\Java_Quiz_App-master\JavaQuizApp\src\javaquizapp\Quiz.java,javaquizapp.Quiz,initComponents/0,jPanel17Layout,5
C:\projects\Java_Quiz_App-master\JavaQuizApp\src\javaquizapp\Quiz.java,javaquizapp.Quiz,initComponents/0,jPanel37Layout,11
C:\projects\Java_Quiz_App-master\JavaQuizApp\src\javaquizapp\Quiz.java,javaquizapp.Quiz,initComponents/0,jPanel57Layout,11
C:\projects\Java_Quiz_App-master\JavaQuizApp\src\javaquizapp\Quiz.java,javaquizapp.Quiz,initComponents/0,jPanel34Layout,5
C:\projects\Java_Quiz_App-master\JavaQuizApp\src\javaquizapp\Quiz.java,javaquizapp.Quiz,initComponents/0,jPanel2Layout,7
C:\projects\Java_Quiz_App-master\JavaQuizApp\src\javaquizapp\Quiz.java,javaquizapp.Quiz,initComponents/0,jPanel9Layout,5
C:\projects\Java_Quiz_App-master\JavaQuizApp\src\javaquizapp\Quiz.java,javaquizapp.Quiz,initComponents/0,jPanel54Layout,11
C:\projects\Java_Quiz_App-master\JavaQuizApp\src\javaquizapp\Quiz.java,javaquizapp.Quiz,initComponents/0,jPanel14Layout,5
C:\projects\Java_Quiz_App-master\JavaQuizApp\src\javaquizapp\Quiz.java,javaquizapp.Quiz,initComponents/0,jPanel26Layout,5
C:\projects\Java_Quiz_App-master\JavaQuizApp\src\javaquizapp\Quiz.java,javaquizapp.Quiz,initComponents/0,jPanel29Layout,5
C:\projects\Java_Quiz_App-master\JavaQuizApp\src\javaquizapp\Quiz.java,javaquizapp.Quiz,initComponents/0,jPanel11Layout,5
C:\projects\Java_Quiz_App-master\JavaQuizApp\src\javaquizapp\Quiz.java,javaquizapp.Quiz,initComponents/0,jPanel49Layout,11
C:\projects\Java_Quiz_App-master\JavaQuizApp\src\javaquizapp\Quiz.java,javaquizapp.Quiz,initComponents/0,jPanel56Layout,11
C:\projects\Java_Quiz_App-master\JavaQuizApp\src\javaquizapp\Quiz.java,javaquizapp.Quiz,initComponents/0,jPanel36Layout,11
C:\projects\Java_Quiz_App-master\JavaQuizApp\src\javaquizapp\Quiz.java,javaquizapp.Quiz,initComponents/0,jPanel46Layout,11
C:\projects\Java_Quiz_App-master\JavaQuizApp\src\javaquizapp\Quiz.java,javaquizapp.Quiz,initComponents/0,jPanel23Layout,5
C:\projects\Java_Quiz_App-master\JavaQuizApp\src\javaquizapp\Quiz.java,javaquizapp.Quiz,initComponents/0,jPanel33Layout,5
C:\projects\Java_Quiz_App-master\JavaQuizApp\src\javaquizapp\Quiz.java,javaquizapp.Quiz,initComponents/0,jPanel43Layout,11
C:\projects\Java_Quiz_App-master\JavaQuizApp\src\javaquizapp\Quiz.java,javaquizapp.Quiz,initComponents/0,jPanel13Layout,5
C:\projects\Java_Quiz_App-master\JavaQuizApp\src\javaquizapp\Quiz.java,javaquizapp.Quiz,initComponents/0,jPanel6Layout,5
C:\projects\Java_Quiz_App-master\JavaQuizApp\src\javaquizapp\Quiz.java,javaquizapp.Quiz,initComponents/0,jPanel63Layout,11
C:\projects\Java_Quiz_App-master\JavaQuizApp\src\javaquizapp\Quiz.java,javaquizapp.Quiz,initComponents/0,jPanel53Layout,11
C:\projects\Java_Quiz_App-master\JavaQuizApp\src\javaquizapp\Quiz.java,javaquizapp.Quiz,initComponents/0,jPanel3Layout,11
C:\projects\Java_Quiz_App-master\JavaQuizApp\src\javaquizapp\Quiz.java,javaquizapp.Quiz,initComponents/0,jPanel20Layout,5
C:\projects\Java_Quiz_App-master\JavaQuizApp\src\javaquizapp\Quiz.java,javaquizapp.Quiz,initComponents/0,jPanel10Layout,5
C:\projects\Java_Quiz_App-master\JavaQuizApp\src\javaquizapp\Quiz.java,javaquizapp.Quiz,initComponents/0,jPanel30Layout,5
C:\projects\Java_Quiz_App-master\JavaQuizApp\src\javaquizapp\Quiz.java,javaquizapp.Quiz,initComponents/0,jPanel40Layout,11
C:\projects\Java_Quiz_App-master\JavaQuizApp\src\javaquizapp\Quiz.java,javaquizapp.Quiz,initComponents/0,jPanel12Layout,5
C:\projects\Java_Quiz_App-master\JavaQuizApp\src\javaquizapp\Quiz.java,javaquizapp.Quiz,initComponents/0,jPanel50Layout,11
C:\projects\Java_Quiz_App-master\JavaQuizApp\src\javaquizapp\Quiz.java,javaquizapp.Quiz,initComponents/0,jPanel32Layout,5
C:\projects\Java_Quiz_App-master\JavaQuizApp\src\javaquizapp\Quiz.java,javaquizapp.Quiz,initComponents/0,jPanel52Layout,11
C:\projects\Java_Quiz_App-master\JavaQuizApp\src\javaquizapp\Quiz.java,javaquizapp.Quiz,initComponents/0,jPanel27Layout,5
C:\projects\Java_Quiz_App-master\JavaQuizApp\src\javaquizapp\Quiz.java,javaquizapp.Quiz,initComponents/0,jPanel47Layout,11
C:\projects\Java_Quiz_App-master\JavaQuizApp\src\javaquizapp\Quiz.java,javaquizapp.Quiz,initComponents/0,layout,10
C:\projects\Java_Quiz_App-master\JavaQuizApp\src\javaquizapp\Quiz.java,javaquizapp.Quiz,initComponents/0,jPanel44Layout,11
C:\projects\Java_Quiz_App-master\JavaQuizApp\src\javaquizapp\Quiz.java,javaquizapp.Quiz,initComponents/0,jPanel24Layout,5
C:\projects\Java_Quiz_App-master\JavaQuizApp\src\javaquizapp\Quiz.java,javaquizapp.Quiz,initComponents/0,jPanel64Layout,11
C:\projects\Java_Quiz_App-master\JavaQuizApp\src\javaquizapp\Quiz.java,javaquizapp.Quiz,initComponents/0,jPanel7Layout,5
C:\projects\Java_Quiz_App-master\JavaQuizApp\src\javaquizapp\Quiz.java,javaquizapp.Quiz,initComponents/0,jPanel16Layout,5
C:\projects\Java_Quiz_App-master\JavaQuizApp\src\javaquizapp\Quiz.java,javaquizapp.Quiz,initComponents/0,jPanel39Layout,11
C:\projects\Java_Quiz_App-master\JavaQuizApp\src\javaquizapp\Quiz.java,javaquizapp.Quiz,initComponents/0,jPanel61Layout,11
C:\projects\Java_Quiz_App-master\JavaQuizApp\src\javaquizapp\Quiz.java,javaquizapp.Quiz,initComponents/0,jPanel19Layout,5
C:\projects\Java_Quiz_App-master\JavaQuizApp\src\javaquizapp\Quiz.java,javaquizapp.Quiz,initComponents/0,jPanel59Layout,11
C:\projects\Java_Quiz_App-master\JavaQuizApp\src\javaquizapp\Quiz.java,javaquizapp.Quiz,jButton15ActionPerformed/1[java.awt.event.ActionEvent],evt,0
C:\projects\Java_Quiz_App-master\JavaQuizApp\src\javaquizapp\Quiz.java,javaquizapp.Quiz,jButton9ActionPerformed/1[java.awt.event.ActionEvent],evt,0
C:\projects\Java_Quiz_App-master\JavaQuizApp\src\javaquizapp\Quiz.java,javaquizapp.Quiz,jButton14ActionPerformed/1[java.awt.event.ActionEvent],evt,0
C:\projects\Java_Quiz_App-master\JavaQuizApp\src\javaquizapp\Quiz.java,javaquizapp.Quiz,jButton13ActionPerformed/1[java.awt.event.ActionEvent],evt,0
C:\projects\Java_Quiz_App-master\JavaQuizApp\src\javaquizapp\Quiz.java,javaquizapp.Quiz,jButton5ActionPerformed/1[java.awt.event.ActionEvent],evt,0
C:\projects\Java_Quiz_App-master\JavaQuizApp\src\javaquizapp\Quiz.java,javaquizapp.Quiz,jButton21ActionPerformed/1[java.awt.event.ActionEvent],evt,0
C:\projects\Java_Quiz_App-master\JavaQuizApp\src\javaquizapp\Quiz.java,javaquizapp.Quiz$Anonymous13,actionPerformed/1[java.awt.event.ActionEvent],evt,1
C:\projects\Java_Quiz_App-master\JavaQuizApp\src\javaquizapp\Quiz.java,javaquizapp.Quiz$Anonymous14,actionPerformed/1[java.awt.event.ActionEvent],evt,1
C:\projects\Java_Quiz_App-master\JavaQuizApp\src\javaquizapp\Quiz.java,javaquizapp.Quiz$Anonymous19,actionPerformed/1[java.awt.event.ActionEvent],evt,1
C:\projects\Java_Quiz_App-master\JavaQuizApp\src\javaquizapp\Quiz.java,javaquizapp.Quiz$Anonymous17,actionPerformed/1[java.awt.event.ActionEvent],evt,1
C:\projects\Java_Quiz_App-master\JavaQuizApp\src\javaquizapp\Quiz.java,javaquizapp.Quiz$Anonymous18,actionPerformed/1[java.awt.event.ActionEvent],evt,1
C:\projects\Java_Quiz_App-master\JavaQuizApp\src\javaquizapp\StartPage.java,javaquizapp.StartPage,main/1[java.lang.String[]],args,0
C:\projects\Java_Quiz_App-master\JavaQuizApp\src\javaquizapp\StartPage.java,javaquizapp.StartPage,main/1[java.lang.String[]],ex,7
C:\projects\Java_Quiz_App-master\JavaQuizApp\src\javaquizapp\StartPage.java,javaquizapp.StartPage,main/1[java.lang.String[]],info,2
C:\projects\Java_Quiz_App-master\JavaQuizApp\src\javaquizapp\StartPage.java,javaquizapp.StartPage,jButton1ActionPerformed/1[java.awt.event.ActionEvent],evt,0
C:\projects\Java_Quiz_App-master\JavaQuizApp\src\javaquizapp\StartPage.java,javaquizapp.StartPage,initComponents/0,layout,5
C:\projects\Java_Quiz_App-master\JavaQuizApp\src\javaquizapp\StartPage.java,javaquizapp.StartPage,initComponents/0,jPanel2Layout,11
C:\projects\Java_Quiz_App-master\JavaQuizApp\src\javaquizapp\StartPage.java,javaquizapp.StartPage,initComponents/0,jPanel1Layout,12
C:\projects\Java_Quiz_App-master\JavaQuizApp\src\javaquizapp\Result.java,javaquizapp.Result,getPoints/1[double],pts,1
C:\projects\Java_Quiz_App-master\JavaQuizApp\src\javaquizapp\Result.java,javaquizapp.Result,jButton1ActionPerformed/1[java.awt.event.ActionEvent],str,4
C:\projects\Java_Quiz_App-master\JavaQuizApp\src\javaquizapp\Result.java,javaquizapp.Result,jButton1ActionPerformed/1[java.awt.event.ActionEvent],evt,0
C:\projects\Java_Quiz_App-master\JavaQuizApp\src\javaquizapp\Result.java,javaquizapp.Result,initComponents/0,layout,8
C:\projects\Java_Quiz_App-master\JavaQuizApp\src\javaquizapp\Result.java,javaquizapp.Result,initComponents/0,jPanel1Layout,8
C:\projects\Java_Quiz_App-master\JavaQuizApp\src\javaquizapp\Result.java,javaquizapp.Result,main/1[java.lang.String[]],args,0
C:\projects\Java_Quiz_App-master\JavaQuizApp\src\javaquizapp\Result.java,javaquizapp.Result,main/1[java.lang.String[]],ex,7
C:\projects\Java_Quiz_App-master\JavaQuizApp\src\javaquizapp\Result.java,javaquizapp.Result,main/1[java.lang.String[]],info,2
