file,class,type,cbo,cboModified,fanin,fanout,wmc,dit,noc,rfc,lcom,lcom*,tcc,lcc,totalMethodsQty,staticMethodsQty,publicMethodsQty,privateMethodsQty,protectedMethodsQty,defaultMethodsQty,visibleMethodsQty,abstractMethodsQty,finalMethodsQty,synchronizedMethodsQty,totalFieldsQty,staticFieldsQty,publicFieldsQty,privateFieldsQty,protectedFieldsQty,defaultFieldsQty,finalFieldsQty,synchronizedFieldsQty,nosi,loc,returnQty,loopQty,comparisonsQty,tryCatchQty,parenthesizedExpsQty,stringLiteralsQty,numbersQty,assignmentsQty,mathOperationsQty,variablesQty,maxNestedBlocksQty,anonymousClassesQty,innerClassesQty,lambdasQty,uniqueWordsQty,modifiers,logStatementsQty
C:\projects\CardGame-main\src\model\PlayingCard.java,model.PlayingCard,class,2,13,11,2,5,1,0,0,4,0.6,0.3,0.4,5,0,5,0,0,0,5,0,0,0,3,0,0,3,0,0,0,0,0,23,4,0,0,0,0,0,0,3,0,3,0,0,0,0,12,1,0
C:\projects\CardGame-main\src\model\WinningPlayer.java,model.WinningPlayer,class,2,3,1,2,5,1,0,4,0,0.0,1.0,1.0,5,0,5,0,0,0,5,0,0,0,1,0,0,0,0,1,0,0,0,18,3,0,0,0,0,2,0,1,1,1,0,0,0,0,15,1,0
C:\projects\CardGame-main\src\view\GameSwingPassiveView.java,view.GameSwingPassiveView,class,3,5,2,3,12,1,0,15,64,0.8888889,0.0,0.0,12,0,9,3,0,0,9,0,0,0,3,0,0,0,0,3,0,0,0,52,0,0,0,0,0,16,6,5,5,5,0,0,0,0,61,1,0
C:\projects\CardGame-main\src\view\CommandLineView.java,view.CommandLineView,class,2,2,0,2,9,1,0,7,16,0.5625,0.21428572,0.21428572,8,0,8,0,0,0,8,0,0,0,2,0,0,0,0,2,0,0,0,39,0,0,0,0,0,16,0,3,4,3,1,0,0,0,36,1,0
C:\projects\CardGame-main\src\model\Suit.java,model.Suit,enum,0,5,5,0,2,1,0,0,0,0.0,NaN,NaN,2,0,1,1,0,0,1,0,0,0,1,0,0,0,0,1,0,0,0,8,1,0,0,0,0,0,4,1,0,1,0,0,0,0,20,1,0
C:\projects\CardGame-main\src\model\Hand.java,model.Hand,class,1,2,1,1,4,1,0,3,0,0.0,1.0,1.0,4,0,4,0,0,0,4,0,0,0,1,0,0,1,0,0,0,0,0,15,2,0,0,0,0,0,1,1,0,1,0,0,0,0,9,1,0
C:\projects\CardGame-main\src\games\Games.java,games.Games,class,6,6,0,6,3,1,0,7,0,0.0,NaN,NaN,1,1,1,0,0,0,1,0,0,0,0,0,0,0,0,0,0,0,2,21,0,1,0,1,0,0,3,5,0,5,2,0,0,0,19,1,0
C:\projects\CardGame-main\src\model\DeckFactory.java,model.DeckFactory$DeckType,enum,0,0,0,0,0,1,0,0,0,0.0,-1.0,-1.0,0,0,0,0,0,0,0,0,0,0,0,0,0,0,0,0,0,0,0,1,0,0,0,0,0,0,0,0,0,0,0,0,0,0,4,1,0
C:\projects\CardGame-main\src\model\Rank.java,model.Rank,enum,0,5,5,0,2,1,0,0,0,0.0,NaN,NaN,2,0,1,1,0,0,1,0,0,0,1,0,0,0,0,1,0,0,0,8,1,0,0,0,0,0,12,1,0,1,0,0,0,0,23,1,0
C:\projects\CardGame-main\src\view\GameViewables.java,view.GameViewables,class,2,3,1,2,18,1,0,9,0,0.0,1.0,1.0,10,0,10,0,0,0,10,0,0,0,1,0,0,0,0,1,0,0,0,49,0,8,0,0,0,0,0,1,0,1,1,0,0,0,22,1,0
C:\projects\CardGame-main\src\controller\GameController.java,controller.GameController$GameState,enum,0,0,0,0,0,1,0,0,0,0.0,-1.0,-1.0,0,0,0,0,0,0,0,0,0,0,0,0,0,0,0,0,0,0,0,1,0,0,0,0,0,0,0,0,0,0,0,0,0,0,5,0,0
C:\projects\CardGame-main\src\view\GameSwingView.java,view.GameSwingView,class,3,5,2,3,16,1,0,22,48,0.75,0.22222222,0.2777778,12,0,9,3,0,0,9,0,0,0,3,0,0,0,0,3,0,0,3,61,0,0,3,0,0,23,6,8,5,8,1,0,0,0,64,1,0
C:\projects\CardGame-main\src\model\DeckFactory.java,model.DeckFactory,class,5,6,1,5,4,1,0,0,0,0.0,NaN,NaN,1,1,1,0,0,0,1,0,0,0,0,0,0,0,0,0,0,0,0,14,4,0,0,0,0,0,0,0,0,0,1,0,1,0,9,1,0
C:\projects\CardGame-main\src\games\GameEvaluator.java,games.GameEvaluator,interface,1,4,3,1,1,1,0,0,0,0.0,NaN,NaN,1,0,1,0,0,0,1,0,0,0,0,0,0,0,0,0,0,0,0,3,0,0,0,0,0,0,0,0,0,0,0,0,0,0,7,1,0
C:\projects\CardGame-main\src\view\GameViewable.java,view.GameViewable,interface,1,6,5,1,8,1,0,0,28,0.0,0.0,0.0,8,0,8,0,0,0,8,0,0,0,0,0,0,0,0,0,0,0,0,10,0,0,0,0,0,0,0,0,0,0,0,0,0,0,18,1,0
C:\projects\CardGame-main\src\controller\GameController.java,controller.GameController,class,9,16,7,9,19,1,0,31,0,0.59999996,0.5555556,0.62222224,10,0,6,0,0,4,10,0,0,0,6,0,0,0,0,6,0,0,1,84,0,4,3,0,0,1,4,11,0,9,2,0,1,0,36,1,0
C:\projects\CardGame-main\src\model\Player.java,model.Player,class,3,4,1,3,5,1,0,3,0,0.4,0.7,1.0,5,0,5,0,0,0,5,0,0,0,2,0,0,2,0,0,0,0,0,21,3,0,0,0,0,0,0,2,0,2,0,0,0,0,14,1,0
C:\projects\CardGame-main\src\model\SmallDeck.java,model.SmallDeck,class,4,5,1,4,4,2,0,6,0,0.0,NaN,NaN,1,0,1,0,0,0,1,0,0,0,0,0,0,0,0,0,0,0,2,14,0,2,0,0,0,3,1,1,1,0,3,0,0,0,10,1,0
C:\projects\CardGame-main\src\model\IPlayer.java,model.IPlayer,interface,1,7,6,1,4,1,0,0,6,0.0,0.0,0.0,4,0,4,0,0,0,4,0,0,0,0,0,0,0,0,0,0,0,0,6,0,0,0,0,0,0,0,0,0,0,0,0,0,0,12,1,0
C:\projects\CardGame-main\src\model\NormalDeck.java,model.NormalDeck,class,4,5,1,4,3,2,0,5,0,0.0,NaN,NaN,1,0,1,0,0,0,1,0,0,0,0,0,0,0,0,0,0,0,2,12,0,2,0,0,0,3,0,1,1,0,2,0,0,0,11,1,0
C:\projects\CardGame-main\src\model\TestDeck.java,model.TestDeck,class,2,3,1,2,2,2,0,1,0,0.0,NaN,NaN,1,0,1,0,0,0,1,0,0,0,0,0,0,0,0,0,0,0,0,8,0,1,0,0,0,0,2,2,0,1,1,0,0,0,6,1,0
C:\projects\CardGame-main\src\games\HighCardGameEvaluator.java,games.HighCardGameEvaluator,class,5,6,1,5,7,1,0,5,0,0.0,NaN,NaN,1,0,1,0,0,0,1,0,0,0,0,0,0,0,0,0,0,0,0,34,1,1,1,0,0,0,4,13,0,7,5,0,0,0,21,1,0
C:\projects\CardGame-main\src\model\Deck.java,model.Deck,class,1,6,5,1,5,1,3,5,0,0.0,1.0,1.0,4,0,4,0,0,0,4,0,0,0,1,0,0,0,1,0,0,0,1,18,2,1,0,0,0,0,2,2,0,3,1,0,0,0,15,1025,0
C:\projects\CardGame-main\src\games\LowCardGameEvaluator.java,games.LowCardGameEvaluator,class,5,5,0,5,7,1,0,5,0,0.0,NaN,NaN,1,0,1,0,0,0,1,0,0,0,0,0,0,0,0,0,0,0,0,34,1,1,1,0,0,0,4,13,0,7,5,0,0,0,21,1,0
