file,class,method,variable,usage
C:\projects\CardGame-main\src\model\PlayingCard.java,model.PlayingCard,getSuit/0,suit,1
C:\projects\CardGame-main\src\model\PlayingCard.java,model.PlayingCard,getRank/0,rank,1
C:\projects\CardGame-main\src\model\PlayingCard.java,model.PlayingCard,isFaceUp/0,faceUp,1
C:\projects\CardGame-main\src\model\PlayingCard.java,model.PlayingCard,flip/0,faceUp,3
C:\projects\CardGame-main\src\model\PlayingCard.java,model.PlayingCard,"PlayingCard/2[model.Rank,model.Suit]",rank,3
C:\projects\CardGame-main\src\model\PlayingCard.java,model.PlayingCard,"PlayingCard/2[model.Rank,model.Suit]",suit,3
C:\projects\CardGame-main\src\model\WinningPlayer.java,model.WinningPlayer,removeCard/0,winner,1
C:\projects\CardGame-main\src\model\WinningPlayer.java,model.WinningPlayer,addCardToHand/1[model.PlayingCard],winner,1
C:\projects\CardGame-main\src\model\WinningPlayer.java,model.WinningPlayer,getName/0,winner,1
C:\projects\CardGame-main\src\model\WinningPlayer.java,model.WinningPlayer,WinningPlayer/1[model.IPlayer],winner,1
C:\projects\CardGame-main\src\model\WinningPlayer.java,model.WinningPlayer,getCard/1[int],winner,1
C:\projects\CardGame-main\src\view\GameSwingPassiveView.java,view.GameSwingPassiveView,setController/1[controller.GameController],controller,3
C:\projects\CardGame-main\src\view\GameSwingPassiveView.java,view.GameSwingPassiveView,appendText/1[java.lang.String],textArea,3
C:\projects\CardGame-main\src\view\GameSwingPassiveView.java,view.GameSwingPassiveView,addControllerCommandTracker/1[java.awt.Container],textArea,3
C:\projects\CardGame-main\src\view\GameSwingPassiveView.java,view.GameSwingPassiveView,createAndShowGUI/0,frame,5
C:\projects\CardGame-main\src\view\CommandLineView.java,view.CommandLineView,setController/1[controller.GameController],controller,1
C:\projects\CardGame-main\src\view\CommandLineView.java,view.CommandLineView,promptForPlayerName/0,keyboard,1
C:\projects\CardGame-main\src\view\CommandLineView.java,view.CommandLineView,promptForPlayerName/0,controller,2
C:\projects\CardGame-main\src\view\CommandLineView.java,view.CommandLineView,promptForNewGame/0,keyboard,2
C:\projects\CardGame-main\src\view\CommandLineView.java,view.CommandLineView,promptForNewGame/0,controller,1
C:\projects\CardGame-main\src\view\CommandLineView.java,view.CommandLineView,promptForFlip/0,keyboard,1
C:\projects\CardGame-main\src\view\CommandLineView.java,view.CommandLineView,promptForFlip/0,controller,1
C:\projects\CardGame-main\src\model\Suit.java,model.Suit,Suit/1[int],suit,1
C:\projects\CardGame-main\src\model\Suit.java,model.Suit,value/0,suit,1
C:\projects\CardGame-main\src\model\Hand.java,model.Hand,removeCard/0,cards,1
C:\projects\CardGame-main\src\model\Hand.java,model.Hand,getCard/1[int],cards,1
C:\projects\CardGame-main\src\model\Hand.java,model.Hand,Hand/0,cards,1
C:\projects\CardGame-main\src\model\Hand.java,model.Hand,addCard/1[model.PlayingCard],cards,1
C:\projects\CardGame-main\src\model\Rank.java,model.Rank,value/0,rank,1
C:\projects\CardGame-main\src\model\Rank.java,model.Rank,Rank/1[int],rank,1
C:\projects\CardGame-main\src\view\GameViewables.java,view.GameViewables,promptForNewGame/0,views,1
C:\projects\CardGame-main\src\view\GameViewables.java,view.GameViewables,promptForPlayerName/0,views,1
C:\projects\CardGame-main\src\view\GameViewables.java,view.GameViewables,promptForFlip/0,views,1
C:\projects\CardGame-main\src\view\GameViewables.java,view.GameViewables,"showCardForPlayer/4[int,java.lang.String,java.lang.String,java.lang.String]",views,1
C:\projects\CardGame-main\src\view\GameViewables.java,view.GameViewables,GameViewables/0,views,1
C:\projects\CardGame-main\src\view\GameViewables.java,view.GameViewables,setController/1[controller.GameController],views,1
C:\projects\CardGame-main\src\view\GameViewables.java,view.GameViewables,"showPlayerName/2[int,java.lang.String]",views,1
C:\projects\CardGame-main\src\view\GameViewables.java,view.GameViewables,"showFaceDownCardForPlayer/2[int,java.lang.String]",views,1
C:\projects\CardGame-main\src\view\GameViewables.java,view.GameViewables,showWinner/1[java.lang.String],views,1
C:\projects\CardGame-main\src\view\GameViewables.java,view.GameViewables,addViewable/1[view.GameViewable],views,1
C:\projects\CardGame-main\src\view\GameSwingView.java,view.GameSwingView,setController/1[controller.GameController],controller,3
C:\projects\CardGame-main\src\view\GameSwingView.java,view.GameSwingView,addControllerCommandTracker/1[java.awt.Container],textArea,3
C:\projects\CardGame-main\src\view\GameSwingView.java,view.GameSwingView,promptForPlayerName/0,controller,3
C:\projects\CardGame-main\src\view\GameSwingView.java,view.GameSwingView,promptForPlayerName/0,frame,2
C:\projects\CardGame-main\src\view\GameSwingView.java,view.GameSwingView,appendText/1[java.lang.String],textArea,3
C:\projects\CardGame-main\src\view\GameSwingView.java,view.GameSwingView,promptForFlip/0,controller,1
C:\projects\CardGame-main\src\view\GameSwingView.java,view.GameSwingView,promptForNewGame/0,controller,1
C:\projects\CardGame-main\src\view\GameSwingView.java,view.GameSwingView,promptForNewGame/0,frame,1
C:\projects\CardGame-main\src\view\GameSwingView.java,view.GameSwingView,createAndShowGUI/0,frame,5
C:\projects\CardGame-main\src\controller\GameController.java,controller.GameController,evaluateWinner/0,winner,1
C:\projects\CardGame-main\src\controller\GameController.java,controller.GameController,evaluateWinner/0,players,1
C:\projects\CardGame-main\src\controller\GameController.java,controller.GameController,evaluateWinner/0,evaluator,1
C:\projects\CardGame-main\src\controller\GameController.java,controller.GameController,run/0,view,3
C:\projects\CardGame-main\src\controller\GameController.java,controller.GameController,run/0,gameState,2
C:\projects\CardGame-main\src\controller\GameController.java,controller.GameController,addPlayer/1[java.lang.String],view,1
C:\projects\CardGame-main\src\controller\GameController.java,controller.GameController,addPlayer/1[java.lang.String],players,2
C:\projects\CardGame-main\src\controller\GameController.java,controller.GameController,addPlayer/1[java.lang.String],gameState,1
C:\projects\CardGame-main\src\controller\GameController.java,controller.GameController,flipCards/0,view,1
C:\projects\CardGame-main\src\controller\GameController.java,controller.GameController,flipCards/0,players,1
C:\projects\CardGame-main\src\controller\GameController.java,controller.GameController,flipCards/0,gameState,1
C:\projects\CardGame-main\src\controller\GameController.java,controller.GameController,startGame/0,view,1
C:\projects\CardGame-main\src\controller\GameController.java,controller.GameController,startGame/0,players,1
C:\projects\CardGame-main\src\controller\GameController.java,controller.GameController,startGame/0,deck,2
C:\projects\CardGame-main\src\controller\GameController.java,controller.GameController,startGame/0,gameState,2
C:\projects\CardGame-main\src\controller\GameController.java,controller.GameController,rebuildDeck/0,players,1
C:\projects\CardGame-main\src\controller\GameController.java,controller.GameController,rebuildDeck/0,deck,1
C:\projects\CardGame-main\src\controller\GameController.java,controller.GameController,displayWinner/0,view,1
C:\projects\CardGame-main\src\controller\GameController.java,controller.GameController,displayWinner/0,winner,1
C:\projects\CardGame-main\src\controller\GameController.java,controller.GameController,"GameController/3[model.Deck,view.GameViewable,games.GameEvaluator]",view,4
C:\projects\CardGame-main\src\controller\GameController.java,controller.GameController,"GameController/3[model.Deck,view.GameViewable,games.GameEvaluator]",players,1
C:\projects\CardGame-main\src\controller\GameController.java,controller.GameController,"GameController/3[model.Deck,view.GameViewable,games.GameEvaluator]",deck,3
C:\projects\CardGame-main\src\controller\GameController.java,controller.GameController,"GameController/3[model.Deck,view.GameViewable,games.GameEvaluator]",gameState,1
C:\projects\CardGame-main\src\controller\GameController.java,controller.GameController,"GameController/3[model.Deck,view.GameViewable,games.GameEvaluator]",evaluator,1
C:\projects\CardGame-main\src\model\Player.java,model.Player,removeCard/0,hand,1
C:\projects\CardGame-main\src\model\Player.java,model.Player,getName/0,name,1
C:\projects\CardGame-main\src\model\Player.java,model.Player,getCard/1[int],hand,1
C:\projects\CardGame-main\src\model\Player.java,model.Player,Player/1[java.lang.String],name,3
C:\projects\CardGame-main\src\model\Player.java,model.Player,Player/1[java.lang.String],hand,1
C:\projects\CardGame-main\src\model\Player.java,model.Player,addCardToHand/1[model.PlayingCard],hand,1
C:\projects\CardGame-main\src\model\Deck.java,model.Deck,returnCardToDeck/1[model.PlayingCard],cards,1
C:\projects\CardGame-main\src\model\Deck.java,model.Deck,getCards/0,cards,1
C:\projects\CardGame-main\src\model\Deck.java,model.Deck,removeTopCard/0,cards,1
C:\projects\CardGame-main\src\model\Deck.java,model.Deck,shuffle/0,cards,3
