file,class,method,constructor,line,cbo,cboModified,fanin,fanout,wmc,rfc,loc,returnsQty,variablesQty,parametersQty,methodsInvokedQty,methodsInvokedLocalQty,methodsInvokedIndirectLocalQty,loopQty,comparisonsQty,tryCatchQty,parenthesizedExpsQty,stringLiteralsQty,numbersQty,assignmentsQty,mathOperationsQty,maxNestedBlocksQty,anonymousClassesQty,innerClassesQty,lambdasQty,uniqueWordsQty,modifiers,logStatementsQty,hasJavaDoc
C:\projects\CardGame-main\src\model\PlayingCard.java,model.PlayingCard,getSuit/0,false,17,1,3,3,0,1,0,3,1,0,0,0,0,0,0,0,0,0,0,0,0,0,0,0,0,0,3,1,0,false
C:\projects\CardGame-main\src\model\PlayingCard.java,model.PlayingCard,getRank/0,false,14,1,3,3,0,1,0,3,1,0,0,0,0,0,0,0,0,0,0,0,0,0,0,0,0,0,3,1,0,false
C:\projects\CardGame-main\src\model\PlayingCard.java,model.PlayingCard,isFaceUp/0,false,20,0,0,0,0,1,0,3,1,0,0,0,0,0,0,0,0,0,0,0,0,0,0,0,0,0,4,1,0,false
C:\projects\CardGame-main\src\model\PlayingCard.java,model.PlayingCard,flip/0,false,23,0,1,1,0,1,0,4,1,0,0,0,0,0,0,0,0,0,0,0,1,0,0,0,0,0,3,1,0,false
C:\projects\CardGame-main\src\model\PlayingCard.java,model.PlayingCard,"PlayingCard/2[model.Rank,model.Suit]",true,8,2,3,3,0,1,0,5,0,0,2,0,0,0,0,0,0,0,0,0,2,0,0,0,0,0,5,1,0,false
C:\projects\CardGame-main\src\model\WinningPlayer.java,model.WinningPlayer,removeCard/0,false,27,2,1,0,1,1,1,3,1,0,0,1,0,0,0,0,0,0,0,0,0,0,0,0,0,0,3,1,0,false
C:\projects\CardGame-main\src\model\WinningPlayer.java,model.WinningPlayer,addCardToHand/1[model.PlayingCard],false,17,2,1,0,1,1,1,3,0,0,1,1,0,0,0,0,0,0,0,0,0,0,0,0,0,0,6,1,0,false
C:\projects\CardGame-main\src\model\WinningPlayer.java,model.WinningPlayer,getName/0,false,12,1,1,0,1,1,1,3,1,0,0,1,0,0,0,0,0,0,2,0,0,1,0,0,0,0,2,1,0,false
C:\projects\CardGame-main\src\model\WinningPlayer.java,model.WinningPlayer,WinningPlayer/1[model.IPlayer],true,7,1,1,1,0,1,0,3,0,0,1,0,0,0,0,0,0,0,0,0,1,0,0,0,0,0,4,1,0,false
C:\projects\CardGame-main\src\model\WinningPlayer.java,model.WinningPlayer,getCard/1[int],false,22,2,1,0,1,1,1,3,1,0,1,1,0,0,0,0,0,0,0,0,0,0,0,0,0,0,4,1,0,false
C:\projects\CardGame-main\src\view\GameSwingPassiveView.java,view.GameSwingPassiveView,setController/1[controller.GameController],false,59,1,0,0,0,1,0,3,0,0,1,0,0,0,0,0,0,0,0,0,1,0,0,0,0,0,4,1,0,false
C:\projects\CardGame-main\src\view\GameSwingPassiveView.java,view.GameSwingPassiveView,appendText/1[java.lang.String],false,52,0,7,7,0,1,4,4,0,0,1,4,0,0,0,0,0,0,1,0,0,1,0,0,0,0,3,2,0,false
C:\projects\CardGame-main\src\view\GameSwingPassiveView.java,view.GameSwingPassiveView,"showPlayerName/2[int,java.lang.String]",false,64,1,1,0,1,1,1,3,0,0,2,1,1,1,0,0,0,0,3,0,0,1,0,0,0,0,7,1,0,false
C:\projects\CardGame-main\src\view\GameSwingPassiveView.java,view.GameSwingPassiveView,promptForFlip/0,false,89,1,1,0,1,1,1,3,0,0,0,1,1,1,0,0,0,0,1,0,0,0,0,0,0,0,7,1,0,false
C:\projects\CardGame-main\src\view\GameSwingPassiveView.java,view.GameSwingPassiveView,"addCenteredComponent/2[javax.swing.JComponent,java.awt.Container]",false,46,0,1,1,0,1,2,4,0,0,2,2,0,0,0,0,0,0,0,0,0,0,0,0,0,0,7,2,0,false
C:\projects\CardGame-main\src\view\GameSwingPassiveView.java,view.GameSwingPassiveView,addControllerCommandTracker/1[java.awt.Container],false,38,1,2,1,1,1,2,6,0,1,1,2,1,1,0,0,0,0,1,4,2,0,0,0,0,0,15,2,0,false
C:\projects\CardGame-main\src\view\GameSwingPassiveView.java,view.GameSwingPassiveView,"showCardForPlayer/4[int,java.lang.String,java.lang.String,java.lang.String]",false,69,1,1,0,1,1,1,3,0,0,4,1,1,1,0,0,0,0,4,0,0,1,0,0,0,0,11,1,0,false
C:\projects\CardGame-main\src\view\GameSwingPassiveView.java,view.GameSwingPassiveView,"showFaceDownCardForPlayer/2[int,java.lang.String]",false,79,1,1,0,1,1,1,3,0,0,2,1,1,1,0,0,0,0,2,0,0,1,0,0,0,0,9,1,0,false
C:\projects\CardGame-main\src\view\GameSwingPassiveView.java,view.GameSwingPassiveView,showWinner/1[java.lang.String],false,74,1,1,0,1,1,1,3,0,0,1,1,1,1,0,0,0,0,1,0,0,1,0,0,0,0,6,1,0,false
C:\projects\CardGame-main\src\view\GameSwingPassiveView.java,view.GameSwingPassiveView,createAndShowGUI/0,false,20,1,2,1,1,1,6,9,0,1,0,6,1,2,0,0,0,0,1,2,2,0,0,0,0,0,23,1,0,false
C:\projects\CardGame-main\src\view\GameSwingPassiveView.java,view.GameSwingPassiveView,promptForPlayerName/0,false,84,1,1,0,1,1,1,3,0,0,0,1,1,1,0,0,0,0,1,0,0,0,0,0,0,0,8,1,0,false
C:\projects\CardGame-main\src\view\GameSwingPassiveView.java,view.GameSwingPassiveView,promptForNewGame/0,false,94,1,1,0,1,1,1,3,0,0,0,1,1,1,0,0,0,0,1,0,0,0,0,0,0,0,8,1,0,false
C:\projects\CardGame-main\src\view\CommandLineView.java,view.CommandLineView,setController/1[controller.GameController],false,12,1,0,0,0,1,0,3,0,0,1,0,0,0,0,0,0,0,0,0,1,0,0,0,0,0,4,1,0,false
C:\projects\CardGame-main\src\view\CommandLineView.java,view.CommandLineView,promptForPlayerName/0,false,16,1,2,0,2,2,5,10,0,1,0,5,0,0,0,0,0,0,1,0,1,0,1,0,0,0,5,1,0,false
C:\projects\CardGame-main\src\view\CommandLineView.java,view.CommandLineView,"showCardForPlayer/4[int,java.lang.String,java.lang.String,java.lang.String]",false,50,0,0,0,0,1,1,3,0,0,4,1,0,0,0,0,0,0,5,0,0,1,0,0,0,0,9,1,0,false
C:\projects\CardGame-main\src\view\CommandLineView.java,view.CommandLineView,showWinner/1[java.lang.String],false,38,0,0,0,0,1,1,3,0,0,1,1,0,0,0,0,0,0,2,0,0,1,0,0,0,0,5,1,0,false
C:\projects\CardGame-main\src\view\CommandLineView.java,view.CommandLineView,"showPlayerName/2[int,java.lang.String]",false,42,0,0,0,0,1,1,3,0,0,2,1,0,0,0,0,0,0,3,0,0,1,0,0,0,0,5,1,0,false
C:\projects\CardGame-main\src\view\CommandLineView.java,view.CommandLineView,"showFaceDownCardForPlayer/2[int,java.lang.String]",false,46,0,0,0,0,1,1,3,0,0,2,1,0,0,0,0,0,0,3,0,0,1,0,0,0,0,9,1,0,false
C:\projects\CardGame-main\src\view\CommandLineView.java,view.CommandLineView,promptForNewGame/0,false,32,1,1,0,1,1,3,5,0,0,0,3,0,0,0,0,0,0,1,0,0,0,0,0,0,0,10,1,0,false
C:\projects\CardGame-main\src\view\CommandLineView.java,view.CommandLineView,promptForFlip/0,false,26,1,1,0,1,1,3,5,0,0,0,3,0,0,0,0,0,0,1,0,0,0,0,0,0,0,6,1,0,false
C:\projects\CardGame-main\src\model\Suit.java,model.Suit,Suit/1[int],true,11,0,0,0,0,1,0,3,0,0,1,0,0,0,0,0,0,0,0,0,1,0,0,0,0,0,3,2,0,false
C:\projects\CardGame-main\src\model\Suit.java,model.Suit,value/0,false,15,0,2,2,0,1,0,3,1,0,0,0,0,0,0,0,0,0,0,0,0,0,0,0,0,0,2,1,0,false
C:\projects\CardGame-main\src\model\Hand.java,model.Hand,removeCard/0,false,21,1,1,1,0,1,1,3,1,0,0,1,0,0,0,0,0,0,0,1,0,0,0,0,0,0,3,1,0,false
C:\projects\CardGame-main\src\model\Hand.java,model.Hand,getCard/1[int],false,17,1,1,1,0,1,1,3,1,0,1,1,0,0,0,0,0,0,0,0,0,0,0,0,0,0,4,1,0,false
C:\projects\CardGame-main\src\model\Hand.java,model.Hand,Hand/0,true,9,1,1,1,0,1,0,3,0,0,0,0,0,0,0,0,0,0,0,0,1,0,0,0,0,0,2,1,0,false
C:\projects\CardGame-main\src\model\Hand.java,model.Hand,addCard/1[model.PlayingCard],false,13,1,1,1,0,1,1,3,0,0,1,1,0,0,0,0,0,0,0,0,0,0,0,0,0,0,4,1,0,false
C:\projects\CardGame-main\src\games\Games.java,games.Games,main/1[java.lang.String[]],false,14,6,10,0,10,3,7,19,0,5,1,7,0,0,1,0,1,0,0,3,5,0,2,0,0,0,18,9,0,false
C:\projects\CardGame-main\src\model\Rank.java,model.Rank,value/0,false,23,0,3,3,0,1,0,3,1,0,0,0,0,0,0,0,0,0,0,0,0,0,0,0,0,0,2,1,0,false
C:\projects\CardGame-main\src\model\Rank.java,model.Rank,Rank/1[int],true,19,0,0,0,0,1,0,3,0,0,1,0,0,0,0,0,0,0,0,0,1,0,0,0,0,0,3,2,0,false
C:\projects\CardGame-main\src\view\GameViewables.java,view.GameViewables,promptForNewGame/0,false,41,1,1,0,1,2,1,5,0,0,0,1,0,0,1,0,0,0,0,0,0,0,1,0,0,0,7,1,0,false
C:\projects\CardGame-main\src\view\GameViewables.java,view.GameViewables,promptForPlayerName/0,false,27,1,1,0,1,2,1,5,0,0,0,1,0,0,1,0,0,0,0,0,0,0,1,0,0,0,8,1,0,false
C:\projects\CardGame-main\src\view\GameViewables.java,view.GameViewables,promptForFlip/0,false,34,1,1,0,1,2,1,5,0,0,0,1,0,0,1,0,0,0,0,0,0,0,1,0,0,0,7,1,0,false
C:\projects\CardGame-main\src\view\GameViewables.java,view.GameViewables,"showCardForPlayer/4[int,java.lang.String,java.lang.String,java.lang.String]",false,69,1,1,0,1,2,1,5,0,0,4,1,0,0,1,0,0,0,0,0,0,0,1,0,0,0,9,1,0,false
C:\projects\CardGame-main\src\view\GameViewables.java,view.GameViewables,GameViewables/0,true,11,1,1,1,0,1,0,3,0,0,0,0,0,0,0,0,0,0,0,0,1,0,0,0,0,0,3,1,0,false
C:\projects\CardGame-main\src\view\GameViewables.java,view.GameViewables,setController/1[controller.GameController],false,20,2,1,0,1,2,1,5,0,0,1,1,0,0,1,0,0,0,0,0,0,0,1,0,0,0,7,1,0,false
C:\projects\CardGame-main\src\view\GameViewables.java,view.GameViewables,"showPlayerName/2[int,java.lang.String]",false,55,1,1,0,1,2,1,5,0,0,2,1,0,0,1,0,0,0,0,0,0,0,1,0,0,0,8,1,0,false
C:\projects\CardGame-main\src\view\GameViewables.java,view.GameViewables,"showFaceDownCardForPlayer/2[int,java.lang.String]",false,62,1,1,0,1,2,1,5,0,0,2,1,0,0,1,0,0,0,0,0,0,0,1,0,0,0,12,1,0,false
C:\projects\CardGame-main\src\view\GameViewables.java,view.GameViewables,showWinner/1[java.lang.String],false,48,1,1,0,1,2,1,5,0,0,1,1,0,0,1,0,0,0,0,0,0,0,1,0,0,0,8,1,0,false
C:\projects\CardGame-main\src\view\GameViewables.java,view.GameViewables,addViewable/1[view.GameViewable],false,15,1,1,1,0,1,1,3,0,0,1,1,0,0,0,0,0,0,0,0,0,0,0,0,0,0,4,1,0,false
C:\projects\CardGame-main\src\view\GameSwingView.java,view.GameSwingView,setController/1[controller.GameController],false,60,1,0,0,0,1,0,3,0,0,1,0,0,0,0,0,0,0,0,0,1,0,0,0,0,0,4,1,0,false
C:\projects\CardGame-main\src\view\GameSwingView.java,view.GameSwingView,"showCardForPlayer/4[int,java.lang.String,java.lang.String,java.lang.String]",false,72,1,1,0,1,1,1,3,0,0,4,1,1,1,0,0,0,0,4,0,0,1,0,0,0,0,11,1,0,false
C:\projects\CardGame-main\src\view\GameSwingView.java,view.GameSwingView,addControllerCommandTracker/1[java.awt.Container],false,39,1,2,1,1,1,2,6,0,1,1,2,1,1,0,0,0,0,1,4,2,0,0,0,0,0,15,2,0,false
C:\projects\CardGame-main\src\view\GameSwingView.java,view.GameSwingView,"addCenteredComponent/2[javax.swing.JComponent,java.awt.Container]",false,47,0,1,1,0,1,2,4,0,0,2,2,0,0,0,0,0,0,0,0,0,0,0,0,0,0,7,2,0,false
C:\projects\CardGame-main\src\view\GameSwingView.java,view.GameSwingView,"showFaceDownCardForPlayer/2[int,java.lang.String]",false,82,1,1,0,1,1,1,3,0,0,2,1,1,1,0,0,0,0,2,0,0,1,0,0,0,0,9,1,0,false
C:\projects\CardGame-main\src\view\GameSwingView.java,view.GameSwingView,showWinner/1[java.lang.String],false,77,1,1,0,1,1,1,3,0,0,1,1,1,1,0,0,0,0,1,0,0,1,0,0,0,0,6,1,0,false
C:\projects\CardGame-main\src\view\GameSwingView.java,view.GameSwingView,promptForPlayerName/0,false,87,1,3,0,3,4,6,11,0,2,0,6,0,0,0,2,0,0,6,0,2,0,1,0,0,0,11,1,0,false
C:\projects\CardGame-main\src\view\GameSwingView.java,view.GameSwingView,appendText/1[java.lang.String],false,53,0,4,4,0,1,4,4,0,0,1,4,0,0,0,0,0,0,1,0,0,1,0,0,0,0,3,2,0,false
C:\projects\CardGame-main\src\view\GameSwingView.java,view.GameSwingView,promptForFlip/0,false,106,1,1,0,1,1,1,3,0,0,0,1,0,0,0,0,0,0,0,0,0,0,0,0,0,0,3,1,0,false
C:\projects\CardGame-main\src\view\GameSwingView.java,view.GameSwingView,promptForNewGame/0,false,111,1,1,0,1,2,2,4,0,1,0,2,0,0,0,1,0,0,4,0,1,0,0,0,0,0,6,1,0,false
C:\projects\CardGame-main\src\view\GameSwingView.java,view.GameSwingView,createAndShowGUI/0,false,21,1,2,1,1,1,6,9,0,1,0,6,1,2,0,0,0,0,1,2,2,0,0,0,0,0,23,1,0,false
C:\projects\CardGame-main\src\view\GameSwingView.java,view.GameSwingView,"showPlayerName/2[int,java.lang.String]",false,67,1,1,0,1,1,1,3,0,0,2,1,1,1,0,0,0,0,3,0,0,1,0,0,0,0,7,1,0,false
C:\projects\CardGame-main\src\model\DeckFactory.java,model.DeckFactory,makeDeck/1[model.DeckFactory.DeckType],false,9,5,4,1,3,4,0,11,4,0,1,0,0,0,0,0,0,0,0,0,0,0,1,0,0,0,7,9,0,false
C:\projects\CardGame-main\src\games\GameEvaluator.java,games.GameEvaluator,evaluateWinner/1[java.util.List<model.IPlayer>],false,9,1,1,1,0,1,0,1,0,0,1,0,0,0,0,0,0,0,0,0,0,0,0,0,0,0,5,1,0,false
C:\projects\CardGame-main\src\view\GameViewable.java,view.GameViewable,promptForFlip/0,false,9,0,2,2,0,1,0,1,0,0,0,0,0,0,0,0,0,0,0,0,0,0,0,0,0,0,3,1,0,false
C:\projects\CardGame-main\src\view\GameViewable.java,view.GameViewable,promptForNewGame/0,false,10,0,2,2,0,1,0,1,0,0,0,0,0,0,0,0,0,0,0,0,0,0,0,0,0,0,4,1,0,false
C:\projects\CardGame-main\src\view\GameViewable.java,view.GameViewable,setController/1[controller.GameController],false,7,1,2,2,0,1,0,1,0,0,1,0,0,0,0,0,0,0,0,0,0,0,0,0,0,0,4,1,0,false
C:\projects\CardGame-main\src\view\GameViewable.java,view.GameViewable,"showPlayerName/2[int,java.lang.String]",false,12,0,2,2,0,1,0,1,0,0,2,0,0,0,0,0,0,0,0,0,0,0,0,0,0,0,4,1,0,false
C:\projects\CardGame-main\src\view\GameViewable.java,view.GameViewable,"showFaceDownCardForPlayer/2[int,java.lang.String]",false,13,0,2,2,0,1,0,1,0,0,2,0,0,0,0,0,0,0,0,0,0,0,0,0,0,0,8,1,0,false
C:\projects\CardGame-main\src\view\GameViewable.java,view.GameViewable,promptForPlayerName/0,false,8,0,2,2,0,1,0,1,0,0,0,0,0,0,0,0,0,0,0,0,0,0,0,0,0,0,4,1,0,false
C:\projects\CardGame-main\src\view\GameViewable.java,view.GameViewable,showWinner/1[java.lang.String],false,11,0,2,2,0,1,0,1,0,0,1,0,0,0,0,0,0,0,0,0,0,0,0,0,0,0,4,1,0,false
C:\projects\CardGame-main\src\view\GameViewable.java,view.GameViewable,"showCardForPlayer/4[int,java.lang.String,java.lang.String,java.lang.String]",false,14,0,2,2,0,1,0,1,0,0,4,0,0,0,0,0,0,0,0,0,0,0,0,0,0,0,5,1,0,false
C:\projects\CardGame-main\src\controller\GameController.java,controller.GameController,exitGame/0,false,113,0,1,1,0,1,1,3,0,0,0,1,0,0,0,0,0,0,0,1,0,0,0,0,0,0,2,0,0,false
C:\projects\CardGame-main\src\controller\GameController.java,controller.GameController,evaluateWinner/0,false,90,2,3,1,2,1,1,3,0,0,0,1,0,0,0,0,0,0,0,0,1,0,0,0,0,0,6,0,0,false
C:\projects\CardGame-main\src\controller\GameController.java,controller.GameController,run/0,false,39,1,6,3,3,4,3,13,0,0,0,3,0,0,1,1,0,0,0,0,0,0,1,0,0,0,3,1,0,false
C:\projects\CardGame-main\src\controller\GameController.java,controller.GameController,addPlayer/1[java.lang.String],false,54,2,4,2,2,2,3,6,0,0,1,3,0,0,0,1,0,0,0,0,0,0,1,0,0,0,6,1,0,false
C:\projects\CardGame-main\src\controller\GameController.java,controller.GameController,flipCards/0,false,74,4,12,2,10,2,12,13,0,2,0,12,4,1,1,0,0,0,0,2,3,0,1,0,0,0,17,1,0,false
C:\projects\CardGame-main\src\controller\GameController.java,controller.GameController,nextAction/1[java.lang.String],false,104,1,5,3,2,2,3,8,0,0,1,3,2,2,0,0,0,0,1,0,0,0,1,0,0,0,6,1,0,false
C:\projects\CardGame-main\src\controller\GameController.java,controller.GameController,startGame/0,false,61,4,9,3,6,3,6,12,0,1,0,6,1,1,1,1,0,0,0,1,2,0,2,0,0,0,9,1,0,false
C:\projects\CardGame-main\src\controller\GameController.java,controller.GameController,rebuildDeck/0,false,98,2,3,1,2,2,2,5,0,0,0,2,0,0,1,0,0,0,0,0,0,0,1,0,0,0,6,0,0,false
C:\projects\CardGame-main\src\controller\GameController.java,controller.GameController,displayWinner/0,false,94,2,3,1,2,1,2,3,0,0,0,2,0,0,0,0,0,0,0,0,0,0,0,0,0,0,2,0,0,false
C:\projects\CardGame-main\src\controller\GameController.java,controller.GameController,"GameController/3[model.Deck,view.GameViewable,games.GameEvaluator]",true,29,4,2,1,1,1,1,9,0,0,3,1,0,0,0,0,0,0,0,0,5,0,0,0,0,0,7,1,0,false
C:\projects\CardGame-main\src\model\Player.java,model.Player,removeCard/0,false,21,2,1,0,1,1,1,3,1,0,0,1,0,0,0,0,0,0,0,0,0,0,0,0,0,0,3,1,0,false
C:\projects\CardGame-main\src\model\Player.java,model.Player,getName/0,false,25,0,0,0,0,1,0,3,1,0,0,0,0,0,0,0,0,0,0,0,0,0,0,0,0,0,2,1,0,false
C:\projects\CardGame-main\src\model\Player.java,model.Player,getCard/1[int],false,17,2,1,0,1,1,1,3,1,0,1,1,0,0,0,0,0,0,0,0,0,0,0,0,0,0,4,1,0,false
C:\projects\CardGame-main\src\model\Player.java,model.Player,Player/1[java.lang.String],true,7,1,2,1,1,1,0,5,0,0,1,0,0,0,0,0,0,0,0,0,2,0,0,0,0,0,4,1,0,false
C:\projects\CardGame-main\src\model\Player.java,model.Player,addCardToHand/1[model.PlayingCard],false,13,2,1,0,1,1,1,3,0,0,1,1,0,0,0,0,0,0,0,0,0,0,0,0,0,0,6,1,0,false
C:\projects\CardGame-main\src\model\SmallDeck.java,model.SmallDeck,SmallDeck/0,true,6,4,6,1,5,4,6,12,0,0,0,6,0,0,2,0,0,0,3,1,1,1,3,0,0,0,10,1,0,false
C:\projects\CardGame-main\src\model\IPlayer.java,model.IPlayer,addCardToHand/1[model.PlayingCard],false,4,1,2,2,0,1,0,1,0,0,1,0,0,0,0,0,0,0,0,0,0,0,0,0,0,0,6,1,0,false
C:\projects\CardGame-main\src\model\IPlayer.java,model.IPlayer,removeCard/0,false,6,1,2,2,0,1,0,1,0,0,0,0,0,0,0,0,0,0,0,0,0,0,0,0,0,0,3,1,0,false
C:\projects\CardGame-main\src\model\IPlayer.java,model.IPlayer,getName/0,false,7,0,4,4,0,1,0,1,0,0,0,0,0,0,0,0,0,0,0,0,0,0,0,0,0,0,2,1,0,false
C:\projects\CardGame-main\src\model\IPlayer.java,model.IPlayer,getCard/1[int],false,5,1,4,4,0,1,0,1,0,0,1,0,0,0,0,0,0,0,0,0,0,0,0,0,0,0,4,1,0,false
C:\projects\CardGame-main\src\model\NormalDeck.java,model.NormalDeck,NormalDeck/0,true,6,4,5,1,4,3,5,10,0,0,0,5,0,0,2,0,0,0,3,0,1,1,2,0,0,0,11,1,0,false
C:\projects\CardGame-main\src\model\TestDeck.java,model.TestDeck,TestDeck/0,true,6,1,2,1,1,2,1,6,0,1,0,1,0,0,1,0,0,0,0,2,2,0,1,0,0,0,6,1,0,false
C:\projects\CardGame-main\src\games\HighCardGameEvaluator.java,games.HighCardGameEvaluator,evaluateWinner/1[java.util.List<model.IPlayer>],false,9,4,5,0,5,7,5,32,1,7,1,5,0,0,1,1,0,0,0,4,13,0,5,0,0,0,18,1,0,false
C:\projects\CardGame-main\src\model\Deck.java,model.Deck,returnCardToDeck/1[model.PlayingCard],false,21,1,1,1,0,1,1,3,0,0,1,1,0,0,0,0,0,0,0,0,0,0,0,0,0,0,6,1,0,false
C:\projects\CardGame-main\src\model\Deck.java,model.Deck,getCards/0,false,25,1,0,0,0,1,0,3,1,0,0,0,0,0,0,0,0,0,0,0,0,0,0,0,0,0,3,1,0,false
C:\projects\CardGame-main\src\model\Deck.java,model.Deck,removeTopCard/0,false,17,1,1,1,0,1,1,3,1,0,0,1,0,0,0,0,0,0,0,1,0,0,0,0,0,0,4,1,0,false
C:\projects\CardGame-main\src\model\Deck.java,model.Deck,shuffle/0,false,10,0,3,3,0,2,3,6,0,2,0,3,0,0,1,0,0,0,0,1,2,0,1,0,0,0,4,1,0,false
C:\projects\CardGame-main\src\games\LowCardGameEvaluator.java,games.LowCardGameEvaluator,evaluateWinner/1[java.util.List<model.IPlayer>],false,11,4,5,0,5,7,5,32,1,7,1,5,0,0,1,1,0,0,0,4,13,0,5,0,0,0,18,1,0,false
