file,class,method,variable,usage
C:\projects\CardGame-main\src\model\PlayingCard.java,model.PlayingCard,"PlayingCard/2[model.Rank,model.Suit]",rank,2
C:\projects\CardGame-main\src\model\PlayingCard.java,model.PlayingCard,"PlayingCard/2[model.Rank,model.Suit]",suit,2
C:\projects\CardGame-main\src\model\WinningPlayer.java,model.WinningPlayer,addCardToHand/1[model.PlayingCard],pc,1
C:\projects\CardGame-main\src\model\WinningPlayer.java,model.WinningPlayer,WinningPlayer/1[model.IPlayer],player,1
C:\projects\CardGame-main\src\model\WinningPlayer.java,model.WinningPlayer,getCard/1[int],index,1
C:\projects\CardGame-main\src\view\GameSwingPassiveView.java,view.GameSwingPassiveView,setController/1[controller.GameController],controller,2
C:\projects\CardGame-main\src\view\GameSwingPassiveView.java,view.GameSwingPassiveView,appendText/1[java.lang.String],text,1
C:\projects\CardGame-main\src\view\GameSwingPassiveView.java,view.GameSwingPassiveView,"showPlayerName/2[int,java.lang.String]",playerName,1
C:\projects\CardGame-main\src\view\GameSwingPassiveView.java,view.GameSwingPassiveView,"showPlayerName/2[int,java.lang.String]",playerIndex,1
C:\projects\CardGame-main\src\view\GameSwingPassiveView.java,view.GameSwingPassiveView,"addCenteredComponent/2[javax.swing.JComponent,java.awt.Container]",component,2
C:\projects\CardGame-main\src\view\GameSwingPassiveView.java,view.GameSwingPassiveView,"addCenteredComponent/2[javax.swing.JComponent,java.awt.Container]",contentPane,1
C:\projects\CardGame-main\src\view\GameSwingPassiveView.java,view.GameSwingPassiveView,addControllerCommandTracker/1[java.awt.Container],scrollPane,1
C:\projects\CardGame-main\src\view\GameSwingPassiveView.java,view.GameSwingPassiveView,addControllerCommandTracker/1[java.awt.Container],contentPane,1
C:\projects\CardGame-main\src\view\GameSwingPassiveView.java,view.GameSwingPassiveView,"showCardForPlayer/4[int,java.lang.String,java.lang.String,java.lang.String]",playerName,1
C:\projects\CardGame-main\src\view\GameSwingPassiveView.java,view.GameSwingPassiveView,"showCardForPlayer/4[int,java.lang.String,java.lang.String,java.lang.String]",cardSuit,1
C:\projects\CardGame-main\src\view\GameSwingPassiveView.java,view.GameSwingPassiveView,"showCardForPlayer/4[int,java.lang.String,java.lang.String,java.lang.String]",playerIndex,0
C:\projects\CardGame-main\src\view\GameSwingPassiveView.java,view.GameSwingPassiveView,"showCardForPlayer/4[int,java.lang.String,java.lang.String,java.lang.String]",cardRank,1
C:\projects\CardGame-main\src\view\GameSwingPassiveView.java,view.GameSwingPassiveView,"showFaceDownCardForPlayer/2[int,java.lang.String]",name,1
C:\projects\CardGame-main\src\view\GameSwingPassiveView.java,view.GameSwingPassiveView,"showFaceDownCardForPlayer/2[int,java.lang.String]",playerIndex,0
C:\projects\CardGame-main\src\view\GameSwingPassiveView.java,view.GameSwingPassiveView,showWinner/1[java.lang.String],winnerName,1
C:\projects\CardGame-main\src\view\GameSwingPassiveView.java,view.GameSwingPassiveView,createAndShowGUI/0,contentPane,3
C:\projects\CardGame-main\src\view\CommandLineView.java,view.CommandLineView,setController/1[controller.GameController],gc,1
C:\projects\CardGame-main\src\view\CommandLineView.java,view.CommandLineView,promptForPlayerName/0,name,2
C:\projects\CardGame-main\src\view\CommandLineView.java,view.CommandLineView,"showCardForPlayer/4[int,java.lang.String,java.lang.String,java.lang.String]",playerName,1
C:\projects\CardGame-main\src\view\CommandLineView.java,view.CommandLineView,"showCardForPlayer/4[int,java.lang.String,java.lang.String,java.lang.String]",i,1
C:\projects\CardGame-main\src\view\CommandLineView.java,view.CommandLineView,"showCardForPlayer/4[int,java.lang.String,java.lang.String,java.lang.String]",rank,1
C:\projects\CardGame-main\src\view\CommandLineView.java,view.CommandLineView,"showCardForPlayer/4[int,java.lang.String,java.lang.String,java.lang.String]",suit,1
C:\projects\CardGame-main\src\view\CommandLineView.java,view.CommandLineView,showWinner/1[java.lang.String],playerName,1
C:\projects\CardGame-main\src\view\CommandLineView.java,view.CommandLineView,"showPlayerName/2[int,java.lang.String]",playerName,1
C:\projects\CardGame-main\src\view\CommandLineView.java,view.CommandLineView,"showPlayerName/2[int,java.lang.String]",playerIndex,1
C:\projects\CardGame-main\src\view\CommandLineView.java,view.CommandLineView,"showFaceDownCardForPlayer/2[int,java.lang.String]",playerName,1
C:\projects\CardGame-main\src\view\CommandLineView.java,view.CommandLineView,"showFaceDownCardForPlayer/2[int,java.lang.String]",i,1
C:\projects\CardGame-main\src\model\Suit.java,model.Suit,Suit/1[int],value,1
C:\projects\CardGame-main\src\model\Hand.java,model.Hand,getCard/1[int],index,1
C:\projects\CardGame-main\src\model\Hand.java,model.Hand,addCard/1[model.PlayingCard],pc,1
C:\projects\CardGame-main\src\games\Games.java,games.Games,main/1[java.lang.String[]],args,0
C:\projects\CardGame-main\src\games\Games.java,games.Games,main/1[java.lang.String[]],passiveView,2
C:\projects\CardGame-main\src\games\Games.java,games.Games,main/1[java.lang.String[]],e,1
C:\projects\CardGame-main\src\games\Games.java,games.Games,main/1[java.lang.String[]],i,2
C:\projects\CardGame-main\src\games\Games.java,games.Games,main/1[java.lang.String[]],gsv,2
C:\projects\CardGame-main\src\games\Games.java,games.Games,main/1[java.lang.String[]],gc,1
C:\projects\CardGame-main\src\games\Games.java,games.Games,main/1[java.lang.String[]],views,3
C:\projects\CardGame-main\src\model\Rank.java,model.Rank,Rank/1[int],value,1
C:\projects\CardGame-main\src\view\GameViewables.java,view.GameViewables,promptForNewGame/0,view,1
C:\projects\CardGame-main\src\view\GameViewables.java,view.GameViewables,promptForPlayerName/0,view,1
C:\projects\CardGame-main\src\view\GameViewables.java,view.GameViewables,promptForFlip/0,view,1
C:\projects\CardGame-main\src\view\GameViewables.java,view.GameViewables,"showCardForPlayer/4[int,java.lang.String,java.lang.String,java.lang.String]",view,1
C:\projects\CardGame-main\src\view\GameViewables.java,view.GameViewables,"showCardForPlayer/4[int,java.lang.String,java.lang.String,java.lang.String]",playerName,1
C:\projects\CardGame-main\src\view\GameViewables.java,view.GameViewables,"showCardForPlayer/4[int,java.lang.String,java.lang.String,java.lang.String]",i,1
C:\projects\CardGame-main\src\view\GameViewables.java,view.GameViewables,"showCardForPlayer/4[int,java.lang.String,java.lang.String,java.lang.String]",rank,1
C:\projects\CardGame-main\src\view\GameViewables.java,view.GameViewables,"showCardForPlayer/4[int,java.lang.String,java.lang.String,java.lang.String]",suit,1
C:\projects\CardGame-main\src\view\GameViewables.java,view.GameViewables,setController/1[controller.GameController],view,1
C:\projects\CardGame-main\src\view\GameViewables.java,view.GameViewables,setController/1[controller.GameController],gc,1
C:\projects\CardGame-main\src\view\GameViewables.java,view.GameViewables,"showPlayerName/2[int,java.lang.String]",view,1
C:\projects\CardGame-main\src\view\GameViewables.java,view.GameViewables,"showPlayerName/2[int,java.lang.String]",playerName,1
C:\projects\CardGame-main\src\view\GameViewables.java,view.GameViewables,"showPlayerName/2[int,java.lang.String]",playerIndex,1
C:\projects\CardGame-main\src\view\GameViewables.java,view.GameViewables,"showFaceDownCardForPlayer/2[int,java.lang.String]",view,1
C:\projects\CardGame-main\src\view\GameViewables.java,view.GameViewables,"showFaceDownCardForPlayer/2[int,java.lang.String]",playerName,1
C:\projects\CardGame-main\src\view\GameViewables.java,view.GameViewables,"showFaceDownCardForPlayer/2[int,java.lang.String]",i,1
C:\projects\CardGame-main\src\view\GameViewables.java,view.GameViewables,showWinner/1[java.lang.String],view,1
C:\projects\CardGame-main\src\view\GameViewables.java,view.GameViewables,showWinner/1[java.lang.String],playerName,1
C:\projects\CardGame-main\src\view\GameViewables.java,view.GameViewables,addViewable/1[view.GameViewable],view,1
C:\projects\CardGame-main\src\view\GameSwingView.java,view.GameSwingView,setController/1[controller.GameController],controller,2
C:\projects\CardGame-main\src\view\GameSwingView.java,view.GameSwingView,"showCardForPlayer/4[int,java.lang.String,java.lang.String,java.lang.String]",playerName,1
C:\projects\CardGame-main\src\view\GameSwingView.java,view.GameSwingView,"showCardForPlayer/4[int,java.lang.String,java.lang.String,java.lang.String]",cardSuit,1
C:\projects\CardGame-main\src\view\GameSwingView.java,view.GameSwingView,"showCardForPlayer/4[int,java.lang.String,java.lang.String,java.lang.String]",playerIndex,0
C:\projects\CardGame-main\src\view\GameSwingView.java,view.GameSwingView,"showCardForPlayer/4[int,java.lang.String,java.lang.String,java.lang.String]",cardRank,1
C:\projects\CardGame-main\src\view\GameSwingView.java,view.GameSwingView,addControllerCommandTracker/1[java.awt.Container],scrollPane,1
C:\projects\CardGame-main\src\view\GameSwingView.java,view.GameSwingView,addControllerCommandTracker/1[java.awt.Container],contentPane,1
C:\projects\CardGame-main\src\view\GameSwingView.java,view.GameSwingView,"addCenteredComponent/2[javax.swing.JComponent,java.awt.Container]",component,2
C:\projects\CardGame-main\src\view\GameSwingView.java,view.GameSwingView,"addCenteredComponent/2[javax.swing.JComponent,java.awt.Container]",contentPane,1
C:\projects\CardGame-main\src\view\GameSwingView.java,view.GameSwingView,"showFaceDownCardForPlayer/2[int,java.lang.String]",name,1
C:\projects\CardGame-main\src\view\GameSwingView.java,view.GameSwingView,"showFaceDownCardForPlayer/2[int,java.lang.String]",playerIndex,0
C:\projects\CardGame-main\src\view\GameSwingView.java,view.GameSwingView,showWinner/1[java.lang.String],winnerName,1
C:\projects\CardGame-main\src\view\GameSwingView.java,view.GameSwingView,promptForPlayerName/0,result,3
C:\projects\CardGame-main\src\view\GameSwingView.java,view.GameSwingView,promptForPlayerName/0,addMore,1
C:\projects\CardGame-main\src\view\GameSwingView.java,view.GameSwingView,appendText/1[java.lang.String],text,1
C:\projects\CardGame-main\src\view\GameSwingView.java,view.GameSwingView,promptForNewGame/0,newGame,1
C:\projects\CardGame-main\src\view\GameSwingView.java,view.GameSwingView,createAndShowGUI/0,contentPane,3
C:\projects\CardGame-main\src\view\GameSwingView.java,view.GameSwingView,"showPlayerName/2[int,java.lang.String]",playerName,1
C:\projects\CardGame-main\src\view\GameSwingView.java,view.GameSwingView,"showPlayerName/2[int,java.lang.String]",playerIndex,1
C:\projects\CardGame-main\src\model\DeckFactory.java,model.DeckFactory,makeDeck/1[model.DeckFactory.DeckType],type,1
C:\projects\CardGame-main\src\games\GameEvaluator.java,games.GameEvaluator,evaluateWinner/1[java.util.List<model.IPlayer>],players,0
C:\projects\CardGame-main\src\view\GameViewable.java,view.GameViewable,setController/1[controller.GameController],gc,0
C:\projects\CardGame-main\src\view\GameViewable.java,view.GameViewable,"showPlayerName/2[int,java.lang.String]",playerName,0
C:\projects\CardGame-main\src\view\GameViewable.java,view.GameViewable,"showPlayerName/2[int,java.lang.String]",playerIndex,0
C:\projects\CardGame-main\src\view\GameViewable.java,view.GameViewable,"showFaceDownCardForPlayer/2[int,java.lang.String]",playerName,0
C:\projects\CardGame-main\src\view\GameViewable.java,view.GameViewable,"showFaceDownCardForPlayer/2[int,java.lang.String]",i,0
C:\projects\CardGame-main\src\view\GameViewable.java,view.GameViewable,showWinner/1[java.lang.String],playerName,0
C:\projects\CardGame-main\src\view\GameViewable.java,view.GameViewable,"showCardForPlayer/4[int,java.lang.String,java.lang.String,java.lang.String]",playerName,0
C:\projects\CardGame-main\src\view\GameViewable.java,view.GameViewable,"showCardForPlayer/4[int,java.lang.String,java.lang.String,java.lang.String]",i,0
C:\projects\CardGame-main\src\view\GameViewable.java,view.GameViewable,"showCardForPlayer/4[int,java.lang.String,java.lang.String,java.lang.String]",rank,0
C:\projects\CardGame-main\src\view\GameViewable.java,view.GameViewable,"showCardForPlayer/4[int,java.lang.String,java.lang.String,java.lang.String]",suit,0
C:\projects\CardGame-main\src\controller\GameController.java,controller.GameController,addPlayer/1[java.lang.String],playerName,2
C:\projects\CardGame-main\src\controller\GameController.java,controller.GameController,flipCards/0,pc,3
C:\projects\CardGame-main\src\controller\GameController.java,controller.GameController,flipCards/0,playerIndex,1
C:\projects\CardGame-main\src\controller\GameController.java,controller.GameController,flipCards/0,player,2
C:\projects\CardGame-main\src\controller\GameController.java,controller.GameController,nextAction/1[java.lang.String],nextChoice,1
C:\projects\CardGame-main\src\controller\GameController.java,controller.GameController,startGame/0,playerIndex,1
C:\projects\CardGame-main\src\controller\GameController.java,controller.GameController,startGame/0,player,2
C:\projects\CardGame-main\src\controller\GameController.java,controller.GameController,rebuildDeck/0,player,1
C:\projects\CardGame-main\src\controller\GameController.java,controller.GameController,"GameController/3[model.Deck,view.GameViewable,games.GameEvaluator]",view,3
C:\projects\CardGame-main\src\controller\GameController.java,controller.GameController,"GameController/3[model.Deck,view.GameViewable,games.GameEvaluator]",deck,2
C:\projects\CardGame-main\src\controller\GameController.java,controller.GameController,"GameController/3[model.Deck,view.GameViewable,games.GameEvaluator]",gameEvaluator,1
C:\projects\CardGame-main\src\model\Player.java,model.Player,getCard/1[int],index,1
C:\projects\CardGame-main\src\model\Player.java,model.Player,Player/1[java.lang.String],name,2
C:\projects\CardGame-main\src\model\Player.java,model.Player,addCardToHand/1[model.PlayingCard],pc,1
C:\projects\CardGame-main\src\model\SmallDeck.java,model.SmallDeck,SmallDeck/0,rank,3
C:\projects\CardGame-main\src\model\SmallDeck.java,model.SmallDeck,SmallDeck/0,suit,2
C:\projects\CardGame-main\src\model\IPlayer.java,model.IPlayer,addCardToHand/1[model.PlayingCard],pc,0
C:\projects\CardGame-main\src\model\IPlayer.java,model.IPlayer,getCard/1[int],index,0
C:\projects\CardGame-main\src\model\NormalDeck.java,model.NormalDeck,NormalDeck/0,rank,2
C:\projects\CardGame-main\src\model\NormalDeck.java,model.NormalDeck,NormalDeck/0,suit,2
C:\projects\CardGame-main\src\model\TestDeck.java,model.TestDeck,TestDeck/0,i,2
C:\projects\CardGame-main\src\games\HighCardGameEvaluator.java,games.HighCardGameEvaluator,evaluateWinner/1[java.util.List<model.IPlayer>],bestSuit,2
C:\projects\CardGame-main\src\games\HighCardGameEvaluator.java,games.HighCardGameEvaluator,evaluateWinner/1[java.util.List<model.IPlayer>],thisRank,2
C:\projects\CardGame-main\src\games\HighCardGameEvaluator.java,games.HighCardGameEvaluator,evaluateWinner/1[java.util.List<model.IPlayer>],pc,5
C:\projects\CardGame-main\src\games\HighCardGameEvaluator.java,games.HighCardGameEvaluator,evaluateWinner/1[java.util.List<model.IPlayer>],players,1
C:\projects\CardGame-main\src\games\HighCardGameEvaluator.java,games.HighCardGameEvaluator,evaluateWinner/1[java.util.List<model.IPlayer>],newBestPlayer,4
C:\projects\CardGame-main\src\games\HighCardGameEvaluator.java,games.HighCardGameEvaluator,evaluateWinner/1[java.util.List<model.IPlayer>],bestPlayer,3
C:\projects\CardGame-main\src\games\HighCardGameEvaluator.java,games.HighCardGameEvaluator,evaluateWinner/1[java.util.List<model.IPlayer>],bestRank,3
C:\projects\CardGame-main\src\games\HighCardGameEvaluator.java,games.HighCardGameEvaluator,evaluateWinner/1[java.util.List<model.IPlayer>],player,3
C:\projects\CardGame-main\src\model\Deck.java,model.Deck,returnCardToDeck/1[model.PlayingCard],pc,1
C:\projects\CardGame-main\src\model\Deck.java,model.Deck,shuffle/0,random,1
C:\projects\CardGame-main\src\model\Deck.java,model.Deck,shuffle/0,i,3
C:\projects\CardGame-main\src\games\LowCardGameEvaluator.java,games.LowCardGameEvaluator,evaluateWinner/1[java.util.List<model.IPlayer>],bestSuit,2
C:\projects\CardGame-main\src\games\LowCardGameEvaluator.java,games.LowCardGameEvaluator,evaluateWinner/1[java.util.List<model.IPlayer>],thisRank,2
C:\projects\CardGame-main\src\games\LowCardGameEvaluator.java,games.LowCardGameEvaluator,evaluateWinner/1[java.util.List<model.IPlayer>],pc,5
C:\projects\CardGame-main\src\games\LowCardGameEvaluator.java,games.LowCardGameEvaluator,evaluateWinner/1[java.util.List<model.IPlayer>],players,1
C:\projects\CardGame-main\src\games\LowCardGameEvaluator.java,games.LowCardGameEvaluator,evaluateWinner/1[java.util.List<model.IPlayer>],newBestPlayer,4
C:\projects\CardGame-main\src\games\LowCardGameEvaluator.java,games.LowCardGameEvaluator,evaluateWinner/1[java.util.List<model.IPlayer>],bestPlayer,3
C:\projects\CardGame-main\src\games\LowCardGameEvaluator.java,games.LowCardGameEvaluator,evaluateWinner/1[java.util.List<model.IPlayer>],bestRank,3
C:\projects\CardGame-main\src\games\LowCardGameEvaluator.java,games.LowCardGameEvaluator,evaluateWinner/1[java.util.List<model.IPlayer>],player,3
