file,class,type,cbo,cboModified,fanin,fanout,wmc,dit,noc,rfc,lcom,lcom*,tcc,lcc,totalMethodsQty,staticMethodsQty,publicMethodsQty,privateMethodsQty,protectedMethodsQty,defaultMethodsQty,visibleMethodsQty,abstractMethodsQty,finalMethodsQty,synchronizedMethodsQty,totalFieldsQty,staticFieldsQty,publicFieldsQty,privateFieldsQty,protectedFieldsQty,defaultFieldsQty,finalFieldsQty,synchronizedFieldsQty,nosi,loc,returnQty,loopQty,comparisonsQty,tryCatchQty,parenthesizedExpsQty,stringLiteralsQty,numbersQty,assignmentsQty,mathOperationsQty,variablesQty,maxNestedBlocksQty,anonymousClassesQty,innerClassesQty,lambdasQty,uniqueWordsQty,modifiers,logStatementsQty
C:\projects\Cows-and-Bulls-Console-App-master\src\com\cowsandbulls\OriginalWord.java,com.cowsandbulls.OriginalWord,class,1,3,2,1,4,1,0,6,0,0.0,1.0,1.0,2,0,2,0,0,0,2,0,0,0,1,0,0,0,0,1,0,0,0,20,1,1,1,1,0,2,1,2,0,2,1,0,0,0,20,1,0
C:\projects\Cows-and-Bulls-Console-App-master\src\com\cowsandbulls\CowsAndBulls.java,com.cowsandbulls.CowsAndBulls,class,0,1,1,0,12,1,0,1,0,0.56000006,0.7,1.0,5,0,4,0,0,1,5,0,0,0,5,0,0,0,0,5,0,0,0,37,3,3,4,0,0,0,10,9,0,8,3,0,0,0,18,1,0
C:\projects\Cows-and-Bulls-Console-App-master\src\com\cowsandbulls\GuessWord.java,com.cowsandbulls.GuessWord,class,1,3,2,1,4,1,0,6,0,0.0,1.0,1.0,2,0,2,0,0,0,2,0,0,0,1,0,0,0,0,1,0,0,0,20,1,1,1,1,0,2,1,2,0,2,1,0,0,0,20,1,0
C:\projects\Cows-and-Bulls-Console-App-master\src\com\cowsandbulls\Dictionary.java,com.cowsandbulls.Dictionary,class,3,4,1,3,10,1,0,13,0,0.0,NaN,NaN,1,0,1,0,0,0,1,0,0,0,0,0,0,0,0,0,0,0,2,36,1,1,1,1,0,2,2,9,0,8,4,0,0,0,35,1,0
C:\projects\Cows-and-Bulls-Console-App-master\src\com\cowsandbulls\Work.java,com.cowsandbulls.Work,class,4,4,0,4,9,1,0,10,0,0.0,NaN,NaN,1,1,1,0,0,0,1,0,0,0,0,0,0,0,0,0,0,0,0,45,0,3,1,0,0,7,4,12,4,8,2,0,0,0,34,1,0
C:\projects\Cows-and-Bulls-Console-App-master\src\com\support\EraserThread.java,com.support.EraserThread,class,0,0,0,0,4,1,0,4,0,0.0,1.0,1.0,2,0,2,0,0,0,2,0,0,0,1,0,0,1,0,0,0,0,2,19,0,1,0,1,0,1,1,2,0,1,2,0,0,0,16,1,0
