file,class,method,variable,usage
C:\projects\Cows-and-Bulls-Console-App-master\src\com\cowsandbulls\OriginalWord.java,com.cowsandbulls.OriginalWord,readOriginalWord/0,word,1
C:\projects\Cows-and-Bulls-Console-App-master\src\com\cowsandbulls\OriginalWord.java,com.cowsandbulls.OriginalWord,checkOriginalWordLength/0,word,2
C:\projects\Cows-and-Bulls-Console-App-master\src\com\cowsandbulls\CowsAndBulls.java,com.cowsandbulls.CowsAndBulls,getCows/0,guessWord,1
C:\projects\Cows-and-Bulls-Console-App-master\src\com\cowsandbulls\CowsAndBulls.java,com.cowsandbulls.CowsAndBulls,getCows/0,cows,2
C:\projects\Cows-and-Bulls-Console-App-master\src\com\cowsandbulls\CowsAndBulls.java,com.cowsandbulls.CowsAndBulls,getCows/0,originalWord,1
C:\projects\Cows-and-Bulls-Console-App-master\src\com\cowsandbulls\CowsAndBulls.java,com.cowsandbulls.CowsAndBulls,CowsAndBulls/1[java.lang.String],originalWord,3
C:\projects\Cows-and-Bulls-Console-App-master\src\com\cowsandbulls\CowsAndBulls.java,com.cowsandbulls.CowsAndBulls,setGuessWord/1[java.lang.String],guessWord,3
C:\projects\Cows-and-Bulls-Console-App-master\src\com\cowsandbulls\CowsAndBulls.java,com.cowsandbulls.CowsAndBulls,getBulls/0,guessWord,1
C:\projects\Cows-and-Bulls-Console-App-master\src\com\cowsandbulls\CowsAndBulls.java,com.cowsandbulls.CowsAndBulls,getBulls/0,originalWord,1
C:\projects\Cows-and-Bulls-Console-App-master\src\com\cowsandbulls\CowsAndBulls.java,com.cowsandbulls.CowsAndBulls,getBulls/0,bulls,2
C:\projects\Cows-and-Bulls-Console-App-master\src\com\cowsandbulls\CowsAndBulls.java,com.cowsandbulls.CowsAndBulls,isWinner/0,result,2
C:\projects\Cows-and-Bulls-Console-App-master\src\com\cowsandbulls\CowsAndBulls.java,com.cowsandbulls.CowsAndBulls,isWinner/0,cows,1
C:\projects\Cows-and-Bulls-Console-App-master\src\com\cowsandbulls\CowsAndBulls.java,com.cowsandbulls.CowsAndBulls,isWinner/0,bulls,1
C:\projects\Cows-and-Bulls-Console-App-master\src\com\cowsandbulls\GuessWord.java,com.cowsandbulls.GuessWord,readGuessWord/0,word,1
C:\projects\Cows-and-Bulls-Console-App-master\src\com\cowsandbulls\GuessWord.java,com.cowsandbulls.GuessWord,checkGuessWordLength/0,word,2
C:\projects\Cows-and-Bulls-Console-App-master\src\com\support\EraserThread.java,com.support.EraserThread,run/0,stop,2
C:\projects\Cows-and-Bulls-Console-App-master\src\com\support\EraserThread.java,com.support.EraserThread,stopMasking/0,stop,1
