file,class,method,constructor,line,cbo,cboModified,fanin,fanout,wmc,rfc,loc,returnsQty,variablesQty,parametersQty,methodsInvokedQty,methodsInvokedLocalQty,methodsInvokedIndirectLocalQty,loopQty,comparisonsQty,tryCatchQty,parenthesizedExpsQty,stringLiteralsQty,numbersQty,assignmentsQty,mathOperationsQty,maxNestedBlocksQty,anonymousClassesQty,innerClassesQty,lambdasQty,uniqueWordsQty,modifiers,logStatementsQty,hasJavaDoc
C:\projects\Cows-and-Bulls-Console-App-master\src\com\cowsandbulls\OriginalWord.java,com.cowsandbulls.OriginalWord,readOriginalWord/0,false,10,0,2,2,0,2,4,10,0,1,0,4,0,0,0,0,1,0,1,0,2,0,1,0,0,0,15,1,0,false
C:\projects\Cows-and-Bulls-Console-App-master\src\com\cowsandbulls\OriginalWord.java,com.cowsandbulls.OriginalWord,checkOriginalWordLength/0,false,25,1,2,1,1,2,3,7,1,0,0,3,1,1,1,1,0,0,1,1,0,0,1,0,0,0,9,1,0,false
C:\projects\Cows-and-Bulls-Console-App-master\src\com\cowsandbulls\CowsAndBulls.java,com.cowsandbulls.CowsAndBulls,getCows/0,false,20,0,1,1,0,4,1,10,1,2,0,1,0,0,2,1,0,0,0,4,2,0,3,0,0,0,5,1,0,false
C:\projects\Cows-and-Bulls-Console-App-master\src\com\cowsandbulls\CowsAndBulls.java,com.cowsandbulls.CowsAndBulls,CowsAndBulls/1[java.lang.String],true,11,0,1,1,0,1,0,3,0,0,1,0,0,0,0,0,0,0,0,0,1,0,0,0,0,0,5,0,0,false
C:\projects\Cows-and-Bulls-Console-App-master\src\com\cowsandbulls\CowsAndBulls.java,com.cowsandbulls.CowsAndBulls,setGuessWord/1[java.lang.String],false,16,0,1,1,0,1,0,3,0,0,1,0,0,0,0,0,0,0,0,0,1,0,0,0,0,0,4,1,0,false
C:\projects\Cows-and-Bulls-Console-App-master\src\com\cowsandbulls\CowsAndBulls.java,com.cowsandbulls.CowsAndBulls,getBulls/0,false,32,0,1,1,0,3,1,8,1,1,0,1,0,0,1,1,0,0,0,2,1,0,2,0,0,0,4,1,0,false
C:\projects\Cows-and-Bulls-Console-App-master\src\com\cowsandbulls\CowsAndBulls.java,com.cowsandbulls.CowsAndBulls,isWinner/0,false,42,0,1,1,0,3,0,6,1,0,0,0,0,0,0,2,0,0,0,2,1,0,1,0,0,0,6,1,0,false
C:\projects\Cows-and-Bulls-Console-App-master\src\com\cowsandbulls\GuessWord.java,com.cowsandbulls.GuessWord,readGuessWord/0,false,11,0,2,2,0,2,4,10,0,1,0,4,0,0,0,0,1,0,1,0,2,0,1,0,0,0,15,1,0,false
C:\projects\Cows-and-Bulls-Console-App-master\src\com\cowsandbulls\GuessWord.java,com.cowsandbulls.GuessWord,checkGuessWordLength/0,false,23,1,2,1,1,2,3,7,1,0,0,3,1,1,1,1,0,0,1,1,0,0,1,0,0,0,9,1,0,false
C:\projects\Cows-and-Bulls-Console-App-master\src\com\cowsandbulls\Dictionary.java,com.cowsandbulls.Dictionary,searchDictionary/1[java.lang.String],false,21,3,4,1,3,10,13,34,1,8,1,13,0,0,1,1,1,0,2,2,9,0,4,0,0,0,35,1,0,false
C:\projects\Cows-and-Bulls-Console-App-master\src\com\cowsandbulls\Work.java,com.cowsandbulls.Work,main/1[java.lang.String[]],false,5,4,13,0,13,9,10,43,0,8,1,10,0,0,3,1,0,0,7,4,12,4,2,0,0,0,33,9,0,false
C:\projects\Cows-and-Bulls-Console-App-master\src\com\support\EraserThread.java,com.support.EraserThread,run/0,false,6,0,0,0,0,3,4,13,0,0,0,4,0,0,1,0,1,0,1,1,1,0,2,0,0,0,6,1,0,false
C:\projects\Cows-and-Bulls-Console-App-master\src\com\support\EraserThread.java,com.support.EraserThread,stopMasking/0,false,22,0,0,0,0,1,0,3,0,0,0,0,0,0,0,0,0,0,0,0,1,0,0,0,0,0,8,1,0,true
