file,class,method,variable,usage
C:\projects\Cows-and-Bulls-Console-App-master\src\com\cowsandbulls\OriginalWord.java,com.cowsandbulls.OriginalWord,readOriginalWord/0,e,1
C:\projects\Cows-and-Bulls-Console-App-master\src\com\cowsandbulls\OriginalWord.java,com.cowsandbulls.OriginalWord,readOriginalWord/0,bufferRead,1
C:\projects\Cows-and-Bulls-Console-App-master\src\com\cowsandbulls\CowsAndBulls.java,com.cowsandbulls.CowsAndBulls,getCows/0,i,3
C:\projects\Cows-and-Bulls-Console-App-master\src\com\cowsandbulls\CowsAndBulls.java,com.cowsandbulls.CowsAndBulls,getCows/0,j,3
C:\projects\Cows-and-Bulls-Console-App-master\src\com\cowsandbulls\CowsAndBulls.java,com.cowsandbulls.CowsAndBulls,CowsAndBulls/1[java.lang.String],originalWord,2
C:\projects\Cows-and-Bulls-Console-App-master\src\com\cowsandbulls\CowsAndBulls.java,com.cowsandbulls.CowsAndBulls,setGuessWord/1[java.lang.String],guessWord,2
C:\projects\Cows-and-Bulls-Console-App-master\src\com\cowsandbulls\CowsAndBulls.java,com.cowsandbulls.CowsAndBulls,getBulls/0,i,4
C:\projects\Cows-and-Bulls-Console-App-master\src\com\cowsandbulls\GuessWord.java,com.cowsandbulls.GuessWord,readGuessWord/0,e,1
C:\projects\Cows-and-Bulls-Console-App-master\src\com\cowsandbulls\GuessWord.java,com.cowsandbulls.GuessWord,readGuessWord/0,bufferRead,1
C:\projects\Cows-and-Bulls-Console-App-master\src\com\cowsandbulls\Dictionary.java,com.cowsandbulls.Dictionary,searchDictionary/1[java.lang.String],result,2
C:\projects\Cows-and-Bulls-Console-App-master\src\com\cowsandbulls\Dictionary.java,com.cowsandbulls.Dictionary,searchDictionary/1[java.lang.String],expression,1
C:\projects\Cows-and-Bulls-Console-App-master\src\com\cowsandbulls\Dictionary.java,com.cowsandbulls.Dictionary,searchDictionary/1[java.lang.String],builderFactory,1
C:\projects\Cows-and-Bulls-Console-App-master\src\com\cowsandbulls\Dictionary.java,com.cowsandbulls.Dictionary,searchDictionary/1[java.lang.String],e,9
C:\projects\Cows-and-Bulls-Console-App-master\src\com\cowsandbulls\Dictionary.java,com.cowsandbulls.Dictionary,searchDictionary/1[java.lang.String],document,1
C:\projects\Cows-and-Bulls-Console-App-master\src\com\cowsandbulls\Dictionary.java,com.cowsandbulls.Dictionary,searchDictionary/1[java.lang.String],builder,1
C:\projects\Cows-and-Bulls-Console-App-master\src\com\cowsandbulls\Dictionary.java,com.cowsandbulls.Dictionary,searchDictionary/1[java.lang.String],i,3
C:\projects\Cows-and-Bulls-Console-App-master\src\com\cowsandbulls\Dictionary.java,com.cowsandbulls.Dictionary,searchDictionary/1[java.lang.String],word,1
C:\projects\Cows-and-Bulls-Console-App-master\src\com\cowsandbulls\Dictionary.java,com.cowsandbulls.Dictionary,searchDictionary/1[java.lang.String],xPath,1
C:\projects\Cows-and-Bulls-Console-App-master\src\com\cowsandbulls\Dictionary.java,com.cowsandbulls.Dictionary,searchDictionary/1[java.lang.String],nodeList,4
C:\projects\Cows-and-Bulls-Console-App-master\src\com\cowsandbulls\Work.java,com.cowsandbulls.Work,main/1[java.lang.String[]],args,0
C:\projects\Cows-and-Bulls-Console-App-master\src\com\cowsandbulls\Work.java,com.cowsandbulls.Work,main/1[java.lang.String[]],winner,4
C:\projects\Cows-and-Bulls-Console-App-master\src\com\cowsandbulls\Work.java,com.cowsandbulls.Work,main/1[java.lang.String[]],guess_word,4
C:\projects\Cows-and-Bulls-Console-App-master\src\com\cowsandbulls\Work.java,com.cowsandbulls.Work,main/1[java.lang.String[]],d,2
C:\projects\Cows-and-Bulls-Console-App-master\src\com\cowsandbulls\Work.java,com.cowsandbulls.Work,main/1[java.lang.String[]],g,4
C:\projects\Cows-and-Bulls-Console-App-master\src\com\cowsandbulls\Work.java,com.cowsandbulls.Work,main/1[java.lang.String[]],original_word,6
C:\projects\Cows-and-Bulls-Console-App-master\src\com\cowsandbulls\Work.java,com.cowsandbulls.Work,main/1[java.lang.String[]],attempts,4
C:\projects\Cows-and-Bulls-Console-App-master\src\com\cowsandbulls\Work.java,com.cowsandbulls.Work,main/1[java.lang.String[]],o,4
C:\projects\Cows-and-Bulls-Console-App-master\src\com\cowsandbulls\Work.java,com.cowsandbulls.Work,main/1[java.lang.String[]],cb,6
C:\projects\Cows-and-Bulls-Console-App-master\src\com\support\EraserThread.java,com.support.EraserThread,run/0,ie,1
