file,class,type,cbo,cboModified,fanin,fanout,wmc,dit,noc,rfc,lcom,lcom*,tcc,lcc,totalMethodsQty,staticMethodsQty,publicMethodsQty,privateMethodsQty,protectedMethodsQty,defaultMethodsQty,visibleMethodsQty,abstractMethodsQty,finalMethodsQty,synchronizedMethodsQty,totalFieldsQty,staticFieldsQty,publicFieldsQty,privateFieldsQty,protectedFieldsQty,defaultFieldsQty,finalFieldsQty,synchronizedFieldsQty,nosi,loc,returnQty,loopQty,comparisonsQty,tryCatchQty,parenthesizedExpsQty,stringLiteralsQty,numbersQty,assignmentsQty,mathOperationsQty,variablesQty,maxNestedBlocksQty,anonymousClassesQty,innerClassesQty,lambdasQty,uniqueWordsQty,modifiers,logStatementsQty
C:\projects\LotteryGameApplication-master\SecretLotteryApp.java,SecretLotteryApp,class,4,4,0,4,9,1,0,13,0,0.0,NaN,NaN,1,1,1,0,0,0,1,0,0,0,0,0,0,0,0,0,0,0,0,43,0,3,0,0,1,11,13,14,3,13,3,0,0,0,61,1,0
C:\projects\LotteryGameApplication-master\Store.java,Store,class,1,3,2,1,21,1,0,3,10,0.725,0.32142857,0.75,8,0,8,0,0,0,8,0,0,0,5,0,0,4,0,1,0,0,0,71,3,6,5,0,2,10,18,20,6,12,7,0,0,0,43,1,0
C:\projects\LotteryGameApplication-master\Compare.java,Compare,class,2,3,1,2,21,1,0,3,16,0.8125,0.21428572,0.75,8,0,8,0,0,0,8,0,0,0,10,0,0,9,0,1,0,0,0,84,2,7,5,0,1,4,30,34,3,20,4,0,0,0,36,1,0
C:\projects\LotteryGameApplication-master\RandomNumber.java,RandomNumber,class,1,2,1,1,6,1,0,1,1,0.5555556,0.33333334,0.33333334,3,0,3,0,0,0,3,0,0,0,3,0,0,2,0,1,0,0,0,25,1,2,1,0,0,0,9,8,2,5,3,0,0,0,9,1,0
