file,class,method,variable,usage
C:\projects\LotteryGameApplication-master\Store.java,Store,getNumberLines/0,numberLines,1
C:\projects\LotteryGameApplication-master\Store.java,Store,setGameNumber/1[int],gameNumber,3
C:\projects\LotteryGameApplication-master\Store.java,Store,setNumberLines/1[int],numberLines,3
C:\projects\LotteryGameApplication-master\Store.java,Store,playGame/0,gameNumber,1
C:\projects\LotteryGameApplication-master\Store.java,Store,playGame/0,userInput,2
C:\projects\LotteryGameApplication-master\Store.java,Store,playGame/0,numberLines,6
C:\projects\LotteryGameApplication-master\Store.java,Store,playGame/0,guessedNumber,4
C:\projects\LotteryGameApplication-master\Store.java,Store,playGame/0,incorrectInput,3
C:\projects\LotteryGameApplication-master\Store.java,Store,clearArray/0,guessedNumber,2
C:\projects\LotteryGameApplication-master\Store.java,Store,getGameNumber/0,gameNumber,1
C:\projects\LotteryGameApplication-master\Store.java,Store,getGuessedNumber/0,guessedNumber,1
C:\projects\LotteryGameApplication-master\Compare.java,Compare,setSecret/1[int[]],secret,3
C:\projects\LotteryGameApplication-master\Compare.java,Compare,setNumberLines/1[int],numberLines,3
C:\projects\LotteryGameApplication-master\Compare.java,Compare,setStoreProgram/1[Store],storeProgram,1
C:\projects\LotteryGameApplication-master\Compare.java,Compare,getWinnings/0,winnings,1
C:\projects\LotteryGameApplication-master\Compare.java,Compare,setGuess/1[int[][]],games,3
C:\projects\LotteryGameApplication-master\Compare.java,Compare,getHistory/0,history,1
C:\projects\LotteryGameApplication-master\Compare.java,Compare,compare/0,linesWon,3
C:\projects\LotteryGameApplication-master\Compare.java,Compare,compare/0,amountWon,2
C:\projects\LotteryGameApplication-master\Compare.java,Compare,compare/0,games,4
C:\projects\LotteryGameApplication-master\Compare.java,Compare,compare/0,secret,1
C:\projects\LotteryGameApplication-master\Compare.java,Compare,compare/0,linesPlayed,2
C:\projects\LotteryGameApplication-master\Compare.java,Compare,compare/0,history,4
C:\projects\LotteryGameApplication-master\Compare.java,Compare,compare/0,numberLines,3
C:\projects\LotteryGameApplication-master\Compare.java,Compare,compare/0,storeProgram,3
C:\projects\LotteryGameApplication-master\Compare.java,Compare,compare/0,winnings,8
C:\projects\LotteryGameApplication-master\RandomNumber.java,RandomNumber,generateRandom/0,random,2
C:\projects\LotteryGameApplication-master\RandomNumber.java,RandomNumber,generateRandom/0,randomNumber,3
C:\projects\LotteryGameApplication-master\RandomNumber.java,RandomNumber,generateRandom/0,secret,3
C:\projects\LotteryGameApplication-master\RandomNumber.java,RandomNumber,getSecret/0,secret,1
