file,class,method,constructor,line,cbo,cboModified,fanin,fanout,wmc,rfc,loc,returnsQty,variablesQty,parametersQty,methodsInvokedQty,methodsInvokedLocalQty,methodsInvokedIndirectLocalQty,loopQty,comparisonsQty,tryCatchQty,parenthesizedExpsQty,stringLiteralsQty,numbersQty,assignmentsQty,mathOperationsQty,maxNestedBlocksQty,anonymousClassesQty,innerClassesQty,lambdasQty,uniqueWordsQty,modifiers,logStatementsQty,hasJavaDoc
C:\projects\LotteryGameApplication-master\SecretLotteryApp.java,SecretLotteryApp,main/1[java.lang.String[]],false,10,4,12,0,12,9,13,41,0,13,1,13,0,0,3,0,0,1,11,13,14,3,3,0,0,0,60,9,0,false
C:\projects\LotteryGameApplication-master\Store.java,Store,Store/0,true,21,0,1,1,0,1,0,2,0,0,0,0,0,0,0,0,0,0,0,0,0,0,0,0,0,0,1,1,0,false
C:\projects\LotteryGameApplication-master\Store.java,Store,getNumberLines/0,false,109,0,1,1,0,1,0,3,1,0,0,0,0,0,0,0,0,0,0,0,0,0,0,0,0,0,4,1,0,false
C:\projects\LotteryGameApplication-master\Store.java,Store,setGameNumber/1[int],false,25,0,1,1,0,1,0,3,0,0,1,0,0,0,0,0,0,0,0,0,1,0,0,0,0,0,4,1,0,false
C:\projects\LotteryGameApplication-master\Store.java,Store,setNumberLines/1[int],false,29,0,0,0,0,1,0,3,0,0,1,0,0,0,0,0,0,0,0,0,1,0,0,0,0,0,4,1,0,false
C:\projects\LotteryGameApplication-master\Store.java,Store,playGame/0,false,36,1,1,1,0,12,3,40,0,5,0,3,0,0,4,5,0,2,9,14,12,6,7,0,0,0,36,1,0,false
C:\projects\LotteryGameApplication-master\Store.java,Store,clearArray/0,false,92,0,1,1,0,3,0,7,0,2,0,0,0,0,2,0,0,0,0,3,3,0,2,0,0,0,4,1,0,false
C:\projects\LotteryGameApplication-master\Store.java,Store,getGameNumber/0,false,101,0,0,0,0,1,0,3,1,0,0,0,0,0,0,0,0,0,0,0,0,0,0,0,0,0,4,1,0,false
C:\projects\LotteryGameApplication-master\Store.java,Store,getGuessedNumber/0,false,105,1,1,1,0,1,0,3,1,0,0,0,0,0,0,0,0,0,0,0,0,0,0,0,0,0,4,1,0,false
C:\projects\LotteryGameApplication-master\Compare.java,Compare,setSecret/1[int[]],false,34,1,1,1,0,1,0,3,0,0,1,0,0,0,0,0,0,0,0,0,1,0,0,0,0,0,3,1,0,false
C:\projects\LotteryGameApplication-master\Compare.java,Compare,setNumberLines/1[int],false,40,0,0,0,0,1,0,3,0,0,1,0,0,0,0,0,0,0,0,0,1,0,0,0,0,0,4,1,0,false
C:\projects\LotteryGameApplication-master\Compare.java,Compare,setStoreProgram/1[Store],false,30,1,1,1,0,1,0,3,0,0,1,0,0,0,0,0,0,0,0,0,1,0,0,0,0,0,5,1,0,false
C:\projects\LotteryGameApplication-master\Compare.java,Compare,getWinnings/0,false,97,1,1,1,0,1,0,3,1,0,0,0,0,0,0,0,0,0,0,0,0,0,0,0,0,0,3,1,0,false
C:\projects\LotteryGameApplication-master\Compare.java,Compare,setGuess/1[int[][]],false,37,1,0,0,0,1,0,3,0,0,1,0,0,0,0,0,0,0,0,0,1,0,0,0,0,0,3,1,0,false
C:\projects\LotteryGameApplication-master\Compare.java,Compare,getHistory/0,false,100,1,1,1,0,1,0,3,1,0,0,0,0,0,0,0,0,0,0,0,0,0,0,0,0,0,3,1,0,false
C:\projects\LotteryGameApplication-master\Compare.java,Compare,Compare/0,true,25,0,1,1,0,1,0,2,0,0,0,0,0,0,0,0,0,0,0,0,0,0,0,0,0,0,1,1,0,false
C:\projects\LotteryGameApplication-master\Compare.java,Compare,compare/0,false,44,2,3,1,2,14,3,52,0,10,0,3,0,0,7,5,0,1,4,27,28,3,4,0,0,0,20,1,0,false
C:\projects\LotteryGameApplication-master\RandomNumber.java,RandomNumber,generateRandom/0,false,22,0,1,1,0,4,1,15,0,2,0,1,0,0,2,1,0,0,0,8,6,2,3,0,0,0,6,1,0,false
C:\projects\LotteryGameApplication-master\RandomNumber.java,RandomNumber,getSecret/0,false,53,1,0,0,0,1,0,3,1,0,0,0,0,0,0,0,0,0,0,0,0,0,0,0,0,0,3,1,0,false
C:\projects\LotteryGameApplication-master\RandomNumber.java,RandomNumber,RandomNumber/0,true,18,0,1,1,0,1,0,2,0,0,0,0,0,0,0,0,0,0,0,0,0,0,0,0,0,0,2,1,0,false
