file,class,method,variable,usage
C:\projects\LotteryGameApplication-master\SecretLotteryApp.java,SecretLotteryApp,main/1[java.lang.String[]],compareNumbers,5
C:\projects\LotteryGameApplication-master\SecretLotteryApp.java,SecretLotteryApp,main/1[java.lang.String[]],i,6
C:\projects\LotteryGameApplication-master\SecretLotteryApp.java,SecretLotteryApp,main/1[java.lang.String[]],j,2
C:\projects\LotteryGameApplication-master\SecretLotteryApp.java,SecretLotteryApp,main/1[java.lang.String[]],history,6
C:\projects\LotteryGameApplication-master\SecretLotteryApp.java,SecretLotteryApp,main/1[java.lang.String[]],winnings,1
C:\projects\LotteryGameApplication-master\SecretLotteryApp.java,SecretLotteryApp,main/1[java.lang.String[]],args,0
C:\projects\LotteryGameApplication-master\SecretLotteryApp.java,SecretLotteryApp,main/1[java.lang.String[]],randomProgram,1
C:\projects\LotteryGameApplication-master\SecretLotteryApp.java,SecretLotteryApp,main/1[java.lang.String[]],winningText,0
C:\projects\LotteryGameApplication-master\SecretLotteryApp.java,SecretLotteryApp,main/1[java.lang.String[]],gameNumber,4
C:\projects\LotteryGameApplication-master\SecretLotteryApp.java,SecretLotteryApp,main/1[java.lang.String[]],continueGame,3
C:\projects\LotteryGameApplication-master\SecretLotteryApp.java,SecretLotteryApp,main/1[java.lang.String[]],randomNumber,1
C:\projects\LotteryGameApplication-master\SecretLotteryApp.java,SecretLotteryApp,main/1[java.lang.String[]],userInput,1
C:\projects\LotteryGameApplication-master\SecretLotteryApp.java,SecretLotteryApp,main/1[java.lang.String[]],guessedNumber,0
C:\projects\LotteryGameApplication-master\SecretLotteryApp.java,SecretLotteryApp,main/1[java.lang.String[]],storeProgram,5
C:\projects\LotteryGameApplication-master\Store.java,Store,setGameNumber/1[int],gameNumber,2
C:\projects\LotteryGameApplication-master\Store.java,Store,setNumberLines/1[int],numberLines,2
C:\projects\LotteryGameApplication-master\Store.java,Store,playGame/0,col,8
C:\projects\LotteryGameApplication-master\Store.java,Store,playGame/0,row,6
C:\projects\LotteryGameApplication-master\Store.java,Store,playGame/0,duplicate,2
C:\projects\LotteryGameApplication-master\Store.java,Store,playGame/0,l,3
C:\projects\LotteryGameApplication-master\Store.java,Store,playGame/0,userNumber,4
C:\projects\LotteryGameApplication-master\Store.java,Store,clearArray/0,col,3
C:\projects\LotteryGameApplication-master\Store.java,Store,clearArray/0,row,4
C:\projects\LotteryGameApplication-master\Compare.java,Compare,setSecret/1[int[]],secret,2
C:\projects\LotteryGameApplication-master\Compare.java,Compare,setNumberLines/1[int],numberLines,2
C:\projects\LotteryGameApplication-master\Compare.java,Compare,setStoreProgram/1[Store],object1,1
C:\projects\LotteryGameApplication-master\Compare.java,Compare,setGuess/1[int[][]],games,2
C:\projects\LotteryGameApplication-master\Compare.java,Compare,compare/0,col,3
C:\projects\LotteryGameApplication-master\Compare.java,Compare,compare/0,winAmount,2
C:\projects\LotteryGameApplication-master\Compare.java,Compare,compare/0,i,8
C:\projects\LotteryGameApplication-master\Compare.java,Compare,compare/0,j,3
C:\projects\LotteryGameApplication-master\Compare.java,Compare,compare/0,row,5
C:\projects\LotteryGameApplication-master\Compare.java,Compare,compare/0,l,6
C:\projects\LotteryGameApplication-master\Compare.java,Compare,compare/0,win,3
C:\projects\LotteryGameApplication-master\Compare.java,Compare,compare/0,prize,8
C:\projects\LotteryGameApplication-master\Compare.java,Compare,compare/0,m,2
C:\projects\LotteryGameApplication-master\Compare.java,Compare,compare/0,n,3
C:\projects\LotteryGameApplication-master\RandomNumber.java,RandomNumber,generateRandom/0,i,5
C:\projects\LotteryGameApplication-master\RandomNumber.java,RandomNumber,generateRandom/0,j,4
