file,class,type,cbo,cboModified,fanin,fanout,wmc,dit,noc,rfc,lcom,lcom*,tcc,lcc,totalMethodsQty,staticMethodsQty,publicMethodsQty,privateMethodsQty,protectedMethodsQty,defaultMethodsQty,visibleMethodsQty,abstractMethodsQty,finalMethodsQty,synchronizedMethodsQty,totalFieldsQty,staticFieldsQty,publicFieldsQty,privateFieldsQty,protectedFieldsQty,defaultFieldsQty,finalFieldsQty,synchronizedFieldsQty,nosi,loc,returnQty,loopQty,comparisonsQty,tryCatchQty,parenthesizedExpsQty,stringLiteralsQty,numbersQty,assignmentsQty,mathOperationsQty,variablesQty,maxNestedBlocksQty,anonymousClassesQty,innerClassesQty,lambdasQty,uniqueWordsQty,modifiers,logStatementsQty
C:\projects\The-2048-Game-master\app\Label.java,app.Label,interface,0,0,0,0,0,1,0,0,0,NaN,-1.0,-1.0,0,0,0,0,0,0,0,0,0,0,5,0,0,0,0,5,0,0,0,7,0,0,0,0,0,5,0,5,0,5,0,0,0,0,20,1,0
C:\projects\The-2048-Game-master\App.java,App,class,3,3,0,3,1,1,0,1,0,0.0,NaN,NaN,1,1,1,0,0,0,1,0,0,0,0,0,0,0,0,0,0,0,0,7,0,0,0,0,0,0,1,2,0,2,0,0,0,0,10,1,0
C:\projects\The-2048-Game-master\core\Game.java,core.Game,class,2,4,2,2,85,1,0,10,0,0.609375,0.69166666,0.76666665,16,0,16,0,0,0,16,0,0,0,4,0,0,4,0,0,0,0,0,233,18,25,48,0,38,0,138,82,38,42,4,0,0,0,40,1,0
C:\projects\The-2048-Game-master\app\GUIFrame.java,app.GUIFrame$1ButtonUp,innerclass,2,2,0,2,2,1,0,5,0,0.0,NaN,NaN,1,0,1,0,0,0,1,0,0,0,0,0,0,0,0,0,0,0,0,7,0,0,0,0,1,1,0,0,0,0,1,0,0,0,8,0,0
C:\projects\The-2048-Game-master\core\GameManager.java,core.GameManager,class,1,11,10,1,14,1,0,13,0,0.0,1.0,1.0,14,0,14,0,0,0,14,0,0,0,1,0,0,1,0,0,0,0,0,45,8,0,0,0,0,0,0,1,0,1,0,0,0,0,26,1,0
C:\projects\The-2048-Game-master\app\GUIFrame.java,app.GUIFrame$1ButtonDown,innerclass,2,2,0,2,2,1,0,5,0,0.0,NaN,NaN,1,0,1,0,0,0,1,0,0,0,0,0,0,0,0,0,0,0,0,7,0,0,0,0,1,1,0,0,0,0,1,0,0,0,8,0,0
C:\projects\The-2048-Game-master\app\GUIFrame.java,app.GUIFrame$Anonymous1,anonymous,1,1,0,1,1,1,0,2,0,0.0,NaN,NaN,1,0,1,0,0,0,1,0,0,0,0,0,0,0,0,0,0,0,0,5,0,0,0,0,0,1,0,0,1,0,0,0,0,0,1,-1,0
C:\projects\The-2048-Game-master\app\GUIFrame.java,app.GUIFrame$1Reset,innerclass,1,1,0,1,1,1,0,1,0,0.0,NaN,NaN,1,0,1,0,0,0,1,0,0,0,0,0,0,0,0,0,0,0,0,5,0,0,0,0,0,0,0,0,0,0,0,0,0,0,8,0,0
C:\projects\The-2048-Game-master\app\GUIFrame.java,app.GUIFrame,class,3,7,4,3,10,2,0,31,0,0.5555556,0.8333333,1.0,4,0,4,0,0,0,4,0,0,0,6,0,0,6,0,0,0,0,2,186,0,4,2,0,0,15,53,31,7,31,3,1,8,0,68,1,0
C:\projects\The-2048-Game-master\app\Command.java,app.Command,class,2,10,8,2,4,1,1,1,1,0.5555556,0.33333334,0.33333334,3,0,3,0,0,0,3,1,0,0,3,0,0,1,0,2,0,0,0,19,0,0,0,1,0,0,0,4,0,3,1,0,0,0,19,1025,0
C:\projects\The-2048-Game-master\app\GUIFrame.java,app.GUIFrame$1ButtonLeft,innerclass,2,2,0,2,2,1,0,5,0,0.0,NaN,NaN,1,0,1,0,0,0,1,0,0,0,0,0,0,0,0,0,0,0,0,7,0,0,0,0,1,1,0,0,0,0,1,0,0,0,8,0,0
C:\projects\The-2048-Game-master\app\GUIFrame.java,app.GUIFrame$1ButtonRight,innerclass,2,2,0,2,2,1,0,5,0,0.0,NaN,NaN,1,0,1,0,0,0,1,0,0,0,0,0,0,0,0,0,0,0,0,7,0,0,0,0,1,1,0,0,0,0,1,0,0,0,8,0,0
C:\projects\The-2048-Game-master\app\GUIFrame.java,app.GUIFrame$1ExitMessage,innerclass,0,0,0,0,2,2,0,2,0,0.0,NaN,NaN,1,0,1,0,0,0,1,0,0,0,0,0,0,0,0,0,0,0,2,7,0,0,1,0,0,4,3,2,0,2,1,0,0,0,13,0,0
C:\projects\The-2048-Game-master\app\GUIFrame.java,app.GUIFrame$1RestartKey,innerclass,1,1,0,1,4,1,0,2,3,0.0,0.0,0.0,3,0,3,0,0,0,3,0,0,0,0,0,0,0,0,0,0,0,0,11,0,0,1,0,0,0,0,0,0,0,1,0,0,0,10,0,0
C:\projects\The-2048-Game-master\core\Matrix.java,core.Matrix,class,2,4,2,2,20,1,0,1,0,0.5,0.5714286,1.0,8,0,8,0,0,0,8,0,0,0,3,0,0,3,0,0,0,0,0,52,7,5,6,0,0,10,13,19,4,10,4,0,0,0,25,1,0
C:\projects\The-2048-Game-master\app\DoPlay.java,app.DoPlay,class,3,4,1,3,6,2,0,6,1,0.0,0.0,0.0,2,0,2,0,0,0,2,0,0,0,0,0,0,0,0,0,0,0,0,10,0,0,0,0,0,0,0,0,0,0,1,0,0,0,7,1,0
C:\projects\The-2048-Game-master\app\GUIFrame.java,app.GUIFrame$1DPad,innerclass,2,2,0,2,15,1,0,8,3,0.0,0.0,0.0,3,0,3,0,0,0,3,0,0,0,0,0,0,0,0,0,0,0,0,24,0,0,8,0,4,4,0,0,0,0,2,0,0,0,10,0,0
