file,class,method,variable,usage
C:\projects\The-2048-Game-master\core\Game.java,core.Game,moveUp/0,_matrix,13
C:\projects\The-2048-Game-master\core\Game.java,core.Game,moveUp/0,_move,2
C:\projects\The-2048-Game-master\core\Game.java,core.Game,moveUp/0,_validMove,3
C:\projects\The-2048-Game-master\core\Game.java,core.Game,validMove/0,_validMove,1
C:\projects\The-2048-Game-master\core\Game.java,core.Game,possibleMove/0,_matrix,21
C:\projects\The-2048-Game-master\core\Game.java,core.Game,hasZeroes/0,_matrix,1
C:\projects\The-2048-Game-master\core\Game.java,core.Game,Game/1[int],_matrix,1
C:\projects\The-2048-Game-master\core\Game.java,core.Game,"getIndice/2[int,int]",_matrix,1
C:\projects\The-2048-Game-master\core\Game.java,core.Game,moveLeft/0,_matrix,13
C:\projects\The-2048-Game-master\core\Game.java,core.Game,moveLeft/0,_move,2
C:\projects\The-2048-Game-master\core\Game.java,core.Game,moveLeft/0,_validMove,3
C:\projects\The-2048-Game-master\core\Game.java,core.Game,addScore/1[int],_currentScore,1
C:\projects\The-2048-Game-master\core\Game.java,core.Game,endGame/0,_matrix,1
C:\projects\The-2048-Game-master\core\Game.java,core.Game,endGame/0,_move,1
C:\projects\The-2048-Game-master\core\Game.java,core.Game,addNumber/0,_matrix,4
C:\projects\The-2048-Game-master\core\Game.java,core.Game,moveDown/0,_matrix,13
C:\projects\The-2048-Game-master\core\Game.java,core.Game,moveDown/0,_move,2
C:\projects\The-2048-Game-master\core\Game.java,core.Game,moveDown/0,_validMove,3
C:\projects\The-2048-Game-master\core\Game.java,core.Game,getScore/0,_currentScore,1
C:\projects\The-2048-Game-master\core\Game.java,core.Game,showGame/0,_matrix,1
C:\projects\The-2048-Game-master\core\Game.java,core.Game,printLine/1[int],_matrix,1
C:\projects\The-2048-Game-master\core\Game.java,core.Game,moveRight/0,_matrix,13
C:\projects\The-2048-Game-master\core\Game.java,core.Game,moveRight/0,_move,2
C:\projects\The-2048-Game-master\core\Game.java,core.Game,moveRight/0,_validMove,3
C:\projects\The-2048-Game-master\core\Game.java,core.Game,getMatrixSize/0,_matrix,1
C:\projects\The-2048-Game-master\core\GameManager.java,core.GameManager,moveUp/0,_game,1
C:\projects\The-2048-Game-master\core\GameManager.java,core.GameManager,endGame/0,_game,1
C:\projects\The-2048-Game-master\core\GameManager.java,core.GameManager,showGame/0,_game,1
C:\projects\The-2048-Game-master\core\GameManager.java,core.GameManager,validMove/0,_game,1
C:\projects\The-2048-Game-master\core\GameManager.java,core.GameManager,"getIndice/2[int,int]",_game,1
C:\projects\The-2048-Game-master\core\GameManager.java,core.GameManager,hasZeroes/0,_game,1
C:\projects\The-2048-Game-master\core\GameManager.java,core.GameManager,GameManager/1[int],_game,1
C:\projects\The-2048-Game-master\core\GameManager.java,core.GameManager,moveLeft/0,_game,1
C:\projects\The-2048-Game-master\core\GameManager.java,core.GameManager,moveDown/0,_game,1
C:\projects\The-2048-Game-master\core\GameManager.java,core.GameManager,getMatrixSize/0,_game,1
C:\projects\The-2048-Game-master\core\GameManager.java,core.GameManager,moveRight/0,_game,1
C:\projects\The-2048-Game-master\core\GameManager.java,core.GameManager,getScore/0,_game,1
C:\projects\The-2048-Game-master\core\GameManager.java,core.GameManager,addNumber/0,_game,1
C:\projects\The-2048-Game-master\core\GameManager.java,core.GameManager,printLine/1[int],_game,1
C:\projects\The-2048-Game-master\app\GUIFrame.java,app.GUIFrame,"GUIFrame/2[core.GameManager,app.Command]",_panel,15
C:\projects\The-2048-Game-master\app\GUIFrame.java,app.GUIFrame,"GUIFrame/2[core.GameManager,app.Command]",_command,1
C:\projects\The-2048-Game-master\app\GUIFrame.java,app.GUIFrame,"GUIFrame/2[core.GameManager,app.Command]",_matrixDisplay,2
C:\projects\The-2048-Game-master\app\GUIFrame.java,app.GUIFrame,"GUIFrame/2[core.GameManager,app.Command]",_score,5
C:\projects\The-2048-Game-master\app\GUIFrame.java,app.GUIFrame,"GUIFrame/2[core.GameManager,app.Command]",_receiver,2
C:\projects\The-2048-Game-master\app\GUIFrame.java,app.GUIFrame,endGame/0,_score,3
C:\projects\The-2048-Game-master\app\GUIFrame.java,app.GUIFrame,print/0,_matrixDisplay,1
C:\projects\The-2048-Game-master\app\GUIFrame.java,app.GUIFrame,print/0,_score,3
C:\projects\The-2048-Game-master\app\GUIFrame.java,app.GUIFrame,print/0,_receiver,3
C:\projects\The-2048-Game-master\app\GUIFrame.java,app.GUIFrame,restart/0,_panel,1
C:\projects\The-2048-Game-master\app\GUIFrame.java,app.GUIFrame,restart/0,_command,2
C:\projects\The-2048-Game-master\app\GUIFrame.java,app.GUIFrame,restart/0,_receiver,1
C:\projects\The-2048-Game-master\app\Command.java,app.Command,"Command/2[java.lang.String,core.GameManager]",_frame,1
C:\projects\The-2048-Game-master\app\Command.java,app.Command,"Command/2[java.lang.String,core.GameManager]",_label,1
C:\projects\The-2048-Game-master\app\Command.java,app.Command,"Command/2[java.lang.String,core.GameManager]",_receiver,2
C:\projects\The-2048-Game-master\app\Command.java,app.Command,setReceiver/1[core.GameManager],_receiver,1
C:\projects\The-2048-Game-master\core\Matrix.java,core.Matrix,hasZeroes/0,_nZeroes,1
C:\projects\The-2048-Game-master\core\Matrix.java,core.Matrix,Matrix/1[int],_size,3
C:\projects\The-2048-Game-master\core\Matrix.java,core.Matrix,Matrix/1[int],_nZeroes,1
C:\projects\The-2048-Game-master\core\Matrix.java,core.Matrix,Matrix/1[int],_matrix,2
C:\projects\The-2048-Game-master\core\Matrix.java,core.Matrix,toString/0,_size,2
C:\projects\The-2048-Game-master\core\Matrix.java,core.Matrix,getNZeroes/0,_nZeroes,1
C:\projects\The-2048-Game-master\core\Matrix.java,core.Matrix,"getIndice/2[int,int]",_matrix,1
C:\projects\The-2048-Game-master\core\Matrix.java,core.Matrix,getSize/0,_size,1
C:\projects\The-2048-Game-master\core\Matrix.java,core.Matrix,printLine/1[int],_size,1
C:\projects\The-2048-Game-master\core\Matrix.java,core.Matrix,printLine/1[int],_matrix,1
C:\projects\The-2048-Game-master\core\Matrix.java,core.Matrix,"setIndice/3[int,int,int]",_nZeroes,2
C:\projects\The-2048-Game-master\core\Matrix.java,core.Matrix,"setIndice/3[int,int,int]",_matrix,1
