file,class,method,constructor,line,cbo,cboModified,fanin,fanout,wmc,rfc,loc,returnsQty,variablesQty,parametersQty,methodsInvokedQty,methodsInvokedLocalQty,methodsInvokedIndirectLocalQty,loopQty,comparisonsQty,tryCatchQty,parenthesizedExpsQty,stringLiteralsQty,numbersQty,assignmentsQty,mathOperationsQty,maxNestedBlocksQty,anonymousClassesQty,innerClassesQty,lambdasQty,uniqueWordsQty,modifiers,logStatementsQty,hasJavaDoc
C:\projects\The-2048-Game-master\App.java,App,main/1[java.lang.String[]],false,10,3,3,0,3,1,1,5,0,2,1,1,0,0,0,0,0,0,0,1,2,0,0,0,0,0,9,9,0,false
C:\projects\The-2048-Game-master\core\Game.java,core.Game,moveUp/0,false,107,2,5,1,4,10,4,31,0,6,0,4,1,1,3,6,0,4,0,22,14,6,4,0,0,0,16,1,0,false
C:\projects\The-2048-Game-master\core\Game.java,core.Game,validMove/0,false,20,0,1,1,0,1,0,3,1,0,0,0,0,0,0,0,0,0,0,0,0,0,0,0,0,0,3,1,0,false
C:\projects\The-2048-Game-master\core\Game.java,core.Game,possibleMove/0,false,175,1,3,1,2,29,2,60,9,10,0,2,0,0,12,20,0,17,0,42,17,10,4,0,0,0,8,1,0,false
C:\projects\The-2048-Game-master\core\Game.java,core.Game,hasZeroes/0,false,19,1,2,1,1,1,1,3,1,0,0,1,0,0,0,0,0,0,0,0,0,0,0,0,0,0,2,1,0,false
C:\projects\The-2048-Game-master\core\Game.java,core.Game,Game/1[int],true,11,1,2,1,1,1,0,3,0,0,1,0,0,0,0,0,0,0,0,0,1,0,0,0,0,0,5,1,0,false
C:\projects\The-2048-Game-master\core\Game.java,core.Game,"getIndice/2[int,int]",false,18,1,2,1,1,1,1,3,1,0,2,1,0,0,0,0,0,0,0,0,0,0,0,0,0,0,3,1,0,false
C:\projects\The-2048-Game-master\core\Game.java,core.Game,moveLeft/0,false,73,2,5,1,4,10,4,31,0,6,0,4,1,1,3,6,0,4,0,22,14,6,4,0,0,0,16,1,0,false
C:\projects\The-2048-Game-master\core\Game.java,core.Game,addScore/1[int],false,14,0,4,4,0,1,0,3,0,0,1,0,0,0,0,0,0,0,0,0,1,0,0,0,0,0,4,1,0,false
C:\projects\The-2048-Game-master\core\Game.java,core.Game,endGame/0,false,22,2,3,1,2,4,2,4,2,0,0,2,1,1,0,3,0,3,0,1,0,0,1,0,0,0,7,1,0,false
C:\projects\The-2048-Game-master\core\Game.java,core.Game,addNumber/0,false,27,1,4,1,3,3,4,12,0,4,0,4,0,0,1,1,0,1,0,4,4,2,2,0,0,0,8,1,0,false
C:\projects\The-2048-Game-master\core\Game.java,core.Game,moveDown/0,false,141,2,5,1,4,10,4,31,0,6,0,4,1,1,3,6,0,4,0,23,14,7,4,0,0,0,16,1,0,false
C:\projects\The-2048-Game-master\core\Game.java,core.Game,getScore/0,false,13,0,1,1,0,1,0,3,1,0,0,0,0,0,0,0,0,0,0,0,0,0,0,0,0,0,3,1,0,false
C:\projects\The-2048-Game-master\core\Game.java,core.Game,showGame/0,false,15,1,2,1,1,1,1,3,1,0,0,1,0,0,0,0,0,0,0,0,0,0,0,0,0,0,2,1,0,false
C:\projects\The-2048-Game-master\core\Game.java,core.Game,printLine/1[int],false,17,1,2,1,1,1,1,3,1,0,1,1,0,0,0,0,0,0,0,0,0,0,0,0,0,0,3,1,0,false
C:\projects\The-2048-Game-master\core\Game.java,core.Game,moveRight/0,false,40,2,5,1,4,10,4,31,0,6,0,4,1,1,3,6,0,5,0,23,14,7,4,0,0,0,16,1,0,false
C:\projects\The-2048-Game-master\core\Game.java,core.Game,getMatrixSize/0,false,16,1,2,1,1,1,1,3,1,0,0,1,0,0,0,0,0,0,0,0,0,0,0,0,0,0,3,1,0,false
C:\projects\The-2048-Game-master\app\GUIFrame.java,app.GUIFrame$1ButtonUp,actionPerformed/1[java.awt.event.ActionEvent],false,120,2,6,0,6,2,5,5,0,0,1,5,0,0,0,0,0,1,1,0,0,0,1,0,0,0,5,1,0,false
C:\projects\The-2048-Game-master\core\GameManager.java,core.GameManager,moveUp/0,false,10,1,3,2,1,1,1,3,0,0,0,1,0,0,0,0,0,0,0,0,0,0,0,0,0,0,2,1,0,false
C:\projects\The-2048-Game-master\core\GameManager.java,core.GameManager,endGame/0,false,18,1,2,1,1,1,1,3,1,0,0,1,0,0,0,0,0,0,0,0,0,0,0,0,0,0,2,1,0,false
C:\projects\The-2048-Game-master\core\GameManager.java,core.GameManager,showGame/0,false,12,1,1,0,1,1,1,3,1,0,0,1,0,0,0,0,0,0,0,0,0,0,0,0,0,0,2,1,0,false
C:\projects\The-2048-Game-master\core\GameManager.java,core.GameManager,validMove/0,false,20,1,2,1,1,1,1,3,1,0,0,1,0,0,0,0,0,0,0,0,0,0,0,0,0,0,2,1,0,false
C:\projects\The-2048-Game-master\core\GameManager.java,core.GameManager,"getIndice/2[int,int]",false,17,1,2,1,1,1,1,3,1,0,2,1,0,0,0,0,0,0,0,0,0,0,0,0,0,0,3,1,0,false
C:\projects\The-2048-Game-master\core\GameManager.java,core.GameManager,hasZeroes/0,false,19,1,2,1,1,1,1,3,1,0,0,1,0,0,0,0,0,0,0,0,0,0,0,0,0,0,2,1,0,false
C:\projects\The-2048-Game-master\core\GameManager.java,core.GameManager,GameManager/1[int],true,6,1,3,2,1,1,0,3,0,0,1,0,0,0,0,0,0,0,0,0,1,0,0,0,0,0,4,1,0,false
C:\projects\The-2048-Game-master\core\GameManager.java,core.GameManager,moveLeft/0,false,8,1,3,2,1,1,1,3,0,0,0,1,0,0,0,0,0,0,0,0,0,0,0,0,0,0,2,1,0,false
C:\projects\The-2048-Game-master\core\GameManager.java,core.GameManager,moveDown/0,false,11,1,3,2,1,1,1,3,0,0,0,1,0,0,0,0,0,0,0,0,0,0,0,0,0,0,2,1,0,false
C:\projects\The-2048-Game-master\core\GameManager.java,core.GameManager,getMatrixSize/0,false,15,1,3,2,1,1,1,3,1,0,0,1,0,0,0,0,0,0,0,0,0,0,0,0,0,0,3,1,0,false
C:\projects\The-2048-Game-master\core\GameManager.java,core.GameManager,moveRight/0,false,9,1,3,2,1,1,1,3,0,0,0,1,0,0,0,0,0,0,0,0,0,0,0,0,0,0,2,1,0,false
C:\projects\The-2048-Game-master\core\GameManager.java,core.GameManager,getScore/0,false,14,1,3,2,1,1,1,3,1,0,0,1,0,0,0,0,0,0,0,0,0,0,0,0,0,0,2,1,0,false
C:\projects\The-2048-Game-master\core\GameManager.java,core.GameManager,addNumber/0,false,13,1,2,1,1,1,1,3,0,0,0,1,0,0,0,0,0,0,0,0,0,0,0,0,0,0,2,1,0,false
C:\projects\The-2048-Game-master\core\GameManager.java,core.GameManager,printLine/1[int],false,16,1,1,0,1,1,1,3,1,0,1,1,0,0,0,0,0,0,0,0,0,0,0,0,0,0,3,1,0,false
C:\projects\The-2048-Game-master\app\GUIFrame.java,app.GUIFrame$1ButtonDown,actionPerformed/1[java.awt.event.ActionEvent],false,139,2,6,0,6,2,5,5,0,0,1,5,0,0,0,0,0,1,1,0,0,0,1,0,0,0,5,1,0,false
C:\projects\The-2048-Game-master\app\GUIFrame.java,app.GUIFrame$Anonymous1,run/0,false,280,1,1,0,1,1,2,3,0,0,0,2,0,0,0,0,0,0,1,0,0,1,0,0,0,0,1,1,0,false
C:\projects\The-2048-Game-master\app\GUIFrame.java,app.GUIFrame$1Reset,actionPerformed/1[java.awt.event.ActionEvent],false,92,1,6,0,6,1,1,3,0,0,1,1,0,0,0,0,0,0,0,0,0,0,0,0,0,0,6,1,0,false
C:\projects\The-2048-Game-master\app\GUIFrame.java,app.GUIFrame,"GUIFrame/2[core.GameManager,app.Command]",true,39,3,10,1,9,3,23,144,0,14,2,23,0,0,2,0,0,0,9,44,21,2,2,0,8,0,52,1,0,false
C:\projects\The-2048-Game-master\app\GUIFrame.java,app.GUIFrame,endGame/0,false,274,0,2,1,1,1,5,11,0,1,0,5,0,0,0,0,0,0,1,3,1,1,0,1,0,0,7,1,0,false
C:\projects\The-2048-Game-master\app\GUIFrame.java,app.GUIFrame,print/0,false,260,1,4,1,3,4,9,13,0,5,0,9,0,0,2,1,0,0,3,4,5,4,3,0,0,0,9,1,0,false
C:\projects\The-2048-Game-master\app\GUIFrame.java,app.GUIFrame,restart/0,false,286,2,5,2,3,2,4,10,0,2,0,4,0,0,0,1,0,0,2,2,3,0,1,0,0,0,12,1,0,false
C:\projects\The-2048-Game-master\app\Command.java,app.Command,"Command/2[java.lang.String,core.GameManager]",true,11,2,1,0,1,2,1,10,0,0,2,1,0,0,0,0,1,0,0,0,3,0,1,0,0,0,13,1,0,false
C:\projects\The-2048-Game-master\app\Command.java,app.Command,execute/0,false,18,0,4,4,0,1,0,1,0,0,0,0,0,0,0,0,0,0,0,0,0,0,0,0,0,0,1,1025,0,false
C:\projects\The-2048-Game-master\app\Command.java,app.Command,setReceiver/1[core.GameManager],false,19,1,1,1,0,1,0,3,0,0,1,0,0,0,0,0,0,0,0,0,1,0,0,0,0,0,6,1,0,false
C:\projects\The-2048-Game-master\app\GUIFrame.java,app.GUIFrame$1ButtonLeft,actionPerformed/1[java.awt.event.ActionEvent],false,158,2,6,0,6,2,5,5,0,0,1,5,0,0,0,0,0,1,1,0,0,0,1,0,0,0,5,1,0,false
C:\projects\The-2048-Game-master\app\GUIFrame.java,app.GUIFrame$1ButtonRight,actionPerformed/1[java.awt.event.ActionEvent],false,177,2,6,0,6,2,5,5,0,0,1,5,0,0,0,0,0,1,1,0,0,0,1,0,0,0,5,1,0,false
C:\projects\The-2048-Game-master\app\GUIFrame.java,app.GUIFrame$1ExitMessage,windowClosing/1[java.awt.event.WindowEvent],false,58,0,0,0,0,2,2,5,0,2,1,2,0,0,0,1,0,0,4,3,2,0,1,0,0,0,10,1,0,false
C:\projects\The-2048-Game-master\app\GUIFrame.java,app.GUIFrame$1RestartKey,keyReleased/1[java.awt.event.KeyEvent],false,100,0,0,0,0,1,0,2,0,0,1,0,0,0,0,0,0,0,0,0,0,0,0,0,0,0,5,1,0,false
C:\projects\The-2048-Game-master\app\GUIFrame.java,app.GUIFrame$1RestartKey,keyTyped/1[java.awt.event.KeyEvent],false,99,0,0,0,0,1,0,2,0,0,1,0,0,0,0,0,0,0,0,0,0,0,0,0,0,0,5,1,0,false
C:\projects\The-2048-Game-master\app\GUIFrame.java,app.GUIFrame$1RestartKey,keyPressed/1[java.awt.event.KeyEvent],false,101,1,6,0,6,2,2,5,0,0,1,2,0,0,0,1,0,0,0,0,0,0,1,0,0,0,6,1,0,false
C:\projects\The-2048-Game-master\core\Matrix.java,core.Matrix,hasZeroes/0,false,27,0,1,1,0,2,0,4,2,0,0,0,0,0,0,0,0,0,0,1,0,0,1,0,0,0,5,1,0,false
C:\projects\The-2048-Game-master\core\Matrix.java,core.Matrix,Matrix/1[int],true,8,1,1,1,0,3,0,6,0,2,1,0,0,0,2,0,0,0,0,3,6,1,2,0,0,0,8,1,0,false
C:\projects\The-2048-Game-master\core\Matrix.java,core.Matrix,toString/0,false,44,1,2,1,1,6,1,15,1,3,0,1,1,1,2,3,0,0,7,5,8,2,4,0,0,0,9,1,0,false
C:\projects\The-2048-Game-master\core\Matrix.java,core.Matrix,getNZeroes/0,false,26,0,1,1,0,1,0,3,1,0,0,0,0,0,0,0,0,0,0,0,0,0,0,0,0,0,4,1,0,false
C:\projects\The-2048-Game-master\core\Matrix.java,core.Matrix,"getIndice/2[int,int]",false,17,0,10,10,0,1,0,3,1,0,2,0,0,0,0,0,0,0,0,0,0,0,0,0,0,0,3,1,0,false
C:\projects\The-2048-Game-master\core\Matrix.java,core.Matrix,getSize/0,false,25,0,7,7,0,1,0,3,1,0,0,0,0,0,0,0,0,0,0,0,0,0,0,0,0,0,3,1,0,false
C:\projects\The-2048-Game-master\core\Matrix.java,core.Matrix,printLine/1[int],false,32,1,2,1,1,3,1,8,1,2,1,1,1,1,1,1,0,0,3,2,4,1,2,0,0,0,8,1,0,false
C:\projects\The-2048-Game-master\core\Matrix.java,core.Matrix,"setIndice/3[int,int,int]",false,19,1,6,5,1,3,1,5,0,0,3,1,1,1,0,2,0,0,0,2,1,0,1,0,0,0,6,1,0,false
C:\projects\The-2048-Game-master\app\DoPlay.java,app.DoPlay,execute/0,false,10,2,6,0,6,5,6,5,0,0,0,6,0,0,0,0,0,0,0,0,0,0,1,0,0,0,1,1,0,false
C:\projects\The-2048-Game-master\app\DoPlay.java,app.DoPlay,DoPlay/1[core.GameManager],true,7,1,1,1,0,1,0,3,0,0,1,0,0,0,0,0,0,0,0,0,0,0,0,0,0,0,5,1,0,false
C:\projects\The-2048-Game-master\app\GUIFrame.java,app.GUIFrame$1DPad,keyTyped/1[java.awt.event.KeyEvent],false,192,0,0,0,0,1,0,2,0,0,1,0,0,0,0,0,0,0,0,0,0,0,0,0,0,0,5,1,0,false
C:\projects\The-2048-Game-master\app\GUIFrame.java,app.GUIFrame$1DPad,keyPressed/1[java.awt.event.KeyEvent],false,194,2,6,0,6,13,8,18,0,0,1,8,0,0,0,8,0,4,4,0,0,0,2,0,0,0,5,1,0,false
C:\projects\The-2048-Game-master\app\GUIFrame.java,app.GUIFrame$1DPad,keyReleased/1[java.awt.event.KeyEvent],false,193,0,0,0,0,1,0,2,0,0,1,0,0,0,0,0,0,0,0,0,0,0,0,0,0,0,5,1,0,false
