file,class,method,variable,usage
C:\projects\The-2048-Game-master\App.java,App,main/1[java.lang.String[]],args,0
C:\projects\The-2048-Game-master\App.java,App,main/1[java.lang.String[]],receiver,1
C:\projects\The-2048-Game-master\App.java,App,main/1[java.lang.String[]],cmd,1
C:\projects\The-2048-Game-master\core\Game.java,core.Game,moveUp/0,c,14
C:\projects\The-2048-Game-master\core\Game.java,core.Game,moveUp/0,size,2
C:\projects\The-2048-Game-master\core\Game.java,core.Game,moveUp/0,moves,4
C:\projects\The-2048-Game-master\core\Game.java,core.Game,moveUp/0,finish,3
C:\projects\The-2048-Game-master\core\Game.java,core.Game,moveUp/0,totalMoves,4
C:\projects\The-2048-Game-master\core\Game.java,core.Game,moveUp/0,l,14
C:\projects\The-2048-Game-master\core\Game.java,core.Game,possibleMove/0,c,31
C:\projects\The-2048-Game-master\core\Game.java,core.Game,possibleMove/0,size,8
C:\projects\The-2048-Game-master\core\Game.java,core.Game,possibleMove/0,finish,12
C:\projects\The-2048-Game-master\core\Game.java,core.Game,possibleMove/0,l,31
C:\projects\The-2048-Game-master\core\Game.java,core.Game,Game/1[int],matrixSize,1
C:\projects\The-2048-Game-master\core\Game.java,core.Game,"getIndice/2[int,int]",c,1
C:\projects\The-2048-Game-master\core\Game.java,core.Game,"getIndice/2[int,int]",l,1
C:\projects\The-2048-Game-master\core\Game.java,core.Game,moveLeft/0,c,14
C:\projects\The-2048-Game-master\core\Game.java,core.Game,moveLeft/0,size,2
C:\projects\The-2048-Game-master\core\Game.java,core.Game,moveLeft/0,moves,4
C:\projects\The-2048-Game-master\core\Game.java,core.Game,moveLeft/0,finish,3
C:\projects\The-2048-Game-master\core\Game.java,core.Game,moveLeft/0,totalMoves,4
C:\projects\The-2048-Game-master\core\Game.java,core.Game,moveLeft/0,l,14
C:\projects\The-2048-Game-master\core\Game.java,core.Game,addScore/1[int],value,1
C:\projects\The-2048-Game-master\core\Game.java,core.Game,addNumber/0,rand,3
C:\projects\The-2048-Game-master\core\Game.java,core.Game,addNumber/0,c,2
C:\projects\The-2048-Game-master\core\Game.java,core.Game,addNumber/0,l,2
C:\projects\The-2048-Game-master\core\Game.java,core.Game,addNumber/0,value,1
C:\projects\The-2048-Game-master\core\Game.java,core.Game,moveDown/0,c,14
C:\projects\The-2048-Game-master\core\Game.java,core.Game,moveDown/0,size,2
C:\projects\The-2048-Game-master\core\Game.java,core.Game,moveDown/0,moves,4
C:\projects\The-2048-Game-master\core\Game.java,core.Game,moveDown/0,finish,3
C:\projects\The-2048-Game-master\core\Game.java,core.Game,moveDown/0,totalMoves,4
C:\projects\The-2048-Game-master\core\Game.java,core.Game,moveDown/0,l,14
C:\projects\The-2048-Game-master\core\Game.java,core.Game,printLine/1[int],line,1
C:\projects\The-2048-Game-master\core\Game.java,core.Game,moveRight/0,c,14
C:\projects\The-2048-Game-master\core\Game.java,core.Game,moveRight/0,size,2
C:\projects\The-2048-Game-master\core\Game.java,core.Game,moveRight/0,moves,4
C:\projects\The-2048-Game-master\core\Game.java,core.Game,moveRight/0,finish,3
C:\projects\The-2048-Game-master\core\Game.java,core.Game,moveRight/0,totalMoves,4
C:\projects\The-2048-Game-master\core\Game.java,core.Game,moveRight/0,l,14
C:\projects\The-2048-Game-master\app\GUIFrame.java,app.GUIFrame$1ButtonUp,actionPerformed/1[java.awt.event.ActionEvent],e,0
C:\projects\The-2048-Game-master\core\GameManager.java,core.GameManager,"getIndice/2[int,int]",c,1
C:\projects\The-2048-Game-master\core\GameManager.java,core.GameManager,"getIndice/2[int,int]",l,1
C:\projects\The-2048-Game-master\core\GameManager.java,core.GameManager,GameManager/1[int],size,1
C:\projects\The-2048-Game-master\core\GameManager.java,core.GameManager,printLine/1[int],line,1
C:\projects\The-2048-Game-master\app\GUIFrame.java,app.GUIFrame$1ButtonDown,actionPerformed/1[java.awt.event.ActionEvent],e,0
C:\projects\The-2048-Game-master\app\GUIFrame.java,app.GUIFrame$1Reset,actionPerformed/1[java.awt.event.ActionEvent],e,0
C:\projects\The-2048-Game-master\app\GUIFrame.java,app.GUIFrame,"GUIFrame/2[core.GameManager,app.Command]",_a,6
C:\projects\The-2048-Game-master\app\GUIFrame.java,app.GUIFrame,"GUIFrame/2[core.GameManager,app.Command]",c,3
C:\projects\The-2048-Game-master\app\GUIFrame.java,app.GUIFrame,"GUIFrame/2[core.GameManager,app.Command]",receiver,1
C:\projects\The-2048-Game-master\app\GUIFrame.java,app.GUIFrame,"GUIFrame/2[core.GameManager,app.Command]",_d,6
C:\projects\The-2048-Game-master\app\GUIFrame.java,app.GUIFrame,"GUIFrame/2[core.GameManager,app.Command]",l,3
C:\projects\The-2048-Game-master\app\GUIFrame.java,app.GUIFrame,"GUIFrame/2[core.GameManager,app.Command]",button,3
C:\projects\The-2048-Game-master\app\GUIFrame.java,app.GUIFrame,"GUIFrame/2[core.GameManager,app.Command]",backgroundIMG,1
C:\projects\The-2048-Game-master\app\GUIFrame.java,app.GUIFrame,"GUIFrame/2[core.GameManager,app.Command]",_s,6
C:\projects\The-2048-Game-master\app\GUIFrame.java,app.GUIFrame,"GUIFrame/2[core.GameManager,app.Command]",size,3
C:\projects\The-2048-Game-master\app\GUIFrame.java,app.GUIFrame,"GUIFrame/2[core.GameManager,app.Command]",background,3
C:\projects\The-2048-Game-master\app\GUIFrame.java,app.GUIFrame,"GUIFrame/2[core.GameManager,app.Command]",_w,6
C:\projects\The-2048-Game-master\app\GUIFrame.java,app.GUIFrame,"GUIFrame/2[core.GameManager,app.Command]",x,3
C:\projects\The-2048-Game-master\app\GUIFrame.java,app.GUIFrame,"GUIFrame/2[core.GameManager,app.Command]",reset,4
C:\projects\The-2048-Game-master\app\GUIFrame.java,app.GUIFrame,"GUIFrame/2[core.GameManager,app.Command]",y,2
C:\projects\The-2048-Game-master\app\GUIFrame.java,app.GUIFrame,"GUIFrame/2[core.GameManager,app.Command]",cmd,1
C:\projects\The-2048-Game-master\app\GUIFrame.java,app.GUIFrame,"GUIFrame/2[core.GameManager,app.Command]",frame,6
C:\projects\The-2048-Game-master\app\GUIFrame.java,app.GUIFrame,endGame/0,timer,1
C:\projects\The-2048-Game-master\app\GUIFrame.java,app.GUIFrame,print/0,button,2
C:\projects\The-2048-Game-master\app\GUIFrame.java,app.GUIFrame,print/0,c,4
C:\projects\The-2048-Game-master\app\GUIFrame.java,app.GUIFrame,print/0,size,3
C:\projects\The-2048-Game-master\app\GUIFrame.java,app.GUIFrame,print/0,l,4
C:\projects\The-2048-Game-master\app\GUIFrame.java,app.GUIFrame,print/0,value,2
C:\projects\The-2048-Game-master\app\GUIFrame.java,app.GUIFrame,restart/0,newGM,2
C:\projects\The-2048-Game-master\app\GUIFrame.java,app.GUIFrame,restart/0,option,1
C:\projects\The-2048-Game-master\app\Command.java,app.Command,"Command/2[java.lang.String,core.GameManager]",e,1
C:\projects\The-2048-Game-master\app\Command.java,app.Command,"Command/2[java.lang.String,core.GameManager]",gm,1
C:\projects\The-2048-Game-master\app\Command.java,app.Command,"Command/2[java.lang.String,core.GameManager]",label,1
C:\projects\The-2048-Game-master\app\Command.java,app.Command,setReceiver/1[core.GameManager],receiver,1
C:\projects\The-2048-Game-master\app\GUIFrame.java,app.GUIFrame$1ButtonLeft,actionPerformed/1[java.awt.event.ActionEvent],e,0
C:\projects\The-2048-Game-master\app\GUIFrame.java,app.GUIFrame$1ButtonRight,actionPerformed/1[java.awt.event.ActionEvent],e,0
C:\projects\The-2048-Game-master\app\GUIFrame.java,app.GUIFrame$1ExitMessage,windowClosing/1[java.awt.event.WindowEvent],result,1
C:\projects\The-2048-Game-master\app\GUIFrame.java,app.GUIFrame$1ExitMessage,windowClosing/1[java.awt.event.WindowEvent],e,0
C:\projects\The-2048-Game-master\app\GUIFrame.java,app.GUIFrame$1ExitMessage,windowClosing/1[java.awt.event.WindowEvent],options,2
C:\projects\The-2048-Game-master\app\GUIFrame.java,app.GUIFrame$1RestartKey,keyReleased/1[java.awt.event.KeyEvent],e,0
C:\projects\The-2048-Game-master\app\GUIFrame.java,app.GUIFrame$1RestartKey,keyTyped/1[java.awt.event.KeyEvent],e,0
C:\projects\The-2048-Game-master\app\GUIFrame.java,app.GUIFrame$1RestartKey,keyPressed/1[java.awt.event.KeyEvent],e,1
C:\projects\The-2048-Game-master\core\Matrix.java,core.Matrix,Matrix/1[int],c,3
C:\projects\The-2048-Game-master\core\Matrix.java,core.Matrix,Matrix/1[int],size,5
C:\projects\The-2048-Game-master\core\Matrix.java,core.Matrix,Matrix/1[int],l,3
C:\projects\The-2048-Game-master\core\Matrix.java,core.Matrix,toString/0,res,6
C:\projects\The-2048-Game-master\core\Matrix.java,core.Matrix,toString/0,c,7
C:\projects\The-2048-Game-master\core\Matrix.java,core.Matrix,toString/0,l,6
C:\projects\The-2048-Game-master\core\Matrix.java,core.Matrix,"getIndice/2[int,int]",line,1
C:\projects\The-2048-Game-master\core\Matrix.java,core.Matrix,"getIndice/2[int,int]",column,1
C:\projects\The-2048-Game-master\core\Matrix.java,core.Matrix,printLine/1[int],res,3
C:\projects\The-2048-Game-master\core\Matrix.java,core.Matrix,printLine/1[int],c,4
C:\projects\The-2048-Game-master\core\Matrix.java,core.Matrix,printLine/1[int],line,2
C:\projects\The-2048-Game-master\core\Matrix.java,core.Matrix,"setIndice/3[int,int,int]",line,2
C:\projects\The-2048-Game-master\core\Matrix.java,core.Matrix,"setIndice/3[int,int,int]",column,2
C:\projects\The-2048-Game-master\core\Matrix.java,core.Matrix,"setIndice/3[int,int,int]",value,2
C:\projects\The-2048-Game-master\app\DoPlay.java,app.DoPlay,DoPlay/1[core.GameManager],receiver,1
C:\projects\The-2048-Game-master\app\GUIFrame.java,app.GUIFrame$1DPad,keyTyped/1[java.awt.event.KeyEvent],e,0
C:\projects\The-2048-Game-master\app\GUIFrame.java,app.GUIFrame$1DPad,keyPressed/1[java.awt.event.KeyEvent],e,8
C:\projects\The-2048-Game-master\app\GUIFrame.java,app.GUIFrame$1DPad,keyReleased/1[java.awt.event.KeyEvent],e,0
