file,class,type,cbo,cboModified,fanin,fanout,wmc,dit,noc,rfc,lcom,lcom*,tcc,lcc,totalMethodsQty,staticMethodsQty,publicMethodsQty,privateMethodsQty,protectedMethodsQty,defaultMethodsQty,visibleMethodsQty,abstractMethodsQty,finalMethodsQty,synchronizedMethodsQty,totalFieldsQty,staticFieldsQty,publicFieldsQty,privateFieldsQty,protectedFieldsQty,defaultFieldsQty,finalFieldsQty,synchronizedFieldsQty,nosi,loc,returnQty,loopQty,comparisonsQty,tryCatchQty,parenthesizedExpsQty,stringLiteralsQty,numbersQty,assignmentsQty,mathOperationsQty,variablesQty,maxNestedBlocksQty,anonymousClassesQty,innerClassesQty,lambdasQty,uniqueWordsQty,modifiers,logStatementsQty
C:\projects\domino-game-master\src\Animation.java,Animation$ParImpar,innerclass,4,4,0,4,11,10,0,25,4,0.51111114,0.0,0.0,5,0,2,3,0,0,2,0,0,0,9,0,0,6,0,3,0,0,2,123,0,0,2,0,4,9,41,20,6,14,2,3,1,0,35,8,0
C:\projects\domino-game-master\src\Main.java,Main$HideConfig,innerclass,1,1,0,1,1,2,0,2,0,0.0,NaN,NaN,1,0,1,0,0,0,1,0,0,0,0,0,0,0,0,0,0,0,0,9,0,0,0,0,0,0,0,0,0,0,0,0,0,0,5,0,0
C:\projects\domino-game-master\src\Ally.java,Ally,class,5,8,3,5,62,2,0,20,1,0.2857143,0.0,0.0,7,0,3,4,0,0,3,0,0,0,1,0,0,1,0,0,1,0,20,200,18,12,34,0,0,1,56,29,10,18,3,0,0,0,22,1,0
C:\projects\domino-game-master\src\Main.java,Main$Dialog$Anonymous17,anonymous,1,1,0,1,1,1,0,1,0,0.0,NaN,NaN,1,0,1,0,0,0,1,0,0,0,0,0,0,0,0,0,0,0,0,5,0,0,0,0,0,0,0,0,0,0,0,0,0,0,4,-1,0
C:\projects\domino-game-master\src\UserPlayer.java,UserPlayer,class,2,3,1,2,2,2,0,0,1,0.5,0.0,0.0,2,0,2,0,0,0,2,0,0,0,1,0,0,1,0,0,0,0,0,9,0,0,0,0,0,1,0,1,0,1,0,0,0,0,10,1,0
C:\projects\domino-game-master\src\TeamUser.java,TeamUser,class,5,6,1,5,3,2,0,0,0,0.0,NaN,NaN,1,0,1,0,0,0,1,0,0,0,0,0,0,0,0,0,0,0,0,14,0,0,2,0,0,0,6,4,0,0,2,0,0,0,9,1,0
C:\projects\domino-game-master\src\Animation.java,Animation$Organizador,innerclass,2,2,0,2,10,2,0,8,0,0.0,NaN,NaN,1,0,1,0,0,0,1,0,0,0,0,0,0,0,0,0,0,0,1,23,0,0,5,0,0,0,5,0,0,0,2,0,0,0,21,0,0
C:\projects\domino-game-master\src\Main.java,Main$Anonymous14,anonymous,1,1,0,1,1,1,0,1,0,0.0,NaN,NaN,1,0,1,0,0,0,1,0,0,0,0,0,0,0,0,0,0,0,0,5,0,0,0,0,0,0,0,0,0,0,0,0,0,0,5,-1,0
C:\projects\domino-game-master\src\Main.java,Main$Anonymous13,anonymous,1,1,0,1,1,1,0,1,0,0.0,NaN,NaN,1,0,1,0,0,0,1,0,0,0,0,0,0,0,0,0,0,0,0,5,0,0,0,0,0,0,0,0,0,0,0,0,0,0,5,-1,0
C:\projects\domino-game-master\src\Main.java,Main$Anonymous16,anonymous,1,1,0,1,1,1,0,1,0,0.0,NaN,NaN,1,0,1,0,0,0,1,0,0,0,0,0,0,0,0,0,0,0,0,5,0,0,0,0,0,0,0,0,0,0,0,0,0,0,5,-1,0
C:\projects\domino-game-master\src\Main.java,Main$Anonymous15,anonymous,1,1,0,1,1,1,0,1,0,0.0,NaN,NaN,1,0,1,0,0,0,1,0,0,0,0,0,0,0,0,0,0,0,0,5,0,0,0,0,0,0,0,0,0,0,0,0,0,0,5,-1,0
C:\projects\domino-game-master\src\Animation.java,Animation$Anonymous11,anonymous,1,1,0,1,1,1,0,1,0,0.0,NaN,NaN,1,0,1,0,0,0,1,0,0,0,0,0,0,0,0,0,0,0,0,5,0,0,0,0,0,0,0,0,0,0,0,0,0,0,4,-1,0
C:\projects\domino-game-master\src\Main.java,Main$Anonymous10,anonymous,1,1,0,1,1,1,0,1,0,0.0,NaN,NaN,1,0,1,0,0,0,1,0,0,0,0,0,0,0,0,0,0,0,0,5,0,0,0,0,0,0,0,0,0,0,0,0,0,0,4,-1,0
C:\projects\domino-game-master\src\Animation.java,Animation$Anonymous10,anonymous,1,1,0,1,1,1,0,1,0,0.0,NaN,NaN,1,0,1,0,0,0,1,0,0,0,0,0,0,0,0,0,0,0,0,5,0,0,0,0,0,0,0,0,0,0,0,0,0,0,4,-1,0
C:\projects\domino-game-master\src\Animation.java,Animation$Anonymous13,anonymous,1,1,0,1,1,1,0,1,0,0.0,NaN,NaN,1,0,1,0,0,0,1,0,0,0,0,0,0,0,0,0,0,0,0,5,0,0,0,0,0,0,0,0,0,0,0,0,0,0,4,-1,0
C:\projects\domino-game-master\src\Main.java,Main$Anonymous12,anonymous,1,1,0,1,1,1,0,1,0,0.0,NaN,NaN,1,0,1,0,0,0,1,0,0,0,0,0,0,0,0,0,0,0,0,5,0,0,0,0,0,0,0,0,0,0,0,0,0,0,5,-1,0
C:\projects\domino-game-master\src\Animation.java,Animation$Anonymous12,anonymous,1,1,0,1,1,1,0,1,0,0.0,NaN,NaN,1,0,1,0,0,0,1,0,0,0,0,0,0,0,0,0,0,0,0,5,0,0,0,0,0,0,0,0,0,0,0,0,0,0,4,-1,0
C:\projects\domino-game-master\src\Main.java,Main$Anonymous11,anonymous,1,1,0,1,1,1,0,1,0,0.0,NaN,NaN,1,0,1,0,0,0,1,0,0,0,0,0,0,0,0,0,0,0,0,5,0,0,0,0,0,0,0,0,0,0,0,0,0,0,5,-1,0
C:\projects\domino-game-master\src\Main.java,Main$Dialog$Panel,innerclass,3,3,0,3,9,6,0,14,0,0.083333336,1.0,1.0,3,0,3,0,0,0,3,0,0,0,2,0,0,1,0,1,0,0,8,60,0,3,0,3,0,4,26,14,0,8,2,0,1,0,20,0,0
C:\projects\domino-game-master\src\Main.java,Main$Anonymous2,anonymous,1,1,0,1,1,1,0,1,0,0.0,NaN,NaN,1,0,1,0,0,0,1,0,0,0,0,0,0,0,0,0,0,0,0,5,0,0,0,0,0,0,0,0,0,0,0,0,0,0,4,-1,0
C:\projects\domino-game-master\src\Main.java,Main$Anonymous3,anonymous,1,1,0,1,1,1,0,1,0,0.0,NaN,NaN,1,0,1,0,0,0,1,0,0,0,0,0,0,0,0,0,0,0,0,5,0,0,0,0,0,0,0,0,0,0,0,0,0,0,4,-1,0
C:\projects\domino-game-master\src\Main.java,Main$Anonymous4,anonymous,1,1,0,1,1,1,0,1,0,0.0,NaN,NaN,1,0,1,0,0,0,1,0,0,0,0,0,0,0,0,0,0,0,0,5,0,0,0,0,0,0,0,0,0,0,0,0,0,0,4,-1,0
C:\projects\domino-game-master\src\Player.java,Player,class,3,11,8,3,37,1,4,10,1,0.7142857,0.47619048,0.47619048,7,0,7,0,0,0,7,1,0,0,3,0,0,0,3,0,0,0,0,95,5,4,12,0,8,0,17,13,2,9,4,0,0,0,24,1025,0
C:\projects\domino-game-master\src\Main.java,Main$Anonymous5,anonymous,1,1,0,1,1,1,0,1,0,0.0,NaN,NaN,1,0,1,0,0,0,1,0,0,0,0,0,0,0,0,0,0,0,0,5,0,0,0,0,0,0,0,0,0,0,0,0,0,0,4,-1,0
C:\projects\domino-game-master\src\Main.java,Main$Anonymous6,anonymous,1,1,0,1,1,1,0,1,0,0.0,NaN,NaN,1,0,1,0,0,0,1,0,0,0,0,0,0,0,0,0,0,0,0,5,0,0,0,0,0,0,0,0,0,0,0,0,0,0,4,-1,0
C:\projects\domino-game-master\src\Main.java,Main$Anonymous7,anonymous,1,1,0,1,1,1,0,1,0,0.0,NaN,NaN,1,0,1,0,0,0,1,0,0,0,0,0,0,0,0,0,0,0,0,5,0,0,0,0,0,0,0,0,0,0,0,0,0,0,4,-1,0
C:\projects\domino-game-master\src\Main.java,Main$Anonymous8,anonymous,1,1,0,1,1,1,0,1,0,0.0,NaN,NaN,1,0,1,0,0,0,1,0,0,0,0,0,0,0,0,0,0,0,0,5,0,0,0,0,0,0,0,0,0,0,0,0,0,0,4,-1,0
C:\projects\domino-game-master\src\Main.java,Main$Anonymous9,anonymous,1,1,0,1,1,1,0,1,0,0.0,NaN,NaN,1,0,1,0,0,0,1,0,0,0,0,0,0,0,0,0,0,0,0,5,0,0,0,0,0,0,0,0,0,0,0,0,0,0,4,-1,0
C:\projects\domino-game-master\src\Media.java,Media,class,1,7,6,1,7,1,0,9,1,0.5,0.0,0.0,2,1,2,0,0,0,2,0,0,0,1,0,0,0,0,1,0,0,5,38,2,0,5,1,0,3,3,6,1,6,2,0,0,0,31,1,0
C:\projects\domino-game-master\src\Card.java,Card,class,2,12,10,2,45,1,0,7,83,0.83888894,0.22875817,0.60784316,18,0,18,0,0,0,18,0,0,0,6,0,0,6,0,0,0,0,34,165,15,0,3,0,0,5,20,42,7,17,1,0,0,0,49,1,0
C:\projects\domino-game-master\src\Animation.java,Animation$ParImpar$Anonymous14,anonymous,1,1,0,1,1,1,0,1,0,0.0,NaN,NaN,1,0,1,0,0,0,1,0,0,0,0,0,0,0,0,0,0,0,0,5,0,0,0,0,0,0,0,0,0,0,0,0,0,0,4,-1,0
C:\projects\domino-game-master\src\Animation.java,Animation$ParImpar$Anonymous15,anonymous,1,1,0,1,1,1,0,1,0,0.0,NaN,NaN,1,0,1,0,0,0,1,0,0,0,0,0,0,0,0,0,0,0,0,5,0,0,0,0,0,0,0,0,0,0,0,0,0,0,4,-1,0
C:\projects\domino-game-master\src\Animation.java,Animation$ParImpar$Anonymous16,anonymous,1,1,0,1,1,1,0,1,0,0.0,NaN,NaN,1,0,1,0,0,0,1,0,0,0,0,0,0,0,0,0,0,0,0,5,0,0,0,0,0,0,0,0,0,0,0,0,0,0,4,-1,0
C:\projects\domino-game-master\src\TeamMachine.java,TeamMachine,class,4,5,1,4,7,2,0,1,0,0.0,NaN,NaN,1,0,1,0,0,0,1,0,0,0,0,0,0,0,0,0,0,0,0,29,0,0,0,0,0,0,14,9,0,3,2,0,0,0,11,1,0
C:\projects\domino-game-master\src\Main.java,Main$Anonymous1,anonymous,1,1,0,1,1,1,0,0,0,0.0,NaN,NaN,1,0,1,0,0,0,1,0,0,0,1,0,0,0,0,1,1,0,0,6,1,0,0,0,0,0,0,1,0,1,0,0,0,0,7,-1,0
C:\projects\domino-game-master\src\Animation.java,Animation$ParImpar$Comp,innerclass,1,1,0,1,1,5,0,2,0,0.0,NaN,NaN,1,0,1,0,0,0,1,0,0,0,0,0,0,0,0,0,0,0,0,6,0,0,0,0,0,0,2,1,0,1,0,0,0,0,7,0,0
C:\projects\domino-game-master\src\Main.java,Main$ShowConfig,innerclass,1,1,0,1,1,2,0,3,0,0.0,NaN,NaN,1,0,1,0,0,0,1,0,0,0,0,0,0,0,0,0,0,0,0,10,0,0,0,0,0,0,1,0,0,0,0,0,0,0,5,0,0
C:\projects\domino-game-master\src\CardPlayer.java,CardPlayer,class,1,7,6,1,3,1,0,0,0,0.33333334,0.6666667,1.0,3,0,3,0,0,0,3,0,0,0,2,0,0,2,0,0,0,0,0,14,2,0,0,0,0,0,0,2,0,2,0,0,0,0,9,1,0
C:\projects\domino-game-master\src\Animation.java,Animation$AnimI,innerclass,1,1,0,1,1,2,0,1,0,0.0,NaN,NaN,1,0,1,0,0,0,1,0,0,0,0,0,0,0,0,0,0,0,0,5,0,0,0,0,0,0,0,0,0,0,0,0,0,0,6,0,0
C:\projects\domino-game-master\src\Animation.java,Animation$AnimD,innerclass,1,1,0,1,1,2,0,1,0,0.0,NaN,NaN,1,0,1,0,0,0,1,0,0,0,0,0,0,0,0,0,0,0,0,5,0,0,0,0,0,0,0,0,0,0,0,0,0,0,6,0,0
C:\projects\domino-game-master\src\Team.java,Team,class,1,5,4,1,4,1,2,0,6,0.75,0.0,0.0,4,4,4,0,0,0,4,0,0,0,1,1,0,0,1,0,0,0,0,15,4,0,0,0,0,0,0,0,0,4,0,0,0,0,11,1,0
C:\projects\domino-game-master\src\Main.java,Main$Dialog,innerclass,3,3,0,3,3,10,0,21,3,0.75000006,0.0,0.0,3,0,2,1,0,0,2,0,0,0,4,0,0,1,0,3,0,0,3,95,0,0,0,0,4,3,14,5,4,5,0,1,1,0,18,8,0
C:\projects\domino-game-master\src\Greedy.java,Greedy,class,3,5,2,3,14,2,0,9,3,0.0,0.0,0.0,3,0,3,0,0,0,3,0,0,0,0,0,0,0,0,0,0,0,0,60,4,3,2,0,0,1,13,8,0,3,4,0,0,0,11,1,0
C:\projects\domino-game-master\src\Table.java,Table,class,6,10,4,6,52,1,0,10,74,0.8720238,0.18333334,0.5,16,12,16,0,0,0,16,0,0,0,11,10,0,7,0,4,0,0,4,171,6,12,8,0,0,0,142,49,1,40,3,0,0,0,52,1,0
C:\projects\domino-game-master\src\Animation.java,Animation$DibujaFichas,innerclass,1,1,0,1,1,2,0,1,0,0.0,NaN,NaN,1,0,1,0,0,0,1,0,0,0,0,0,0,0,0,0,0,0,0,5,0,0,0,0,0,0,0,0,0,0,0,0,0,0,5,0,0
C:\projects\domino-game-master\src\Main.java,Main$DesignStart,innerclass,1,1,0,1,1,2,0,1,0,0.0,NaN,NaN,1,0,1,0,0,0,1,0,0,0,0,0,0,0,0,0,0,0,0,5,0,0,0,0,0,0,0,0,0,0,0,0,0,0,4,0,0
C:\projects\domino-game-master\src\Main.java,Main$Dialog$Panel$GameThread,innerclass,1,1,0,1,1,2,0,1,0,0.0,NaN,NaN,1,0,1,0,0,0,1,0,0,0,0,0,0,0,0,0,0,0,0,5,0,0,0,0,0,0,0,0,0,0,0,0,0,0,4,0,0
C:\projects\domino-game-master\src\Animation.java,Animation$Anonymous6,anonymous,1,1,0,1,1,1,0,1,0,0.0,NaN,NaN,1,0,1,0,0,0,1,0,0,0,0,0,0,0,0,0,0,0,0,5,0,0,0,0,0,0,0,0,0,0,0,0,0,0,4,-1,0
C:\projects\domino-game-master\src\Animation.java,Animation$Anonymous5,anonymous,1,1,0,1,1,1,0,1,0,0.0,NaN,NaN,1,0,1,0,0,0,1,0,0,0,0,0,0,0,0,0,0,0,0,5,0,0,0,0,0,0,0,0,0,0,0,0,0,0,4,-1,0
C:\projects\domino-game-master\src\Animation.java,Animation$Anonymous8,anonymous,1,1,0,1,1,1,0,1,0,0.0,NaN,NaN,1,0,1,0,0,0,1,0,0,0,0,0,0,0,0,0,0,0,0,5,0,0,0,0,0,0,0,0,0,0,0,0,0,0,4,-1,0
C:\projects\domino-game-master\src\Animation.java,Animation$Anonymous7,anonymous,1,1,0,1,1,1,0,1,0,0.0,NaN,NaN,1,0,1,0,0,0,1,0,0,0,0,0,0,0,0,0,0,0,0,5,0,0,0,0,0,0,0,0,0,0,0,0,0,0,4,-1,0
C:\projects\domino-game-master\src\Animation.java,Animation$Anonymous9,anonymous,1,1,0,1,1,1,0,1,0,0.0,NaN,NaN,1,0,1,0,0,0,1,0,0,0,0,0,0,0,0,0,0,0,0,5,0,0,0,0,0,0,0,0,0,0,0,0,0,0,4,-1,0
C:\projects\domino-game-master\src\Domineering.java,Domineering,class,6,9,3,6,101,2,0,17,11,0.6666667,0.0,0.0,6,0,3,3,0,0,3,0,0,0,2,0,0,2,0,0,1,0,18,299,10,14,37,0,6,1,138,70,8,24,3,0,0,0,31,1,0
C:\projects\domino-game-master\src\Animation.java,Animation,class,14,38,24,14,460,14,0,96,105,0.8665009,0.40316206,0.9130435,31,2,23,8,0,0,23,0,0,0,39,11,0,27,0,12,2,0,124,2081,5,26,128,23,96,59,1078,616,425,157,10,13,5,0,182,1,0
C:\projects\domino-game-master\src\Animation.java,Animation$Anonymous2,anonymous,1,1,0,1,1,1,0,1,0,0.0,NaN,NaN,1,0,1,0,0,0,1,0,0,0,0,0,0,0,0,0,0,0,0,5,0,0,0,0,0,0,0,0,0,0,0,0,0,0,4,-1,0
C:\projects\domino-game-master\src\Main.java,Main$DesignTable,innerclass,1,1,0,1,1,2,0,1,0,0.0,NaN,NaN,1,0,1,0,0,0,1,0,0,0,0,0,0,0,0,0,0,0,0,5,0,0,0,0,0,0,1,0,0,0,0,0,0,0,4,0,0
C:\projects\domino-game-master\src\Animation.java,Animation$Anonymous1,anonymous,1,1,0,1,1,1,0,1,0,0.0,NaN,NaN,1,0,1,0,0,0,1,0,0,0,0,0,0,0,0,0,0,0,0,5,0,0,0,0,0,0,0,0,0,0,0,0,0,0,4,-1,0
C:\projects\domino-game-master\src\Main.java,Main,class,8,27,19,8,23,15,0,70,76,0.8422619,0.23636363,0.38181818,16,4,11,5,0,0,11,0,0,0,20,15,0,7,0,13,1,0,23,472,0,2,3,1,6,46,93,43,12,40,3,16,5,0,95,0,0
C:\projects\domino-game-master\src\Animation.java,Animation$Anonymous4,anonymous,1,1,0,1,1,1,0,1,0,0.0,NaN,NaN,1,0,1,0,0,0,1,0,0,0,0,0,0,0,0,0,0,0,0,5,0,0,0,0,0,0,0,0,0,0,0,0,0,0,4,-1,0
C:\projects\domino-game-master\src\Animation.java,Animation$Anonymous3,anonymous,1,1,0,1,1,1,0,1,0,0.0,NaN,NaN,1,0,1,0,0,0,1,0,0,0,0,0,0,0,0,0,0,0,0,5,0,0,0,0,0,0,0,0,0,0,0,0,0,0,4,-1,0
