file,class,method,variable,usage
C:\projects\domino-game-master\src\Animation.java,Animation$ParImpar,design/0,par,4
C:\projects\domino-game-master\src\Animation.java,Animation$ParImpar,design/0,pa,3
C:\projects\domino-game-master\src\Animation.java,Animation$ParImpar,design/0,paim,3
C:\projects\domino-game-master\src\Animation.java,Animation$ParImpar,design/0,f,2
C:\projects\domino-game-master\src\Animation.java,Animation$ParImpar,design/0,impar,4
C:\projects\domino-game-master\src\Animation.java,Animation$ParImpar,design/0,w,1
C:\projects\domino-game-master\src\Animation.java,Animation$ParImpar,design/0,h,1
C:\projects\domino-game-master\src\Animation.java,Animation$ParImpar,design/0,OK,5
C:\projects\domino-game-master\src\Animation.java,Animation$ParImpar,clicked1/1[java.awt.event.ActionEvent],par,1
C:\projects\domino-game-master\src\Animation.java,Animation$ParImpar,clicked1/1[java.awt.event.ActionEvent],pa,1
C:\projects\domino-game-master\src\Animation.java,Animation$ParImpar,clicked1/1[java.awt.event.ActionEvent],paim,2
C:\projects\domino-game-master\src\Animation.java,Animation$ParImpar,clicked1/1[java.awt.event.ActionEvent],f,4
C:\projects\domino-game-master\src\Animation.java,Animation$ParImpar,clicked1/1[java.awt.event.ActionEvent],impar,1
C:\projects\domino-game-master\src\Animation.java,Animation$ParImpar,clicked1/1[java.awt.event.ActionEvent],OK,1
C:\projects\domino-game-master\src\Animation.java,Animation$ParImpar,clicked2/1[java.awt.event.ActionEvent],par,1
C:\projects\domino-game-master\src\Animation.java,Animation$ParImpar,clicked2/1[java.awt.event.ActionEvent],pa,1
C:\projects\domino-game-master\src\Animation.java,Animation$ParImpar,clicked2/1[java.awt.event.ActionEvent],paim,2
C:\projects\domino-game-master\src\Animation.java,Animation$ParImpar,clicked2/1[java.awt.event.ActionEvent],f,4
C:\projects\domino-game-master\src\Animation.java,Animation$ParImpar,clicked2/1[java.awt.event.ActionEvent],impar,1
C:\projects\domino-game-master\src\Animation.java,Animation$ParImpar,clicked2/1[java.awt.event.ActionEvent],OK,1
C:\projects\domino-game-master\src\Ally.java,Ally,mataD/0,numero,2
C:\projects\domino-game-master\src\Ally.java,Ally,fallaI/1[Card],numero,5
C:\projects\domino-game-master\src\Ally.java,Ally,fallaD/1[Card],numero,5
C:\projects\domino-game-master\src\Ally.java,Ally,Ally/1[int],numero,1
C:\projects\domino-game-master\src\Ally.java,Ally,mataI/0,numero,2
C:\projects\domino-game-master\src\UserPlayer.java,UserPlayer,UserPlayer/1[int],numero,1
C:\projects\domino-game-master\src\Main.java,Main$Dialog$Panel,Panel/0,x1,1
C:\projects\domino-game-master\src\Main.java,Main$Dialog$Panel,Panel/0,x2,1
C:\projects\domino-game-master\src\Main.java,Main$Dialog$Panel,Panel/0,x3,1
C:\projects\domino-game-master\src\Main.java,Main$Dialog$Panel,Panel/0,present,1
C:\projects\domino-game-master\src\Main.java,Main$Dialog$Panel,anim/0,x1,1
C:\projects\domino-game-master\src\Main.java,Main$Dialog$Panel,anim/0,x2,1
C:\projects\domino-game-master\src\Main.java,Main$Dialog$Panel,anim/0,x3,1
C:\projects\domino-game-master\src\Main.java,Main$Dialog$Panel,paint/1[java.awt.Graphics],x1,1
C:\projects\domino-game-master\src\Main.java,Main$Dialog$Panel,paint/1[java.awt.Graphics],x2,1
C:\projects\domino-game-master\src\Main.java,Main$Dialog$Panel,paint/1[java.awt.Graphics],x3,1
C:\projects\domino-game-master\src\Main.java,Main$Dialog$Panel,paint/1[java.awt.Graphics],present,1
C:\projects\domino-game-master\src\Player.java,Player,cuenta/0,data,2
C:\projects\domino-game-master\src\Player.java,Player,"cojeFich/2[Card[],char]",data,11
C:\projects\domino-game-master\src\Player.java,Player,"cojeFich/2[Card[],char]",predata,2
C:\projects\domino-game-master\src\Player.java,Player,virarse/1[char],data,7
C:\projects\domino-game-master\src\Player.java,Player,getFichas/0,data,1
C:\projects\domino-game-master\src\Player.java,Player,lleva/0,data,3
C:\projects\domino-game-master\src\Media.java,Media,PlayAudio/1[int],TipoSonido,3
C:\projects\domino-game-master\src\Card.java,Card,getImf/0,imf,1
C:\projects\domino-game-master\src\Card.java,Card,getImf/0,orient,2
C:\projects\domino-game-master\src\Card.java,Card,getImf/0,backV,1
C:\projects\domino-game-master\src\Card.java,Card,"Card/2[int,int]",imf,1
C:\projects\domino-game-master\src\Card.java,Card,"Card/2[int,int]",v1,4
C:\projects\domino-game-master\src\Card.java,Card,"Card/2[int,int]",media,3
C:\projects\domino-game-master\src\Card.java,Card,"Card/2[int,int]",v2,4
C:\projects\domino-game-master\src\Card.java,Card,"Card/2[int,int]",activa,1
C:\projects\domino-game-master\src\Card.java,Card,"Card/2[int,int]",backV,1
C:\projects\domino-game-master\src\Card.java,Card,getV1/0,v1,1
C:\projects\domino-game-master\src\Card.java,Card,getV2/0,v2,1
C:\projects\domino-game-master\src\Card.java,Card,setPx/1[int],px,1
C:\projects\domino-game-master\src\Card.java,Card,getOrient/0,orient,1
C:\projects\domino-game-master\src\Card.java,Card,nextOrienD/0,orient,1
C:\projects\domino-game-master\src\Card.java,Card,getSum/0,sum,2
C:\projects\domino-game-master\src\Card.java,Card,getSum/0,v1,1
C:\projects\domino-game-master\src\Card.java,Card,getSum/0,v2,1
C:\projects\domino-game-master\src\Card.java,Card,setActiva/1[boolean],activa,1
C:\projects\domino-game-master\src\Card.java,Card,isDoble/0,v1,1
C:\projects\domino-game-master\src\Card.java,Card,isDoble/0,v2,1
C:\projects\domino-game-master\src\Card.java,Card,toString/0,v1,1
C:\projects\domino-game-master\src\Card.java,Card,toString/0,v2,1
C:\projects\domino-game-master\src\Card.java,Card,getOrientG/0,orient,1
C:\projects\domino-game-master\src\Card.java,Card,nextOrienI/0,orient,1
C:\projects\domino-game-master\src\Card.java,Card,getPy/0,py,1
C:\projects\domino-game-master\src\Card.java,Card,setPy/1[int],py,1
C:\projects\domino-game-master\src\Card.java,Card,setOrient/1[char],orient,3
C:\projects\domino-game-master\src\Card.java,Card,getPx/0,px,1
C:\projects\domino-game-master\src\Card.java,Card,esActiva/0,activa,1
C:\projects\domino-game-master\src\Main.java,Main$Anonymous1,"isCellEditable/2[int,int]",canEdit,1
C:\projects\domino-game-master\src\CardPlayer.java,CardPlayer,"CardPlayer/2[Card,int]",loc,1
C:\projects\domino-game-master\src\CardPlayer.java,CardPlayer,"CardPlayer/2[Card,int]",ficha,1
C:\projects\domino-game-master\src\CardPlayer.java,CardPlayer,getLoc/0,loc,1
C:\projects\domino-game-master\src\CardPlayer.java,CardPlayer,getFicha/0,ficha,1
C:\projects\domino-game-master\src\Team.java,Team,getJ1/0,j1,1
C:\projects\domino-game-master\src\Team.java,Team,getU/0,u,1
C:\projects\domino-game-master\src\Team.java,Team,getJ2/0,j2,1
C:\projects\domino-game-master\src\Team.java,Team,getA/0,a,1
C:\projects\domino-game-master\src\Main.java,Main$Dialog,design/0,w,1
C:\projects\domino-game-master\src\Main.java,Main$Dialog,design/0,h,1
C:\projects\domino-game-master\src\Main.java,Main$Dialog,design/0,OK,6
C:\projects\domino-game-master\src\Table.java,Table,setUltCD/1[int],ultCD,1
C:\projects\domino-game-master\src\Table.java,Table,"setPases1/2[int,int]",pases1,8
C:\projects\domino-game-master\src\Table.java,Table,getTf/0,tf,1
C:\projects\domino-game-master\src\Table.java,Table,Table/0,ultCI,1
C:\projects\domino-game-master\src\Table.java,Table,Table/0,pases2,1
C:\projects\domino-game-master\src\Table.java,Table,Table/0,pasesA,1
C:\projects\domino-game-master\src\Table.java,Table,Table/0,pases1,1
C:\projects\domino-game-master\src\Table.java,Table,Table/0,ultCD,1
C:\projects\domino-game-master\src\Table.java,Table,Table/0,pasesU,1
C:\projects\domino-game-master\src\Table.java,Table,getUltCI/0,ultCI,1
C:\projects\domino-game-master\src\Table.java,Table,getPm/0,pM,1
C:\projects\domino-game-master\src\Table.java,Table,getPu/0,pU,1
C:\projects\domino-game-master\src\Table.java,Table,setUltCI/1[int],ultCI,1
C:\projects\domino-game-master\src\Table.java,Table,daAgua/0,p1,2
C:\projects\domino-game-master\src\Table.java,Table,daAgua/0,p2,2
C:\projects\domino-game-master\src\Table.java,Table,daAgua/0,tf,1
C:\projects\domino-game-master\src\Table.java,Table,daAgua/0,p3,2
C:\projects\domino-game-master\src\Table.java,Table,daAgua/0,p4,2
C:\projects\domino-game-master\src\Table.java,Table,"setPasesU/2[int,int]",pasesU,8
C:\projects\domino-game-master\src\Table.java,Table,"setPases2/2[int,int]",pases2,8
C:\projects\domino-game-master\src\Table.java,Table,"setPasesA/2[int,int]",pasesA,8
C:\projects\domino-game-master\src\Table.java,Table,getPases/1[int],pases2,1
C:\projects\domino-game-master\src\Table.java,Table,getPases/1[int],pases1,1
C:\projects\domino-game-master\src\Table.java,Table,getPases/1[int],pasesA,1
C:\projects\domino-game-master\src\Table.java,Table,getPases/1[int],pasesU,1
C:\projects\domino-game-master\src\Table.java,Table,creaPareja/1[int],pU,1
C:\projects\domino-game-master\src\Table.java,Table,creaPareja/1[int],pM,1
C:\projects\domino-game-master\src\Table.java,Table,getUltCD/0,ultCD,1
C:\projects\domino-game-master\src\Table.java,Table,repartir/0,p1,1
C:\projects\domino-game-master\src\Table.java,Table,repartir/0,p2,1
C:\projects\domino-game-master\src\Table.java,Table,repartir/0,p3,1
C:\projects\domino-game-master\src\Table.java,Table,repartir/0,p4,1
C:\projects\domino-game-master\src\Table.java,Table,repartir/0,pU,2
C:\projects\domino-game-master\src\Table.java,Table,repartir/0,pM,2
C:\projects\domino-game-master\src\Domineering.java,Domineering,esNDat/1[Card],nDat,2
C:\projects\domino-game-master\src\Domineering.java,Domineering,pasaCont/1[Card],numero,9
C:\projects\domino-game-master\src\Domineering.java,Domineering,buscaNDat/0,nDat,10
C:\projects\domino-game-master\src\Domineering.java,Domineering,Domineering/1[int],numero,1
C:\projects\domino-game-master\src\Animation.java,Animation,juega1/0,cantPases,2
C:\projects\domino-game-master\src\Animation.java,Animation,juega1/0,cD,3
C:\projects\domino-game-master\src\Animation.java,Animation,juega1/0,cabezaI,2
C:\projects\domino-game-master\src\Animation.java,Animation,juega1/0,sucs,2
C:\projects\domino-game-master\src\Animation.java,Animation,juega1/0,cI,3
C:\projects\domino-game-master\src\Animation.java,Animation,juega1/0,compl,1
C:\projects\domino-game-master\src\Animation.java,Animation,juega1/0,turn,3
C:\projects\domino-game-master\src\Animation.java,Animation,juega1/0,xPase,2
C:\projects\domino-game-master\src\Animation.java,Animation,juega1/0,maquina1,3
C:\projects\domino-game-master\src\Animation.java,Animation,juega1/0,cabezaD,2
C:\projects\domino-game-master\src\Animation.java,Animation,dibujaFichas/0,lind,2
C:\projects\domino-game-master\src\Animation.java,Animation,dibujaFichas/0,puntM,1
C:\projects\domino-game-master\src\Animation.java,Animation,dibujaFichas/0,sucs,1
C:\projects\domino-game-master\src\Animation.java,Animation,dibujaFichas/0,fich,5
C:\projects\domino-game-master\src\Animation.java,Animation,dibujaFichas/0,xparSel,1
C:\projects\domino-game-master\src\Animation.java,Animation,dibujaFichas/0,fichJ1,3
C:\projects\domino-game-master\src\Animation.java,Animation,dibujaFichas/0,media,2
C:\projects\domino-game-master\src\Animation.java,Animation,dibujaFichas/0,puntU,1
C:\projects\domino-game-master\src\Animation.java,Animation,dibujaFichas/0,turn,3
C:\projects\domino-game-master\src\Animation.java,Animation,dibujaFichas/0,xnomU,1
C:\projects\domino-game-master\src\Animation.java,Animation,dibujaFichas/0,fichJ2,3
C:\projects\domino-game-master\src\Animation.java,Animation,dibujaFichas/0,yM,1
C:\projects\domino-game-master\src\Animation.java,Animation,dibujaFichas/0,fichA,3
C:\projects\domino-game-master\src\Animation.java,Animation,showConfig/0,yco,3
C:\projects\domino-game-master\src\Animation.java,Animation,destroyEvt/0,eW2,1
C:\projects\domino-game-master\src\Animation.java,Animation,destroyEvt/0,eW,1
C:\projects\domino-game-master\src\Animation.java,Animation,destroyEvt/0,eW1,1
C:\projects\domino-game-master\src\Animation.java,Animation,cargaParcial/0,cD,1
C:\projects\domino-game-master\src\Animation.java,Animation,cargaParcial/0,cI,1
C:\projects\domino-game-master\src\Animation.java,Animation,cargaParcial/0,fich,1
C:\projects\domino-game-master\src\Animation.java,Animation,cargaParcial/0,mesaJ,3
C:\projects\domino-game-master\src\Animation.java,Animation,cargaParcial/0,fichJ1,1
C:\projects\domino-game-master\src\Animation.java,Animation,cargaParcial/0,cantPases,1
C:\projects\domino-game-master\src\Animation.java,Animation,cargaParcial/0,dirI,1
C:\projects\domino-game-master\src\Animation.java,Animation,cargaParcial/0,yM,1
C:\projects\domino-game-master\src\Animation.java,Animation,cargaParcial/0,yc2t,1
C:\projects\domino-game-master\src\Animation.java,Animation,cargaParcial/0,fichJ2,1
C:\projects\domino-game-master\src\Animation.java,Animation,cargaParcial/0,qAnim,1
C:\projects\domino-game-master\src\Animation.java,Animation,cargaParcial/0,yc1t,1
C:\projects\domino-game-master\src\Animation.java,Animation,cargaParcial/0,xc2t,1
C:\projects\domino-game-master\src\Animation.java,Animation,cargaParcial/0,xc1t,1
C:\projects\domino-game-master\src\Animation.java,Animation,cargaParcial/0,fichA,1
C:\projects\domino-game-master\src\Animation.java,Animation,cargaParcial/0,dirD,1
C:\projects\domino-game-master\src\Animation.java,Animation,cargaParcial/0,xPase,1
C:\projects\domino-game-master\src\Animation.java,Animation,animaFichaD/0,cD,2
C:\projects\domino-game-master\src\Animation.java,Animation,animaFichaD/0,qAnim,1
C:\projects\domino-game-master\src\Animation.java,Animation,designTable/1[int],fich,2
C:\projects\domino-game-master\src\Animation.java,Animation,designTable/1[int],nombreU,1
C:\projects\domino-game-master\src\Animation.java,Animation,designTable/1[int],fichJ1,1
C:\projects\domino-game-master\src\Animation.java,Animation,designTable/1[int],fichJ2,1
C:\projects\domino-game-master\src\Animation.java,Animation,designTable/1[int],xt1,1
C:\projects\domino-game-master\src\Animation.java,Animation,designTable/1[int],yt2,1
C:\projects\domino-game-master\src\Animation.java,Animation,designTable/1[int],xt3,1
C:\projects\domino-game-master\src\Animation.java,Animation,designTable/1[int],fichA,1
C:\projects\domino-game-master\src\Animation.java,Animation,designTable/1[int],xt2,2
C:\projects\domino-game-master\src\Animation.java,Animation,designTable/1[int],yt1,2
C:\projects\domino-game-master\src\Animation.java,Animation,designTable/1[int],yt4,1
C:\projects\domino-game-master\src\Animation.java,Animation,designTable/1[int],xt4,3
C:\projects\domino-game-master\src\Animation.java,Animation,designTable/1[int],yt3,2
C:\projects\domino-game-master\src\Animation.java,Animation,designTable/1[int],y,4
C:\projects\domino-game-master\src\Animation.java,Animation,designTable/1[int],parejaSel,1
C:\projects\domino-game-master\src\Animation.java,Animation,designTable/1[int],ypr,3
C:\projects\domino-game-master\src\Animation.java,Animation,designTable/1[int],maquina2,1
C:\projects\domino-game-master\src\Animation.java,Animation,designTable/1[int],maquina1,1
C:\projects\domino-game-master\src\Animation.java,Animation,designTable/1[int],punt,1
C:\projects\domino-game-master\src\Animation.java,Animation,Load/1[int],cD,1
C:\projects\domino-game-master\src\Animation.java,Animation,Load/1[int],puntM,1
C:\projects\domino-game-master\src\Animation.java,Animation,Load/1[int],cI,1
C:\projects\domino-game-master\src\Animation.java,Animation,Load/1[int],fich,1
C:\projects\domino-game-master\src\Animation.java,Animation,Load/1[int],puntU,1
C:\projects\domino-game-master\src\Animation.java,Animation,Load/1[int],mesaJ,4
C:\projects\domino-game-master\src\Animation.java,Animation,Load/1[int],fichJ1,1
C:\projects\domino-game-master\src\Animation.java,Animation,Load/1[int],xnomU,1
C:\projects\domino-game-master\src\Animation.java,Animation,Load/1[int],eW,1
C:\projects\domino-game-master\src\Animation.java,Animation,Load/1[int],fichJ2,1
C:\projects\domino-game-master\src\Animation.java,Animation,Load/1[int],yc1t,1
C:\projects\domino-game-master\src\Animation.java,Animation,Load/1[int],xc2t,1
C:\projects\domino-game-master\src\Animation.java,Animation,Load/1[int],fichA,1
C:\projects\domino-game-master\src\Animation.java,Animation,Load/1[int],parejaSel,1
C:\projects\domino-game-master\src\Animation.java,Animation,Load/1[int],xPase,1
C:\projects\domino-game-master\src\Animation.java,Animation,Load/1[int],maquina2,1
C:\projects\domino-game-master\src\Animation.java,Animation,Load/1[int],eW1,2
C:\projects\domino-game-master\src\Animation.java,Animation,Load/1[int],maquina1,1
C:\projects\domino-game-master\src\Animation.java,Animation,Load/1[int],eW2,1
C:\projects\domino-game-master\src\Animation.java,Animation,Load/1[int],yco,1
C:\projects\domino-game-master\src\Animation.java,Animation,Load/1[int],datas,1
C:\projects\domino-game-master\src\Animation.java,Animation,Load/1[int],xparSel,1
C:\projects\domino-game-master\src\Animation.java,Animation,Load/1[int],nombreU,1
C:\projects\domino-game-master\src\Animation.java,Animation,Load/1[int],cantPases,1
C:\projects\domino-game-master\src\Animation.java,Animation,Load/1[int],dirI,1
C:\projects\domino-game-master\src\Animation.java,Animation,Load/1[int],yc2t,1
C:\projects\domino-game-master\src\Animation.java,Animation,Load/1[int],yM,1
C:\projects\domino-game-master\src\Animation.java,Animation,Load/1[int],qAnim,1
C:\projects\domino-game-master\src\Animation.java,Animation,Load/1[int],xc1t,1
C:\projects\domino-game-master\src\Animation.java,Animation,Load/1[int],dirD,1
C:\projects\domino-game-master\src\Animation.java,Animation,Load/1[int],ypr,1
C:\projects\domino-game-master\src\Animation.java,Animation,Load/1[int],sobra,1
C:\projects\domino-game-master\src\Animation.java,Animation,released3/1[java.awt.event.MouseEvent],cD,16
C:\projects\domino-game-master\src\Animation.java,Animation,released3/1[java.awt.event.MouseEvent],lind,3
C:\projects\domino-game-master\src\Animation.java,Animation,released3/1[java.awt.event.MouseEvent],cabezaI,2
C:\projects\domino-game-master\src\Animation.java,Animation,released3/1[java.awt.event.MouseEvent],sucs,2
C:\projects\domino-game-master\src\Animation.java,Animation,released3/1[java.awt.event.MouseEvent],e,1
C:\projects\domino-game-master\src\Animation.java,Animation,released3/1[java.awt.event.MouseEvent],cI,15
C:\projects\domino-game-master\src\Animation.java,Animation,released3/1[java.awt.event.MouseEvent],fich,26
C:\projects\domino-game-master\src\Animation.java,Animation,released3/1[java.awt.event.MouseEvent],media,3
C:\projects\domino-game-master\src\Animation.java,Animation,released3/1[java.awt.event.MouseEvent],turn,1
C:\projects\domino-game-master\src\Animation.java,Animation,released3/1[java.awt.event.MouseEvent],cantPases,1
C:\projects\domino-game-master\src\Animation.java,Animation,released3/1[java.awt.event.MouseEvent],yc2t,1
C:\projects\domino-game-master\src\Animation.java,Animation,released3/1[java.awt.event.MouseEvent],yc1t,1
C:\projects\domino-game-master\src\Animation.java,Animation,released3/1[java.awt.event.MouseEvent],xc2t,1
C:\projects\domino-game-master\src\Animation.java,Animation,released3/1[java.awt.event.MouseEvent],xc1t,1
C:\projects\domino-game-master\src\Animation.java,Animation,released3/1[java.awt.event.MouseEvent],pxg,1
C:\projects\domino-game-master\src\Animation.java,Animation,released3/1[java.awt.event.MouseEvent],ind,29
C:\projects\domino-game-master\src\Animation.java,Animation,released3/1[java.awt.event.MouseEvent],cabezaD,2
C:\projects\domino-game-master\src\Animation.java,Animation,animaFichaI/0,qAnim,1
C:\projects\domino-game-master\src\Animation.java,Animation,animaFichaI/0,cI,2
C:\projects\domino-game-master\src\Animation.java,Animation,colocaFichaD/0,cD,13
C:\projects\domino-game-master\src\Animation.java,Animation,colocaFichaD/0,cabezaI,3
C:\projects\domino-game-master\src\Animation.java,Animation,colocaFichaD/0,cI,4
C:\projects\domino-game-master\src\Animation.java,Animation,colocaFichaD/0,dirD,12
C:\projects\domino-game-master\src\Animation.java,Animation,colocaFichaD/0,media,1
C:\projects\domino-game-master\src\Animation.java,Animation,colocaFichaD/0,iTop,2
C:\projects\domino-game-master\src\Animation.java,Animation,colocaFichaD/0,bTop,2
C:\projects\domino-game-master\src\Animation.java,Animation,colocaFichaD/0,cabezaD,3
C:\projects\domino-game-master\src\Animation.java,Animation,colocaFichaD/0,dTop,2
C:\projects\domino-game-master\src\Animation.java,Animation,juega2/0,cantPases,2
C:\projects\domino-game-master\src\Animation.java,Animation,juega2/0,cD,3
C:\projects\domino-game-master\src\Animation.java,Animation,juega2/0,cabezaI,2
C:\projects\domino-game-master\src\Animation.java,Animation,juega2/0,sucs,2
C:\projects\domino-game-master\src\Animation.java,Animation,juega2/0,cI,3
C:\projects\domino-game-master\src\Animation.java,Animation,juega2/0,parejaSel,3
C:\projects\domino-game-master\src\Animation.java,Animation,juega2/0,compl,1
C:\projects\domino-game-master\src\Animation.java,Animation,juega2/0,turn,3
C:\projects\domino-game-master\src\Animation.java,Animation,juega2/0,xPase,2
C:\projects\domino-game-master\src\Animation.java,Animation,juega2/0,cabezaD,2
C:\projects\domino-game-master\src\Animation.java,Animation,Animation/0,tabla1,1
C:\projects\domino-game-master\src\Animation.java,Animation,Animation/0,color,1
C:\projects\domino-game-master\src\Animation.java,Animation,Animation/0,mesa,1
C:\projects\domino-game-master\src\Animation.java,Animation,Animation/0,present,1
C:\projects\domino-game-master\src\Animation.java,Animation,Animation/0,config,1
C:\projects\domino-game-master\src\Animation.java,Animation,update/1[java.awt.Graphics],cD,5
C:\projects\domino-game-master\src\Animation.java,Animation,update/1[java.awt.Graphics],color,1
C:\projects\domino-game-master\src\Animation.java,Animation,update/1[java.awt.Graphics],cI,5
C:\projects\domino-game-master\src\Animation.java,Animation,update/1[java.awt.Graphics],G,3
C:\projects\domino-game-master\src\Animation.java,Animation,update/1[java.awt.Graphics],fich,22
C:\projects\domino-game-master\src\Animation.java,Animation,update/1[java.awt.Graphics],I,3
C:\projects\domino-game-master\src\Animation.java,Animation,update/1[java.awt.Graphics],fichJ1,20
C:\projects\domino-game-master\src\Animation.java,Animation,update/1[java.awt.Graphics],xnomU,1
C:\projects\domino-game-master\src\Animation.java,Animation,update/1[java.awt.Graphics],tabla1,4
C:\projects\domino-game-master\src\Animation.java,Animation,update/1[java.awt.Graphics],fichJ2,20
C:\projects\domino-game-master\src\Animation.java,Animation,update/1[java.awt.Graphics],mesa,1
C:\projects\domino-game-master\src\Animation.java,Animation,update/1[java.awt.Graphics],yc1t,1
C:\projects\domino-game-master\src\Animation.java,Animation,update/1[java.awt.Graphics],xc2t,1
C:\projects\domino-game-master\src\Animation.java,Animation,update/1[java.awt.Graphics],fichA,20
C:\projects\domino-game-master\src\Animation.java,Animation,update/1[java.awt.Graphics],parejaSel,1
C:\projects\domino-game-master\src\Animation.java,Animation,update/1[java.awt.Graphics],compl,1
C:\projects\domino-game-master\src\Animation.java,Animation,update/1[java.awt.Graphics],xPase,2
C:\projects\domino-game-master\src\Animation.java,Animation,update/1[java.awt.Graphics],maquina2,1
C:\projects\domino-game-master\src\Animation.java,Animation,update/1[java.awt.Graphics],pxg,2
C:\projects\domino-game-master\src\Animation.java,Animation,update/1[java.awt.Graphics],ind,2
C:\projects\domino-game-master\src\Animation.java,Animation,update/1[java.awt.Graphics],maquina1,1
C:\projects\domino-game-master\src\Animation.java,Animation,update/1[java.awt.Graphics],yco,1
C:\projects\domino-game-master\src\Animation.java,Animation,update/1[java.awt.Graphics],xparSel,1
C:\projects\domino-game-master\src\Animation.java,Animation,update/1[java.awt.Graphics],nombreU,1
C:\projects\domino-game-master\src\Animation.java,Animation,update/1[java.awt.Graphics],xt1,1
C:\projects\domino-game-master\src\Animation.java,Animation,update/1[java.awt.Graphics],yM,2
C:\projects\domino-game-master\src\Animation.java,Animation,update/1[java.awt.Graphics],yc2t,1
C:\projects\domino-game-master\src\Animation.java,Animation,update/1[java.awt.Graphics],qAnim,2
C:\projects\domino-game-master\src\Animation.java,Animation,update/1[java.awt.Graphics],yt2,1
C:\projects\domino-game-master\src\Animation.java,Animation,update/1[java.awt.Graphics],xt3,1
C:\projects\domino-game-master\src\Animation.java,Animation,update/1[java.awt.Graphics],xc1t,1
C:\projects\domino-game-master\src\Animation.java,Animation,update/1[java.awt.Graphics],xt2,1
C:\projects\domino-game-master\src\Animation.java,Animation,update/1[java.awt.Graphics],yt1,1
C:\projects\domino-game-master\src\Animation.java,Animation,update/1[java.awt.Graphics],yt4,1
C:\projects\domino-game-master\src\Animation.java,Animation,update/1[java.awt.Graphics],xt4,1
C:\projects\domino-game-master\src\Animation.java,Animation,update/1[java.awt.Graphics],yt3,1
C:\projects\domino-game-master\src\Animation.java,Animation,update/1[java.awt.Graphics],y,1
C:\projects\domino-game-master\src\Animation.java,Animation,update/1[java.awt.Graphics],ypr,1
C:\projects\domino-game-master\src\Animation.java,Animation,update/1[java.awt.Graphics],present,1
C:\projects\domino-game-master\src\Animation.java,Animation,update/1[java.awt.Graphics],config,1
C:\projects\domino-game-master\src\Animation.java,Animation,update/1[java.awt.Graphics],pyg,2
C:\projects\domino-game-master\src\Animation.java,Animation,muestraPunt/0,cantPases,3
C:\projects\domino-game-master\src\Animation.java,Animation,muestraPunt/0,puntM,5
C:\projects\domino-game-master\src\Animation.java,Animation,muestraPunt/0,fichJ2,2
C:\projects\domino-game-master\src\Animation.java,Animation,muestraPunt/0,datas,6
C:\projects\domino-game-master\src\Animation.java,Animation,muestraPunt/0,fich,2
C:\projects\domino-game-master\src\Animation.java,Animation,muestraPunt/0,fichA,2
C:\projects\domino-game-master\src\Animation.java,Animation,muestraPunt/0,media,1
C:\projects\domino-game-master\src\Animation.java,Animation,muestraPunt/0,puntU,5
C:\projects\domino-game-master\src\Animation.java,Animation,muestraPunt/0,turn,6
C:\projects\domino-game-master\src\Animation.java,Animation,muestraPunt/0,fichJ1,2
C:\projects\domino-game-master\src\Animation.java,Animation,muestraPunt/0,punt,2
C:\projects\domino-game-master\src\Animation.java,Animation,getSobra/0,sobra,1
C:\projects\domino-game-master\src\Animation.java,Animation,juegaU/0,cantPases,2
C:\projects\domino-game-master\src\Animation.java,Animation,juegaU/0,cabezaI,2
C:\projects\domino-game-master\src\Animation.java,Animation,juegaU/0,sucs,1
C:\projects\domino-game-master\src\Animation.java,Animation,juegaU/0,nombreU,1
C:\projects\domino-game-master\src\Animation.java,Animation,juegaU/0,compl,1
C:\projects\domino-game-master\src\Animation.java,Animation,juegaU/0,turn,1
C:\projects\domino-game-master\src\Animation.java,Animation,juegaU/0,xPase,2
C:\projects\domino-game-master\src\Animation.java,Animation,juegaU/0,cabezaD,2
C:\projects\domino-game-master\src\Animation.java,Animation,getSucs/0,sucs,1
C:\projects\domino-game-master\src\Animation.java,Animation,hideConfig/0,yco,3
C:\projects\domino-game-master\src\Animation.java,Animation,colocaFichaI/0,cD,3
C:\projects\domino-game-master\src\Animation.java,Animation,colocaFichaI/0,cabezaI,3
C:\projects\domino-game-master\src\Animation.java,Animation,colocaFichaI/0,dirI,12
C:\projects\domino-game-master\src\Animation.java,Animation,colocaFichaI/0,cI,12
C:\projects\domino-game-master\src\Animation.java,Animation,colocaFichaI/0,aTop,2
C:\projects\domino-game-master\src\Animation.java,Animation,colocaFichaI/0,media,1
C:\projects\domino-game-master\src\Animation.java,Animation,colocaFichaI/0,iTop,2
C:\projects\domino-game-master\src\Animation.java,Animation,colocaFichaI/0,cabezaD,3
C:\projects\domino-game-master\src\Animation.java,Animation,colocaFichaI/0,dTop,2
C:\projects\domino-game-master\src\Animation.java,Animation,doWindowEvt/0,eW2,2
C:\projects\domino-game-master\src\Animation.java,Animation,doWindowEvt/0,eW,2
C:\projects\domino-game-master\src\Animation.java,Animation,doWindowEvt/0,eW1,2
C:\projects\domino-game-master\src\Animation.java,Animation,parImpar/0,media,2
C:\projects\domino-game-master\src\Animation.java,Animation,parImpar/0,turn,3
C:\projects\domino-game-master\src\Animation.java,Animation,pressed5/1[java.awt.event.MouseEvent],e,20
C:\projects\domino-game-master\src\Animation.java,Animation,pressed5/1[java.awt.event.MouseEvent],fich,40
C:\projects\domino-game-master\src\Animation.java,Animation,pressed5/1[java.awt.event.MouseEvent],media,10
C:\projects\domino-game-master\src\Animation.java,Animation,pressed5/1[java.awt.event.MouseEvent],ind,10
C:\projects\domino-game-master\src\Animation.java,Animation,moved/1[java.awt.event.MouseEvent],fich,60
C:\projects\domino-game-master\src\Animation.java,Animation,moved/1[java.awt.event.MouseEvent],ind,30
C:\projects\domino-game-master\src\Animation.java,Animation,moved/1[java.awt.event.MouseEvent],pxg,11
C:\projects\domino-game-master\src\Animation.java,Animation,moved/1[java.awt.event.MouseEvent],pyg,10
C:\projects\domino-game-master\src\Animation.java,Animation,"mOrientD/2[Card,java.lang.String]",cabezaD,9
C:\projects\domino-game-master\src\Animation.java,Animation,"mOrientI/2[Card,java.lang.String]",cabezaI,9
C:\projects\domino-game-master\src\Animation.java,Animation,designStart/0,fich,2
C:\projects\domino-game-master\src\Animation.java,Animation,designStart/0,fichJ1,1
C:\projects\domino-game-master\src\Animation.java,Animation,designStart/0,fichJ2,1
C:\projects\domino-game-master\src\Animation.java,Animation,designStart/0,xt1,1
C:\projects\domino-game-master\src\Animation.java,Animation,designStart/0,yt2,1
C:\projects\domino-game-master\src\Animation.java,Animation,designStart/0,xt3,1
C:\projects\domino-game-master\src\Animation.java,Animation,designStart/0,fichA,1
C:\projects\domino-game-master\src\Animation.java,Animation,designStart/0,xt2,1
C:\projects\domino-game-master\src\Animation.java,Animation,designStart/0,yt1,1
C:\projects\domino-game-master\src\Animation.java,Animation,designStart/0,yt4,1
C:\projects\domino-game-master\src\Animation.java,Animation,designStart/0,xt4,1
C:\projects\domino-game-master\src\Animation.java,Animation,designStart/0,yt3,1
C:\projects\domino-game-master\src\Animation.java,Animation,designStart/0,y,1
C:\projects\domino-game-master\src\Animation.java,Animation,designStart/0,ypr,1
C:\projects\domino-game-master\src\Animation.java,Animation,designStart/0,pxg,1
C:\projects\domino-game-master\src\Animation.java,Animation,juega3/0,cantPases,2
C:\projects\domino-game-master\src\Animation.java,Animation,juega3/0,cD,3
C:\projects\domino-game-master\src\Animation.java,Animation,juega3/0,cabezaI,2
C:\projects\domino-game-master\src\Animation.java,Animation,juega3/0,sucs,2
C:\projects\domino-game-master\src\Animation.java,Animation,juega3/0,cI,3
C:\projects\domino-game-master\src\Animation.java,Animation,juega3/0,compl,1
C:\projects\domino-game-master\src\Animation.java,Animation,juega3/0,turn,3
C:\projects\domino-game-master\src\Animation.java,Animation,juega3/0,xPase,2
C:\projects\domino-game-master\src\Animation.java,Animation,juega3/0,maquina2,3
C:\projects\domino-game-master\src\Animation.java,Animation,juega3/0,cabezaD,2
C:\projects\domino-game-master\src\Animation.java,Animation,dra/1[java.awt.event.MouseEvent],yc2t,1
C:\projects\domino-game-master\src\Animation.java,Animation,dra/1[java.awt.event.MouseEvent],yc1t,1
C:\projects\domino-game-master\src\Animation.java,Animation,dra/1[java.awt.event.MouseEvent],xc2t,1
C:\projects\domino-game-master\src\Animation.java,Animation,dra/1[java.awt.event.MouseEvent],xc1t,1
C:\projects\domino-game-master\src\Animation.java,Animation,dra/1[java.awt.event.MouseEvent],fich,2
C:\projects\domino-game-master\src\Animation.java,Animation,dra/1[java.awt.event.MouseEvent],ind,2
C:\projects\domino-game-master\src\Animation.java,Animation,dra/1[java.awt.event.MouseEvent],pxg,1
C:\projects\domino-game-master\src\Animation.java,Animation,dra/1[java.awt.event.MouseEvent],pyg,1
C:\projects\domino-game-master\src\Main.java,Main,clicked1/1[java.awt.event.ActionEvent],f,1
C:\projects\domino-game-master\src\Main.java,Main,clicked1/1[java.awt.event.ActionEvent],start,2
C:\projects\domino-game-master\src\Main.java,Main,clicked1/1[java.awt.event.ActionEvent],team,1
C:\projects\domino-game-master\src\Main.java,Main,clicked2/1[java.awt.event.ActionEvent],score,1
C:\projects\domino-game-master\src\Main.java,Main,clicked2/1[java.awt.event.ActionEvent],userTeam,1
C:\projects\domino-game-master\src\Main.java,Main,clicked2/1[java.awt.event.ActionEvent],f,1
C:\projects\domino-game-master\src\Main.java,Main,clicked2/1[java.awt.event.ActionEvent],teamMachine,1
C:\projects\domino-game-master\src\Main.java,Main,clicked2/1[java.awt.event.ActionEvent],name,1
C:\projects\domino-game-master\src\Main.java,Main,clicked2/1[java.awt.event.ActionEvent],start,2
C:\projects\domino-game-master\src\Main.java,Main,clicked2/1[java.awt.event.ActionEvent],team,2
C:\projects\domino-game-master\src\Main.java,Main,clicked2/1[java.awt.event.ActionEvent],userName,1
C:\projects\domino-game-master\src\Main.java,Main,clicked2/1[java.awt.event.ActionEvent],table,3
C:\projects\domino-game-master\src\Main.java,Main,clicked12/1[java.awt.event.ActionEvent],dialog,1
C:\projects\domino-game-master\src\Main.java,Main,clicked12/1[java.awt.event.ActionEvent],f,1
C:\projects\domino-game-master\src\Main.java,Main,clicked12/1[java.awt.event.ActionEvent],start,2
C:\projects\domino-game-master\src\Main.java,Main,clicked12/1[java.awt.event.ActionEvent],team,1
C:\projects\domino-game-master\src\Main.java,Main,disableMenu/0,checkScore,1
C:\projects\domino-game-master\src\Main.java,Main,disableMenu/0,dom,1
C:\projects\domino-game-master\src\Main.java,Main,disableMenu/0,moves,1
C:\projects\domino-game-master\src\Main.java,Main,disableMenu/0,newGame,1
C:\projects\domino-game-master\src\Main.java,Main,"showScore/4[int,int,int,int]",dialog,7
C:\projects\domino-game-master\src\Main.java,Main,"showScore/4[int,int,int,int]",startNewGame,3
C:\projects\domino-game-master\src\Main.java,Main,"showScore/4[int,int,int,int]",userTeam,1
C:\projects\domino-game-master\src\Main.java,Main,"showScore/4[int,int,int,int]",w,1
C:\projects\domino-game-master\src\Main.java,Main,"showScore/4[int,int,int,int]",h,1
C:\projects\domino-game-master\src\Main.java,Main,"showScore/4[int,int,int,int]",start,3
C:\projects\domino-game-master\src\Main.java,Main,"showScore/4[int,int,int,int]",userName,1
C:\projects\domino-game-master\src\Main.java,Main,"showScore/4[int,int,int,int]",OK,3
C:\projects\domino-game-master\src\Main.java,Main,"showScore/4[int,int,int,int]",table,8
C:\projects\domino-game-master\src\Main.java,Main,clicked5/1[java.awt.event.ActionEvent],dialog,1
C:\projects\domino-game-master\src\Main.java,Main,clicked8/1[java.awt.event.ActionEvent],media,1
C:\projects\domino-game-master\src\Main.java,Main,enterM/1[java.awt.event.MouseEvent],media,1
C:\projects\domino-game-master\src\Main.java,Main,design/0,checkScore,8
C:\projects\domino-game-master\src\Main.java,Main,design/0,startNewGame,4
C:\projects\domino-game-master\src\Main.java,Main,design/0,dom,6
C:\projects\domino-game-master\src\Main.java,Main,design/0,newGame,7
C:\projects\domino-game-master\src\Main.java,Main,design/0,start,4
C:\projects\domino-game-master\src\Main.java,Main,design/0,h,1
C:\projects\domino-game-master\src\Main.java,Main,design/0,team,9
C:\projects\domino-game-master\src\Main.java,Main,design/0,dialog,7
C:\projects\domino-game-master\src\Main.java,Main,design/0,moves,8
C:\projects\domino-game-master\src\Main.java,Main,design/0,continueGame,12
C:\projects\domino-game-master\src\Main.java,Main,design/0,w,1
C:\projects\domino-game-master\src\Main.java,Main,design/0,name,8
C:\projects\domino-game-master\src\Main.java,Main,design/0,teamMachine,6
C:\projects\domino-game-master\src\Main.java,Main,design/0,OK,5
C:\projects\domino-game-master\src\Main.java,Main,design/0,table,6
C:\projects\domino-game-master\src\Main.java,Main,enableMenu/1[int],checkScore,1
C:\projects\domino-game-master\src\Main.java,Main,enableMenu/1[int],dom,1
C:\projects\domino-game-master\src\Main.java,Main,enableMenu/1[int],moves,1
C:\projects\domino-game-master\src\Main.java,Main,enableMenu/1[int],newGame,1
C:\projects\domino-game-master\src\Main.java,Main,animation/0,f,3
C:\projects\domino-game-master\src\Main.java,Main,animation/0,start,2
