file,class,method,constructor,line,cbo,cboModified,fanin,fanout,wmc,rfc,loc,returnsQty,variablesQty,parametersQty,methodsInvokedQty,methodsInvokedLocalQty,methodsInvokedIndirectLocalQty,loopQty,comparisonsQty,tryCatchQty,parenthesizedExpsQty,stringLiteralsQty,numbersQty,assignmentsQty,mathOperationsQty,maxNestedBlocksQty,anonymousClassesQty,innerClassesQty,lambdasQty,uniqueWordsQty,modifiers,logStatementsQty,hasJavaDoc
C:\projects\domino-game-master\src\Animation.java,Animation$ParImpar,design/0,false,2055,3,5,1,4,1,14,46,0,1,0,14,0,0,0,0,0,2,5,27,7,4,0,3,0,0,23,1,0,false
C:\projects\domino-game-master\src\Animation.java,Animation$ParImpar,clicked3/1[java.awt.event.ActionEvent],false,2161,0,1,1,0,1,1,3,0,0,1,1,0,0,0,0,0,0,0,0,0,0,0,0,0,0,5,2,0,false
C:\projects\domino-game-master\src\Animation.java,Animation$ParImpar,clicked1/1[java.awt.event.ActionEvent],false,2109,1,4,1,3,4,8,27,0,2,1,8,0,0,0,1,0,0,2,7,5,1,2,0,0,0,15,2,0,false
C:\projects\domino-game-master\src\Animation.java,Animation$ParImpar,clicked2/1[java.awt.event.ActionEvent],false,2135,1,4,1,3,4,8,27,0,2,1,8,0,0,0,1,0,0,2,7,5,1,2,0,0,0,15,2,0,false
C:\projects\domino-game-master\src\Animation.java,Animation$ParImpar,ParImpar/0,true,2051,1,2,1,1,1,1,3,0,0,0,1,1,1,0,0,0,0,0,0,0,0,0,0,0,0,3,1,0,false
C:\projects\domino-game-master\src\Main.java,Main$HideConfig,run/0,false,314,1,1,0,1,1,2,7,0,0,0,2,0,0,0,0,0,0,0,0,0,0,0,0,0,0,2,1,0,false
C:\projects\domino-game-master\src\Ally.java,Ally,mataD/0,false,154,1,2,1,1,2,1,8,2,0,0,1,0,0,0,3,0,0,0,3,0,1,1,0,0,0,3,2,0,false
C:\projects\domino-game-master\src\Ally.java,Ally,fallaI/1[Card],false,162,2,4,1,3,9,5,34,4,4,1,5,0,0,2,6,0,0,0,12,5,4,3,0,0,0,10,2,0,false
C:\projects\domino-game-master\src\Ally.java,Ally,toString/0,false,227,0,0,0,0,1,0,3,1,0,0,0,0,0,0,0,0,0,1,0,0,0,0,0,0,0,2,1,0,false
C:\projects\domino-game-master\src\Ally.java,Ally,fallaD/1[Card],false,194,2,4,1,3,9,5,34,4,4,1,5,0,0,2,6,0,0,0,12,5,4,3,0,0,0,10,2,0,false
C:\projects\domino-game-master\src\Ally.java,Ally,Ally/1[int],true,12,0,2,2,0,1,0,3,0,0,1,0,0,0,0,0,0,0,0,0,1,0,0,0,0,0,3,1,0,false
C:\projects\domino-game-master\src\Ally.java,Ally,juega/0,false,16,3,8,0,8,38,13,107,5,9,0,13,4,1,8,16,0,0,0,26,18,0,3,0,0,0,13,1,0,false
C:\projects\domino-game-master\src\Ally.java,Ally,mataI/0,false,146,1,2,1,1,2,1,8,2,0,0,1,0,0,0,3,0,0,0,3,0,1,1,0,0,0,3,2,0,false
C:\projects\domino-game-master\src\Main.java,Main$Dialog$Anonymous17,actionPerformed/1[java.awt.event.ActionEvent],false,452,1,12,0,12,1,1,3,0,0,1,1,0,0,0,0,0,0,0,0,0,0,0,0,0,0,4,1,0,false
C:\projects\domino-game-master\src\UserPlayer.java,UserPlayer,UserPlayer/1[int],true,6,0,1,1,0,1,0,3,0,0,1,0,0,0,0,0,0,0,0,0,1,0,0,0,0,0,4,1,0,false
C:\projects\domino-game-master\src\UserPlayer.java,UserPlayer,juega/0,false,9,1,0,0,0,1,0,3,0,0,0,0,0,0,0,0,0,0,1,0,0,0,0,0,0,0,7,1,0,false
C:\projects\domino-game-master\src\TeamUser.java,TeamUser,TeamUser/1[int],true,10,4,5,1,4,3,0,12,0,0,1,0,0,0,0,2,0,0,0,6,4,0,2,0,0,0,9,1,0,false
C:\projects\domino-game-master\src\Animation.java,Animation$Organizador,run/0,false,1943,2,8,0,8,10,8,21,0,0,0,8,0,0,0,5,0,0,0,5,0,0,2,0,0,0,19,1,0,false
C:\projects\domino-game-master\src\Main.java,Main$Anonymous14,mouseEntered/1[java.awt.event.MouseEvent],false,207,1,1,0,1,1,1,3,0,0,1,1,0,0,0,0,0,0,0,0,0,0,0,0,0,0,5,1,0,false
C:\projects\domino-game-master\src\Main.java,Main$Anonymous13,mouseEntered/1[java.awt.event.MouseEvent],false,201,1,1,0,1,1,1,3,0,0,1,1,0,0,0,0,0,0,0,0,0,0,0,0,0,0,5,1,0,false
C:\projects\domino-game-master\src\Main.java,Main$Anonymous16,mouseEntered/1[java.awt.event.MouseEvent],false,219,1,1,0,1,1,1,3,0,0,1,1,0,0,0,0,0,0,0,0,0,0,0,0,0,0,5,1,0,false
C:\projects\domino-game-master\src\Main.java,Main$Anonymous15,mouseEntered/1[java.awt.event.MouseEvent],false,213,1,1,0,1,1,1,3,0,0,1,1,0,0,0,0,0,0,0,0,0,0,0,0,0,0,5,1,0,false
C:\projects\domino-game-master\src\Animation.java,Animation$Anonymous11,mouseDragged/1[java.awt.event.MouseEvent],false,880,1,1,0,1,1,1,3,0,0,1,1,0,0,0,0,0,0,0,0,0,0,0,0,0,0,4,1,0,false
C:\projects\domino-game-master\src\Main.java,Main$Anonymous10,actionPerformed/1[java.awt.event.ActionEvent],false,183,1,12,0,12,1,1,3,0,0,1,1,0,0,0,0,0,0,0,0,0,0,0,0,0,0,4,1,0,false
C:\projects\domino-game-master\src\Animation.java,Animation$Anonymous10,mouseDragged/1[java.awt.event.MouseEvent],false,869,1,1,0,1,1,1,3,0,0,1,1,0,0,0,0,0,0,0,0,0,0,0,0,0,0,4,1,0,false
C:\projects\domino-game-master\src\Animation.java,Animation$Anonymous13,mouseDragged/1[java.awt.event.MouseEvent],false,902,1,1,0,1,1,1,3,0,0,1,1,0,0,0,0,0,0,0,0,0,0,0,0,0,0,4,1,0,false
C:\projects\domino-game-master\src\Main.java,Main$Anonymous12,mouseEntered/1[java.awt.event.MouseEvent],false,195,1,1,0,1,1,1,3,0,0,1,1,0,0,0,0,0,0,0,0,0,0,0,0,0,0,5,1,0,false
C:\projects\domino-game-master\src\Animation.java,Animation$Anonymous12,mouseDragged/1[java.awt.event.MouseEvent],false,891,1,1,0,1,1,1,3,0,0,1,1,0,0,0,0,0,0,0,0,0,0,0,0,0,0,4,1,0,false
C:\projects\domino-game-master\src\Main.java,Main$Anonymous11,mouseEntered/1[java.awt.event.MouseEvent],false,189,1,1,0,1,1,1,3,0,0,1,1,0,0,0,0,0,0,0,0,0,0,0,0,0,0,5,1,0,false
C:\projects\domino-game-master\src\Main.java,Main$Dialog$Panel,Panel/0,true,468,2,3,1,2,1,5,9,0,1,0,5,0,0,0,0,0,0,1,3,5,0,0,0,0,0,9,1,0,false
C:\projects\domino-game-master\src\Main.java,Main$Dialog$Panel,anim/0,false,490,1,1,1,0,7,6,33,0,3,0,6,0,0,3,0,3,0,0,12,9,0,2,0,0,0,10,1,0,false
C:\projects\domino-game-master\src\Main.java,Main$Dialog$Panel,paint/1[java.awt.Graphics],false,479,0,0,0,0,1,4,9,0,0,1,4,0,0,0,0,0,0,3,11,0,0,0,0,0,0,3,1,0,false
C:\projects\domino-game-master\src\Main.java,Main$Anonymous2,actionPerformed/1[java.awt.event.ActionEvent],false,136,1,12,0,12,1,1,3,0,0,1,1,0,0,0,0,0,0,0,0,0,0,0,0,0,0,4,1,0,false
C:\projects\domino-game-master\src\Main.java,Main$Anonymous3,actionPerformed/1[java.awt.event.ActionEvent],false,142,1,12,0,12,1,1,3,0,0,1,1,0,0,0,0,0,0,0,0,0,0,0,0,0,0,4,1,0,false
C:\projects\domino-game-master\src\Main.java,Main$Anonymous4,actionPerformed/1[java.awt.event.ActionEvent],false,148,1,12,0,12,1,1,3,0,0,1,1,0,0,0,0,0,0,0,0,0,0,0,0,0,0,4,1,0,false
C:\projects\domino-game-master\src\Player.java,Player,cuenta/0,false,50,1,3,1,2,3,3,12,1,2,0,3,0,0,1,0,0,0,0,3,3,0,2,0,0,0,3,1,0,false
C:\projects\domino-game-master\src\Player.java,Player,"cojeFich/2[Card[],char]",false,15,1,3,1,2,7,4,19,0,1,2,4,0,0,1,2,0,0,0,1,3,0,3,0,0,0,7,1,0,false
C:\projects\domino-game-master\src\Player.java,Player,virarse/1[char],false,61,1,4,1,3,7,4,19,0,1,1,4,0,0,1,2,0,0,0,2,1,0,4,0,0,0,3,1,0,false
C:\projects\domino-game-master\src\Player.java,Player,getFichas/0,false,37,1,2,2,0,1,0,3,1,0,0,0,0,0,0,0,0,0,0,0,0,0,0,0,0,0,3,1,0,false
C:\projects\domino-game-master\src\Player.java,Player,"esForro/2[Card,int]",false,80,1,4,1,3,12,5,24,1,1,2,5,0,0,0,7,0,6,0,5,5,2,3,0,0,0,8,1,0,false
C:\projects\domino-game-master\src\Player.java,Player,juega/0,false,14,1,3,3,0,1,0,1,0,0,0,0,0,0,0,0,0,0,0,0,0,0,0,0,0,0,3,1025,0,false
C:\projects\domino-game-master\src\Player.java,Player,lleva/0,false,40,2,3,1,2,6,4,12,2,1,0,4,1,1,1,1,0,2,0,6,1,0,2,0,0,0,5,1,0,false
C:\projects\domino-game-master\src\Main.java,Main$Anonymous5,actionPerformed/1[java.awt.event.ActionEvent],false,154,1,12,0,12,1,1,3,0,0,1,1,0,0,0,0,0,0,0,0,0,0,0,0,0,0,4,1,0,false
C:\projects\domino-game-master\src\Main.java,Main$Anonymous6,actionPerformed/1[java.awt.event.ActionEvent],false,159,1,12,0,12,1,1,3,0,0,1,1,0,0,0,0,0,0,0,0,0,0,0,0,0,0,4,1,0,false
C:\projects\domino-game-master\src\Main.java,Main$Anonymous7,actionPerformed/1[java.awt.event.ActionEvent],false,165,1,12,0,12,1,1,3,0,0,1,1,0,0,0,0,0,0,0,0,0,0,0,0,0,0,4,1,0,false
C:\projects\domino-game-master\src\Main.java,Main$Anonymous8,actionPerformed/1[java.awt.event.ActionEvent],false,171,1,12,0,12,1,1,3,0,0,1,1,0,0,0,0,0,0,0,0,0,0,0,0,0,0,4,1,0,false
C:\projects\domino-game-master\src\Main.java,Main$Anonymous9,actionPerformed/1[java.awt.event.ActionEvent],false,177,1,12,0,12,1,1,3,0,0,1,1,0,0,0,0,0,0,0,0,0,0,0,0,0,0,4,1,0,false
C:\projects\domino-game-master\src\Media.java,Media,cIcon/1[java.lang.String],false,16,1,6,6,0,2,2,10,2,1,1,2,0,0,0,1,0,0,1,0,1,1,1,0,0,0,10,9,0,false
C:\projects\domino-game-master\src\Media.java,Media,PlayAudio/1[int],false,26,1,9,9,0,5,7,25,0,4,1,7,0,0,0,4,1,0,2,3,5,0,2,0,0,0,22,1,0,false
C:\projects\domino-game-master\src\Card.java,Card,getImf/0,false,191,0,2,2,0,3,0,8,2,0,0,0,0,0,0,2,0,0,0,0,0,0,1,0,0,0,7,1,0,false
C:\projects\domino-game-master\src\Card.java,Card,"Card/2[int,int]",true,16,1,2,0,2,1,2,8,0,0,2,2,0,0,0,0,0,0,4,0,6,1,0,0,0,0,10,1,0,false
C:\projects\domino-game-master\src\Card.java,Card,getV1/0,false,38,0,11,11,0,1,0,3,1,0,0,0,0,0,0,0,0,0,0,0,0,0,0,0,0,0,3,1,0,false
C:\projects\domino-game-master\src\Card.java,Card,getV2/0,false,42,0,11,11,0,1,0,3,1,0,0,0,0,0,0,0,0,0,0,0,0,0,0,0,0,0,3,1,0,false
C:\projects\domino-game-master\src\Card.java,Card,setPx/1[int],false,167,0,9,9,0,1,0,3,0,0,1,0,0,0,0,0,0,0,0,0,1,0,0,0,0,0,4,1,0,false
C:\projects\domino-game-master\src\Card.java,Card,getOrient/0,false,34,0,2,2,0,1,0,3,1,0,0,0,0,0,0,0,0,0,0,0,0,0,0,0,0,0,3,1,0,false
C:\projects\domino-game-master\src\Card.java,Card,nextOrienD/0,false,78,0,2,2,0,9,0,30,1,1,0,0,0,0,0,0,0,0,0,0,9,0,1,0,0,0,5,1,0,false
C:\projects\domino-game-master\src\Card.java,Card,getSum/0,false,25,0,6,6,0,1,0,4,1,0,0,0,0,0,0,0,0,0,0,0,1,1,0,0,0,0,5,1,0,false
C:\projects\domino-game-master\src\Card.java,Card,setActiva/1[boolean],false,187,0,3,3,0,1,0,3,0,0,1,0,0,0,0,0,0,0,0,0,1,0,0,0,0,0,4,1,0,false
C:\projects\domino-game-master\src\Card.java,Card,isDoble/0,false,175,0,12,12,0,2,0,8,2,0,0,0,0,0,0,1,0,0,0,0,0,0,1,0,0,0,6,1,0,false
C:\projects\domino-game-master\src\Card.java,Card,toString/0,false,198,0,3,3,0,1,0,3,1,0,0,0,0,0,0,0,0,0,1,0,0,1,0,0,0,0,4,1,0,false
C:\projects\domino-game-master\src\Card.java,Card,getOrientG/0,false,110,1,3,1,2,9,5,36,1,5,0,5,2,1,0,0,0,0,0,20,13,4,1,0,0,0,13,1,0,false
C:\projects\domino-game-master\src\Card.java,Card,nextOrienI/0,false,46,0,2,2,0,9,0,30,1,1,0,0,0,0,0,0,0,0,0,0,9,0,1,0,0,0,5,1,0,false
C:\projects\domino-game-master\src\Card.java,Card,getPy/0,false,163,0,8,8,0,1,0,3,1,0,0,0,0,0,0,0,0,0,0,0,0,0,0,0,0,0,3,1,0,false
C:\projects\domino-game-master\src\Card.java,Card,setPy/1[int],false,171,0,9,9,0,1,0,3,0,0,1,0,0,0,0,0,0,0,0,0,1,0,0,0,0,0,4,1,0,false
C:\projects\domino-game-master\src\Card.java,Card,setOrient/1[char],false,30,0,7,7,0,1,0,3,0,0,1,0,0,0,0,0,0,0,0,0,1,0,0,0,0,0,3,1,0,false
C:\projects\domino-game-master\src\Card.java,Card,getPx/0,false,159,0,9,9,0,1,0,3,1,0,0,0,0,0,0,0,0,0,0,0,0,0,0,0,0,0,3,1,0,false
C:\projects\domino-game-master\src\Card.java,Card,esActiva/0,false,183,0,8,8,0,1,0,3,1,0,0,0,0,0,0,0,0,0,0,0,0,0,0,0,0,0,3,1,0,false
C:\projects\domino-game-master\src\Animation.java,Animation$ParImpar$Anonymous14,actionPerformed/1[java.awt.event.ActionEvent],false,2066,1,12,0,12,1,1,3,0,0,1,1,0,0,0,0,0,0,0,0,0,0,0,0,0,0,4,1,0,false
C:\projects\domino-game-master\src\Animation.java,Animation$ParImpar$Anonymous15,actionPerformed/1[java.awt.event.ActionEvent],false,2072,1,12,0,12,1,1,3,0,0,1,1,0,0,0,0,0,0,0,0,0,0,0,0,0,0,4,1,0,false
C:\projects\domino-game-master\src\Animation.java,Animation$ParImpar$Anonymous16,actionPerformed/1[java.awt.event.ActionEvent],false,2078,1,12,0,12,1,1,3,0,0,1,1,0,0,0,0,0,0,0,0,0,0,0,0,0,0,4,1,0,false
C:\projects\domino-game-master\src\TeamMachine.java,TeamMachine,TeamMachine/0,true,8,3,4,1,3,7,1,27,0,3,0,1,0,0,0,0,0,0,0,14,9,0,2,0,0,0,11,1,0,false
C:\projects\domino-game-master\src\Main.java,Main$Anonymous1,"isCellEditable/2[int,int]",false,114,0,0,0,0,1,0,3,1,0,2,0,0,0,0,0,0,0,0,0,0,0,0,0,0,0,5,1,0,false
C:\projects\domino-game-master\src\Animation.java,Animation$ParImpar$Comp,paint/1[java.awt.Graphics],false,2103,1,1,0,1,1,2,4,0,1,1,2,0,0,0,0,0,0,0,2,1,0,0,0,0,0,6,1,0,false
C:\projects\domino-game-master\src\Main.java,Main$ShowConfig,run/0,false,273,1,1,0,1,1,3,8,0,0,0,3,0,0,0,0,0,0,0,1,0,0,0,0,0,0,2,1,0,false
C:\projects\domino-game-master\src\CardPlayer.java,CardPlayer,"CardPlayer/2[Card,int]",true,8,1,3,3,0,1,0,4,0,0,2,0,0,0,0,0,0,0,0,0,2,0,0,0,0,0,6,1,0,false
C:\projects\domino-game-master\src\CardPlayer.java,CardPlayer,getLoc/0,false,17,0,3,3,0,1,0,3,1,0,0,0,0,0,0,0,0,0,0,0,0,0,0,0,0,0,3,1,0,false
C:\projects\domino-game-master\src\CardPlayer.java,CardPlayer,getFicha/0,false,13,1,6,6,0,1,0,3,1,0,0,0,0,0,0,0,0,0,0,0,0,0,0,0,0,0,4,1,0,false
C:\projects\domino-game-master\src\Animation.java,Animation$AnimI,run/0,false,1756,1,1,0,1,1,1,3,0,0,0,1,0,0,0,0,0,0,0,0,0,0,0,0,0,0,4,1,0,false
C:\projects\domino-game-master\src\Animation.java,Animation$AnimD,run/0,false,1764,1,1,0,1,1,1,3,0,0,0,1,0,0,0,0,0,0,0,0,0,0,0,0,0,0,4,1,0,false
C:\projects\domino-game-master\src\Team.java,Team,getJ1/0,false,7,1,6,6,0,1,0,3,1,0,0,0,0,0,0,0,0,0,0,0,0,0,0,0,0,0,4,9,0,false
C:\projects\domino-game-master\src\Team.java,Team,getU/0,false,19,1,5,5,0,1,0,3,1,0,0,0,0,0,0,0,0,0,0,0,0,0,0,0,0,0,4,9,0,false
C:\projects\domino-game-master\src\Team.java,Team,getJ2/0,false,11,1,6,6,0,1,0,3,1,0,0,0,0,0,0,0,0,0,0,0,0,0,0,0,0,0,4,9,0,false
C:\projects\domino-game-master\src\Team.java,Team,getA/0,false,16,1,6,6,0,1,0,3,1,0,0,0,0,0,0,0,0,0,0,0,0,0,0,0,0,0,4,9,0,false
C:\projects\domino-game-master\src\Main.java,Main$Dialog,clicked7/1[java.awt.event.ActionEvent],false,460,0,1,1,0,1,1,3,0,0,1,1,0,0,0,0,0,0,0,0,0,0,0,0,0,0,5,2,0,false
C:\projects\domino-game-master\src\Main.java,Main$Dialog,Dialog/0,true,430,1,2,1,1,1,1,3,0,0,0,1,1,1,0,0,0,0,0,0,0,0,0,0,0,0,2,1,0,false
C:\projects\domino-game-master\src\Main.java,Main$Dialog,design/0,false,434,2,4,1,3,1,15,23,0,1,0,15,0,0,0,0,0,2,3,14,2,4,0,1,0,0,14,1,0,false
C:\projects\domino-game-master\src\Greedy.java,Greedy,Greedy/1[int],true,6,0,2,2,0,1,0,2,0,0,1,0,0,0,0,0,0,0,0,0,0,0,0,0,0,0,2,1,0,false
C:\projects\domino-game-master\src\Greedy.java,Greedy,juega/0,false,8,2,4,0,4,12,9,53,3,3,0,9,0,0,3,2,0,0,0,13,8,0,4,0,0,0,8,1,0,false
C:\projects\domino-game-master\src\Greedy.java,Greedy,toString/0,false,59,0,0,0,0,1,0,3,1,0,0,0,0,0,0,0,0,0,1,0,0,0,0,0,0,0,2,1,0,false
C:\projects\domino-game-master\src\Table.java,Table,setUltCD/1[int],false,39,0,4,4,0,1,0,3,0,0,1,0,0,0,0,0,0,0,0,0,1,0,0,0,0,0,6,9,0,false
C:\projects\domino-game-master\src\Table.java,Table,"setPases1/2[int,int]",false,157,0,1,1,0,7,3,16,0,2,2,3,0,0,2,2,0,0,0,2,2,0,1,0,0,0,6,9,0,false
C:\projects\domino-game-master\src\Table.java,Table,getTf/0,false,115,1,2,2,0,1,0,3,1,0,0,0,0,0,0,0,0,0,0,0,0,0,0,0,0,0,3,1,0,false
C:\projects\domino-game-master\src\Table.java,Table,Table/0,true,45,0,2,2,0,1,0,8,0,0,0,0,0,0,0,0,0,0,0,2,6,0,0,0,0,0,10,1,0,false
C:\projects\domino-game-master\src\Table.java,Table,getUltCI/0,false,27,0,1,1,0,1,0,3,1,0,0,0,0,0,0,0,0,0,0,0,0,0,0,0,0,0,5,9,0,false
C:\projects\domino-game-master\src\Table.java,Table,getPm/0,false,111,1,0,0,0,1,0,3,1,0,0,0,0,0,0,0,0,0,0,0,0,0,0,0,0,0,5,9,0,false
C:\projects\domino-game-master\src\Table.java,Table,getPu/0,false,107,1,0,0,0,1,0,3,1,0,0,0,0,0,0,0,0,0,0,0,0,0,0,0,0,0,5,9,0,false
C:\projects\domino-game-master\src\Table.java,Table,setUltCI/1[int],false,31,0,4,4,0,1,0,3,0,0,1,0,0,0,0,0,0,0,0,0,1,0,0,0,0,0,6,9,0,false
C:\projects\domino-game-master\src\Table.java,Table,daAgua/0,false,60,2,3,2,1,9,2,37,0,10,0,2,1,1,4,0,0,0,0,14,21,1,3,0,0,0,20,1,0,false
C:\projects\domino-game-master\src\Table.java,Table,"setPasesU/2[int,int]",false,120,0,1,1,0,7,3,16,0,2,2,3,0,0,2,2,0,0,0,2,2,0,1,0,0,0,7,9,0,false
C:\projects\domino-game-master\src\Table.java,Table,"setPases2/2[int,int]",false,177,0,1,1,0,7,3,16,0,2,2,3,0,0,2,2,0,0,0,2,2,0,1,0,0,0,6,9,0,false
C:\projects\domino-game-master\src\Table.java,Table,"setPasesA/2[int,int]",false,139,0,1,1,0,7,3,16,0,2,2,3,0,0,2,2,0,0,0,2,2,0,1,0,0,0,7,9,0,false
C:\projects\domino-game-master\src\Table.java,Table,getPases/1[int],false,193,0,3,3,0,5,0,18,1,1,1,0,0,0,0,0,0,0,0,4,5,0,1,0,0,0,10,9,0,false
C:\projects\domino-game-master\src\Table.java,Table,creaPareja/1[int],false,55,2,3,1,2,1,0,4,0,0,1,0,0,0,0,0,0,0,0,0,2,0,0,0,0,0,9,9,0,false
C:\projects\domino-game-master\src\Table.java,Table,getUltCD/0,false,35,0,1,1,0,1,0,3,1,0,0,0,0,0,0,0,0,0,0,0,0,0,0,0,0,0,5,9,0,false
C:\projects\domino-game-master\src\Table.java,Table,repartir/0,false,100,2,7,2,5,1,5,6,0,0,0,5,0,0,0,0,0,0,0,0,0,0,0,0,0,0,1,1,0,false
C:\projects\domino-game-master\src\Animation.java,Animation$DibujaFichas,run/0,false,305,1,1,0,1,1,1,3,0,0,0,1,0,0,0,0,0,0,0,0,0,0,0,0,0,0,3,1,0,false
C:\projects\domino-game-master\src\Main.java,Main$DesignStart,run/0,false,285,1,1,0,1,1,1,3,0,0,0,1,0,0,0,0,0,0,0,0,0,0,0,0,0,0,1,1,0,false
C:\projects\domino-game-master\src\Main.java,Main$Dialog$Panel$GameThread,run/0,false,522,1,1,0,1,1,1,3,0,0,0,1,0,0,0,0,0,0,0,0,0,0,0,0,0,0,2,1,0,false
C:\projects\domino-game-master\src\Animation.java,Animation$Anonymous6,mouseDragged/1[java.awt.event.MouseEvent],false,825,1,1,0,1,1,1,3,0,0,1,1,0,0,0,0,0,0,0,0,0,0,0,0,0,0,4,1,0,false
C:\projects\domino-game-master\src\Animation.java,Animation$Anonymous5,mouseDragged/1[java.awt.event.MouseEvent],false,814,1,1,0,1,1,1,3,0,0,1,1,0,0,0,0,0,0,0,0,0,0,0,0,0,0,4,1,0,false
C:\projects\domino-game-master\src\Animation.java,Animation$Anonymous8,mouseDragged/1[java.awt.event.MouseEvent],false,847,1,1,0,1,1,1,3,0,0,1,1,0,0,0,0,0,0,0,0,0,0,0,0,0,0,4,1,0,false
C:\projects\domino-game-master\src\Animation.java,Animation$Anonymous7,mouseDragged/1[java.awt.event.MouseEvent],false,836,1,1,0,1,1,1,3,0,0,1,1,0,0,0,0,0,0,0,0,0,0,0,0,0,0,4,1,0,false
C:\projects\domino-game-master\src\Animation.java,Animation$Anonymous9,mouseDragged/1[java.awt.event.MouseEvent],false,858,1,1,0,1,1,1,3,0,0,1,1,0,0,0,0,0,0,0,0,0,0,0,0,0,0,4,1,0,false
C:\projects\domino-game-master\src\Domineering.java,Domineering,esNDat/1[Card],false,263,1,3,1,2,7,2,10,2,2,1,2,0,0,0,6,0,4,0,0,2,0,1,0,0,0,10,2,0,false
C:\projects\domino-game-master\src\Domineering.java,Domineering,pasaCont/1[Card],false,273,2,4,1,3,18,5,50,2,6,1,5,0,0,4,13,0,0,0,27,12,8,3,0,0,0,12,2,0,false
C:\projects\domino-game-master\src\Domineering.java,Domineering,buscaNDat/0,false,150,2,3,1,2,34,4,109,0,5,0,4,0,0,2,0,0,0,0,85,37,0,2,0,0,0,9,2,0,false
C:\projects\domino-game-master\src\Domineering.java,Domineering,juega/0,false,15,3,7,0,7,40,12,120,5,9,0,12,3,1,8,18,0,2,0,26,18,0,3,0,0,0,15,1,0,false
C:\projects\domino-game-master\src\Domineering.java,Domineering,Domineering/1[int],true,11,0,2,2,0,1,0,3,0,0,1,0,0,0,0,0,0,0,0,0,1,0,0,0,0,0,3,1,0,false
C:\projects\domino-game-master\src\Domineering.java,Domineering,toString/0,false,331,0,0,0,0,1,0,3,1,0,0,0,0,0,0,0,0,0,1,0,0,0,0,0,0,0,2,1,0,false
C:\projects\domino-game-master\src\Animation.java,Animation,juega1/0,false,445,8,13,1,12,10,15,62,0,4,0,15,0,0,0,5,2,0,3,21,16,2,5,0,0,0,25,1,0,false
C:\projects\domino-game-master\src\Animation.java,Animation,dibujaFichas/0,false,342,5,7,1,6,9,11,55,0,7,0,11,1,1,3,4,1,0,2,30,16,4,3,0,0,0,28,1,0,false
C:\projects\domino-game-master\src\Animation.java,Animation,showConfig/0,false,222,1,2,1,1,3,3,14,0,0,0,3,0,0,1,0,1,0,0,4,2,0,2,0,0,0,7,1,0,false
C:\projects\domino-game-master\src\Animation.java,Animation,destroyEvt/0,false,1935,0,1,1,0,1,2,5,0,0,0,2,0,0,0,0,0,0,0,0,0,0,0,0,0,0,6,1,0,false
C:\projects\domino-game-master\src\Animation.java,Animation,cargaParcial/0,false,311,4,9,1,8,1,7,29,0,0,0,7,0,0,0,0,0,4,0,28,25,10,0,0,0,0,25,1,0,false
C:\projects\domino-game-master\src\Animation.java,Animation,animaFichaD/0,false,1852,3,7,1,6,17,11,84,0,15,0,11,1,2,5,1,5,11,0,13,21,17,6,0,0,0,23,1,0,false
C:\projects\domino-game-master\src\Animation.java,Animation,designTable/1[int],false,250,3,7,1,6,7,13,53,0,2,1,13,0,0,3,1,2,5,2,42,25,12,2,0,0,0,30,1,0,false
C:\projects\domino-game-master\src\Animation.java,Animation,Load/1[int],false,148,4,14,4,10,1,11,46,0,0,1,11,0,0,0,0,0,4,4,35,37,10,0,0,0,0,42,1,0,false
C:\projects\domino-game-master\src\Animation.java,Animation,released3/1[java.awt.event.MouseEvent],false,924,5,15,1,14,25,20,78,0,2,1,20,0,0,0,6,0,6,0,48,13,22,3,0,0,0,19,2,0,false
C:\projects\domino-game-master\src\Animation.java,Animation,animaFichaI/0,false,1770,3,7,1,6,17,11,84,0,15,0,11,1,2,5,1,5,11,0,13,21,17,6,0,0,0,23,1,0,false
C:\projects\domino-game-master\src\Animation.java,Animation,colocaFichaD/0,false,1425,3,15,1,14,98,17,325,0,7,0,17,1,1,3,43,0,22,12,170,121,100,6,0,0,0,18,1,0,false
C:\projects\domino-game-master\src\Animation.java,Animation,juega2/0,false,507,8,13,1,12,10,15,62,0,4,0,15,0,0,0,5,2,0,3,21,16,2,5,0,0,0,26,1,0,false
C:\projects\domino-game-master\src\Animation.java,Animation,Animation/0,true,67,2,3,1,2,1,6,10,0,0,0,6,1,1,0,0,0,0,4,7,5,0,0,0,0,0,11,1,0,false
C:\projects\domino-game-master\src\Animation.java,Animation,update/1[java.awt.Graphics],false,642,1,4,1,3,7,23,99,0,8,1,23,0,0,0,5,0,0,3,159,13,12,2,0,0,0,31,1,0,false
C:\projects\domino-game-master\src\Animation.java,Animation,muestraPunt/0,false,1967,6,13,1,12,20,14,65,0,9,0,14,2,1,0,0,0,6,0,21,23,4,5,0,0,0,27,1,0,false
C:\projects\domino-game-master\src\Animation.java,Animation,getSobra/0,false,196,1,1,1,0,1,0,3,1,0,0,0,0,0,0,0,0,0,0,0,0,0,0,0,0,0,3,9,0,false
C:\projects\domino-game-master\src\Animation.java,Animation,paint/1[java.awt.Graphics],false,637,1,1,0,1,1,1,3,0,0,1,1,1,1,0,0,0,0,0,0,0,0,0,0,0,0,4,1,0,false
C:\projects\domino-game-master\src\Animation.java,Animation,juegaU/0,false,416,6,7,1,6,4,9,30,0,1,0,9,1,1,0,0,2,0,2,8,7,1,2,0,0,0,22,1,0,false
C:\projects\domino-game-master\src\Animation.java,Animation,haDominado/1[java.util.ArrayList<Card>],false,627,1,3,2,1,4,2,7,1,1,1,2,0,0,1,1,0,0,0,3,1,0,1,0,0,0,4,2,0,false
C:\projects\domino-game-master\src\Animation.java,Animation,getSucs/0,false,1006,0,1,1,0,1,0,3,1,0,0,0,0,0,0,0,0,0,0,0,0,0,0,0,0,0,3,9,0,false
C:\projects\domino-game-master\src\Animation.java,Animation,hideConfig/0,false,238,0,1,1,0,3,2,12,0,0,0,2,0,0,1,0,1,0,0,4,2,0,2,0,0,0,7,1,0,false
C:\projects\domino-game-master\src\Animation.java,Animation,colocaFichaI/0,false,1098,3,15,1,14,98,17,322,0,6,0,17,1,1,3,43,0,22,12,164,118,96,6,0,0,0,18,1,0,false
C:\projects\domino-game-master\src\Animation.java,Animation,doWindowEvt/0,false,762,0,2,1,1,1,2,23,0,0,0,2,0,0,0,0,0,0,0,0,3,0,0,3,0,0,15,1,0,false
C:\projects\domino-game-master\src\Animation.java,Animation,parImpar/0,false,397,3,4,1,3,3,4,18,0,4,0,4,0,0,0,2,0,0,2,5,6,0,2,0,0,0,13,2,0,false
C:\projects\domino-game-master\src\Animation.java,Animation,pressed5/1[java.awt.event.MouseEvent],false,798,2,5,1,4,45,7,132,0,0,1,7,0,0,0,0,0,0,0,104,20,40,10,10,0,0,11,2,0,false
C:\projects\domino-game-master\src\Animation.java,Animation,moved/1[java.awt.event.MouseEvent],false,1010,1,3,1,2,45,6,86,0,0,1,6,0,0,0,0,0,0,0,115,31,60,10,0,0,0,6,2,0,false
C:\projects\domino-game-master\src\Animation.java,Animation,"mOrientD/2[Card,java.lang.String]",false,80,1,3,1,2,7,3,38,1,1,2,3,0,0,0,3,0,0,3,0,13,0,4,0,0,0,7,2,0,false
C:\projects\domino-game-master\src\Animation.java,Animation,"mOrientI/2[Card,java.lang.String]",false,114,1,3,1,2,7,3,38,1,1,2,3,0,0,0,3,0,0,3,0,13,0,4,0,0,0,7,2,0,false
C:\projects\domino-game-master\src\Animation.java,Animation,designStart/0,false,200,1,3,1,2,2,5,20,0,1,0,5,0,0,1,0,0,5,0,26,12,10,1,0,0,0,15,1,0,false
C:\projects\domino-game-master\src\Animation.java,Animation,juega3/0,false,567,8,13,1,12,10,15,62,0,4,0,15,0,0,0,5,2,0,3,21,16,2,5,0,0,0,24,1,0,false
C:\projects\domino-game-master\src\Animation.java,Animation,dra/1[java.awt.event.MouseEvent],false,786,1,3,1,2,1,6,11,0,0,1,6,0,0,0,0,0,0,0,4,6,4,0,0,0,0,10,2,0,false
C:\projects\domino-game-master\src\Animation.java,Animation$Anonymous2,mouseReleased/1[java.awt.event.MouseEvent],false,771,1,1,0,1,1,1,3,0,0,1,1,0,0,0,0,0,0,0,0,0,0,0,0,0,0,4,1,0,false
C:\projects\domino-game-master\src\Main.java,Main$DesignTable,run/0,false,324,1,1,0,1,1,1,3,0,0,0,1,0,0,0,0,0,0,0,1,0,0,0,0,0,0,1,1,0,false
C:\projects\domino-game-master\src\Animation.java,Animation$Anonymous1,mouseMoved/1[java.awt.event.MouseEvent],false,765,1,1,0,1,1,1,3,0,0,1,1,0,0,0,0,0,0,0,0,0,0,0,0,0,0,4,1,0,false
C:\projects\domino-game-master\src\Main.java,Main,clicked1/1[java.awt.event.ActionEvent],false,300,3,4,1,3,2,4,11,0,3,1,4,0,0,0,1,0,0,2,2,3,0,1,0,0,0,11,1,0,false
C:\projects\domino-game-master\src\Main.java,Main,clicked6/1[java.awt.event.ActionEvent],false,419,1,2,1,1,1,1,4,0,1,1,1,0,0,0,0,0,0,0,0,1,0,0,0,0,0,7,2,0,false
C:\projects\domino-game-master\src\Main.java,Main,clicked2/1[java.awt.event.ActionEvent],false,384,3,4,1,3,2,8,14,0,3,1,8,0,0,1,0,0,0,2,3,6,0,1,0,0,0,14,1,0,false
C:\projects\domino-game-master\src\Main.java,Main,clicked3/1[java.awt.event.ActionEvent],false,401,0,1,1,0,1,1,3,0,0,1,1,0,0,0,0,0,0,0,1,0,0,0,0,0,0,2,1,0,false
C:\projects\domino-game-master\src\Main.java,Main,clicked12/1[java.awt.event.ActionEvent],false,290,3,4,1,3,1,4,9,0,2,1,4,0,0,0,0,0,0,0,2,2,0,0,0,0,0,9,1,0,false
C:\projects\domino-game-master\src\Main.java,Main,disableMenu/0,false,337,0,2,2,0,1,1,6,0,0,0,1,0,0,0,0,0,0,0,0,0,0,0,0,0,0,3,9,0,false
C:\projects\domino-game-master\src\Main.java,Main,main/1[java.lang.String[]],false,541,1,1,0,1,2,2,9,0,0,1,2,0,0,0,0,1,0,1,0,0,0,1,0,0,0,6,9,0,false
C:\projects\domino-game-master\src\Main.java,Main,Main/0,true,43,1,3,1,2,1,2,4,0,0,0,2,2,1,0,0,0,0,0,0,0,0,0,0,0,0,3,1,0,false
C:\projects\domino-game-master\src\Main.java,Main,"showScore/4[int,int,int,int]",false,345,0,2,2,0,4,7,38,0,0,4,7,0,0,0,2,0,2,7,20,0,7,3,0,0,0,13,9,0,false
C:\projects\domino-game-master\src\Main.java,Main,clicked5/1[java.awt.event.ActionEvent],false,413,0,1,1,0,1,1,3,0,0,1,1,0,0,0,0,0,0,0,0,0,0,0,0,0,0,5,2,0,false
C:\projects\domino-game-master\src\Main.java,Main,clicked8/1[java.awt.event.ActionEvent],false,529,2,4,1,3,2,6,9,0,3,1,6,0,0,1,0,0,0,3,2,4,1,1,0,0,0,9,2,0,false
C:\projects\domino-game-master\src\Main.java,Main,enterM/1[java.awt.event.MouseEvent],false,409,1,2,1,1,1,1,3,0,0,1,1,0,0,0,0,0,0,0,1,0,0,0,0,0,0,3,2,0,false
C:\projects\domino-game-master\src\Main.java,Main,design/0,false,60,1,4,1,3,1,41,194,0,5,0,41,0,0,0,0,0,2,29,54,18,4,0,16,0,0,58,1,0,false
C:\projects\domino-game-master\src\Main.java,Main,enableMenu/1[int],false,329,0,2,2,0,1,1,6,0,0,1,1,0,0,0,0,0,0,0,0,0,0,0,0,0,0,4,9,0,false
C:\projects\domino-game-master\src\Main.java,Main,animation/0,false,49,3,4,1,3,1,4,10,0,2,0,4,0,0,0,0,0,0,0,4,3,0,0,0,0,0,12,2,0,false
C:\projects\domino-game-master\src\Main.java,Main,clicked4/1[java.awt.event.ActionEvent],false,405,1,2,1,1,1,1,3,0,0,1,1,1,1,0,0,0,0,0,4,0,0,0,0,0,0,4,1,0,false
C:\projects\domino-game-master\src\Animation.java,Animation$Anonymous4,mouseDragged/1[java.awt.event.MouseEvent],false,803,1,1,0,1,1,1,3,0,0,1,1,0,0,0,0,0,0,0,0,0,0,0,0,0,0,4,1,0,false
C:\projects\domino-game-master\src\Animation.java,Animation$Anonymous3,mousePressed/1[java.awt.event.MouseEvent],false,777,1,1,0,1,1,1,3,0,0,1,1,0,0,0,0,0,0,0,0,0,0,0,0,0,0,4,1,0,false
