file,class,method,variable,usage
C:\projects\domino-game-master\src\Animation.java,Animation$ParImpar,design/0,ra,1
C:\projects\domino-game-master\src\Animation.java,Animation$ParImpar,clicked3/1[java.awt.event.ActionEvent],evt,0
C:\projects\domino-game-master\src\Animation.java,Animation$ParImpar,clicked1/1[java.awt.event.ActionEvent],evt,0
C:\projects\domino-game-master\src\Animation.java,Animation$ParImpar,clicked1/1[java.awt.event.ActionEvent],w,1
C:\projects\domino-game-master\src\Animation.java,Animation$ParImpar,clicked1/1[java.awt.event.ActionEvent],ra,1
C:\projects\domino-game-master\src\Animation.java,Animation$ParImpar,clicked2/1[java.awt.event.ActionEvent],evt,0
C:\projects\domino-game-master\src\Animation.java,Animation$ParImpar,clicked2/1[java.awt.event.ActionEvent],w,1
C:\projects\domino-game-master\src\Animation.java,Animation$ParImpar,clicked2/1[java.awt.event.ActionEvent],ra,1
C:\projects\domino-game-master\src\Ally.java,Ally,fallaI/1[Card],f,2
C:\projects\domino-game-master\src\Ally.java,Ally,fallaI/1[Card],i,8
C:\projects\domino-game-master\src\Ally.java,Ally,fallaI/1[Card],f1,2
C:\projects\domino-game-master\src\Ally.java,Ally,fallaI/1[Card],k,4
C:\projects\domino-game-master\src\Ally.java,Ally,fallaI/1[Card],f2,1
C:\projects\domino-game-master\src\Ally.java,Ally,fallaD/1[Card],f,2
C:\projects\domino-game-master\src\Ally.java,Ally,fallaD/1[Card],i,8
C:\projects\domino-game-master\src\Ally.java,Ally,fallaD/1[Card],f1,2
C:\projects\domino-game-master\src\Ally.java,Ally,fallaD/1[Card],k,4
C:\projects\domino-game-master\src\Ally.java,Ally,fallaD/1[Card],f2,1
C:\projects\domino-game-master\src\Ally.java,Ally,Ally/1[int],i,1
C:\projects\domino-game-master\src\Ally.java,Ally,juega/0,pcd,14
C:\projects\domino-game-master\src\Ally.java,Ally,juega/0,pci,14
C:\projects\domino-game-master\src\Ally.java,Ally,juega/0,i,14
C:\projects\domino-game-master\src\Ally.java,Ally,juega/0,j,30
C:\projects\domino-game-master\src\Main.java,Main$Dialog$Anonymous17,actionPerformed/1[java.awt.event.ActionEvent],evt,1
C:\projects\domino-game-master\src\UserPlayer.java,UserPlayer,UserPlayer/1[int],i,1
C:\projects\domino-game-master\src\TeamUser.java,TeamUser,TeamUser/1[int],tipo,2
C:\projects\domino-game-master\src\Main.java,Main$Anonymous14,mouseEntered/1[java.awt.event.MouseEvent],evt,1
C:\projects\domino-game-master\src\Main.java,Main$Anonymous13,mouseEntered/1[java.awt.event.MouseEvent],evt,1
C:\projects\domino-game-master\src\Main.java,Main$Anonymous16,mouseEntered/1[java.awt.event.MouseEvent],evt,1
C:\projects\domino-game-master\src\Main.java,Main$Anonymous15,mouseEntered/1[java.awt.event.MouseEvent],evt,1
C:\projects\domino-game-master\src\Animation.java,Animation$Anonymous11,mouseDragged/1[java.awt.event.MouseEvent],evt,1
C:\projects\domino-game-master\src\Main.java,Main$Anonymous10,actionPerformed/1[java.awt.event.ActionEvent],evt,1
C:\projects\domino-game-master\src\Animation.java,Animation$Anonymous10,mouseDragged/1[java.awt.event.MouseEvent],evt,1
C:\projects\domino-game-master\src\Animation.java,Animation$Anonymous13,mouseDragged/1[java.awt.event.MouseEvent],evt,1
C:\projects\domino-game-master\src\Main.java,Main$Anonymous12,mouseEntered/1[java.awt.event.MouseEvent],evt,1
C:\projects\domino-game-master\src\Animation.java,Animation$Anonymous12,mouseDragged/1[java.awt.event.MouseEvent],evt,1
C:\projects\domino-game-master\src\Main.java,Main$Anonymous11,mouseEntered/1[java.awt.event.MouseEvent],evt,1
C:\projects\domino-game-master\src\Main.java,Main$Dialog$Panel,Panel/0,kt,1
C:\projects\domino-game-master\src\Main.java,Main$Dialog$Panel,anim/0,ex,5
C:\projects\domino-game-master\src\Main.java,Main$Dialog$Panel,anim/0,i,11
C:\projects\domino-game-master\src\Main.java,Main$Dialog$Panel,paint/1[java.awt.Graphics],g,7
C:\projects\domino-game-master\src\Main.java,Main$Anonymous2,actionPerformed/1[java.awt.event.ActionEvent],evt,1
C:\projects\domino-game-master\src\Main.java,Main$Anonymous3,actionPerformed/1[java.awt.event.ActionEvent],evt,1
C:\projects\domino-game-master\src\Main.java,Main$Anonymous4,actionPerformed/1[java.awt.event.ActionEvent],evt,1
C:\projects\domino-game-master\src\Player.java,Player,cuenta/0,s,2
C:\projects\domino-game-master\src\Player.java,Player,cuenta/0,i,5
C:\projects\domino-game-master\src\Player.java,Player,"cojeFich/2[Card[],char]",tipo,2
C:\projects\domino-game-master\src\Player.java,Player,"cojeFich/2[Card[],char]",d,1
C:\projects\domino-game-master\src\Player.java,Player,"cojeFich/2[Card[],char]",i,13
C:\projects\domino-game-master\src\Player.java,Player,virarse/1[char],tipo,2
C:\projects\domino-game-master\src\Player.java,Player,virarse/1[char],i,10
C:\projects\domino-game-master\src\Player.java,Player,"esForro/2[Card,int]",cual,6
C:\projects\domino-game-master\src\Player.java,Player,"esForro/2[Card,int]",pDonde,2
C:\projects\domino-game-master\src\Player.java,Player,"esForro/2[Card,int]",f,5
C:\projects\domino-game-master\src\Player.java,Player,lleva/0,i,6
C:\projects\domino-game-master\src\Main.java,Main$Anonymous5,actionPerformed/1[java.awt.event.ActionEvent],evt,1
C:\projects\domino-game-master\src\Main.java,Main$Anonymous6,actionPerformed/1[java.awt.event.ActionEvent],evt,1
C:\projects\domino-game-master\src\Main.java,Main$Anonymous7,actionPerformed/1[java.awt.event.ActionEvent],evt,1
C:\projects\domino-game-master\src\Main.java,Main$Anonymous8,actionPerformed/1[java.awt.event.ActionEvent],evt,1
C:\projects\domino-game-master\src\Main.java,Main$Anonymous9,actionPerformed/1[java.awt.event.ActionEvent],evt,1
C:\projects\domino-game-master\src\Media.java,Media,cIcon/1[java.lang.String],p,2
C:\projects\domino-game-master\src\Media.java,Media,cIcon/1[java.lang.String],imgURL,2
C:\projects\domino-game-master\src\Media.java,Media,PlayAudio/1[int],p,1
C:\projects\domino-game-master\src\Media.java,Media,PlayAudio/1[int],dirSonido,5
C:\projects\domino-game-master\src\Media.java,Media,PlayAudio/1[int],e,1
C:\projects\domino-game-master\src\Media.java,Media,PlayAudio/1[int],io,0
C:\projects\domino-game-master\src\Media.java,Media,PlayAudio/1[int],clip,5
C:\projects\domino-game-master\src\Card.java,Card,"Card/2[int,int]",v1,3
C:\projects\domino-game-master\src\Card.java,Card,"Card/2[int,int]",v2,3
C:\projects\domino-game-master\src\Card.java,Card,setPx/1[int],x,1
C:\projects\domino-game-master\src\Card.java,Card,nextOrienD/0,c,9
C:\projects\domino-game-master\src\Card.java,Card,setActiva/1[boolean],b,1
C:\projects\domino-game-master\src\Card.java,Card,getOrientG/0,posE,3
C:\projects\domino-game-master\src\Card.java,Card,getOrientG/0,posW,1
C:\projects\domino-game-master\src\Card.java,Card,getOrientG/0,i,10
C:\projects\domino-game-master\src\Card.java,Card,getOrientG/0,posS,1
C:\projects\domino-game-master\src\Card.java,Card,getOrientG/0,posN,3
C:\projects\domino-game-master\src\Card.java,Card,nextOrienI/0,c,9
C:\projects\domino-game-master\src\Card.java,Card,setPy/1[int],y,1
C:\projects\domino-game-master\src\Card.java,Card,setOrient/1[char],orient,2
C:\projects\domino-game-master\src\Animation.java,Animation$ParImpar$Anonymous14,actionPerformed/1[java.awt.event.ActionEvent],evt,1
C:\projects\domino-game-master\src\Animation.java,Animation$ParImpar$Anonymous15,actionPerformed/1[java.awt.event.ActionEvent],evt,1
C:\projects\domino-game-master\src\Animation.java,Animation$ParImpar$Anonymous16,actionPerformed/1[java.awt.event.ActionEvent],evt,1
C:\projects\domino-game-master\src\TeamMachine.java,TeamMachine,TeamMachine/0,r,2
C:\projects\domino-game-master\src\TeamMachine.java,TeamMachine,TeamMachine/0,in,3
C:\projects\domino-game-master\src\TeamMachine.java,TeamMachine,TeamMachine/0,in2,3
C:\projects\domino-game-master\src\Main.java,Main$Anonymous1,"isCellEditable/2[int,int]",rowIndex,0
C:\projects\domino-game-master\src\Main.java,Main$Anonymous1,"isCellEditable/2[int,int]",columnIndex,1
C:\projects\domino-game-master\src\Animation.java,Animation$ParImpar$Comp,paint/1[java.awt.Graphics],g,1
C:\projects\domino-game-master\src\Animation.java,Animation$ParImpar$Comp,paint/1[java.awt.Graphics],g2,1
C:\projects\domino-game-master\src\CardPlayer.java,CardPlayer,"CardPlayer/2[Card,int]",d,1
C:\projects\domino-game-master\src\CardPlayer.java,CardPlayer,"CardPlayer/2[Card,int]",f,1
C:\projects\domino-game-master\src\Main.java,Main$Dialog,clicked7/1[java.awt.event.ActionEvent],evt,0
C:\projects\domino-game-master\src\Main.java,Main$Dialog,design/0,kp,2
C:\projects\domino-game-master\src\Greedy.java,Greedy,Greedy/1[int],i,0
C:\projects\domino-game-master\src\Greedy.java,Greedy,juega/0,pc,7
C:\projects\domino-game-master\src\Greedy.java,Greedy,juega/0,i,17
C:\projects\domino-game-master\src\Greedy.java,Greedy,juega/0,j,5
C:\projects\domino-game-master\src\Table.java,Table,setUltCD/1[int],aUltCD,1
C:\projects\domino-game-master\src\Table.java,Table,"setPases1/2[int,int]",a,2
C:\projects\domino-game-master\src\Table.java,Table,"setPases1/2[int,int]",b,2
C:\projects\domino-game-master\src\Table.java,Table,"setPases1/2[int,int]",i,4
C:\projects\domino-game-master\src\Table.java,Table,"setPases1/2[int,int]",j,4
C:\projects\domino-game-master\src\Table.java,Table,setUltCI/1[int],aUltCI,1
C:\projects\domino-game-master\src\Table.java,Table,daAgua/0,p,4
C:\projects\domino-game-master\src\Table.java,Table,daAgua/0,a,2
C:\projects\domino-game-master\src\Table.java,Table,daAgua/0,r,1
C:\projects\domino-game-master\src\Table.java,Table,daAgua/0,v,4
C:\projects\domino-game-master\src\Table.java,Table,daAgua/0,tmp,3
C:\projects\domino-game-master\src\Table.java,Table,daAgua/0,x,3
C:\projects\domino-game-master\src\Table.java,Table,daAgua/0,i,3
C:\projects\domino-game-master\src\Table.java,Table,daAgua/0,j,6
C:\projects\domino-game-master\src\Table.java,Table,daAgua/0,k,8
C:\projects\domino-game-master\src\Table.java,Table,"setPasesU/2[int,int]",a,2
C:\projects\domino-game-master\src\Table.java,Table,"setPasesU/2[int,int]",b,2
C:\projects\domino-game-master\src\Table.java,Table,"setPasesU/2[int,int]",i,4
C:\projects\domino-game-master\src\Table.java,Table,"setPasesU/2[int,int]",j,4
C:\projects\domino-game-master\src\Table.java,Table,"setPases2/2[int,int]",a,2
C:\projects\domino-game-master\src\Table.java,Table,"setPases2/2[int,int]",b,2
C:\projects\domino-game-master\src\Table.java,Table,"setPases2/2[int,int]",i,4
C:\projects\domino-game-master\src\Table.java,Table,"setPases2/2[int,int]",j,4
C:\projects\domino-game-master\src\Table.java,Table,"setPasesA/2[int,int]",a,2
C:\projects\domino-game-master\src\Table.java,Table,"setPasesA/2[int,int]",b,2
C:\projects\domino-game-master\src\Table.java,Table,"setPasesA/2[int,int]",i,4
C:\projects\domino-game-master\src\Table.java,Table,"setPasesA/2[int,int]",j,4
C:\projects\domino-game-master\src\Table.java,Table,getPases/1[int],p,5
C:\projects\domino-game-master\src\Table.java,Table,getPases/1[int],i,1
C:\projects\domino-game-master\src\Table.java,Table,creaPareja/1[int],t,1
C:\projects\domino-game-master\src\Animation.java,Animation$Anonymous6,mouseDragged/1[java.awt.event.MouseEvent],evt,1
C:\projects\domino-game-master\src\Animation.java,Animation$Anonymous5,mouseDragged/1[java.awt.event.MouseEvent],evt,1
C:\projects\domino-game-master\src\Animation.java,Animation$Anonymous8,mouseDragged/1[java.awt.event.MouseEvent],evt,1
C:\projects\domino-game-master\src\Animation.java,Animation$Anonymous7,mouseDragged/1[java.awt.event.MouseEvent],evt,1
C:\projects\domino-game-master\src\Animation.java,Animation$Anonymous9,mouseDragged/1[java.awt.event.MouseEvent],evt,1
C:\projects\domino-game-master\src\Domineering.java,Domineering,esNDat/1[Card],f,2
C:\projects\domino-game-master\src\Domineering.java,Domineering,esNDat/1[Card],v1,3
C:\projects\domino-game-master\src\Domineering.java,Domineering,esNDat/1[Card],v2,3
C:\projects\domino-game-master\src\Domineering.java,Domineering,pasaCont/1[Card],be,8
C:\projects\domino-game-master\src\Domineering.java,Domineering,pasaCont/1[Card],f,2
C:\projects\domino-game-master\src\Domineering.java,Domineering,pasaCont/1[Card],i,16
C:\projects\domino-game-master\src\Domineering.java,Domineering,pasaCont/1[Card],j,0
C:\projects\domino-game-master\src\Domineering.java,Domineering,pasaCont/1[Card],f1,3
C:\projects\domino-game-master\src\Domineering.java,Domineering,pasaCont/1[Card],k,6
C:\projects\domino-game-master\src\Domineering.java,Domineering,pasaCont/1[Card],f2,1
C:\projects\domino-game-master\src\Domineering.java,Domineering,buscaNDat/0,ma,2
C:\projects\domino-game-master\src\Domineering.java,Domineering,buscaNDat/0,f,2
C:\projects\domino-game-master\src\Domineering.java,Domineering,buscaNDat/0,i,4
C:\projects\domino-game-master\src\Domineering.java,Domineering,buscaNDat/0,k,5
C:\projects\domino-game-master\src\Domineering.java,Domineering,buscaNDat/0,cont,23
C:\projects\domino-game-master\src\Domineering.java,Domineering,juega/0,pcd,16
C:\projects\domino-game-master\src\Domineering.java,Domineering,juega/0,pci,16
C:\projects\domino-game-master\src\Domineering.java,Domineering,juega/0,i,15
C:\projects\domino-game-master\src\Domineering.java,Domineering,juega/0,j,37
C:\projects\domino-game-master\src\Domineering.java,Domineering,Domineering/1[int],i,1
C:\projects\domino-game-master\src\Animation.java,Animation,juega1/0,ex,1
C:\projects\domino-game-master\src\Animation.java,Animation,juega1/0,t,1
C:\projects\domino-game-master\src\Animation.java,Animation,juega1/0,f,10
C:\projects\domino-game-master\src\Animation.java,Animation,juega1/0,an,3
C:\projects\domino-game-master\src\Animation.java,Animation,dibujaFichas/0,op,1
C:\projects\domino-game-master\src\Animation.java,Animation,dibujaFichas/0,ex,0
C:\projects\domino-game-master\src\Animation.java,Animation,dibujaFichas/0,au,5
C:\projects\domino-game-master\src\Animation.java,Animation,dibujaFichas/0,th,1
C:\projects\domino-game-master\src\Animation.java,Animation,dibujaFichas/0,i,22
C:\projects\domino-game-master\src\Animation.java,Animation,dibujaFichas/0,pane,0
C:\projects\domino-game-master\src\Animation.java,Animation,showConfig/0,ex,0
C:\projects\domino-game-master\src\Animation.java,Animation,animaFichaD/0,ex,4
C:\projects\domino-game-master\src\Animation.java,Animation,animaFichaD/0,dx,1
C:\projects\domino-game-master\src\Animation.java,Animation,animaFichaD/0,t,1
C:\projects\domino-game-master\src\Animation.java,Animation,animaFichaD/0,dy,1
C:\projects\domino-game-master\src\Animation.java,Animation,animaFichaD/0,h,11
C:\projects\domino-game-master\src\Animation.java,Animation,animaFichaD/0,y1,8
C:\projects\domino-game-master\src\Animation.java,Animation,animaFichaD/0,x1,8
C:\projects\domino-game-master\src\Animation.java,Animation,animaFichaD/0,y2,8
C:\projects\domino-game-master\src\Animation.java,Animation,animaFichaD/0,i,23
C:\projects\domino-game-master\src\Animation.java,Animation,animaFichaD/0,x2,8
C:\projects\domino-game-master\src\Animation.java,Animation,animaFichaD/0,m,5
C:\projects\domino-game-master\src\Animation.java,Animation,animaFichaD/0,n,4
C:\projects\domino-game-master\src\Animation.java,Animation,designTable/1[int],ex,1
C:\projects\domino-game-master\src\Animation.java,Animation,designTable/1[int],oc,1
C:\projects\domino-game-master\src\Animation.java,Animation,designTable/1[int],i,6
C:\projects\domino-game-master\src\Animation.java,Animation,designTable/1[int],rep,1
C:\projects\domino-game-master\src\Animation.java,Animation,Load/1[int],i,1
C:\projects\domino-game-master\src\Animation.java,Animation,released3/1[java.awt.event.MouseEvent],evt,0
C:\projects\domino-game-master\src\Animation.java,Animation,released3/1[java.awt.event.MouseEvent],an,5
C:\projects\domino-game-master\src\Animation.java,Animation,animaFichaI/0,ex,4
C:\projects\domino-game-master\src\Animation.java,Animation,animaFichaI/0,dx,1
C:\projects\domino-game-master\src\Animation.java,Animation,animaFichaI/0,t,1
C:\projects\domino-game-master\src\Animation.java,Animation,animaFichaI/0,dy,1
C:\projects\domino-game-master\src\Animation.java,Animation,animaFichaI/0,h,11
C:\projects\domino-game-master\src\Animation.java,Animation,animaFichaI/0,y1,8
C:\projects\domino-game-master\src\Animation.java,Animation,animaFichaI/0,x1,8
C:\projects\domino-game-master\src\Animation.java,Animation,animaFichaI/0,y2,7
C:\projects\domino-game-master\src\Animation.java,Animation,animaFichaI/0,i,23
C:\projects\domino-game-master\src\Animation.java,Animation,animaFichaI/0,x2,7
C:\projects\domino-game-master\src\Animation.java,Animation,animaFichaI/0,m,5
C:\projects\domino-game-master\src\Animation.java,Animation,animaFichaI/0,n,4
C:\projects\domino-game-master\src\Animation.java,Animation,colocaFichaD/0,h,185
C:\projects\domino-game-master\src\Animation.java,Animation,colocaFichaD/0,i,9
C:\projects\domino-game-master\src\Animation.java,Animation,colocaFichaD/0,h2,70
C:\projects\domino-game-master\src\Animation.java,Animation,colocaFichaD/0,h3,5
C:\projects\domino-game-master\src\Animation.java,Animation,juega2/0,ex,1
C:\projects\domino-game-master\src\Animation.java,Animation,juega2/0,t,1
C:\projects\domino-game-master\src\Animation.java,Animation,juega2/0,f,10
C:\projects\domino-game-master\src\Animation.java,Animation,juega2/0,an,3
C:\projects\domino-game-master\src\Animation.java,Animation,update/1[java.awt.Graphics],posE,1
C:\projects\domino-game-master\src\Animation.java,Animation,update/1[java.awt.Graphics],g,2
C:\projects\domino-game-master\src\Animation.java,Animation,update/1[java.awt.Graphics],posW,1
C:\projects\domino-game-master\src\Animation.java,Animation,update/1[java.awt.Graphics],posS,1
C:\projects\domino-game-master\src\Animation.java,Animation,update/1[java.awt.Graphics],g2,73
C:\projects\domino-game-master\src\Animation.java,Animation,update/1[java.awt.Graphics],passed,1
C:\projects\domino-game-master\src\Animation.java,Animation,update/1[java.awt.Graphics],gc,1
C:\projects\domino-game-master\src\Animation.java,Animation,update/1[java.awt.Graphics],posN,1
C:\projects\domino-game-master\src\Animation.java,Animation,update/1[java.awt.Graphics],kj,2
C:\projects\domino-game-master\src\Animation.java,Animation,muestraPunt/0,pm2,3
C:\projects\domino-game-master\src\Animation.java,Animation,muestraPunt/0,pm1,3
C:\projects\domino-game-master\src\Animation.java,Animation,muestraPunt/0,pu,3
C:\projects\domino-game-master\src\Animation.java,Animation,muestraPunt/0,w,3
C:\projects\domino-game-master\src\Animation.java,Animation,muestraPunt/0,rep,1
C:\projects\domino-game-master\src\Animation.java,Animation,muestraPunt/0,puA,3
C:\projects\domino-game-master\src\Animation.java,Animation,muestraPunt/0,ra,3
C:\projects\domino-game-master\src\Animation.java,Animation,paint/1[java.awt.Graphics],g,1
C:\projects\domino-game-master\src\Animation.java,Animation,juegaU/0,ex,1
C:\projects\domino-game-master\src\Animation.java,Animation,juegaU/0,t,1
C:\projects\domino-game-master\src\Animation.java,Animation,haDominado/1[java.util.ArrayList<Card>],f,1
C:\projects\domino-game-master\src\Animation.java,Animation,haDominado/1[java.util.ArrayList<Card>],i,4
C:\projects\domino-game-master\src\Animation.java,Animation,hideConfig/0,ex,0
C:\projects\domino-game-master\src\Animation.java,Animation,colocaFichaI/0,h,184
C:\projects\domino-game-master\src\Animation.java,Animation,colocaFichaI/0,i,9
C:\projects\domino-game-master\src\Animation.java,Animation,colocaFichaI/0,h2,70
C:\projects\domino-game-master\src\Animation.java,Animation,colocaFichaI/0,h3,5
C:\projects\domino-game-master\src\Animation.java,Animation,parImpar/0,op,1
C:\projects\domino-game-master\src\Animation.java,Animation,parImpar/0,th,1
C:\projects\domino-game-master\src\Animation.java,Animation,parImpar/0,pi,1
C:\projects\domino-game-master\src\Animation.java,Animation,parImpar/0,pane,0
C:\projects\domino-game-master\src\Animation.java,Animation,pressed5/1[java.awt.event.MouseEvent],evt,44
C:\projects\domino-game-master\src\Animation.java,Animation,moved/1[java.awt.event.MouseEvent],evt,44
C:\projects\domino-game-master\src\Animation.java,Animation,"mOrientD/2[Card,java.lang.String]",or,3
C:\projects\domino-game-master\src\Animation.java,Animation,"mOrientD/2[Card,java.lang.String]",f,9
C:\projects\domino-game-master\src\Animation.java,Animation,"mOrientD/2[Card,java.lang.String]",ori,7
C:\projects\domino-game-master\src\Animation.java,Animation,"mOrientI/2[Card,java.lang.String]",or,3
C:\projects\domino-game-master\src\Animation.java,Animation,"mOrientI/2[Card,java.lang.String]",f,9
C:\projects\domino-game-master\src\Animation.java,Animation,"mOrientI/2[Card,java.lang.String]",ori,7
C:\projects\domino-game-master\src\Animation.java,Animation,designStart/0,i,6
C:\projects\domino-game-master\src\Animation.java,Animation,juega3/0,ex,1
C:\projects\domino-game-master\src\Animation.java,Animation,juega3/0,t,1
C:\projects\domino-game-master\src\Animation.java,Animation,juega3/0,f,10
C:\projects\domino-game-master\src\Animation.java,Animation,juega3/0,an,3
C:\projects\domino-game-master\src\Animation.java,Animation,dra/1[java.awt.event.MouseEvent],evt,4
C:\projects\domino-game-master\src\Animation.java,Animation$Anonymous2,mouseReleased/1[java.awt.event.MouseEvent],evt,1
C:\projects\domino-game-master\src\Animation.java,Animation$Anonymous1,mouseMoved/1[java.awt.event.MouseEvent],evt,1
C:\projects\domino-game-master\src\Main.java,Main,clicked1/1[java.awt.event.ActionEvent],evt,0
C:\projects\domino-game-master\src\Main.java,Main,clicked1/1[java.awt.event.ActionEvent],r,1
C:\projects\domino-game-master\src\Main.java,Main,clicked1/1[java.awt.event.ActionEvent],t,1
C:\projects\domino-game-master\src\Main.java,Main,clicked1/1[java.awt.event.ActionEvent],t1,1
C:\projects\domino-game-master\src\Main.java,Main,clicked6/1[java.awt.event.ActionEvent],evt,0
C:\projects\domino-game-master\src\Main.java,Main,clicked6/1[java.awt.event.ActionEvent],pi,1
C:\projects\domino-game-master\src\Main.java,Main,clicked2/1[java.awt.event.ActionEvent],t4,1
C:\projects\domino-game-master\src\Main.java,Main,clicked2/1[java.awt.event.ActionEvent],evt,0
C:\projects\domino-game-master\src\Main.java,Main,clicked2/1[java.awt.event.ActionEvent],i,4
C:\projects\domino-game-master\src\Main.java,Main,clicked2/1[java.awt.event.ActionEvent],t2,1
C:\projects\domino-game-master\src\Main.java,Main,clicked3/1[java.awt.event.ActionEvent],evt,0
C:\projects\domino-game-master\src\Main.java,Main,clicked12/1[java.awt.event.ActionEvent],evt,0
C:\projects\domino-game-master\src\Main.java,Main,clicked12/1[java.awt.event.ActionEvent],t,1
C:\projects\domino-game-master\src\Main.java,Main,clicked12/1[java.awt.event.ActionEvent],t1,1
C:\projects\domino-game-master\src\Main.java,Main,main/1[java.lang.String[]],args,0
C:\projects\domino-game-master\src\Main.java,Main,main/1[java.lang.String[]],ignored,0
C:\projects\domino-game-master\src\Main.java,Main,"showScore/4[int,int,int,int]",tipo,2
C:\projects\domino-game-master\src\Main.java,Main,"showScore/4[int,int,int,int]",fil,6
C:\projects\domino-game-master\src\Main.java,Main,"showScore/4[int,int,int,int]",v1,3
C:\projects\domino-game-master\src\Main.java,Main,"showScore/4[int,int,int,int]",v2,3
C:\projects\domino-game-master\src\Main.java,Main,clicked5/1[java.awt.event.ActionEvent],evt,0
C:\projects\domino-game-master\src\Main.java,Main,clicked8/1[java.awt.event.ActionEvent],evt,0
C:\projects\domino-game-master\src\Main.java,Main,clicked8/1[java.awt.event.ActionEvent],sucs,3
C:\projects\domino-game-master\src\Main.java,Main,clicked8/1[java.awt.event.ActionEvent],i,4
C:\projects\domino-game-master\src\Main.java,Main,clicked8/1[java.awt.event.ActionEvent],sucss,2
C:\projects\domino-game-master\src\Main.java,Main,enterM/1[java.awt.event.MouseEvent],evt,0
C:\projects\domino-game-master\src\Main.java,Main,design/0,help,3
C:\projects\domino-game-master\src\Main.java,Main,design/0,exit,6
C:\projects\domino-game-master\src\Main.java,Main,design/0,game,8
C:\projects\domino-game-master\src\Main.java,Main,design/0,jMenuBar1,3
C:\projects\domino-game-master\src\Main.java,Main,design/0,sep,1
C:\projects\domino-game-master\src\Main.java,Main,enableMenu/1[int],i,0
C:\projects\domino-game-master\src\Main.java,Main,animation/0,t,1
C:\projects\domino-game-master\src\Main.java,Main,animation/0,t1,1
C:\projects\domino-game-master\src\Main.java,Main,clicked4/1[java.awt.event.ActionEvent],evt,0
C:\projects\domino-game-master\src\Animation.java,Animation$Anonymous4,mouseDragged/1[java.awt.event.MouseEvent],evt,1
C:\projects\domino-game-master\src\Animation.java,Animation$Anonymous3,mousePressed/1[java.awt.event.MouseEvent],evt,1
