file,class,type,cbo,cboModified,fanin,fanout,wmc,dit,noc,rfc,lcom,lcom*,tcc,lcc,totalMethodsQty,staticMethodsQty,publicMethodsQty,privateMethodsQty,protectedMethodsQty,defaultMethodsQty,visibleMethodsQty,abstractMethodsQty,finalMethodsQty,synchronizedMethodsQty,totalFieldsQty,staticFieldsQty,publicFieldsQty,privateFieldsQty,protectedFieldsQty,defaultFieldsQty,finalFieldsQty,synchronizedFieldsQty,nosi,loc,returnQty,loopQty,comparisonsQty,tryCatchQty,parenthesizedExpsQty,stringLiteralsQty,numbersQty,assignmentsQty,mathOperationsQty,variablesQty,maxNestedBlocksQty,anonymousClassesQty,innerClassesQty,lambdasQty,uniqueWordsQty,modifiers,logStatementsQty
C:\projects\Blackjack-App-main\src\Player.java,Player,class,2,4,2,2,27,1,0,5,0,0.53999996,0.7157895,1.0,20,0,20,0,0,0,20,0,0,0,5,0,0,5,0,0,0,0,2,113,5,1,3,0,1,6,39,44,14,9,1,0,0,0,37,1,0
C:\projects\Blackjack-App-main\src\BJTable.java,BJTable$MoneyLabel,innerclass,0,0,0,0,1,5,0,4,0,0.0,-1.0,-1.0,1,0,0,1,0,0,0,0,0,0,0,0,0,0,0,0,0,0,1,8,0,0,0,0,0,1,8,0,0,0,0,0,0,0,9,2,0
C:\projects\Blackjack-App-main\src\BJTable.java,BJTable$Label,innerclass,0,0,0,0,2,5,0,4,1,0.0,-1.0,-1.0,2,0,0,2,0,0,0,0,0,0,0,0,0,0,0,0,0,0,1,11,0,0,0,0,0,1,5,0,0,0,0,0,0,0,9,2,0
C:\projects\Blackjack-App-main\src\BJTable.java,BJTable,class,10,13,3,10,71,23,0,77,34,0.8511906,0.41904762,0.9047619,21,0,21,0,0,0,21,0,0,0,24,0,0,23,1,0,0,0,15,533,11,2,6,1,3,72,62,70,7,44,4,0,5,0,112,1,0
C:\projects\Blackjack-App-main\src\Deck.java,Deck,class,2,3,1,2,14,1,0,3,0,0.4333333,0.6666667,0.6666667,6,0,6,0,0,0,6,0,0,0,5,0,0,5,0,0,1,0,1,56,4,5,1,0,6,4,14,21,8,15,3,0,0,0,38,1,0
C:\projects\Blackjack-App-main\src\BJTable.java,BJTable$Button,innerclass,1,1,0,1,1,6,0,6,0,0.0,-1.0,-1.0,1,0,0,1,0,0,0,0,0,0,0,0,0,0,0,0,0,0,0,11,0,0,0,0,0,1,5,0,0,0,0,0,0,0,16,2,0
C:\projects\Blackjack-App-main\src\Hand.java,Hand,class,2,7,5,2,12,1,0,3,0,0.53571427,0.6666667,1.0,7,0,6,1,0,0,6,0,0,0,4,0,0,4,0,0,0,0,0,48,4,1,1,0,0,2,12,12,1,6,1,0,0,0,20,1,0
C:\projects\Blackjack-App-main\src\BJGame.java,BJGame,class,5,7,2,5,35,1,0,19,0,0.5416666,0.7862319,1.0,24,0,24,0,0,0,24,0,0,0,3,0,0,3,0,0,0,0,0,94,24,0,5,0,0,0,11,6,1,5,1,0,0,0,39,1,0
C:\projects\Blackjack-App-main\src\BJTable.java,BJTable$ButtonListener,innerclass,2,2,0,2,13,1,0,14,0,0.0,NaN,NaN,1,0,1,0,0,0,1,0,0,0,0,0,0,0,0,0,0,0,0,51,0,0,8,0,0,3,2,5,0,1,2,0,0,0,36,2,0
C:\projects\Blackjack-App-main\src\Card.java,Card,class,0,6,6,0,5,1,0,0,0,0.77777785,0.6,1.0,5,0,5,0,0,0,5,0,0,0,9,6,6,3,0,0,4,0,0,28,4,0,0,0,0,19,4,9,1,9,0,0,0,0,28,1,0
C:\projects\Blackjack-App-main\src\BJTable.java,BJTable$CardPanel,innerclass,0,0,0,0,1,5,0,3,0,0.0,-1.0,-1.0,1,0,0,1,0,0,0,0,0,0,0,0,0,0,0,0,0,0,0,8,0,0,0,0,0,0,5,0,0,0,0,0,0,0,11,2,0
C:\projects\Blackjack-App-main\src\MAIN.java,MAIN,class,1,1,0,1,1,1,0,0,0,0.0,NaN,NaN,1,1,1,0,0,0,1,0,0,0,0,0,0,0,0,0,0,0,0,5,0,0,0,0,0,0,0,1,0,1,0,0,0,0,10,1,0
C:\projects\Blackjack-App-main\src\bfImage.java,bfImage,class,0,1,1,0,4,1,0,4,0,0.0,NaN,NaN,1,0,1,0,0,0,1,0,0,0,1,0,0,0,1,0,0,0,1,21,0,2,0,1,1,1,6,9,5,8,3,0,0,0,15,1,0
C:\projects\Blackjack-App-main\src\Dealer.java,Dealer,class,2,4,2,2,4,1,0,3,0,0.0,1.0,1.0,4,0,4,0,0,0,4,0,0,0,1,0,0,1,0,0,0,0,0,15,2,0,0,0,0,2,0,1,1,1,0,0,0,0,9,1,0
