file,class,method,variable,usage
C:\projects\Blackjack-App-main\src\Player.java,Player,split/1[int],numHands,3
C:\projects\Blackjack-App-main\src\Player.java,Player,split/1[int],bet,2
C:\projects\Blackjack-App-main\src\Player.java,Player,split/1[int],hands,6
C:\projects\Blackjack-App-main\src\Player.java,Player,split/1[int],funds,1
C:\projects\Blackjack-App-main\src\Player.java,Player,win/0,bet,2
C:\projects\Blackjack-App-main\src\Player.java,Player,win/0,funds,1
C:\projects\Blackjack-App-main\src\Player.java,Player,"addCard/2[Card,int]",hands,1
C:\projects\Blackjack-App-main\src\Player.java,Player,lostInsurance/0,insurance,1
C:\projects\Blackjack-App-main\src\Player.java,Player,getNumHands/0,numHands,1
C:\projects\Blackjack-App-main\src\Player.java,Player,earlySurrender/0,bet,2
C:\projects\Blackjack-App-main\src\Player.java,Player,earlySurrender/0,funds,1
C:\projects\Blackjack-App-main\src\Player.java,Player,getFunds/0,funds,1
C:\projects\Blackjack-App-main\src\Player.java,Player,Player/0,insurance,1
C:\projects\Blackjack-App-main\src\Player.java,Player,Player/0,bet,1
C:\projects\Blackjack-App-main\src\Player.java,Player,Player/0,hands,1
C:\projects\Blackjack-App-main\src\Player.java,Player,Player/0,funds,1
C:\projects\Blackjack-App-main\src\Player.java,Player,setInsurance/0,insurance,2
C:\projects\Blackjack-App-main\src\Player.java,Player,setInsurance/0,bet,1
C:\projects\Blackjack-App-main\src\Player.java,Player,setInsurance/0,funds,1
C:\projects\Blackjack-App-main\src\Player.java,Player,doubleDown/0,bet,2
C:\projects\Blackjack-App-main\src\Player.java,Player,doubleDown/0,funds,1
C:\projects\Blackjack-App-main\src\Player.java,Player,getBet/0,bet,1
C:\projects\Blackjack-App-main\src\Player.java,Player,getHand/1[int],hands,1
C:\projects\Blackjack-App-main\src\Player.java,Player,newGame/1[double],bet,4
C:\projects\Blackjack-App-main\src\Player.java,Player,newGame/1[double],numHands,2
C:\projects\Blackjack-App-main\src\Player.java,Player,newGame/1[double],insurance,1
C:\projects\Blackjack-App-main\src\Player.java,Player,newGame/1[double],hands,2
C:\projects\Blackjack-App-main\src\Player.java,Player,newGame/1[double],funds,1
C:\projects\Blackjack-App-main\src\Player.java,Player,lost/0,bet,1
C:\projects\Blackjack-App-main\src\Player.java,Player,lost/1[int],numHands,1
C:\projects\Blackjack-App-main\src\Player.java,Player,lost/1[int],bet,3
C:\projects\Blackjack-App-main\src\Player.java,Player,win/1[int],numHands,1
C:\projects\Blackjack-App-main\src\Player.java,Player,win/1[int],bet,4
C:\projects\Blackjack-App-main\src\Player.java,Player,win/1[int],funds,2
C:\projects\Blackjack-App-main\src\Player.java,Player,draw/1[int],numHands,1
C:\projects\Blackjack-App-main\src\Player.java,Player,draw/1[int],bet,5
C:\projects\Blackjack-App-main\src\Player.java,Player,draw/1[int],funds,2
C:\projects\Blackjack-App-main\src\Player.java,Player,winInsurance/0,insurance,1
C:\projects\Blackjack-App-main\src\Player.java,Player,winInsurance/0,bet,1
C:\projects\Blackjack-App-main\src\Player.java,Player,winInsurance/0,funds,1
C:\projects\Blackjack-App-main\src\Player.java,Player,BJwin/0,bet,2
C:\projects\Blackjack-App-main\src\Player.java,Player,BJwin/0,funds,1
C:\projects\Blackjack-App-main\src\Player.java,Player,toString/0,numHands,1
C:\projects\Blackjack-App-main\src\Player.java,Player,toString/0,bet,1
C:\projects\Blackjack-App-main\src\Player.java,Player,toString/0,hands,2
C:\projects\Blackjack-App-main\src\Player.java,Player,toString/0,funds,1
C:\projects\Blackjack-App-main\src\BJTable.java,BJTable,buildBottomPanel/0,standButton,2
C:\projects\Blackjack-App-main\src\BJTable.java,BJTable,buildBottomPanel/0,hitButton,2
C:\projects\Blackjack-App-main\src\BJTable.java,BJTable,endGame/1[java.lang.String],game,3
C:\projects\Blackjack-App-main\src\BJTable.java,BJTable,endGame/1[java.lang.String],dealerScore,1
C:\projects\Blackjack-App-main\src\BJTable.java,BJTable,endGame/1[java.lang.String],gameStatus,1
C:\projects\Blackjack-App-main\src\BJTable.java,BJTable,enableButtons/0,standButton,1
C:\projects\Blackjack-App-main\src\BJTable.java,BJTable,enableButtons/0,game,3
C:\projects\Blackjack-App-main\src\BJTable.java,BJTable,enableButtons/0,surrenderButton,1
C:\projects\Blackjack-App-main\src\BJTable.java,BJTable,enableButtons/0,hitButton,1
C:\projects\Blackjack-App-main\src\BJTable.java,BJTable,enableButtons/0,insuranceButton,1
C:\projects\Blackjack-App-main\src\BJTable.java,BJTable,enableButtons/0,doubleDownButton,1
C:\projects\Blackjack-App-main\src\BJTable.java,BJTable,enableButtons/0,splitButton,1
C:\projects\Blackjack-App-main\src\BJTable.java,BJTable,updateMoney/0,game,2
C:\projects\Blackjack-App-main\src\BJTable.java,BJTable,updateMoney/0,betAmount,1
C:\projects\Blackjack-App-main\src\BJTable.java,BJTable,updateMoney/0,fundsText,1
C:\projects\Blackjack-App-main\src\BJTable.java,BJTable,dealToDealer/0,game,2
C:\projects\Blackjack-App-main\src\BJTable.java,BJTable,dealToDealer/0,hiddenCard,3
C:\projects\Blackjack-App-main\src\BJTable.java,BJTable,dealToDealer/0,dealerCardPanel,3
C:\projects\Blackjack-App-main\src\BJTable.java,BJTable,dealToDealer/0,labelTwo,6
C:\projects\Blackjack-App-main\src\BJTable.java,BJTable,dealToPlayer/1[Card],game,2
C:\projects\Blackjack-App-main\src\BJTable.java,BJTable,dealToPlayer/1[Card],playerScore,1
C:\projects\Blackjack-App-main\src\BJTable.java,BJTable,dealToPlayer/1[Card],playerCardPanel,1
C:\projects\Blackjack-App-main\src\BJTable.java,BJTable,dealToPlayer/1[Card],currentHand,3
C:\projects\Blackjack-App-main\src\BJTable.java,BJTable,dealToPlayer/1[Card],playerCardPanelSplit,1
C:\projects\Blackjack-App-main\src\BJTable.java,BJTable,dealToPlayer/1[Card],playerScoreSplit,1
C:\projects\Blackjack-App-main\src\BJTable.java,BJTable,buildCenterPanel/0,dealerScore,2
C:\projects\Blackjack-App-main\src\BJTable.java,BJTable,buildCenterPanel/0,playerCardPanel,3
C:\projects\Blackjack-App-main\src\BJTable.java,BJTable,buildCenterPanel/0,playerScore,2
C:\projects\Blackjack-App-main\src\BJTable.java,BJTable,buildCenterPanel/0,playerCardPanelSplit,3
C:\projects\Blackjack-App-main\src\BJTable.java,BJTable,buildCenterPanel/0,dealerCardPanel,3
C:\projects\Blackjack-App-main\src\BJTable.java,BJTable,buildCenterPanel/0,playerScoreSplit,2
C:\projects\Blackjack-App-main\src\BJTable.java,BJTable,insurance/0,game,4
C:\projects\Blackjack-App-main\src\BJTable.java,BJTable,insurance/0,gameStatus,1
C:\projects\Blackjack-App-main\src\BJTable.java,BJTable,disableAllButtons/0,standButton,1
C:\projects\Blackjack-App-main\src\BJTable.java,BJTable,disableAllButtons/0,surrenderButton,1
C:\projects\Blackjack-App-main\src\BJTable.java,BJTable,disableAllButtons/0,hitButton,1
C:\projects\Blackjack-App-main\src\BJTable.java,BJTable,disableAllButtons/0,insuranceButton,1
C:\projects\Blackjack-App-main\src\BJTable.java,BJTable,disableAllButtons/0,doubleDownButton,1
C:\projects\Blackjack-App-main\src\BJTable.java,BJTable,disableAllButtons/0,splitButton,1
C:\projects\Blackjack-App-main\src\BJTable.java,BJTable,buildTopPanel/0,gameStatus,7
C:\projects\Blackjack-App-main\src\BJTable.java,BJTable,buildRightPanel/0,betAmount,2
C:\projects\Blackjack-App-main\src\BJTable.java,BJTable,buildRightPanel/0,insuranceButton,2
C:\projects\Blackjack-App-main\src\BJTable.java,BJTable,buildRightPanel/0,doubleDownButton,2
C:\projects\Blackjack-App-main\src\BJTable.java,BJTable,buildRightPanel/0,splitButton,2
C:\projects\Blackjack-App-main\src\BJTable.java,BJTable,doubleDown/0,game,8
C:\projects\Blackjack-App-main\src\BJTable.java,BJTable,doubleDown/0,currentHand,5
C:\projects\Blackjack-App-main\src\BJTable.java,BJTable,stand/0,game,47
C:\projects\Blackjack-App-main\src\BJTable.java,BJTable,stand/0,dealerScore,2
C:\projects\Blackjack-App-main\src\BJTable.java,BJTable,stand/0,currentHand,39
C:\projects\Blackjack-App-main\src\BJTable.java,BJTable,stand/0,splitPerformed,5
C:\projects\Blackjack-App-main\src\BJTable.java,BJTable,newGame/1[double],game,7
C:\projects\Blackjack-App-main\src\BJTable.java,BJTable,newGame/1[double],secondCardPlayer,1
C:\projects\Blackjack-App-main\src\BJTable.java,BJTable,newGame/1[double],gameStatus,1
C:\projects\Blackjack-App-main\src\BJTable.java,BJTable,newGame/1[double],currentHand,5
C:\projects\Blackjack-App-main\src\BJTable.java,BJTable,newGame/1[double],firstMove,1
C:\projects\Blackjack-App-main\src\BJTable.java,BJTable,newGame/1[double],firstCardPlayer,1
C:\projects\Blackjack-App-main\src\BJTable.java,BJTable,newGame/1[double],splitPerformed,1
C:\projects\Blackjack-App-main\src\BJTable.java,BJTable,split/0,game,5
C:\projects\Blackjack-App-main\src\BJTable.java,BJTable,split/0,secondCardPlayer,1
C:\projects\Blackjack-App-main\src\BJTable.java,BJTable,split/0,gameStatus,1
C:\projects\Blackjack-App-main\src\BJTable.java,BJTable,split/0,currentHand,5
C:\projects\Blackjack-App-main\src\BJTable.java,BJTable,split/0,firstCardPlayer,1
C:\projects\Blackjack-App-main\src\BJTable.java,BJTable,revealDealerCard/0,hiddenCard,1
C:\projects\Blackjack-App-main\src\BJTable.java,BJTable,revealDealerCard/0,labelTwo,1
C:\projects\Blackjack-App-main\src\BJTable.java,BJTable,buildLeftPanel/0,surrenderButton,2
C:\projects\Blackjack-App-main\src\BJTable.java,BJTable,buildLeftPanel/0,fundsText,2
C:\projects\Blackjack-App-main\src\BJTable.java,BJTable,buildLeftPanel/0,newGameButton,3
C:\projects\Blackjack-App-main\src\BJTable.java,BJTable,disableOptionalButtons/0,insuranceButton,1
C:\projects\Blackjack-App-main\src\BJTable.java,BJTable,disableOptionalButtons/0,doubleDownButton,1
C:\projects\Blackjack-App-main\src\BJTable.java,BJTable,disableOptionalButtons/0,splitButton,1
C:\projects\Blackjack-App-main\src\BJTable.java,BJTable,hit/0,game,4
C:\projects\Blackjack-App-main\src\BJTable.java,BJTable,hit/0,gameStatus,2
C:\projects\Blackjack-App-main\src\BJTable.java,BJTable,hit/0,currentHand,7
C:\projects\Blackjack-App-main\src\BJTable.java,BJTable,hit/0,splitPerformed,2
C:\projects\Blackjack-App-main\src\BJTable.java,BJTable,BJTable/0,game,1
C:\projects\Blackjack-App-main\src\Deck.java,Deck,Deck/1[int],image,1
C:\projects\Blackjack-App-main\src\Deck.java,Deck,Deck/1[int],numberOfDecks,5
C:\projects\Blackjack-App-main\src\Deck.java,Deck,Deck/1[int],deck,2
C:\projects\Blackjack-App-main\src\Deck.java,Deck,Deck/1[int],NUMBERofCARDS,1
C:\projects\Blackjack-App-main\src\Deck.java,Deck,Deck/1[int],currentCard,1
C:\projects\Blackjack-App-main\src\Deck.java,Deck,shuffle/0,numberOfDecks,2
C:\projects\Blackjack-App-main\src\Deck.java,Deck,shuffle/0,NUMBERofCARDS,2
C:\projects\Blackjack-App-main\src\Deck.java,Deck,shuffle/0,deck,4
C:\projects\Blackjack-App-main\src\Deck.java,Deck,shuffle/0,currentCard,1
C:\projects\Blackjack-App-main\src\Deck.java,Deck,deal/0,numberOfDecks,1
C:\projects\Blackjack-App-main\src\Deck.java,Deck,deal/0,currentCard,2
C:\projects\Blackjack-App-main\src\Deck.java,Deck,deal/0,NUMBERofCARDS,1
C:\projects\Blackjack-App-main\src\Deck.java,Deck,deal/0,deck,1
C:\projects\Blackjack-App-main\src\Deck.java,Deck,toString/0,numberOfDecks,1
C:\projects\Blackjack-App-main\src\Deck.java,Deck,toString/0,NUMBERofCARDS,1
C:\projects\Blackjack-App-main\src\Deck.java,Deck,toString/0,deck,1
C:\projects\Blackjack-App-main\src\Deck.java,Deck,getCard/1[int],deck,1
C:\projects\Blackjack-App-main\src\Hand.java,Hand,toString/0,numberOfCards,1
C:\projects\Blackjack-App-main\src\Hand.java,Hand,toString/0,hand,1
C:\projects\Blackjack-App-main\src\Hand.java,Hand,getCard/1[int],hand,1
C:\projects\Blackjack-App-main\src\Hand.java,Hand,Hand/0,numberOfCards,1
C:\projects\Blackjack-App-main\src\Hand.java,Hand,Hand/0,value,1
C:\projects\Blackjack-App-main\src\Hand.java,Hand,Hand/0,hand,1
C:\projects\Blackjack-App-main\src\Hand.java,Hand,Hand/0,Aces,1
C:\projects\Blackjack-App-main\src\Hand.java,Hand,getValue/0,value,1
C:\projects\Blackjack-App-main\src\Hand.java,Hand,addCard/1[Card],numberOfCards,1
C:\projects\Blackjack-App-main\src\Hand.java,Hand,addCard/1[Card],hand,1
C:\projects\Blackjack-App-main\src\Hand.java,Hand,updateValue/1[int],value,5
C:\projects\Blackjack-App-main\src\Hand.java,Hand,updateValue/1[int],Aces,3
C:\projects\Blackjack-App-main\src\Hand.java,Hand,getNumberOfCards/0,numberOfCards,1
C:\projects\Blackjack-App-main\src\BJGame.java,BJGame,dealToDealer/0,deck,1
C:\projects\Blackjack-App-main\src\BJGame.java,BJGame,dealToDealer/0,dealer,1
C:\projects\Blackjack-App-main\src\BJGame.java,BJGame,doubleDownAllowed/0,player,2
C:\projects\Blackjack-App-main\src\BJGame.java,BJGame,playerWon/1[int],dealer,1
C:\projects\Blackjack-App-main\src\BJGame.java,BJGame,playerWon/1[int],player,1
C:\projects\Blackjack-App-main\src\BJGame.java,BJGame,draw/1[int],player,1
C:\projects\Blackjack-App-main\src\BJGame.java,BJGame,lost/0,player,1
C:\projects\Blackjack-App-main\src\BJGame.java,BJGame,isDraw/1[int],dealer,1
C:\projects\Blackjack-App-main\src\BJGame.java,BJGame,isDraw/1[int],player,1
C:\projects\Blackjack-App-main\src\BJGame.java,BJGame,BJwin/0,player,1
C:\projects\Blackjack-App-main\src\BJGame.java,BJGame,getBet/0,player,1
C:\projects\Blackjack-App-main\src\BJGame.java,BJGame,playerBlackJack/1[int],player,1
C:\projects\Blackjack-App-main\src\BJGame.java,BJGame,getFunds/0,player,1
C:\projects\Blackjack-App-main\src\BJGame.java,BJGame,lost/1[int],player,1
C:\projects\Blackjack-App-main\src\BJGame.java,BJGame,splitAllowed/0,player,4
C:\projects\Blackjack-App-main\src\BJGame.java,BJGame,getPlayer/0,player,1
C:\projects\Blackjack-App-main\src\BJGame.java,BJGame,win/1[int],player,1
C:\projects\Blackjack-App-main\src\BJGame.java,BJGame,insuranceAllowed/0,dealer,1
C:\projects\Blackjack-App-main\src\BJGame.java,BJGame,insuranceAllowed/0,player,2
C:\projects\Blackjack-App-main\src\BJGame.java,BJGame,playerBusted/1[int],player,1
C:\projects\Blackjack-App-main\src\BJGame.java,BJGame,getDealer/0,dealer,1
C:\projects\Blackjack-App-main\src\BJGame.java,BJGame,BJGame/0,deck,1
C:\projects\Blackjack-App-main\src\BJGame.java,BJGame,BJGame/0,dealer,1
C:\projects\Blackjack-App-main\src\BJGame.java,BJGame,BJGame/0,player,1
C:\projects\Blackjack-App-main\src\BJGame.java,BJGame,dealToPlayer/1[int],deck,1
C:\projects\Blackjack-App-main\src\BJGame.java,BJGame,dealToPlayer/1[int],player,1
C:\projects\Blackjack-App-main\src\BJGame.java,BJGame,earlySurrender/0,player,1
C:\projects\Blackjack-App-main\src\BJGame.java,BJGame,newGame/1[double],deck,1
C:\projects\Blackjack-App-main\src\BJGame.java,BJGame,newGame/1[double],dealer,1
C:\projects\Blackjack-App-main\src\BJGame.java,BJGame,newGame/1[double],player,1
C:\projects\Blackjack-App-main\src\BJGame.java,BJGame,win/0,player,1
C:\projects\Blackjack-App-main\src\BJGame.java,BJGame,dealerBusted/0,dealer,1
C:\projects\Blackjack-App-main\src\BJGame.java,BJGame,dealerBlackJack/0,dealer,1
C:\projects\Blackjack-App-main\src\Card.java,Card,getImg/0,img,1
C:\projects\Blackjack-App-main\src\Card.java,Card,toString/0,rank,1
C:\projects\Blackjack-App-main\src\Card.java,Card,toString/0,Rank,1
C:\projects\Blackjack-App-main\src\Card.java,Card,toString/0,Suit,1
C:\projects\Blackjack-App-main\src\Card.java,Card,toString/0,suit,1
C:\projects\Blackjack-App-main\src\Card.java,Card,rank/0,rank,2
C:\projects\Blackjack-App-main\src\Card.java,Card,suit/0,suit,2
C:\projects\Blackjack-App-main\src\Card.java,Card,"Card/3[int,int,java.awt.image.BufferedImage]",img,3
C:\projects\Blackjack-App-main\src\Card.java,Card,"Card/3[int,int,java.awt.image.BufferedImage]",rank,3
C:\projects\Blackjack-App-main\src\Card.java,Card,"Card/3[int,int,java.awt.image.BufferedImage]",suit,3
C:\projects\Blackjack-App-main\src\bfImage.java,bfImage,bfImage/0,cardImg,2
C:\projects\Blackjack-App-main\src\Dealer.java,Dealer,toString/0,hand,2
C:\projects\Blackjack-App-main\src\Dealer.java,Dealer,getHand/0,hand,1
C:\projects\Blackjack-App-main\src\Dealer.java,Dealer,Dealer/0,hand,1
C:\projects\Blackjack-App-main\src\Dealer.java,Dealer,addCard/1[Card],hand,1
