file,class,method,constructor,line,cbo,cboModified,fanin,fanout,wmc,rfc,loc,returnsQty,variablesQty,parametersQty,methodsInvokedQty,methodsInvokedLocalQty,methodsInvokedIndirectLocalQty,loopQty,comparisonsQty,tryCatchQty,parenthesizedExpsQty,stringLiteralsQty,numbersQty,assignmentsQty,mathOperationsQty,maxNestedBlocksQty,anonymousClassesQty,innerClassesQty,lambdasQty,uniqueWordsQty,modifiers,logStatementsQty,hasJavaDoc
C:\projects\Blackjack-App-main\src\Player.java,Player,split/1[int],false,43,2,4,1,3,1,2,11,0,2,1,2,0,0,0,0,0,0,0,3,6,0,0,0,0,0,12,1,0,false
C:\projects\Blackjack-App-main\src\Player.java,Player,win/0,false,134,0,1,1,0,1,0,4,0,0,0,0,0,0,0,0,0,0,0,2,2,1,0,0,0,0,3,1,0,false
C:\projects\Blackjack-App-main\src\Player.java,Player,"addCard/2[Card,int]",false,38,2,2,1,1,1,1,3,0,0,2,1,0,0,0,0,0,0,0,0,0,0,0,0,0,0,5,1,0,false
C:\projects\Blackjack-App-main\src\Player.java,Player,lostInsurance/0,false,73,0,1,1,0,1,0,3,0,0,0,0,0,0,0,0,0,0,0,1,1,0,0,0,0,0,3,1,0,false
C:\projects\Blackjack-App-main\src\Player.java,Player,getNumHands/0,false,160,0,0,0,0,1,0,3,1,0,0,0,0,0,0,0,0,0,0,0,0,0,0,0,0,0,4,1,0,false
C:\projects\Blackjack-App-main\src\Player.java,Player,earlySurrender/0,false,129,0,1,1,0,1,0,4,0,0,0,0,0,0,0,0,0,0,0,2,2,1,0,0,0,0,4,1,0,false
C:\projects\Blackjack-App-main\src\Player.java,Player,getFunds/0,false,150,0,4,4,0,1,0,3,1,0,0,0,0,0,0,0,0,0,0,0,0,0,0,0,0,0,3,1,0,false
C:\projects\Blackjack-App-main\src\Player.java,Player,Player/0,true,17,1,1,1,0,1,0,6,0,0,0,0,0,0,0,0,0,0,0,4,4,0,0,0,0,0,5,1,0,false
C:\projects\Blackjack-App-main\src\Player.java,Player,setInsurance/0,false,67,0,1,1,0,1,0,4,0,0,0,0,0,0,0,0,0,0,0,1,2,1,0,0,0,0,5,1,0,false
C:\projects\Blackjack-App-main\src\Player.java,Player,doubleDown/0,false,61,0,1,1,0,1,0,4,0,0,0,0,0,0,0,0,0,0,0,1,2,0,0,0,0,0,4,1,0,false
C:\projects\Blackjack-App-main\src\Player.java,Player,getBet/0,false,155,0,4,4,0,1,0,3,1,0,0,0,0,0,0,0,0,0,0,0,0,0,0,0,0,0,3,1,0,false
C:\projects\Blackjack-App-main\src\Player.java,Player,getHand/1[int],false,165,1,7,7,0,1,0,3,1,0,1,0,0,0,0,0,0,0,0,0,0,0,0,0,0,0,4,1,0,false
C:\projects\Blackjack-App-main\src\Player.java,Player,newGame/1[double],false,25,1,2,1,1,1,0,8,0,0,1,0,0,0,0,0,0,0,0,4,6,1,0,0,0,0,9,1,0,false
C:\projects\Blackjack-App-main\src\Player.java,Player,lost/0,false,145,0,1,1,0,1,0,3,0,0,0,0,0,0,0,0,0,0,0,1,1,0,0,0,0,0,2,1,0,false
C:\projects\Blackjack-App-main\src\Player.java,Player,lost/1[int],false,84,0,1,1,0,3,0,8,0,0,1,0,0,0,0,1,0,0,0,4,2,1,1,0,0,0,6,1,0,false
C:\projects\Blackjack-App-main\src\Player.java,Player,win/1[int],false,98,0,1,1,0,3,0,10,0,0,1,0,0,0,0,1,0,0,0,5,4,1,1,0,0,0,7,1,0,false
C:\projects\Blackjack-App-main\src\Player.java,Player,draw/1[int],false,114,0,1,1,0,3,0,10,0,0,1,0,0,0,0,1,0,0,0,5,4,2,1,0,0,0,7,1,0,false
C:\projects\Blackjack-App-main\src\Player.java,Player,winInsurance/0,false,78,0,1,1,0,1,0,4,0,0,0,0,0,0,0,0,0,0,0,2,2,1,0,0,0,0,5,1,0,false
C:\projects\Blackjack-App-main\src\Player.java,Player,BJwin/0,false,140,0,1,1,0,1,0,4,0,0,0,0,0,0,0,0,0,1,0,3,2,2,0,0,0,0,4,1,0,false
C:\projects\Blackjack-App-main\src\Player.java,Player,toString/0,false,171,1,2,0,2,2,3,8,1,2,0,3,0,0,1,0,0,0,6,1,4,3,1,0,0,0,6,1,0,false
C:\projects\Blackjack-App-main\src\BJTable.java,BJTable$MoneyLabel,MoneyLabel/1[java.lang.String],true,241,0,2,2,0,1,4,6,0,0,1,4,0,0,0,0,0,0,1,8,0,0,0,0,0,0,8,2,0,false
C:\projects\Blackjack-App-main\src\BJTable.java,BJTable$Label,Label/1[java.lang.String],true,253,0,4,4,0,1,4,6,0,0,1,4,0,0,0,0,0,0,1,5,0,0,0,0,0,0,6,2,0,false
C:\projects\Blackjack-App-main\src\BJTable.java,BJTable$Label,Label/1[javax.swing.Icon],true,260,0,2,2,0,1,0,3,0,0,1,0,0,0,0,0,0,0,0,0,0,0,0,0,0,0,3,2,0,false
C:\projects\Blackjack-App-main\src\BJTable.java,BJTable,buildBottomPanel/0,false,198,1,2,1,1,1,4,10,1,1,0,4,0,0,0,0,0,0,2,7,3,0,0,0,0,0,9,1,0,false
C:\projects\Blackjack-App-main\src\BJTable.java,BJTable,endGame/1[java.lang.String],false,839,4,13,6,7,1,11,9,0,0,1,11,3,1,0,0,0,0,1,0,0,1,0,0,0,0,11,1,0,false
C:\projects\Blackjack-App-main\src\BJTable.java,BJTable,enableButtons/0,false,820,1,4,1,3,4,4,8,0,0,0,4,0,0,0,0,0,0,0,0,0,0,1,0,0,0,3,1,0,false
C:\projects\Blackjack-App-main\src\BJTable.java,BJTable,updateMoney/0,false,859,1,8,6,2,1,4,4,0,0,0,4,0,0,0,0,0,0,4,0,0,2,0,0,0,0,2,1,0,false
C:\projects\Blackjack-App-main\src\BJTable.java,BJTable,dealToDealer/0,false,755,5,9,2,7,2,12,19,0,3,0,12,0,0,0,1,0,1,1,9,5,0,1,0,0,0,16,1,0,false
C:\projects\Blackjack-App-main\src\BJTable.java,BJTable,dealToPlayer/1[Card],false,781,5,9,4,5,2,8,14,2,2,1,8,0,0,0,1,0,0,2,1,2,2,1,0,0,0,12,1,0,false
C:\projects\Blackjack-App-main\src\BJTable.java,BJTable,buildCenterPanel/0,false,103,2,4,2,2,1,6,26,1,3,0,6,0,0,0,0,0,0,5,11,9,0,0,0,0,0,14,1,0,false
C:\projects\Blackjack-App-main\src\BJTable.java,BJTable,insurance/0,false,459,3,8,1,7,2,8,12,0,0,0,8,2,2,0,0,0,0,2,0,0,0,1,0,0,0,12,1,0,false
C:\projects\Blackjack-App-main\src\BJTable.java,BJTable,disableAllButtons/0,false,801,0,1,1,0,1,1,8,0,0,0,1,0,0,0,0,0,0,0,0,0,0,0,0,0,0,4,1,0,false
C:\projects\Blackjack-App-main\src\BJTable.java,BJTable,buildTopPanel/0,false,81,0,1,1,0,1,7,13,1,1,0,7,0,0,0,0,0,0,2,10,2,0,0,0,0,0,14,1,0,false
C:\projects\Blackjack-App-main\src\BJTable.java,BJTable,buildRightPanel/0,false,171,3,4,1,3,1,3,16,1,2,0,3,0,0,0,0,0,0,5,3,6,0,0,0,0,0,21,1,0,false
C:\projects\Blackjack-App-main\src\BJTable.java,BJTable,doubleDown/0,false,381,3,14,1,13,4,13,22,0,0,0,13,4,3,0,0,0,0,3,0,0,0,2,0,0,0,16,1,0,false
C:\projects\Blackjack-App-main\src\BJTable.java,BJTable,stand/0,false,544,4,20,3,17,29,19,123,1,1,0,19,3,2,1,0,0,2,28,6,27,2,3,0,0,0,20,1,0,false
C:\projects\Blackjack-App-main\src\BJTable.java,BJTable,betPrompt/1[double],false,724,0,1,1,0,6,3,22,3,3,1,3,0,0,1,2,1,0,5,2,3,0,4,0,0,0,9,1,0,false
C:\projects\Blackjack-App-main\src\BJTable.java,BJTable,newGame/1[double],false,479,2,13,1,12,3,14,26,0,0,1,14,6,2,0,0,0,0,3,2,5,0,2,0,0,0,30,1,0,false
C:\projects\Blackjack-App-main\src\BJTable.java,BJTable,split/0,false,522,4,8,1,7,1,9,13,0,0,0,9,2,1,0,0,0,0,1,4,0,0,0,0,0,0,10,1,0,false
C:\projects\Blackjack-App-main\src\BJTable.java,BJTable,revealDealerCard/0,false,852,0,2,2,0,1,1,4,0,0,0,1,0,0,0,0,0,0,0,0,0,0,0,0,0,0,5,1,0,false
C:\projects\Blackjack-App-main\src\BJTable.java,BJTable,buildLeftPanel/0,false,144,3,4,1,3,1,4,15,1,2,0,4,0,0,0,0,0,0,4,3,5,0,0,0,0,0,18,1,0,false
C:\projects\Blackjack-App-main\src\BJTable.java,BJTable,disableOptionalButtons/0,false,812,0,1,1,0,1,1,5,0,0,0,1,0,0,0,0,0,0,0,0,0,0,0,0,0,0,4,1,0,false
C:\projects\Blackjack-App-main\src\BJTable.java,BJTable,hit/0,false,414,2,8,1,7,7,8,32,0,0,0,8,3,3,0,2,0,0,3,2,0,0,3,0,0,0,17,1,0,false
C:\projects\Blackjack-App-main\src\BJTable.java,BJTable,BJTable/0,true,52,2,8,1,7,1,13,17,0,2,0,13,6,1,0,0,0,0,1,2,3,0,0,0,0,0,38,1,0,false
C:\projects\Blackjack-App-main\src\Deck.java,Deck,Deck/1[int],true,25,2,2,0,2,4,0,15,0,5,1,0,0,0,3,0,0,0,0,6,10,1,3,0,0,0,16,1,0,false
C:\projects\Blackjack-App-main\src\Deck.java,Deck,shuffle/0,false,68,1,1,1,0,2,1,11,0,3,0,1,0,0,1,0,0,3,0,2,6,3,1,0,0,0,21,1,0,false
C:\projects\Blackjack-App-main\src\Deck.java,Deck,deal/0,false,53,1,2,2,0,2,1,9,2,0,0,1,0,0,0,0,0,2,1,0,0,1,1,0,0,0,19,1,0,false
C:\projects\Blackjack-App-main\src\Deck.java,Deck,Deck/0,true,18,0,1,1,0,1,0,3,0,0,0,0,0,0,0,0,0,0,0,1,0,0,0,0,0,0,1,1,0,false
C:\projects\Blackjack-App-main\src\Deck.java,Deck,toString/0,false,91,1,1,0,1,4,1,8,1,2,0,1,0,0,1,1,0,1,3,4,4,3,2,0,0,0,18,1,0,false
C:\projects\Blackjack-App-main\src\Deck.java,Deck,getCard/1[int],false,86,1,0,0,0,1,0,3,1,0,1,0,0,0,0,0,0,0,0,0,0,0,0,0,0,0,3,1,0,false
C:\projects\Blackjack-App-main\src\BJTable.java,BJTable$Button,Button/1[java.lang.String],true,269,1,4,3,1,1,6,9,0,0,1,6,0,0,0,0,0,0,1,5,0,0,0,0,0,0,15,2,0,false
C:\projects\Blackjack-App-main\src\Hand.java,Hand,toString/0,false,79,1,3,2,1,2,1,7,1,2,0,1,0,0,1,0,0,0,2,1,3,1,1,0,0,0,7,1,0,false
C:\projects\Blackjack-App-main\src\Hand.java,Hand,getCard/1[int],false,74,1,4,4,0,1,0,3,1,0,1,0,0,0,0,0,0,0,0,0,0,0,0,0,0,0,3,1,0,false
C:\projects\Blackjack-App-main\src\Hand.java,Hand,Hand/0,true,21,1,3,3,0,1,0,6,0,0,0,0,0,0,0,0,0,0,0,4,4,0,0,0,0,0,7,1,0,false
C:\projects\Blackjack-App-main\src\Hand.java,Hand,getValue/0,false,63,0,11,11,0,1,0,3,1,0,0,0,0,0,0,0,0,0,0,0,0,0,0,0,0,0,3,1,0,false
C:\projects\Blackjack-App-main\src\Hand.java,Hand,addCard/1[Card],false,30,2,5,3,2,1,2,4,0,0,1,2,1,1,0,0,0,0,0,0,1,0,0,0,0,0,5,1,0,false
C:\projects\Blackjack-App-main\src\Hand.java,Hand,updateValue/1[int],false,36,0,1,1,0,5,0,16,0,0,1,0,0,0,0,1,0,0,0,7,4,0,1,0,0,0,5,2,0,false
C:\projects\Blackjack-App-main\src\Hand.java,Hand,getNumberOfCards/0,false,68,0,1,1,0,1,0,3,1,0,0,0,0,0,0,0,0,0,0,0,0,0,0,0,0,0,5,1,0,false
C:\projects\Blackjack-App-main\src\BJGame.java,BJGame,dealToDealer/0,false,30,3,3,1,2,1,2,5,1,1,0,2,0,0,0,0,0,0,0,0,1,0,0,0,0,0,5,1,0,false
C:\projects\Blackjack-App-main\src\BJGame.java,BJGame,doubleDownAllowed/0,false,52,1,3,1,2,2,2,4,2,0,0,2,0,0,0,0,0,0,0,0,0,0,1,0,0,0,5,1,0,false
C:\projects\Blackjack-App-main\src\BJGame.java,BJGame,playerWon/1[int],false,82,3,4,1,3,2,3,4,2,0,1,3,0,0,0,0,0,0,0,0,0,0,1,0,0,0,6,1,0,false
C:\projects\Blackjack-App-main\src\BJGame.java,BJGame,draw/1[int],false,139,1,4,3,1,1,1,3,0,0,1,1,0,0,0,0,0,0,0,0,0,0,0,0,0,0,3,1,0,false
C:\projects\Blackjack-App-main\src\BJGame.java,BJGame,lost/0,false,119,1,5,4,1,1,1,3,0,0,0,1,0,0,0,0,0,0,0,0,0,0,0,0,0,0,1,1,0,false
C:\projects\Blackjack-App-main\src\BJGame.java,BJGame,isDraw/1[int],false,91,3,6,3,3,2,3,4,2,0,1,3,0,0,0,1,0,0,0,0,0,0,1,0,0,0,6,1,0,false
C:\projects\Blackjack-App-main\src\BJGame.java,BJGame,BJwin/0,false,129,1,2,1,1,1,1,3,0,0,0,1,0,0,0,0,0,0,0,0,0,0,0,0,0,0,2,1,0,false
C:\projects\Blackjack-App-main\src\BJGame.java,BJGame,getBet/0,false,154,1,2,1,1,1,1,3,1,0,0,1,0,0,0,0,0,0,0,0,0,0,0,0,0,0,2,1,0,false
C:\projects\Blackjack-App-main\src\BJGame.java,BJGame,playerBlackJack/1[int],false,100,2,6,4,2,2,2,4,2,0,1,2,0,0,0,1,0,0,0,1,0,0,1,0,0,0,7,1,0,false
C:\projects\Blackjack-App-main\src\BJGame.java,BJGame,getFunds/0,false,149,1,3,2,1,1,1,3,1,0,0,1,0,0,0,0,0,0,0,0,0,0,0,0,0,0,2,1,0,false
C:\projects\Blackjack-App-main\src\BJGame.java,BJGame,lost/1[int],false,134,1,2,1,1,1,1,3,0,0,1,1,0,0,0,0,0,0,0,0,0,0,0,0,0,0,3,1,0,false
C:\projects\Blackjack-App-main\src\BJGame.java,BJGame,splitAllowed/0,false,59,3,6,1,5,3,5,4,2,0,0,5,0,0,0,1,0,0,0,4,0,0,1,0,0,0,4,1,0,false
C:\projects\Blackjack-App-main\src\BJGame.java,BJGame,getPlayer/0,false,158,1,5,5,0,1,0,3,1,0,0,0,0,0,0,0,0,0,0,0,0,0,0,0,0,0,3,1,0,false
C:\projects\Blackjack-App-main\src\BJGame.java,BJGame,win/1[int],false,124,1,2,1,1,1,1,3,0,0,1,1,0,0,0,0,0,0,0,0,0,0,0,0,0,0,3,1,0,false
C:\projects\Blackjack-App-main\src\BJGame.java,BJGame,insuranceAllowed/0,false,44,4,6,1,5,3,5,4,2,0,0,5,0,0,0,1,0,0,0,3,0,1,1,0,0,0,4,1,0,false
C:\projects\Blackjack-App-main\src\BJGame.java,BJGame,playerBusted/1[int],false,107,2,5,3,2,2,2,4,2,0,1,2,0,0,0,0,0,0,0,1,0,0,1,0,0,0,6,1,0,false
C:\projects\Blackjack-App-main\src\BJGame.java,BJGame,getDealer/0,false,162,1,3,3,0,1,0,3,1,0,0,0,0,0,0,0,0,0,0,0,0,0,0,0,0,0,3,1,0,false
C:\projects\Blackjack-App-main\src\BJGame.java,BJGame,BJGame/0,true,13,3,4,1,3,1,0,5,0,0,0,0,0,0,0,0,0,0,0,0,3,0,0,0,0,0,9,1,0,false
C:\projects\Blackjack-App-main\src\BJGame.java,BJGame,dealToPlayer/1[int],false,37,3,6,4,2,1,2,5,1,1,1,2,0,0,0,0,0,0,0,0,1,0,0,0,0,0,7,1,0,false
C:\projects\Blackjack-App-main\src\BJGame.java,BJGame,earlySurrender/0,false,144,1,2,1,1,1,1,3,0,0,0,1,0,0,0,0,0,0,0,0,0,0,0,0,0,0,2,1,0,false
C:\projects\Blackjack-App-main\src\BJGame.java,BJGame,newGame/1[double],false,21,3,4,1,3,1,2,5,0,0,1,2,0,0,0,0,0,0,0,0,1,0,0,0,0,0,5,1,0,false
C:\projects\Blackjack-App-main\src\BJGame.java,BJGame,win/0,false,114,1,3,2,1,1,1,3,0,0,0,1,0,0,0,0,0,0,0,0,0,0,0,0,0,0,1,1,0,false
C:\projects\Blackjack-App-main\src\BJGame.java,BJGame,dealerBusted/0,false,68,2,3,1,2,2,2,4,2,0,0,2,0,0,0,0,0,0,0,1,0,0,1,0,0,0,4,1,0,false
C:\projects\Blackjack-App-main\src\BJGame.java,BJGame,dealerBlackJack/0,false,75,2,4,2,2,2,2,4,2,0,0,2,0,0,0,1,0,0,0,1,0,0,1,0,0,0,5,1,0,false
C:\projects\Blackjack-App-main\src\BJTable.java,BJTable$ButtonListener,actionPerformed/1[java.awt.event.ActionEvent],false,293,2,12,0,12,13,14,49,0,1,1,14,0,0,0,8,0,0,3,2,5,0,2,0,0,0,35,1,0,false
C:\projects\Blackjack-App-main\src\Card.java,Card,getImg/0,false,36,0,2,2,0,1,0,3,1,0,0,0,0,0,0,0,0,0,0,0,0,0,0,0,0,0,5,1,0,false
C:\projects\Blackjack-App-main\src\Card.java,Card,toString/0,false,51,0,2,2,0,1,0,3,1,0,0,0,0,0,0,0,0,0,0,0,0,1,0,0,0,0,2,1,0,false
C:\projects\Blackjack-App-main\src\Card.java,Card,rank/0,false,45,0,3,3,0,1,0,3,1,0,0,0,0,0,0,0,0,0,0,0,0,0,0,0,0,0,1,1,0,false
C:\projects\Blackjack-App-main\src\Card.java,Card,suit/0,false,40,0,0,0,0,1,0,3,1,0,0,0,0,0,0,0,0,0,0,0,0,0,0,0,0,0,1,1,0,false
C:\projects\Blackjack-App-main\src\Card.java,Card,"Card/3[int,int,java.awt.image.BufferedImage]",true,29,0,1,1,0,1,0,5,0,0,3,0,0,0,0,0,0,0,0,0,3,0,0,0,0,0,4,1,0,false
C:\projects\Blackjack-App-main\src\BJTable.java,BJTable$CardPanel,CardPanel/0,true,229,0,1,1,0,1,3,6,0,0,0,3,0,0,0,0,0,0,0,5,0,0,0,0,0,0,10,2,0,false
C:\projects\Blackjack-App-main\src\MAIN.java,MAIN,main/1[java.lang.String[]],false,5,1,1,0,1,1,0,3,0,1,1,0,0,0,0,0,0,0,0,0,1,0,0,0,0,0,6,9,0,false
C:\projects\Blackjack-App-main\src\bfImage.java,bfImage,bfImage/0,true,18,0,1,1,0,4,4,18,0,7,0,4,0,0,2,0,1,1,1,6,9,5,3,0,0,0,15,1,0,false
C:\projects\Blackjack-App-main\src\Dealer.java,Dealer,toString/0,false,28,1,2,0,2,1,2,3,1,0,0,2,0,0,0,0,0,0,2,0,0,1,0,0,0,0,2,1,0,false
C:\projects\Blackjack-App-main\src\Dealer.java,Dealer,getHand/0,false,23,1,8,8,0,1,0,3,1,0,0,0,0,0,0,0,0,0,0,0,0,0,0,0,0,0,3,1,0,false
C:\projects\Blackjack-App-main\src\Dealer.java,Dealer,Dealer/0,true,13,1,3,2,1,1,0,3,0,0,0,0,0,0,0,0,0,0,0,0,1,0,0,0,0,0,3,1,0,false
C:\projects\Blackjack-App-main\src\Dealer.java,Dealer,addCard/1[Card],false,18,2,2,1,1,1,1,3,0,0,1,1,0,0,0,0,0,0,0,0,0,0,0,0,0,0,3,1,0,false
