file,class,method,variable,usage
C:\projects\Blackjack-App-main\src\Player.java,Player,split/1[int],cardOne,1
C:\projects\Blackjack-App-main\src\Player.java,Player,split/1[int],cardTwo,1
C:\projects\Blackjack-App-main\src\Player.java,Player,split/1[int],handIndex,4
C:\projects\Blackjack-App-main\src\Player.java,Player,"addCard/2[Card,int]",handIndex,1
C:\projects\Blackjack-App-main\src\Player.java,Player,"addCard/2[Card,int]",card,1
C:\projects\Blackjack-App-main\src\Player.java,Player,getHand/1[int],handIndex,1
C:\projects\Blackjack-App-main\src\Player.java,Player,newGame/1[double],bet,3
C:\projects\Blackjack-App-main\src\Player.java,Player,lost/1[int],handIndex,1
C:\projects\Blackjack-App-main\src\Player.java,Player,win/1[int],handIndex,1
C:\projects\Blackjack-App-main\src\Player.java,Player,draw/1[int],handIndex,1
C:\projects\Blackjack-App-main\src\Player.java,Player,toString/0,result,3
C:\projects\Blackjack-App-main\src\Player.java,Player,toString/0,i,4
C:\projects\Blackjack-App-main\src\BJTable.java,BJTable$MoneyLabel,MoneyLabel/1[java.lang.String],str,1
C:\projects\Blackjack-App-main\src\BJTable.java,BJTable$Label,Label/1[java.lang.String],str,1
C:\projects\Blackjack-App-main\src\BJTable.java,BJTable$Label,Label/1[javax.swing.Icon],img,1
C:\projects\Blackjack-App-main\src\BJTable.java,BJTable,buildBottomPanel/0,panelBottom,5
C:\projects\Blackjack-App-main\src\BJTable.java,BJTable,endGame/1[java.lang.String],str,1
C:\projects\Blackjack-App-main\src\BJTable.java,BJTable,dealToDealer/0,img,1
C:\projects\Blackjack-App-main\src\BJTable.java,BJTable,dealToDealer/0,label,2
C:\projects\Blackjack-App-main\src\BJTable.java,BJTable,dealToDealer/0,card,1
C:\projects\Blackjack-App-main\src\BJTable.java,BJTable,dealToPlayer/1[Card],img,1
C:\projects\Blackjack-App-main\src\BJTable.java,BJTable,dealToPlayer/1[Card],label,4
C:\projects\Blackjack-App-main\src\BJTable.java,BJTable,dealToPlayer/1[Card],card,1
C:\projects\Blackjack-App-main\src\BJTable.java,BJTable,buildCenterPanel/0,panelCenter,9
C:\projects\Blackjack-App-main\src\BJTable.java,BJTable,buildCenterPanel/0,playerLabel,3
C:\projects\Blackjack-App-main\src\BJTable.java,BJTable,buildCenterPanel/0,dealerLabel,3
C:\projects\Blackjack-App-main\src\BJTable.java,BJTable,buildTopPanel/0,panelTop,5
C:\projects\Blackjack-App-main\src\BJTable.java,BJTable,buildRightPanel/0,betLabel,1
C:\projects\Blackjack-App-main\src\BJTable.java,BJTable,buildRightPanel/0,panelRight,9
C:\projects\Blackjack-App-main\src\BJTable.java,BJTable,stand/0,result,27
C:\projects\Blackjack-App-main\src\BJTable.java,BJTable,betPrompt/1[double],bet,2
C:\projects\Blackjack-App-main\src\BJTable.java,BJTable,betPrompt/1[double],a,3
C:\projects\Blackjack-App-main\src\BJTable.java,BJTable,betPrompt/1[double],fund,1
C:\projects\Blackjack-App-main\src\BJTable.java,BJTable,betPrompt/1[double],e,0
C:\projects\Blackjack-App-main\src\BJTable.java,BJTable,newGame/1[double],bet,1
C:\projects\Blackjack-App-main\src\BJTable.java,BJTable,buildLeftPanel/0,fundsLabel,1
C:\projects\Blackjack-App-main\src\BJTable.java,BJTable,buildLeftPanel/0,panelLeft,8
C:\projects\Blackjack-App-main\src\BJTable.java,BJTable,BJTable/0,TABLE_HEIGHT,2
C:\projects\Blackjack-App-main\src\BJTable.java,BJTable,BJTable/0,TABLE_WIDTH,2
C:\projects\Blackjack-App-main\src\Deck.java,Deck,Deck/1[int],imgIndex,1
C:\projects\Blackjack-App-main\src\Deck.java,Deck,Deck/1[int],numberOfDecks,4
C:\projects\Blackjack-App-main\src\Deck.java,Deck,Deck/1[int],index,1
C:\projects\Blackjack-App-main\src\Deck.java,Deck,Deck/1[int],i,3
C:\projects\Blackjack-App-main\src\Deck.java,Deck,Deck/1[int],j,3
C:\projects\Blackjack-App-main\src\Deck.java,Deck,Deck/1[int],k,2
C:\projects\Blackjack-App-main\src\Deck.java,Deck,shuffle/0,randomPosition,3
C:\projects\Blackjack-App-main\src\Deck.java,Deck,shuffle/0,temp,2
C:\projects\Blackjack-App-main\src\Deck.java,Deck,shuffle/0,i,4
C:\projects\Blackjack-App-main\src\Deck.java,Deck,toString/0,result,3
C:\projects\Blackjack-App-main\src\Deck.java,Deck,toString/0,i,5
C:\projects\Blackjack-App-main\src\Deck.java,Deck,getCard/1[int],index,1
C:\projects\Blackjack-App-main\src\BJTable.java,BJTable$Button,Button/1[java.lang.String],str,1
C:\projects\Blackjack-App-main\src\Hand.java,Hand,toString/0,result,2
C:\projects\Blackjack-App-main\src\Hand.java,Hand,toString/0,i,3
C:\projects\Blackjack-App-main\src\Hand.java,Hand,getCard/1[int],index,1
C:\projects\Blackjack-App-main\src\Hand.java,Hand,addCard/1[Card],card,2
C:\projects\Blackjack-App-main\src\Hand.java,Hand,updateValue/1[int],rank,3
C:\projects\Blackjack-App-main\src\BJGame.java,BJGame,dealToDealer/0,card,2
C:\projects\Blackjack-App-main\src\BJGame.java,BJGame,playerWon/1[int],handIndex,1
C:\projects\Blackjack-App-main\src\BJGame.java,BJGame,draw/1[int],handIndex,1
C:\projects\Blackjack-App-main\src\BJGame.java,BJGame,isDraw/1[int],handIndex,1
C:\projects\Blackjack-App-main\src\BJGame.java,BJGame,playerBlackJack/1[int],handIndex,1
C:\projects\Blackjack-App-main\src\BJGame.java,BJGame,lost/1[int],handIndex,1
C:\projects\Blackjack-App-main\src\BJGame.java,BJGame,win/1[int],handIndex,1
C:\projects\Blackjack-App-main\src\BJGame.java,BJGame,playerBusted/1[int],handIndex,1
C:\projects\Blackjack-App-main\src\BJGame.java,BJGame,dealToPlayer/1[int],handIndex,1
C:\projects\Blackjack-App-main\src\BJGame.java,BJGame,dealToPlayer/1[int],card,2
C:\projects\Blackjack-App-main\src\BJGame.java,BJGame,newGame/1[double],bet,1
C:\projects\Blackjack-App-main\src\BJTable.java,BJTable$ButtonListener,actionPerformed/1[java.awt.event.ActionEvent],bet,2
C:\projects\Blackjack-App-main\src\BJTable.java,BJTable$ButtonListener,actionPerformed/1[java.awt.event.ActionEvent],e,7
C:\projects\Blackjack-App-main\src\Card.java,Card,"Card/3[int,int,java.awt.image.BufferedImage]",img,2
C:\projects\Blackjack-App-main\src\Card.java,Card,"Card/3[int,int,java.awt.image.BufferedImage]",rank,2
C:\projects\Blackjack-App-main\src\Card.java,Card,"Card/3[int,int,java.awt.image.BufferedImage]",suit,2
C:\projects\Blackjack-App-main\src\MAIN.java,MAIN,main/1[java.lang.String[]],args,0
C:\projects\Blackjack-App-main\src\MAIN.java,MAIN,main/1[java.lang.String[]],table,0
C:\projects\Blackjack-App-main\src\bfImage.java,bfImage,bfImage/0,bigImg,1
C:\projects\Blackjack-App-main\src\bfImage.java,bfImage,bfImage/0,e,1
C:\projects\Blackjack-App-main\src\bfImage.java,bfImage,bfImage/0,width,2
C:\projects\Blackjack-App-main\src\bfImage.java,bfImage,bfImage/0,i,4
C:\projects\Blackjack-App-main\src\bfImage.java,bfImage,bfImage/0,j,4
C:\projects\Blackjack-App-main\src\bfImage.java,bfImage,bfImage/0,rows,2
C:\projects\Blackjack-App-main\src\bfImage.java,bfImage,bfImage/0,cols,3
C:\projects\Blackjack-App-main\src\bfImage.java,bfImage,bfImage/0,height,2
C:\projects\Blackjack-App-main\src\Dealer.java,Dealer,addCard/1[Card],card,1
