file,class,type,cbo,cboModified,fanin,fanout,wmc,dit,noc,rfc,lcom,lcom*,tcc,lcc,totalMethodsQty,staticMethodsQty,publicMethodsQty,privateMethodsQty,protectedMethodsQty,defaultMethodsQty,visibleMethodsQty,abstractMethodsQty,finalMethodsQty,synchronizedMethodsQty,totalFieldsQty,staticFieldsQty,publicFieldsQty,privateFieldsQty,protectedFieldsQty,defaultFieldsQty,finalFieldsQty,synchronizedFieldsQty,nosi,loc,returnQty,loopQty,comparisonsQty,tryCatchQty,parenthesizedExpsQty,stringLiteralsQty,numbersQty,assignmentsQty,mathOperationsQty,variablesQty,maxNestedBlocksQty,anonymousClassesQty,innerClassesQty,lambdasQty,uniqueWordsQty,modifiers,logStatementsQty
C:\projects\Java-Drone-Game-master\src\test\java\uk\ac\ed\inf\powergrab\AppTest.java,uk.ac.ed.inf.powergrab.AppTest,class,5,6,1,5,50,2,0,7,0,0.14705883,0.57932264,0.57932264,34,1,32,0,0,2,34,0,0,0,1,0,0,0,0,1,1,0,1,164,3,0,3,0,0,0,19,60,1,60,0,0,0,0,64,1,0
C:\projects\Java-Drone-Game-master\src\main\java\uk\ac\ed\inf\powergrab\Direction.java,uk.ac.ed.inf.powergrab.Direction,enum,0,1,1,0,0,1,0,0,0,0.0,-1.0,-1.0,0,0,0,0,0,0,0,0,0,0,0,0,0,0,0,0,0,0,0,1,0,0,0,0,0,0,0,0,0,0,0,0,0,0,4,1,0
C:\projects\Java-Drone-Game-master\src\main\java\uk\ac\ed\inf\powergrab\Position.java,uk.ac.ed.inf.powergrab.Position,class,2,4,2,2,23,1,0,2,0,0.4,1.0,1.0,3,0,3,0,0,0,3,0,0,0,5,3,2,3,0,0,3,0,6,72,19,0,16,0,0,0,14,5,31,5,1,0,0,0,14,1,0
C:\projects\Java-Drone-Game-master\src\main\java\uk\ac\ed\inf\powergrab\App.java,uk.ac.ed.inf.powergrab.App,class,0,0,0,0,1,1,0,1,0,0.0,NaN,NaN,1,1,1,0,0,0,1,0,0,0,0,0,0,0,0,0,0,0,0,5,0,0,0,0,0,1,0,0,0,0,0,0,0,0,6,1,0
