file,class,method,variable,usage
C:\projects\Java-Drone-Game-master\src\test\java\uk\ac\ed\inf\powergrab\AppTest.java,uk.ac.ed.inf.powergrab.AppTest,testSSEthenSthenSEthenNE/0,p0,1
C:\projects\Java-Drone-Game-master\src\test\java\uk\ac\ed\inf\powergrab\AppTest.java,uk.ac.ed.inf.powergrab.AppTest,testCentreInPlayArea/0,p0,1
C:\projects\Java-Drone-Game-master\src\test\java\uk\ac\ed\inf\powergrab\AppTest.java,uk.ac.ed.inf.powergrab.AppTest,testEastThenWest/0,p0,2
C:\projects\Java-Drone-Game-master\src\test\java\uk\ac\ed\inf\powergrab\AppTest.java,uk.ac.ed.inf.powergrab.AppTest,testNorthEastThenSouthWest/0,p0,2
C:\projects\Java-Drone-Game-master\src\test\java\uk\ac\ed\inf\powergrab\AppTest.java,uk.ac.ed.inf.powergrab.AppTest,testSSEthenSthenSE/0,p0,1
C:\projects\Java-Drone-Game-master\src\test\java\uk\ac\ed\inf\powergrab\AppTest.java,uk.ac.ed.inf.powergrab.AppTest,testNEisNorthEast/0,p0,1
C:\projects\Java-Drone-Game-master\src\test\java\uk\ac\ed\inf\powergrab\AppTest.java,uk.ac.ed.inf.powergrab.AppTest,testNorthEastThenSouthEastThenSouthWestThenNorthWest/0,p0,2
C:\projects\Java-Drone-Game-master\src\test\java\uk\ac\ed\inf\powergrab\AppTest.java,uk.ac.ed.inf.powergrab.AppTest,"approxEq/2[uk.ac.ed.inf.powergrab.Position,uk.ac.ed.inf.powergrab.Position]",p0,1
C:\projects\Java-Drone-Game-master\src\test\java\uk\ac\ed\inf\powergrab\AppTest.java,uk.ac.ed.inf.powergrab.AppTest,testNorthThenEastIsNotNorthEast/0,p0,2
C:\projects\Java-Drone-Game-master\src\test\java\uk\ac\ed\inf\powergrab\AppTest.java,uk.ac.ed.inf.powergrab.AppTest,testSouthWestThenNorthEast/0,p0,2
C:\projects\Java-Drone-Game-master\src\test\java\uk\ac\ed\inf\powergrab\AppTest.java,uk.ac.ed.inf.powergrab.AppTest,testEastNorthEastThenWestSouthWest/0,p0,2
C:\projects\Java-Drone-Game-master\src\test\java\uk\ac\ed\inf\powergrab\AppTest.java,uk.ac.ed.inf.powergrab.AppTest,testENEisNorthEast/0,p0,1
C:\projects\Java-Drone-Game-master\src\test\java\uk\ac\ed\inf\powergrab\AppTest.java,uk.ac.ed.inf.powergrab.AppTest,testSSWisSouthWest/0,p0,1
C:\projects\Java-Drone-Game-master\src\test\java\uk\ac\ed\inf\powergrab\AppTest.java,uk.ac.ed.inf.powergrab.AppTest,testNorthNorthEastThenSouthSouthWest/0,p0,2
C:\projects\Java-Drone-Game-master\src\test\java\uk\ac\ed\inf\powergrab\AppTest.java,uk.ac.ed.inf.powergrab.AppTest,testSSEthenSthenSEthenNEthenWNW/0,p0,1
C:\projects\Java-Drone-Game-master\src\test\java\uk\ac\ed\inf\powergrab\AppTest.java,uk.ac.ed.inf.powergrab.AppTest,testNNEisNorthEast/0,p0,1
C:\projects\Java-Drone-Game-master\src\test\java\uk\ac\ed\inf\powergrab\AppTest.java,uk.ac.ed.inf.powergrab.AppTest,testNorthWestThenSouthEast/0,p0,2
C:\projects\Java-Drone-Game-master\src\test\java\uk\ac\ed\inf\powergrab\AppTest.java,uk.ac.ed.inf.powergrab.AppTest,testEastSouthEastThenWestNorthWest/0,p0,2
C:\projects\Java-Drone-Game-master\src\test\java\uk\ac\ed\inf\powergrab\AppTest.java,uk.ac.ed.inf.powergrab.AppTest,testNorthThenSouth/0,p0,2
C:\projects\Java-Drone-Game-master\src\test\java\uk\ac\ed\inf\powergrab\AppTest.java,uk.ac.ed.inf.powergrab.AppTest,testNorthNorthWestThenSouthSouthEast/0,p0,2
C:\projects\Java-Drone-Game-master\src\test\java\uk\ac\ed\inf\powergrab\AppTest.java,uk.ac.ed.inf.powergrab.AppTest,testNorthSouthEastWest/0,p0,2
C:\projects\Java-Drone-Game-master\src\test\java\uk\ac\ed\inf\powergrab\AppTest.java,uk.ac.ed.inf.powergrab.AppTest,testSWisSouthWest/0,p0,1
C:\projects\Java-Drone-Game-master\src\test\java\uk\ac\ed\inf\powergrab\AppTest.java,uk.ac.ed.inf.powergrab.AppTest,testSouthEastThenNorthWest/0,p0,2
C:\projects\Java-Drone-Game-master\src\test\java\uk\ac\ed\inf\powergrab\AppTest.java,uk.ac.ed.inf.powergrab.AppTest,testWSWisSouthWest/0,p0,1
C:\projects\Java-Drone-Game-master\src\test\java\uk\ac\ed\inf\powergrab\AppTest.java,uk.ac.ed.inf.powergrab.AppTest,testSSEthenS/0,p0,1
C:\projects\Java-Drone-Game-master\src\test\java\uk\ac\ed\inf\powergrab\AppTest.java,uk.ac.ed.inf.powergrab.AppTest,testNextPositionNotIdentity/0,p0,2
C:\projects\Java-Drone-Game-master\src\main\java\uk\ac\ed\inf\powergrab\Position.java,uk.ac.ed.inf.powergrab.Position,inPlayArea/0,latitude,2
C:\projects\Java-Drone-Game-master\src\main\java\uk\ac\ed\inf\powergrab\Position.java,uk.ac.ed.inf.powergrab.Position,inPlayArea/0,longitude,2
C:\projects\Java-Drone-Game-master\src\main\java\uk\ac\ed\inf\powergrab\Position.java,uk.ac.ed.inf.powergrab.Position,"Position/2[double,double]",latitude,3
C:\projects\Java-Drone-Game-master\src\main\java\uk\ac\ed\inf\powergrab\Position.java,uk.ac.ed.inf.powergrab.Position,"Position/2[double,double]",longitude,3
C:\projects\Java-Drone-Game-master\src\main\java\uk\ac\ed\inf\powergrab\Position.java,uk.ac.ed.inf.powergrab.Position,nextPosition/1[uk.ac.ed.inf.powergrab.Direction],length1,8
C:\projects\Java-Drone-Game-master\src\main\java\uk\ac\ed\inf\powergrab\Position.java,uk.ac.ed.inf.powergrab.Position,nextPosition/1[uk.ac.ed.inf.powergrab.Direction],length3,8
C:\projects\Java-Drone-Game-master\src\main\java\uk\ac\ed\inf\powergrab\Position.java,uk.ac.ed.inf.powergrab.Position,nextPosition/1[uk.ac.ed.inf.powergrab.Direction],length2,8
C:\projects\Java-Drone-Game-master\src\main\java\uk\ac\ed\inf\powergrab\Position.java,uk.ac.ed.inf.powergrab.Position,nextPosition/1[uk.ac.ed.inf.powergrab.Direction],latitude,17
C:\projects\Java-Drone-Game-master\src\main\java\uk\ac\ed\inf\powergrab\Position.java,uk.ac.ed.inf.powergrab.Position,nextPosition/1[uk.ac.ed.inf.powergrab.Direction],longitude,17
