file,class,method,constructor,line,cbo,cboModified,fanin,fanout,wmc,rfc,loc,returnsQty,variablesQty,parametersQty,methodsInvokedQty,methodsInvokedLocalQty,methodsInvokedIndirectLocalQty,loopQty,comparisonsQty,tryCatchQty,parenthesizedExpsQty,stringLiteralsQty,numbersQty,assignmentsQty,mathOperationsQty,maxNestedBlocksQty,anonymousClassesQty,innerClassesQty,lambdasQty,uniqueWordsQty,modifiers,logStatementsQty,hasJavaDoc
C:\projects\Java-Drone-Game-master\src\test\java\uk\ac\ed\inf\powergrab\AppTest.java,uk.ac.ed.inf.powergrab.AppTest,AppTest/1[java.lang.String],true,16,0,0,0,0,1,0,3,0,0,1,0,0,0,0,0,0,0,0,0,0,0,0,0,0,0,8,1,0,true
C:\projects\Java-Drone-Game-master\src\test\java\uk\ac\ed\inf\powergrab\AppTest.java,uk.ac.ed.inf.powergrab.AppTest,suite/0,false,23,3,0,0,0,1,0,3,1,0,0,0,0,0,0,0,0,0,0,0,0,0,0,0,0,0,8,9,0,true
C:\projects\Java-Drone-Game-master\src\test\java\uk\ac\ed\inf\powergrab\AppTest.java,uk.ac.ed.inf.powergrab.AppTest,"approxEq/2[double,double]",false,55,0,1,1,0,2,1,4,1,1,2,1,0,0,0,0,0,0,0,1,1,1,0,0,0,0,6,0,0,false
C:\projects\Java-Drone-Game-master\src\test\java\uk\ac\ed\inf\powergrab\AppTest.java,uk.ac.ed.inf.powergrab.AppTest,testSSEthenSthenSEthenNE/0,false,197,2,3,0,3,1,3,8,0,5,0,3,1,2,0,0,0,0,0,2,5,0,0,0,0,0,16,1,0,false
C:\projects\Java-Drone-Game-master\src\test\java\uk\ac\ed\inf\powergrab\AppTest.java,uk.ac.ed.inf.powergrab.AppTest,testCentreInPlayArea/0,false,41,1,1,0,1,1,2,3,0,0,0,2,0,0,0,0,0,0,0,0,0,0,0,0,0,0,7,1,0,false
C:\projects\Java-Drone-Game-master\src\test\java\uk\ac\ed\inf\powergrab\AppTest.java,uk.ac.ed.inf.powergrab.AppTest,testEastThenWest/0,false,75,2,2,0,2,1,3,5,0,2,0,3,1,2,0,0,0,0,0,0,2,0,0,0,0,0,11,1,0,false
C:\projects\Java-Drone-Game-master\src\test\java\uk\ac\ed\inf\powergrab\AppTest.java,uk.ac.ed.inf.powergrab.AppTest,testNorthEastThenSouthWest/0,false,134,2,2,0,2,1,3,5,0,2,0,3,1,2,0,0,0,0,0,0,2,0,0,0,0,0,13,1,0,false
C:\projects\Java-Drone-Game-master\src\test\java\uk\ac\ed\inf\powergrab\AppTest.java,uk.ac.ed.inf.powergrab.AppTest,testSSEthenSthenSE/0,false,189,2,3,0,3,1,3,7,0,4,0,3,1,2,0,0,0,0,0,2,4,0,0,0,0,0,14,1,0,false
C:\projects\Java-Drone-Game-master\src\test\java\uk\ac\ed\inf\powergrab\AppTest.java,uk.ac.ed.inf.powergrab.AppTest,testNEisNorthEast/0,false,104,1,1,0,1,3,2,4,0,1,0,2,0,0,0,0,0,0,0,0,1,0,0,0,0,0,9,1,0,false
C:\projects\Java-Drone-Game-master\src\test\java\uk\ac\ed\inf\powergrab\AppTest.java,uk.ac.ed.inf.powergrab.AppTest,testPositionConstructor/0,false,27,1,1,0,1,2,1,3,0,0,0,1,0,0,0,1,0,0,0,2,0,0,0,0,0,0,6,1,0,false
C:\projects\Java-Drone-Game-master\src\test\java\uk\ac\ed\inf\powergrab\AppTest.java,uk.ac.ed.inf.powergrab.AppTest,testNorthEastThenSouthEastThenSouthWestThenNorthWest/0,false,89,2,2,0,2,1,3,7,0,4,0,3,1,2,0,0,0,0,0,0,4,0,0,0,0,0,15,1,0,false
C:\projects\Java-Drone-Game-master\src\test\java\uk\ac\ed\inf\powergrab\AppTest.java,uk.ac.ed.inf.powergrab.AppTest,"approxEq/2[uk.ac.ed.inf.powergrab.Position,uk.ac.ed.inf.powergrab.Position]",false,60,2,19,18,1,1,1,3,1,0,2,1,1,1,0,0,0,0,0,0,0,0,0,0,0,0,4,0,0,false
C:\projects\Java-Drone-Game-master\src\test\java\uk\ac\ed\inf\powergrab\AppTest.java,uk.ac.ed.inf.powergrab.AppTest,testNorthThenEastIsNotNorthEast/0,false,97,2,2,0,2,1,3,6,0,3,0,3,1,2,0,0,0,0,0,0,3,0,0,0,0,0,14,1,0,false
C:\projects\Java-Drone-Game-master\src\test\java\uk\ac\ed\inf\powergrab\AppTest.java,uk.ac.ed.inf.powergrab.AppTest,testSouthWestThenNorthEast/0,false,152,2,2,0,2,1,3,5,0,2,0,3,1,2,0,0,0,0,0,0,2,0,0,0,0,0,13,1,0,false
C:\projects\Java-Drone-Game-master\src\test\java\uk\ac\ed\inf\powergrab\AppTest.java,uk.ac.ed.inf.powergrab.AppTest,testEastNorthEastThenWestSouthWest/0,false,164,2,2,0,2,1,3,5,0,2,0,3,1,2,0,0,0,0,0,0,2,0,0,0,0,0,13,1,0,false
C:\projects\Java-Drone-Game-master\src\test\java\uk\ac\ed\inf\powergrab\AppTest.java,uk.ac.ed.inf.powergrab.AppTest,testENEisNorthEast/0,false,114,1,1,0,1,3,2,4,0,1,0,2,0,0,0,0,0,0,0,0,1,0,0,0,0,0,10,1,0,false
C:\projects\Java-Drone-Game-master\src\test\java\uk\ac\ed\inf\powergrab\AppTest.java,uk.ac.ed.inf.powergrab.AppTest,testSSWisSouthWest/0,false,129,1,1,0,1,3,2,4,0,1,0,2,0,0,0,0,0,0,0,0,1,0,0,0,0,0,9,1,0,false
C:\projects\Java-Drone-Game-master\src\test\java\uk\ac\ed\inf\powergrab\AppTest.java,uk.ac.ed.inf.powergrab.AppTest,testNorthNorthEastThenSouthSouthWest/0,false,158,2,2,0,2,1,3,5,0,2,0,3,1,2,0,0,0,0,0,0,2,0,0,0,0,0,13,1,0,false
C:\projects\Java-Drone-Game-master\src\test\java\uk\ac\ed\inf\powergrab\AppTest.java,uk.ac.ed.inf.powergrab.AppTest,testSSEthenSthenSEthenNEthenWNW/0,false,206,2,3,0,3,1,3,9,0,6,0,3,1,2,0,0,0,0,0,2,6,0,0,0,0,0,17,1,0,false
C:\projects\Java-Drone-Game-master\src\test\java\uk\ac\ed\inf\powergrab\AppTest.java,uk.ac.ed.inf.powergrab.AppTest,testNNEisNorthEast/0,false,109,1,1,0,1,3,2,4,0,1,0,2,0,0,0,0,0,0,0,0,1,0,0,0,0,0,9,1,0,false
C:\projects\Java-Drone-Game-master\src\test\java\uk\ac\ed\inf\powergrab\AppTest.java,uk.ac.ed.inf.powergrab.AppTest,testNorthWestThenSouthEast/0,false,140,2,2,0,2,1,3,5,0,2,0,3,1,2,0,0,0,0,0,0,2,0,0,0,0,0,13,1,0,false
C:\projects\Java-Drone-Game-master\src\test\java\uk\ac\ed\inf\powergrab\AppTest.java,uk.ac.ed.inf.powergrab.AppTest,testEastSouthEastThenWestNorthWest/0,false,176,2,2,0,2,1,3,5,0,2,0,3,1,2,0,0,0,0,0,0,2,0,0,0,0,0,13,1,0,false
C:\projects\Java-Drone-Game-master\src\test\java\uk\ac\ed\inf\powergrab\AppTest.java,uk.ac.ed.inf.powergrab.AppTest,testPositionOutOfPlayArea/0,false,50,1,2,0,2,1,2,4,0,1,0,2,0,0,0,0,0,0,0,2,1,0,0,0,0,0,9,1,0,false
C:\projects\Java-Drone-Game-master\src\test\java\uk\ac\ed\inf\powergrab\AppTest.java,uk.ac.ed.inf.powergrab.AppTest,testPositionLatitude/0,false,33,0,0,0,0,2,1,3,0,0,0,1,0,0,0,1,0,0,0,1,0,0,0,0,0,0,5,1,0,false
C:\projects\Java-Drone-Game-master\src\test\java\uk\ac\ed\inf\powergrab\AppTest.java,uk.ac.ed.inf.powergrab.AppTest,testNorthThenSouth/0,false,69,2,2,0,2,1,3,5,0,2,0,3,1,2,0,0,0,0,0,0,2,0,0,0,0,0,11,1,0,false
C:\projects\Java-Drone-Game-master\src\test\java\uk\ac\ed\inf\powergrab\AppTest.java,uk.ac.ed.inf.powergrab.AppTest,testBoundaryOutOfPlayArea/0,false,45,1,2,0,2,1,2,4,0,1,0,2,0,0,0,0,0,0,0,2,1,0,0,0,0,0,10,1,0,false
C:\projects\Java-Drone-Game-master\src\test\java\uk\ac\ed\inf\powergrab\AppTest.java,uk.ac.ed.inf.powergrab.AppTest,testPositionLongitude/0,false,37,0,0,0,0,2,1,3,0,0,0,1,0,0,0,1,0,0,0,1,0,0,0,0,0,0,5,1,0,false
C:\projects\Java-Drone-Game-master\src\test\java\uk\ac\ed\inf\powergrab\AppTest.java,uk.ac.ed.inf.powergrab.AppTest,testNorthNorthWestThenSouthSouthEast/0,false,170,2,2,0,2,1,3,5,0,2,0,3,1,2,0,0,0,0,0,0,2,0,0,0,0,0,13,1,0,false
C:\projects\Java-Drone-Game-master\src\test\java\uk\ac\ed\inf\powergrab\AppTest.java,uk.ac.ed.inf.powergrab.AppTest,testNorthSouthEastWest/0,false,81,2,2,0,2,1,3,7,0,4,0,3,1,2,0,0,0,0,0,0,4,0,0,0,0,0,14,1,0,false
C:\projects\Java-Drone-Game-master\src\test\java\uk\ac\ed\inf\powergrab\AppTest.java,uk.ac.ed.inf.powergrab.AppTest,testSWisSouthWest/0,false,119,1,1,0,1,3,2,4,0,1,0,2,0,0,0,0,0,0,0,0,1,0,0,0,0,0,9,1,0,false
C:\projects\Java-Drone-Game-master\src\test\java\uk\ac\ed\inf\powergrab\AppTest.java,uk.ac.ed.inf.powergrab.AppTest,testSouthEastThenNorthWest/0,false,146,2,2,0,2,1,3,5,0,2,0,3,1,2,0,0,0,0,0,0,2,0,0,0,0,0,13,1,0,false
C:\projects\Java-Drone-Game-master\src\test\java\uk\ac\ed\inf\powergrab\AppTest.java,uk.ac.ed.inf.powergrab.AppTest,testWSWisSouthWest/0,false,124,1,1,0,1,3,2,4,0,1,0,2,0,0,0,0,0,0,0,0,1,0,0,0,0,0,10,1,0,false
C:\projects\Java-Drone-Game-master\src\test\java\uk\ac\ed\inf\powergrab\AppTest.java,uk.ac.ed.inf.powergrab.AppTest,testSSEthenS/0,false,182,2,3,0,3,1,3,6,0,3,0,3,1,2,0,0,0,0,0,2,3,0,0,0,0,0,11,1,0,false
C:\projects\Java-Drone-Game-master\src\test\java\uk\ac\ed\inf\powergrab\AppTest.java,uk.ac.ed.inf.powergrab.AppTest,testNextPositionNotIdentity/0,false,64,2,2,0,2,1,3,4,0,1,0,3,1,2,0,0,0,0,0,0,1,0,0,0,0,0,10,1,0,false
C:\projects\Java-Drone-Game-master\src\main\java\uk\ac\ed\inf\powergrab\Position.java,uk.ac.ed.inf.powergrab.Position,inPlayArea/0,false,82,0,3,3,0,5,0,8,2,0,0,0,0,0,0,0,0,0,0,4,0,0,1,0,0,0,7,1,0,false
C:\projects\Java-Drone-Game-master\src\main\java\uk\ac\ed\inf\powergrab\Position.java,uk.ac.ed.inf.powergrab.Position,"Position/2[double,double]",true,16,0,8,8,0,1,0,4,0,0,2,0,0,0,0,0,0,0,0,0,2,0,0,0,0,0,3,1,0,false
C:\projects\Java-Drone-Game-master\src\main\java\uk\ac\ed\inf\powergrab\Position.java,uk.ac.ed.inf.powergrab.Position,nextPosition/1[uk.ac.ed.inf.powergrab.Direction],false,27,2,25,24,1,17,0,53,17,0,1,0,0,0,0,16,0,0,0,4,0,28,1,0,0,0,8,1,0,false
C:\projects\Java-Drone-Game-master\src\main\java\uk\ac\ed\inf\powergrab\App.java,uk.ac.ed.inf.powergrab.App,main/1[java.lang.String[]],false,10,0,0,0,0,1,1,3,0,0,1,1,0,0,0,0,0,0,1,0,0,0,0,0,0,0,3,9,0,false
