file,class,method,variable,usage
C:\projects\Java-Drone-Game-master\src\test\java\uk\ac\ed\inf\powergrab\AppTest.java,uk.ac.ed.inf.powergrab.AppTest,AppTest/1[java.lang.String],testName,1
C:\projects\Java-Drone-Game-master\src\test\java\uk\ac\ed\inf\powergrab\AppTest.java,uk.ac.ed.inf.powergrab.AppTest,"approxEq/2[double,double]",epsilon,1
C:\projects\Java-Drone-Game-master\src\test\java\uk\ac\ed\inf\powergrab\AppTest.java,uk.ac.ed.inf.powergrab.AppTest,"approxEq/2[double,double]",d0,1
C:\projects\Java-Drone-Game-master\src\test\java\uk\ac\ed\inf\powergrab\AppTest.java,uk.ac.ed.inf.powergrab.AppTest,"approxEq/2[double,double]",d1,1
C:\projects\Java-Drone-Game-master\src\test\java\uk\ac\ed\inf\powergrab\AppTest.java,uk.ac.ed.inf.powergrab.AppTest,testSSEthenSthenSEthenNE/0,p1,1
C:\projects\Java-Drone-Game-master\src\test\java\uk\ac\ed\inf\powergrab\AppTest.java,uk.ac.ed.inf.powergrab.AppTest,testSSEthenSthenSEthenNE/0,p2,1
C:\projects\Java-Drone-Game-master\src\test\java\uk\ac\ed\inf\powergrab\AppTest.java,uk.ac.ed.inf.powergrab.AppTest,testSSEthenSthenSEthenNE/0,p3,1
C:\projects\Java-Drone-Game-master\src\test\java\uk\ac\ed\inf\powergrab\AppTest.java,uk.ac.ed.inf.powergrab.AppTest,testSSEthenSthenSEthenNE/0,p4,1
C:\projects\Java-Drone-Game-master\src\test\java\uk\ac\ed\inf\powergrab\AppTest.java,uk.ac.ed.inf.powergrab.AppTest,testSSEthenSthenSEthenNE/0,stop,1
C:\projects\Java-Drone-Game-master\src\test\java\uk\ac\ed\inf\powergrab\AppTest.java,uk.ac.ed.inf.powergrab.AppTest,testEastThenWest/0,p1,1
C:\projects\Java-Drone-Game-master\src\test\java\uk\ac\ed\inf\powergrab\AppTest.java,uk.ac.ed.inf.powergrab.AppTest,testEastThenWest/0,p2,1
C:\projects\Java-Drone-Game-master\src\test\java\uk\ac\ed\inf\powergrab\AppTest.java,uk.ac.ed.inf.powergrab.AppTest,testNorthEastThenSouthWest/0,p1,1
C:\projects\Java-Drone-Game-master\src\test\java\uk\ac\ed\inf\powergrab\AppTest.java,uk.ac.ed.inf.powergrab.AppTest,testNorthEastThenSouthWest/0,p2,1
C:\projects\Java-Drone-Game-master\src\test\java\uk\ac\ed\inf\powergrab\AppTest.java,uk.ac.ed.inf.powergrab.AppTest,testSSEthenSthenSE/0,p1,1
C:\projects\Java-Drone-Game-master\src\test\java\uk\ac\ed\inf\powergrab\AppTest.java,uk.ac.ed.inf.powergrab.AppTest,testSSEthenSthenSE/0,p2,1
C:\projects\Java-Drone-Game-master\src\test\java\uk\ac\ed\inf\powergrab\AppTest.java,uk.ac.ed.inf.powergrab.AppTest,testSSEthenSthenSE/0,p3,1
C:\projects\Java-Drone-Game-master\src\test\java\uk\ac\ed\inf\powergrab\AppTest.java,uk.ac.ed.inf.powergrab.AppTest,testSSEthenSthenSE/0,stop,1
C:\projects\Java-Drone-Game-master\src\test\java\uk\ac\ed\inf\powergrab\AppTest.java,uk.ac.ed.inf.powergrab.AppTest,testNEisNorthEast/0,p1,2
C:\projects\Java-Drone-Game-master\src\test\java\uk\ac\ed\inf\powergrab\AppTest.java,uk.ac.ed.inf.powergrab.AppTest,testNorthEastThenSouthEastThenSouthWestThenNorthWest/0,p1,1
C:\projects\Java-Drone-Game-master\src\test\java\uk\ac\ed\inf\powergrab\AppTest.java,uk.ac.ed.inf.powergrab.AppTest,testNorthEastThenSouthEastThenSouthWestThenNorthWest/0,p2,1
C:\projects\Java-Drone-Game-master\src\test\java\uk\ac\ed\inf\powergrab\AppTest.java,uk.ac.ed.inf.powergrab.AppTest,testNorthEastThenSouthEastThenSouthWestThenNorthWest/0,p3,1
C:\projects\Java-Drone-Game-master\src\test\java\uk\ac\ed\inf\powergrab\AppTest.java,uk.ac.ed.inf.powergrab.AppTest,testNorthEastThenSouthEastThenSouthWestThenNorthWest/0,p4,1
C:\projects\Java-Drone-Game-master\src\test\java\uk\ac\ed\inf\powergrab\AppTest.java,uk.ac.ed.inf.powergrab.AppTest,"approxEq/2[uk.ac.ed.inf.powergrab.Position,uk.ac.ed.inf.powergrab.Position]",p0,2
C:\projects\Java-Drone-Game-master\src\test\java\uk\ac\ed\inf\powergrab\AppTest.java,uk.ac.ed.inf.powergrab.AppTest,"approxEq/2[uk.ac.ed.inf.powergrab.Position,uk.ac.ed.inf.powergrab.Position]",p1,2
C:\projects\Java-Drone-Game-master\src\test\java\uk\ac\ed\inf\powergrab\AppTest.java,uk.ac.ed.inf.powergrab.AppTest,testNorthThenEastIsNotNorthEast/0,p1,1
C:\projects\Java-Drone-Game-master\src\test\java\uk\ac\ed\inf\powergrab\AppTest.java,uk.ac.ed.inf.powergrab.AppTest,testNorthThenEastIsNotNorthEast/0,p2,1
C:\projects\Java-Drone-Game-master\src\test\java\uk\ac\ed\inf\powergrab\AppTest.java,uk.ac.ed.inf.powergrab.AppTest,testNorthThenEastIsNotNorthEast/0,ne,1
C:\projects\Java-Drone-Game-master\src\test\java\uk\ac\ed\inf\powergrab\AppTest.java,uk.ac.ed.inf.powergrab.AppTest,testSouthWestThenNorthEast/0,p1,1
C:\projects\Java-Drone-Game-master\src\test\java\uk\ac\ed\inf\powergrab\AppTest.java,uk.ac.ed.inf.powergrab.AppTest,testSouthWestThenNorthEast/0,p2,1
C:\projects\Java-Drone-Game-master\src\test\java\uk\ac\ed\inf\powergrab\AppTest.java,uk.ac.ed.inf.powergrab.AppTest,testEastNorthEastThenWestSouthWest/0,p1,1
C:\projects\Java-Drone-Game-master\src\test\java\uk\ac\ed\inf\powergrab\AppTest.java,uk.ac.ed.inf.powergrab.AppTest,testEastNorthEastThenWestSouthWest/0,p2,1
C:\projects\Java-Drone-Game-master\src\test\java\uk\ac\ed\inf\powergrab\AppTest.java,uk.ac.ed.inf.powergrab.AppTest,testENEisNorthEast/0,p1,2
C:\projects\Java-Drone-Game-master\src\test\java\uk\ac\ed\inf\powergrab\AppTest.java,uk.ac.ed.inf.powergrab.AppTest,testSSWisSouthWest/0,p1,2
C:\projects\Java-Drone-Game-master\src\test\java\uk\ac\ed\inf\powergrab\AppTest.java,uk.ac.ed.inf.powergrab.AppTest,testNorthNorthEastThenSouthSouthWest/0,p1,1
C:\projects\Java-Drone-Game-master\src\test\java\uk\ac\ed\inf\powergrab\AppTest.java,uk.ac.ed.inf.powergrab.AppTest,testNorthNorthEastThenSouthSouthWest/0,p2,1
C:\projects\Java-Drone-Game-master\src\test\java\uk\ac\ed\inf\powergrab\AppTest.java,uk.ac.ed.inf.powergrab.AppTest,testSSEthenSthenSEthenNEthenWNW/0,p1,1
C:\projects\Java-Drone-Game-master\src\test\java\uk\ac\ed\inf\powergrab\AppTest.java,uk.ac.ed.inf.powergrab.AppTest,testSSEthenSthenSEthenNEthenWNW/0,p2,1
C:\projects\Java-Drone-Game-master\src\test\java\uk\ac\ed\inf\powergrab\AppTest.java,uk.ac.ed.inf.powergrab.AppTest,testSSEthenSthenSEthenNEthenWNW/0,p3,1
C:\projects\Java-Drone-Game-master\src\test\java\uk\ac\ed\inf\powergrab\AppTest.java,uk.ac.ed.inf.powergrab.AppTest,testSSEthenSthenSEthenNEthenWNW/0,p4,1
C:\projects\Java-Drone-Game-master\src\test\java\uk\ac\ed\inf\powergrab\AppTest.java,uk.ac.ed.inf.powergrab.AppTest,testSSEthenSthenSEthenNEthenWNW/0,stop,1
C:\projects\Java-Drone-Game-master\src\test\java\uk\ac\ed\inf\powergrab\AppTest.java,uk.ac.ed.inf.powergrab.AppTest,testSSEthenSthenSEthenNEthenWNW/0,p5,1
C:\projects\Java-Drone-Game-master\src\test\java\uk\ac\ed\inf\powergrab\AppTest.java,uk.ac.ed.inf.powergrab.AppTest,testNNEisNorthEast/0,p1,2
C:\projects\Java-Drone-Game-master\src\test\java\uk\ac\ed\inf\powergrab\AppTest.java,uk.ac.ed.inf.powergrab.AppTest,testNorthWestThenSouthEast/0,p1,1
C:\projects\Java-Drone-Game-master\src\test\java\uk\ac\ed\inf\powergrab\AppTest.java,uk.ac.ed.inf.powergrab.AppTest,testNorthWestThenSouthEast/0,p2,1
C:\projects\Java-Drone-Game-master\src\test\java\uk\ac\ed\inf\powergrab\AppTest.java,uk.ac.ed.inf.powergrab.AppTest,testEastSouthEastThenWestNorthWest/0,p1,1
C:\projects\Java-Drone-Game-master\src\test\java\uk\ac\ed\inf\powergrab\AppTest.java,uk.ac.ed.inf.powergrab.AppTest,testEastSouthEastThenWestNorthWest/0,p2,1
C:\projects\Java-Drone-Game-master\src\test\java\uk\ac\ed\inf\powergrab\AppTest.java,uk.ac.ed.inf.powergrab.AppTest,testPositionOutOfPlayArea/0,pos,1
C:\projects\Java-Drone-Game-master\src\test\java\uk\ac\ed\inf\powergrab\AppTest.java,uk.ac.ed.inf.powergrab.AppTest,testNorthThenSouth/0,p1,1
C:\projects\Java-Drone-Game-master\src\test\java\uk\ac\ed\inf\powergrab\AppTest.java,uk.ac.ed.inf.powergrab.AppTest,testNorthThenSouth/0,p2,1
C:\projects\Java-Drone-Game-master\src\test\java\uk\ac\ed\inf\powergrab\AppTest.java,uk.ac.ed.inf.powergrab.AppTest,testBoundaryOutOfPlayArea/0,pos,1
C:\projects\Java-Drone-Game-master\src\test\java\uk\ac\ed\inf\powergrab\AppTest.java,uk.ac.ed.inf.powergrab.AppTest,testNorthNorthWestThenSouthSouthEast/0,p1,1
C:\projects\Java-Drone-Game-master\src\test\java\uk\ac\ed\inf\powergrab\AppTest.java,uk.ac.ed.inf.powergrab.AppTest,testNorthNorthWestThenSouthSouthEast/0,p2,1
C:\projects\Java-Drone-Game-master\src\test\java\uk\ac\ed\inf\powergrab\AppTest.java,uk.ac.ed.inf.powergrab.AppTest,testNorthSouthEastWest/0,p1,1
C:\projects\Java-Drone-Game-master\src\test\java\uk\ac\ed\inf\powergrab\AppTest.java,uk.ac.ed.inf.powergrab.AppTest,testNorthSouthEastWest/0,p2,1
C:\projects\Java-Drone-Game-master\src\test\java\uk\ac\ed\inf\powergrab\AppTest.java,uk.ac.ed.inf.powergrab.AppTest,testNorthSouthEastWest/0,p3,1
C:\projects\Java-Drone-Game-master\src\test\java\uk\ac\ed\inf\powergrab\AppTest.java,uk.ac.ed.inf.powergrab.AppTest,testNorthSouthEastWest/0,p4,1
C:\projects\Java-Drone-Game-master\src\test\java\uk\ac\ed\inf\powergrab\AppTest.java,uk.ac.ed.inf.powergrab.AppTest,testSWisSouthWest/0,p1,2
C:\projects\Java-Drone-Game-master\src\test\java\uk\ac\ed\inf\powergrab\AppTest.java,uk.ac.ed.inf.powergrab.AppTest,testSouthEastThenNorthWest/0,p1,1
C:\projects\Java-Drone-Game-master\src\test\java\uk\ac\ed\inf\powergrab\AppTest.java,uk.ac.ed.inf.powergrab.AppTest,testSouthEastThenNorthWest/0,p2,1
C:\projects\Java-Drone-Game-master\src\test\java\uk\ac\ed\inf\powergrab\AppTest.java,uk.ac.ed.inf.powergrab.AppTest,testWSWisSouthWest/0,p1,2
C:\projects\Java-Drone-Game-master\src\test\java\uk\ac\ed\inf\powergrab\AppTest.java,uk.ac.ed.inf.powergrab.AppTest,testSSEthenS/0,p1,1
C:\projects\Java-Drone-Game-master\src\test\java\uk\ac\ed\inf\powergrab\AppTest.java,uk.ac.ed.inf.powergrab.AppTest,testSSEthenS/0,p2,1
C:\projects\Java-Drone-Game-master\src\test\java\uk\ac\ed\inf\powergrab\AppTest.java,uk.ac.ed.inf.powergrab.AppTest,testSSEthenS/0,stop,1
C:\projects\Java-Drone-Game-master\src\test\java\uk\ac\ed\inf\powergrab\AppTest.java,uk.ac.ed.inf.powergrab.AppTest,testNextPositionNotIdentity/0,p1,1
C:\projects\Java-Drone-Game-master\src\main\java\uk\ac\ed\inf\powergrab\Position.java,uk.ac.ed.inf.powergrab.Position,"Position/2[double,double]",latitude,2
C:\projects\Java-Drone-Game-master\src\main\java\uk\ac\ed\inf\powergrab\Position.java,uk.ac.ed.inf.powergrab.Position,"Position/2[double,double]",longitude,2
C:\projects\Java-Drone-Game-master\src\main\java\uk\ac\ed\inf\powergrab\Position.java,uk.ac.ed.inf.powergrab.Position,nextPosition/1[uk.ac.ed.inf.powergrab.Direction],direction,16
C:\projects\Java-Drone-Game-master\src\main\java\uk\ac\ed\inf\powergrab\App.java,uk.ac.ed.inf.powergrab.App,main/1[java.lang.String[]],args,0
