file,class,type,cbo,cboModified,fanin,fanout,wmc,dit,noc,rfc,lcom,lcom*,tcc,lcc,totalMethodsQty,staticMethodsQty,publicMethodsQty,privateMethodsQty,protectedMethodsQty,defaultMethodsQty,visibleMethodsQty,abstractMethodsQty,finalMethodsQty,synchronizedMethodsQty,totalFieldsQty,staticFieldsQty,publicFieldsQty,privateFieldsQty,protectedFieldsQty,defaultFieldsQty,finalFieldsQty,synchronizedFieldsQty,nosi,loc,returnQty,loopQty,comparisonsQty,tryCatchQty,parenthesizedExpsQty,stringLiteralsQty,numbersQty,assignmentsQty,mathOperationsQty,variablesQty,maxNestedBlocksQty,anonymousClassesQty,innerClassesQty,lambdasQty,uniqueWordsQty,modifiers,logStatementsQty
C:\projects\MVC_Chef_Game_Application-master\src\comp401\sushi\RedPlate.java,comp401.sushi.RedPlate,class,3,6,3,3,1,2,0,0,0,0.0,NaN,NaN,1,0,1,0,0,0,1,0,0,0,0,0,0,0,0,0,0,0,0,5,0,0,0,0,0,0,1,0,0,0,0,0,0,0,8,1,0
C:\projects\MVC_Chef_Game_Application-master\src\sushigame\model\ChefsBelt.java,sushigame.model.ChefsBelt,interface,2,4,2,2,1,1,0,0,0,0.0,NaN,NaN,1,0,0,0,0,1,1,0,0,0,0,0,0,0,0,0,0,0,0,3,0,0,0,0,0,0,0,0,0,0,0,0,0,0,10,0,0
C:\projects\MVC_Chef_Game_Application-master\src\sushigame\model\PlateEvent.java,sushigame.model.PlateEvent,class,3,7,4,3,3,2,3,0,0,0.33333334,0.6666667,1.0,3,0,3,0,0,0,3,0,0,0,2,0,0,2,0,0,0,0,0,15,2,0,0,0,0,0,0,2,0,2,0,0,0,0,8,1025,0
C:\projects\MVC_Chef_Game_Application-master\src\comp401\sushi\Seaweed.java,comp401.sushi.Seaweed,class,1,2,1,1,1,2,0,0,0,0.0,NaN,NaN,1,0,1,0,0,0,1,0,0,0,0,0,0,0,0,0,0,0,0,5,0,0,0,0,0,1,2,0,0,0,0,0,0,0,3,1,0
C:\projects\MVC_Chef_Game_Application-master\src\comp401\sushi\Shrimp.java,comp401.sushi.Shrimp,class,1,2,1,1,1,2,0,0,0,0.0,NaN,NaN,1,0,1,0,0,0,1,0,0,0,0,0,0,0,0,0,0,0,0,5,0,0,0,0,0,1,2,0,0,0,0,0,0,0,3,1,0
C:\projects\MVC_Chef_Game_Application-master\src\sushigame\model\PlateSpoiledEvent.java,sushigame.model.PlateSpoiledEvent,class,2,3,1,2,1,3,0,0,0,0.0,NaN,NaN,1,0,1,0,0,0,1,0,0,0,0,0,0,0,0,0,0,0,0,5,0,0,0,0,0,0,0,0,0,0,0,0,0,0,4,1,0
C:\projects\MVC_Chef_Game_Application-master\src\sushigame\controller\SushiGameController.java,sushigame.controller.SushiGameController,class,11,13,2,11,6,1,0,12,1,0.33333334,1.0,1.0,3,0,2,1,0,0,2,0,0,0,1,0,0,1,0,0,0,0,2,36,1,1,0,0,1,18,2,10,4,7,2,0,0,0,33,1,0
C:\projects\MVC_Chef_Game_Application-master\src\comp401\sushi\IngredientImpl.java,comp401.sushi.IngredientImpl,class,2,11,9,2,16,1,8,14,18,0.7407407,0.25,0.7777778,9,0,8,0,1,0,9,0,0,0,6,0,0,6,0,0,0,0,1,43,9,0,6,0,8,0,1,6,2,6,1,0,0,0,24,1025,0
C:\projects\MVC_Chef_Game_Application-master\src\comp401\sushi\Plate.java,comp401.sushi.Plate$Color,enum,0,0,0,0,0,1,0,0,0,0.0,-1.0,-1.0,0,0,0,0,0,0,0,0,0,0,0,0,0,0,0,0,0,0,0,1,0,0,0,0,0,0,0,0,0,0,0,0,0,0,6,1,0
C:\projects\MVC_Chef_Game_Application-master\src\sushigame\model\TimedPlateImpl.java,sushigame.model.TimedPlateImpl,class,5,6,1,5,8,1,0,5,0,0.4375,0.78571427,1.0,8,0,8,0,0,0,8,0,0,0,2,0,0,2,0,0,0,0,0,29,7,0,0,0,0,0,0,2,0,2,0,0,0,0,19,1,0
C:\projects\MVC_Chef_Game_Application-master\src\comp401\sushi\Plate.java,comp401.sushi.Plate,interface,3,27,24,3,5,1,0,0,10,0.0,0.0,0.0,5,0,0,0,0,5,5,0,0,0,0,0,0,0,0,0,0,0,0,8,0,0,0,0,0,0,0,0,0,0,0,0,1,0,13,1,0
C:\projects\MVC_Chef_Game_Application-master\src\comp401\sushi\Roll.java,comp401.sushi.Roll,class,2,4,2,2,20,1,0,6,0,0.4375,0.78571427,1.0,8,0,8,0,0,0,8,0,0,0,2,0,0,2,0,0,0,0,0,63,10,6,3,0,3,3,12,12,4,10,2,0,0,0,28,1,0
C:\projects\MVC_Chef_Game_Application-master\src\sushigame\model\Belt.java,sushigame.model.Belt,interface,3,13,10,3,9,1,0,0,36,0.0,0.0,0.0,9,0,0,0,0,9,9,0,0,0,0,0,0,0,0,0,0,0,0,11,0,0,0,0,0,0,0,0,0,0,0,0,0,0,19,1,0
C:\projects\MVC_Chef_Game_Application-master\src\comp401\sushi\SeaweedPortion.java,comp401.sushi.SeaweedPortion,class,5,8,3,5,4,2,0,4,0,0.0,1.0,1.0,2,0,2,0,0,0,2,0,0,0,1,1,0,1,0,0,1,0,0,15,2,0,1,0,0,1,0,1,1,1,1,0,0,0,19,1,0
C:\projects\MVC_Chef_Game_Application-master\src\sushigame\controller\ChefController.java,sushigame.controller.ChefController,interface,1,5,4,1,0,1,0,0,0,0.0,-1.0,-1.0,0,0,0,0,0,0,0,0,0,0,0,0,0,0,0,0,0,0,0,2,0,0,0,0,0,0,0,0,0,0,0,0,0,0,4,1,0
C:\projects\MVC_Chef_Game_Application-master\src\comp401\sushi\Eel.java,comp401.sushi.Eel,class,1,2,1,1,1,2,0,0,0,0.0,NaN,NaN,1,0,1,0,0,0,1,0,0,0,0,0,0,0,0,0,0,0,0,5,0,0,0,0,0,1,2,0,0,0,0,0,0,0,3,1,0
C:\projects\MVC_Chef_Game_Application-master\src\comp401\sushi\TunaPortion.java,comp401.sushi.TunaPortion,class,5,10,5,5,4,2,0,4,0,0.0,1.0,1.0,2,0,2,0,0,0,2,0,0,0,1,1,0,1,0,0,1,0,0,15,2,0,1,0,0,1,0,1,1,1,1,0,0,0,18,1,0
C:\projects\MVC_Chef_Game_Application-master\src\sushigame\model\HistoricalPlate.java,sushigame.model.HistoricalPlate,interface,2,5,3,2,2,1,0,0,1,0.0,0.0,0.0,2,0,0,0,0,2,2,0,0,0,0,0,0,0,0,0,0,0,0,4,0,0,0,0,0,0,0,0,0,0,0,0,0,0,7,1,0
C:\projects\MVC_Chef_Game_Application-master\src\sushigame\model\BeltEvent.java,sushigame.model.BeltEvent,class,1,12,11,1,2,1,2,0,0,0.0,1.0,1.0,2,0,2,0,0,0,2,0,0,0,1,0,0,1,0,0,0,0,0,10,1,0,0,0,0,0,0,1,0,1,0,0,1,0,11,1025,0
C:\projects\MVC_Chef_Game_Application-master\src\comp401\sushi\Sashimi.java,comp401.sushi.Sashimi,class,8,10,2,8,13,1,0,4,0,0.5625,0.53571427,0.53571427,8,0,8,0,0,0,8,0,0,0,2,1,0,2,0,0,0,0,0,45,7,0,0,0,3,1,5,6,5,2,1,0,1,0,36,1,0
C:\projects\MVC_Chef_Game_Application-master\src\comp401\sushi\AvocadoPortion.java,comp401.sushi.AvocadoPortion,class,5,8,3,5,4,2,0,4,0,0.0,1.0,1.0,2,0,2,0,0,0,2,0,0,0,1,1,0,1,0,0,1,0,0,15,2,0,1,0,0,1,0,1,1,1,1,0,0,0,19,1,0
C:\projects\MVC_Chef_Game_Application-master\src\comp401\sushi\IngredientPortionImpl.java,comp401.sushi.IngredientPortionImpl,class,2,10,8,2,11,1,8,6,0,0.4,0.6888889,0.8,10,0,9,0,1,0,10,1,0,0,2,0,0,2,0,0,0,0,0,36,8,0,0,0,0,1,1,2,2,2,1,0,0,0,24,1025,0
C:\projects\MVC_Chef_Game_Application-master\src\comp401\sushi\RicePortion.java,comp401.sushi.RicePortion,class,5,9,4,5,4,2,0,4,0,0.0,1.0,1.0,2,0,2,0,0,0,2,0,0,0,1,1,0,1,0,0,1,0,0,15,2,0,1,0,0,1,0,1,1,1,1,0,0,0,18,1,0
C:\projects\MVC_Chef_Game_Application-master\src\comp401\sushi\Ingredient.java,comp401.sushi.Ingredient,interface,1,13,12,1,8,1,0,0,28,0.0,0.0,0.0,8,0,0,0,0,8,8,0,0,0,0,0,0,0,0,0,0,0,0,10,0,0,0,0,0,0,0,0,0,0,0,0,0,0,14,1,0
C:\projects\MVC_Chef_Game_Application-master\src\comp401\sushi\Tuna.java,comp401.sushi.Tuna,class,1,2,1,1,1,2,0,0,0,0.0,NaN,NaN,1,0,1,0,0,0,1,0,0,0,0,0,0,0,0,0,0,0,0,5,0,0,0,0,0,1,2,0,0,0,0,0,0,0,3,1,0
C:\projects\MVC_Chef_Game_Application-master\src\sushigame\model\RotateEvent.java,sushigame.model.RotateEvent,class,1,2,1,1,1,2,0,0,0,0.0,NaN,NaN,1,0,1,0,0,0,1,0,0,0,0,0,0,0,0,0,0,0,0,5,0,0,0,0,0,0,0,0,0,0,0,0,0,0,3,1,0
C:\projects\MVC_Chef_Game_Application-master\src\comp401\sushi\SalmonPortion.java,comp401.sushi.SalmonPortion,class,5,10,5,5,4,2,0,4,0,0.0,1.0,1.0,2,0,2,0,0,0,2,0,0,0,1,1,0,1,0,0,1,0,0,15,2,0,1,0,0,1,0,1,1,1,1,0,0,0,20,1,0
C:\projects\MVC_Chef_Game_Application-master\src\sushigame\controller\NigiriChefController.java,sushigame.controller.NigiriChefController,class,11,13,2,11,12,1,0,5,4,0.5,1.0,1.0,4,0,2,2,0,0,2,0,0,0,3,0,0,3,0,0,0,0,5,50,5,0,1,2,3,0,2,10,5,7,4,0,0,0,35,1,0
C:\projects\MVC_Chef_Game_Application-master\src\comp401\sushi\BluePlate.java,comp401.sushi.BluePlate,class,3,6,3,3,1,2,0,0,0,0.0,NaN,NaN,1,0,1,0,0,0,1,0,0,0,0,0,0,0,0,0,0,0,0,5,0,0,0,0,0,0,1,0,0,0,0,0,0,0,8,1,0
C:\projects\MVC_Chef_Game_Application-master\src\sushigame\model\BeltFullException.java,sushigame.model.BeltFullException,class,1,2,1,1,2,3,0,0,0,0.0,1.0,1.0,2,0,2,0,0,0,2,0,0,0,1,0,0,1,0,0,0,0,0,9,1,0,0,0,0,0,0,1,0,1,0,0,0,0,5,1,0
C:\projects\MVC_Chef_Game_Application-master\src\comp401\sushi\Avocado.java,comp401.sushi.Avocado,class,1,2,1,1,1,2,0,0,0,0.0,NaN,NaN,1,0,1,0,0,0,1,0,0,0,0,0,0,0,0,0,0,0,0,5,0,0,0,0,0,1,2,0,0,0,0,0,0,0,3,1,0
C:\projects\MVC_Chef_Game_Application-master\src\sushigame\model\ChefImpl.java,sushigame.model.ChefImpl,class,15,17,2,15,23,1,0,17,17,0.71428573,0.34545454,1.0,11,0,11,0,0,0,11,0,0,0,7,0,0,7,0,0,0,0,0,83,8,2,6,0,4,0,6,18,3,12,3,0,0,0,48,1,0
C:\projects\MVC_Chef_Game_Application-master\src\comp401\sushi\Salmon.java,comp401.sushi.Salmon,class,1,2,1,1,1,2,0,0,0,0.0,NaN,NaN,1,0,1,0,0,0,1,0,0,0,0,0,0,0,0,0,0,0,0,5,0,0,0,0,0,1,2,0,0,0,0,0,0,0,3,1,0
C:\projects\MVC_Chef_Game_Application-master\src\sushigame\game\SushiGame.java,sushigame.game.SushiGame,class,3,3,0,3,1,1,0,5,0,0.0,NaN,NaN,1,1,1,0,0,0,1,0,0,0,0,0,0,0,0,0,0,0,0,13,0,0,0,0,0,1,3,4,0,4,0,0,0,0,17,1,0
C:\projects\MVC_Chef_Game_Application-master\src\sushigame\model\InsufficientBalanceException.java,sushigame.model.InsufficientBalanceException,class,0,1,1,0,1,3,0,0,0,0.0,NaN,NaN,1,0,1,0,0,0,1,0,0,0,0,0,0,0,0,0,0,0,0,5,0,0,0,0,0,1,0,0,0,0,0,0,0,0,3,1,0
C:\projects\MVC_Chef_Game_Application-master\src\comp401\sushi\Sushi.java,comp401.sushi.Sushi,interface,1,19,18,1,7,1,0,0,21,0.0,0.0,0.0,7,0,0,0,0,7,7,0,0,0,0,0,0,0,0,0,0,0,0,9,0,0,0,0,0,0,0,0,0,0,0,0,0,0,11,1,0
C:\projects\MVC_Chef_Game_Application-master\src\comp401\sushi\ShrimpPortion.java,comp401.sushi.ShrimpPortion,class,5,10,5,5,4,2,0,4,0,0.0,1.0,1.0,2,0,2,0,0,0,2,0,0,0,1,1,0,1,0,0,1,0,0,15,2,0,1,0,0,1,0,1,1,1,1,0,0,0,20,1,0
C:\projects\MVC_Chef_Game_Application-master\src\sushigame\model\BeltPlateException.java,sushigame.model.BeltPlateException,class,2,3,1,2,4,3,0,0,0,0.5,0.5,1.0,4,0,4,0,0,0,4,0,0,0,3,0,0,3,0,0,0,0,0,19,3,0,0,0,0,0,0,3,0,3,0,0,0,0,10,1,0
C:\projects\MVC_Chef_Game_Application-master\src\comp401\sushi\Nigiri.java,comp401.sushi.Nigiri$NigiriType,enum,0,0,0,0,0,1,0,0,0,0.0,-1.0,-1.0,0,0,0,0,0,0,0,0,0,0,0,0,0,0,0,0,0,0,0,1,0,0,0,0,0,0,0,0,0,0,0,0,0,0,9,1,0
C:\projects\MVC_Chef_Game_Application-master\src\sushigame\model\BeltImpl.java,sushigame.model.BeltImpl,class,15,17,2,15,42,1,0,19,71,0.73611116,0.24242425,0.54545456,18,0,11,6,0,1,12,0,0,0,4,0,0,4,0,0,0,0,0,150,18,6,10,1,3,2,18,28,7,17,4,0,0,0,64,0,0
C:\projects\MVC_Chef_Game_Application-master\src\comp401\sushi\GoldPlate.java,comp401.sushi.GoldPlate,class,4,7,3,4,3,2,0,1,1,0.0,NaN,NaN,2,1,1,1,0,0,1,0,0,0,0,0,0,0,0,0,0,0,1,11,1,0,0,0,0,0,1,0,0,0,1,0,0,0,11,1,0
C:\projects\MVC_Chef_Game_Application-master\src\comp401\sushi\PlateImpl.java,comp401.sushi.PlateImpl,class,6,11,5,6,9,1,4,2,3,0.62500006,0.4,1.0,6,0,6,0,0,0,6,0,0,0,4,0,0,4,0,0,0,0,0,36,5,0,2,0,0,0,0,4,1,4,1,0,0,0,18,1025,0
C:\projects\MVC_Chef_Game_Application-master\src\sushigame\model\PlateConsumedEvent.java,sushigame.model.PlateConsumedEvent,class,2,3,1,2,1,3,0,0,0,0.0,NaN,NaN,1,0,1,0,0,0,1,0,0,0,0,0,0,0,0,0,0,0,0,5,0,0,0,0,0,0,0,0,0,0,0,0,0,0,4,1,0
C:\projects\MVC_Chef_Game_Application-master\src\sushigame\view\RotationRequestListener.java,sushigame.view.RotationRequestListener,interface,0,2,2,0,1,1,0,0,0,0.0,NaN,NaN,1,0,0,0,0,1,1,0,0,0,0,0,0,0,0,0,0,0,0,3,0,0,0,0,0,0,0,0,0,0,0,0,0,0,4,1,0
C:\projects\MVC_Chef_Game_Application-master\src\comp401\sushi\PlatePriceException.java,comp401.sushi.PlatePriceException,class,2,3,1,2,1,3,0,0,0,0.0,NaN,NaN,1,0,1,0,0,0,1,0,0,0,2,0,0,2,0,0,0,0,0,9,0,0,0,0,0,1,0,2,0,2,0,0,0,0,14,1,0
C:\projects\MVC_Chef_Game_Application-master\src\comp401\sushi\Rice.java,comp401.sushi.Rice,class,1,2,1,1,1,2,0,0,0,0.0,NaN,NaN,1,0,1,0,0,0,1,0,0,0,0,0,0,0,0,0,0,0,0,5,0,0,0,0,0,1,2,0,0,0,0,0,0,0,3,1,0
C:\projects\MVC_Chef_Game_Application-master\src\sushigame\controller\RollMakerChefController.java,sushigame.controller.RollMakerChefController,class,16,18,2,16,7,1,0,4,1,0.33333334,1.0,1.0,3,0,2,1,0,0,2,0,0,0,3,0,0,3,0,0,0,0,12,33,3,0,1,2,1,1,4,6,5,5,3,0,0,0,40,1,0
C:\projects\MVC_Chef_Game_Application-master\src\sushigame\model\TimedPlate.java,sushigame.model.TimedPlate,interface,1,3,2,1,2,1,0,0,1,0.0,0.0,0.0,2,0,0,0,0,2,2,0,0,0,0,0,0,0,0,0,0,0,0,4,0,0,0,0,0,0,0,0,0,0,0,0,0,0,6,1,0
C:\projects\MVC_Chef_Game_Application-master\src\sushigame\model\BeltObserver.java,sushigame.model.BeltObserver,interface,1,8,7,1,1,1,0,0,0,0.0,NaN,NaN,1,0,1,0,0,0,1,0,0,0,0,0,0,0,0,0,0,0,0,3,0,0,0,0,0,0,0,0,0,0,0,0,0,0,5,1,0
C:\projects\MVC_Chef_Game_Application-master\src\sushigame\model\HistoricalPlateImpl.java,sushigame.model.HistoricalPlateImpl,class,6,7,1,6,9,1,0,5,0,0.4375,0.64285713,1.0,8,0,8,0,0,0,8,0,0,0,2,0,0,2,0,0,0,0,0,29,7,0,1,0,1,0,0,2,0,2,0,0,0,0,19,1,0
C:\projects\MVC_Chef_Game_Application-master\src\comp401\sushi\Sashimi.java,comp401.sushi.Sashimi$SashimiType,enum,0,0,0,0,0,1,0,0,0,0.0,-1.0,-1.0,0,0,0,0,0,0,0,0,0,0,0,0,0,0,0,0,0,0,0,1,0,0,0,0,0,0,0,0,0,0,0,0,0,0,9,1,0
C:\projects\MVC_Chef_Game_Application-master\src\sushigame\view\BeltView.java,sushigame.view.BeltView,class,9,11,2,9,30,5,0,32,8,0.6,0.0,0.0,5,0,3,1,1,0,4,0,0,0,2,0,0,2,0,0,0,0,3,123,2,4,7,0,6,23,34,29,9,26,4,0,0,0,89,1,0
C:\projects\MVC_Chef_Game_Application-master\src\comp401\sushi\GreenPlate.java,comp401.sushi.GreenPlate,class,3,6,3,3,1,2,0,0,0,0.0,NaN,NaN,1,0,1,0,0,0,1,0,0,0,0,0,0,0,0,0,0,0,0,5,0,0,0,0,0,0,1,0,0,0,0,0,0,0,8,1,0
C:\projects\MVC_Chef_Game_Application-master\src\sushigame\controller\PlayerChefController.java,sushigame.controller.PlayerChefController,class,10,12,2,10,14,1,0,4,0,0.0,1.0,1.0,6,0,5,1,0,0,5,0,0,0,2,0,0,2,0,0,0,0,0,61,0,0,0,5,0,7,0,6,0,6,1,0,0,0,44,1,0
C:\projects\MVC_Chef_Game_Application-master\src\sushigame\model\Chef.java,sushigame.model.Chef,interface,2,20,18,2,9,1,0,0,36,0.0,0.0,0.0,9,0,0,0,0,9,9,0,0,0,0,0,0,0,0,0,0,0,0,11,0,0,0,0,0,0,0,0,0,0,0,0,0,0,25,1,0
C:\projects\MVC_Chef_Game_Application-master\src\comp401\sushi\CrabPortion.java,comp401.sushi.CrabPortion,class,5,10,5,5,4,2,0,4,0,0.0,1.0,1.0,2,0,2,0,0,0,2,0,0,0,1,1,0,1,0,0,1,0,0,15,2,0,1,0,0,1,0,1,1,1,1,0,0,0,18,1,0
C:\projects\MVC_Chef_Game_Application-master\src\sushigame\controller\SashimiChefController.java,sushigame.controller.SashimiChefController,class,11,13,2,11,12,1,0,5,4,0.5,1.0,1.0,4,0,2,2,0,0,2,0,0,0,3,0,0,3,0,0,0,0,5,50,5,0,1,2,3,0,2,10,5,7,4,0,0,0,35,1,0
C:\projects\MVC_Chef_Game_Application-master\src\comp401\sushi\Crab.java,comp401.sushi.Crab,class,1,2,1,1,1,2,0,0,0,0.0,NaN,NaN,1,0,1,0,0,0,1,0,0,0,0,0,0,0,0,0,0,0,0,5,0,0,0,0,0,1,2,0,0,0,0,0,0,0,3,1,0
C:\projects\MVC_Chef_Game_Application-master\src\comp401\sushi\EelPortion.java,comp401.sushi.EelPortion,class,5,10,5,5,4,2,0,4,0,0.0,1.0,1.0,2,0,2,0,0,0,2,0,0,0,1,1,0,1,0,0,1,0,0,15,2,0,1,0,0,1,0,1,1,1,1,0,0,0,16,1,0
C:\projects\MVC_Chef_Game_Application-master\src\sushigame\view\ChefViewListener.java,sushigame.view.ChefViewListener,interface,1,4,3,1,4,1,0,0,6,0.0,0.0,0.0,4,0,0,0,0,4,4,0,0,0,0,0,0,0,0,0,0,0,0,6,0,0,0,0,0,0,0,0,0,0,0,0,0,0,14,1,0
C:\projects\MVC_Chef_Game_Application-master\src\sushigame\view\HighToLowBalanceComparator.java,sushigame.view.HighToLowBalanceComparator,class,1,2,1,1,5,1,0,4,0,0.0,1.0,1.0,2,0,2,0,0,0,2,0,0,0,1,0,0,1,0,0,0,0,8,18,4,0,0,0,4,3,8,1,12,1,1,0,0,0,10,1,0
C:\projects\MVC_Chef_Game_Application-master\src\comp401\sushi\Nigiri.java,comp401.sushi.Nigiri,class,9,11,2,9,13,1,0,4,0,0.625,0.53571427,0.53571427,8,0,8,0,0,0,8,0,0,0,4,2,0,4,0,0,0,0,0,48,7,0,0,0,4,1,6,8,6,4,1,0,1,0,41,1,0
C:\projects\MVC_Chef_Game_Application-master\src\sushigame\model\PlatePlacedEvent.java,sushigame.model.PlatePlacedEvent,class,2,3,1,2,1,3,0,0,0,0.0,NaN,NaN,1,0,1,0,0,0,1,0,0,0,0,0,0,0,0,0,0,0,0,5,0,0,0,0,0,0,0,0,0,0,0,0,0,0,4,1,0
C:\projects\MVC_Chef_Game_Application-master\src\sushigame\view\PlateViewWidget.java,sushigame.view.PlateViewWidget,class,3,5,2,3,13,5,0,10,56,0.85,0.07575758,0.10606061,12,0,11,0,1,0,12,0,0,0,5,0,0,5,0,0,0,0,1,54,5,0,1,0,0,3,0,8,1,7,1,0,0,0,40,1,0
C:\projects\MVC_Chef_Game_Application-master\src\comp401\sushi\IngredientPortion.java,comp401.sushi.IngredientPortion,interface,2,20,18,2,9,1,0,0,36,0.0,0.0,0.0,9,0,0,0,0,9,9,0,0,0,0,0,0,0,0,0,0,0,0,11,0,0,0,0,0,0,0,0,0,0,0,0,0,0,13,1,0
C:\projects\MVC_Chef_Game_Application-master\src\sushigame\model\AlreadyPlacedThisRotationException.java,sushigame.model.AlreadyPlacedThisRotationException,class,0,1,1,0,0,3,0,0,0,0.0,-1.0,-1.0,0,0,0,0,0,0,0,0,0,0,0,0,0,0,0,0,0,0,0,2,0,0,0,0,0,0,0,0,0,0,0,0,0,0,5,1,0
C:\projects\MVC_Chef_Game_Application-master\src\sushigame\model\RandomCustomer.java,sushigame.model.RandomCustomer,class,2,3,1,2,3,1,0,1,0,0.0,1.0,1.0,2,0,2,0,0,0,2,0,0,0,1,0,0,1,0,0,0,0,1,9,1,0,0,0,1,0,0,1,0,1,0,0,0,0,6,1,0
C:\projects\MVC_Chef_Game_Application-master\src\sushigame\view\PlayerChefView.java,sushigame.view.PlayerChefView,class,15,17,2,15,62,5,0,31,0,0.70238096,0.6666667,1.0,7,0,3,4,0,0,3,0,0,0,12,0,0,12,0,0,0,0,15,346,0,16,4,0,2,83,60,78,5,54,3,0,0,0,116,1,0
C:\projects\MVC_Chef_Game_Application-master\src\sushigame\model\Customer.java,sushigame.model.Customer,interface,1,8,7,1,1,1,0,0,0,0.0,NaN,NaN,1,0,0,0,0,1,1,0,0,0,0,0,0,0,0,0,0,0,0,3,0,0,0,0,0,0,0,0,0,0,0,0,0,0,4,1,0
C:\projects\MVC_Chef_Game_Application-master\src\sushigame\view\ScoreboardWidget.java,sushigame.view.ScoreboardWidget,class,7,9,2,7,20,5,0,27,1,0.69047624,0.4,0.4,7,0,5,1,1,0,6,0,0,0,6,0,0,6,0,0,0,0,5,119,3,5,2,0,0,67,16,29,22,18,2,0,0,0,103,1,0
C:\projects\MVC_Chef_Game_Application-master\src\sushigame\model\SushiGameModel.java,sushigame.model.SushiGameModel,class,6,10,4,6,8,1,0,3,0,0.6,0.5,1.0,4,0,4,0,0,0,4,0,0,0,5,0,0,5,0,0,1,0,1,37,3,2,0,0,0,4,5,11,2,8,1,0,0,0,45,1,0
C:\projects\MVC_Chef_Game_Application-master\src\sushigame\model\BeltEvent.java,sushigame.model.BeltEvent$EventType,enum,0,0,0,0,0,1,0,0,0,0.0,-1.0,-1.0,0,0,0,0,0,0,0,0,0,0,0,0,0,0,0,0,0,0,0,1,0,0,0,0,0,0,0,0,0,0,0,0,0,0,8,1,0
C:\projects\MVC_Chef_Game_Application-master\src\sushigame\view\SushiGameView.java,sushigame.view.SushiGameView,class,9,12,3,9,10,5,0,16,5,0.6428572,0.3809524,1.0,7,0,7,0,0,0,7,0,0,0,4,0,0,3,0,1,0,0,0,50,0,1,1,0,0,5,2,7,0,7,2,0,0,0,52,1,0
