file,class,method,variable,usage
C:\projects\MVC_Chef_Game_Application-master\src\sushigame\model\PlateEvent.java,sushigame.model.PlateEvent,getPosition/0,position,1
C:\projects\MVC_Chef_Game_Application-master\src\sushigame\model\PlateEvent.java,sushigame.model.PlateEvent,getPlate/0,plate,1
C:\projects\MVC_Chef_Game_Application-master\src\sushigame\model\PlateEvent.java,sushigame.model.PlateEvent,"PlateEvent/3[sushigame.model.BeltEvent.EventType,comp401.sushi.Plate,int]",plate,3
C:\projects\MVC_Chef_Game_Application-master\src\sushigame\model\PlateEvent.java,sushigame.model.PlateEvent,"PlateEvent/3[sushigame.model.BeltEvent.EventType,comp401.sushi.Plate,int]",position,3
C:\projects\MVC_Chef_Game_Application-master\src\sushigame\controller\SushiGameController.java,sushigame.controller.SushiGameController,handleRotationRequest/0,belt,1
C:\projects\MVC_Chef_Game_Application-master\src\sushigame\controller\SushiGameController.java,sushigame.controller.SushiGameController,"SushiGameController/2[sushigame.model.SushiGameModel,sushigame.view.SushiGameView]",belt,5
C:\projects\MVC_Chef_Game_Application-master\src\comp401\sushi\IngredientImpl.java,comp401.sushi.IngredientImpl,getIsVegetarian/0,is_vegetarian,1
C:\projects\MVC_Chef_Game_Application-master\src\comp401\sushi\IngredientImpl.java,comp401.sushi.IngredientImpl,getCaloriesPerDollar/0,price,1
C:\projects\MVC_Chef_Game_Application-master\src\comp401\sushi\IngredientImpl.java,comp401.sushi.IngredientImpl,getCaloriesPerDollar/0,calories,1
C:\projects\MVC_Chef_Game_Application-master\src\comp401\sushi\IngredientImpl.java,comp401.sushi.IngredientImpl,getIsRice/0,is_rice,1
C:\projects\MVC_Chef_Game_Application-master\src\comp401\sushi\IngredientImpl.java,comp401.sushi.IngredientImpl,"IngredientImpl/6[java.lang.String,double,int,boolean,boolean,boolean]",is_vegetarian,3
C:\projects\MVC_Chef_Game_Application-master\src\comp401\sushi\IngredientImpl.java,comp401.sushi.IngredientImpl,"IngredientImpl/6[java.lang.String,double,int,boolean,boolean,boolean]",is_rice,3
C:\projects\MVC_Chef_Game_Application-master\src\comp401\sushi\IngredientImpl.java,comp401.sushi.IngredientImpl,"IngredientImpl/6[java.lang.String,double,int,boolean,boolean,boolean]",price,3
C:\projects\MVC_Chef_Game_Application-master\src\comp401\sushi\IngredientImpl.java,comp401.sushi.IngredientImpl,"IngredientImpl/6[java.lang.String,double,int,boolean,boolean,boolean]",is_shellfish,3
C:\projects\MVC_Chef_Game_Application-master\src\comp401\sushi\IngredientImpl.java,comp401.sushi.IngredientImpl,"IngredientImpl/6[java.lang.String,double,int,boolean,boolean,boolean]",name,3
C:\projects\MVC_Chef_Game_Application-master\src\comp401\sushi\IngredientImpl.java,comp401.sushi.IngredientImpl,"IngredientImpl/6[java.lang.String,double,int,boolean,boolean,boolean]",calories,3
C:\projects\MVC_Chef_Game_Application-master\src\comp401\sushi\IngredientImpl.java,comp401.sushi.IngredientImpl,getName/0,name,1
C:\projects\MVC_Chef_Game_Application-master\src\comp401\sushi\IngredientImpl.java,comp401.sushi.IngredientImpl,getPricePerOunce/0,price,1
C:\projects\MVC_Chef_Game_Application-master\src\comp401\sushi\IngredientImpl.java,comp401.sushi.IngredientImpl,getIsShellfish/0,is_shellfish,1
C:\projects\MVC_Chef_Game_Application-master\src\comp401\sushi\IngredientImpl.java,comp401.sushi.IngredientImpl,getCaloriesPerOunce/0,calories,1
C:\projects\MVC_Chef_Game_Application-master\src\sushigame\model\TimedPlateImpl.java,sushigame.model.TimedPlateImpl,getContents/0,original,1
C:\projects\MVC_Chef_Game_Application-master\src\sushigame\model\TimedPlateImpl.java,sushigame.model.TimedPlateImpl,"TimedPlateImpl/2[comp401.sushi.Plate,int]",original,1
C:\projects\MVC_Chef_Game_Application-master\src\sushigame\model\TimedPlateImpl.java,sushigame.model.TimedPlateImpl,"TimedPlateImpl/2[comp401.sushi.Plate,int]",incept_date,1
C:\projects\MVC_Chef_Game_Application-master\src\sushigame\model\TimedPlateImpl.java,sushigame.model.TimedPlateImpl,getPrice/0,original,1
C:\projects\MVC_Chef_Game_Application-master\src\sushigame\model\TimedPlateImpl.java,sushigame.model.TimedPlateImpl,getChef/0,original,1
C:\projects\MVC_Chef_Game_Application-master\src\sushigame\model\TimedPlateImpl.java,sushigame.model.TimedPlateImpl,getProfit/0,original,1
C:\projects\MVC_Chef_Game_Application-master\src\sushigame\model\TimedPlateImpl.java,sushigame.model.TimedPlateImpl,getInceptDate/0,incept_date,1
C:\projects\MVC_Chef_Game_Application-master\src\sushigame\model\TimedPlateImpl.java,sushigame.model.TimedPlateImpl,getColor/0,original,1
C:\projects\MVC_Chef_Game_Application-master\src\sushigame\model\TimedPlateImpl.java,sushigame.model.TimedPlateImpl,getOriginal/0,original,1
C:\projects\MVC_Chef_Game_Application-master\src\comp401\sushi\Roll.java,comp401.sushi.Roll,getCost/0,roll_ingredients,1
C:\projects\MVC_Chef_Game_Application-master\src\comp401\sushi\Roll.java,comp401.sushi.Roll,getHasShellfish/0,roll_ingredients,1
C:\projects\MVC_Chef_Game_Application-master\src\comp401\sushi\Roll.java,comp401.sushi.Roll,getCalories/0,roll_ingredients,1
C:\projects\MVC_Chef_Game_Application-master\src\comp401\sushi\Roll.java,comp401.sushi.Roll,getHasRice/0,roll_ingredients,1
C:\projects\MVC_Chef_Game_Application-master\src\comp401\sushi\Roll.java,comp401.sushi.Roll,getIsVegetarian/0,roll_ingredients,1
C:\projects\MVC_Chef_Game_Application-master\src\comp401\sushi\Roll.java,comp401.sushi.Roll,getName/0,name,1
C:\projects\MVC_Chef_Game_Application-master\src\comp401\sushi\Roll.java,comp401.sushi.Roll,getIngredients/0,roll_ingredients,1
C:\projects\MVC_Chef_Game_Application-master\src\comp401\sushi\Roll.java,comp401.sushi.Roll,"Roll/2[java.lang.String,comp401.sushi.IngredientPortion[]]",roll_ingredients,5
C:\projects\MVC_Chef_Game_Application-master\src\comp401\sushi\Roll.java,comp401.sushi.Roll,"Roll/2[java.lang.String,comp401.sushi.IngredientPortion[]]",name,4
C:\projects\MVC_Chef_Game_Application-master\src\comp401\sushi\SeaweedPortion.java,comp401.sushi.SeaweedPortion,combine/1[comp401.sushi.IngredientPortion],SEAWEED,1
C:\projects\MVC_Chef_Game_Application-master\src\comp401\sushi\SeaweedPortion.java,comp401.sushi.SeaweedPortion,SeaweedPortion/1[double],SEAWEED,1
C:\projects\MVC_Chef_Game_Application-master\src\comp401\sushi\TunaPortion.java,comp401.sushi.TunaPortion,combine/1[comp401.sushi.IngredientPortion],TUNA,1
C:\projects\MVC_Chef_Game_Application-master\src\comp401\sushi\TunaPortion.java,comp401.sushi.TunaPortion,TunaPortion/1[double],TUNA,1
C:\projects\MVC_Chef_Game_Application-master\src\sushigame\model\BeltEvent.java,sushigame.model.BeltEvent,BeltEvent/1[sushigame.model.BeltEvent.EventType],type,3
C:\projects\MVC_Chef_Game_Application-master\src\sushigame\model\BeltEvent.java,sushigame.model.BeltEvent,getType/0,type,1
C:\projects\MVC_Chef_Game_Application-master\src\comp401\sushi\Sashimi.java,comp401.sushi.Sashimi,getName/0,seafood,1
C:\projects\MVC_Chef_Game_Application-master\src\comp401\sushi\Sashimi.java,comp401.sushi.Sashimi,getIngredients/0,seafood,1
C:\projects\MVC_Chef_Game_Application-master\src\comp401\sushi\Sashimi.java,comp401.sushi.Sashimi,getCost/0,seafood,1
C:\projects\MVC_Chef_Game_Application-master\src\comp401\sushi\Sashimi.java,comp401.sushi.Sashimi,Sashimi/1[comp401.sushi.Sashimi.SashimiType],seafood,5
C:\projects\MVC_Chef_Game_Application-master\src\comp401\sushi\Sashimi.java,comp401.sushi.Sashimi,Sashimi/1[comp401.sushi.Sashimi.SashimiType],SASHIMI_PORTION_AMOUNT,5
C:\projects\MVC_Chef_Game_Application-master\src\comp401\sushi\Sashimi.java,comp401.sushi.Sashimi,getCalories/0,seafood,1
C:\projects\MVC_Chef_Game_Application-master\src\comp401\sushi\Sashimi.java,comp401.sushi.Sashimi,getHasShellfish/0,seafood,1
C:\projects\MVC_Chef_Game_Application-master\src\comp401\sushi\AvocadoPortion.java,comp401.sushi.AvocadoPortion,AvocadoPortion/1[double],AVOCADO,1
C:\projects\MVC_Chef_Game_Application-master\src\comp401\sushi\AvocadoPortion.java,comp401.sushi.AvocadoPortion,combine/1[comp401.sushi.IngredientPortion],AVOCADO,1
C:\projects\MVC_Chef_Game_Application-master\src\comp401\sushi\IngredientPortionImpl.java,comp401.sushi.IngredientPortionImpl,getIngredient/0,ingredient,1
C:\projects\MVC_Chef_Game_Application-master\src\comp401\sushi\IngredientPortionImpl.java,comp401.sushi.IngredientPortionImpl,getCalories/0,amount,1
C:\projects\MVC_Chef_Game_Application-master\src\comp401\sushi\IngredientPortionImpl.java,comp401.sushi.IngredientPortionImpl,getCalories/0,ingredient,1
C:\projects\MVC_Chef_Game_Application-master\src\comp401\sushi\IngredientPortionImpl.java,comp401.sushi.IngredientPortionImpl,getIsRice/0,ingredient,1
C:\projects\MVC_Chef_Game_Application-master\src\comp401\sushi\IngredientPortionImpl.java,comp401.sushi.IngredientPortionImpl,getIsVegetarian/0,ingredient,1
C:\projects\MVC_Chef_Game_Application-master\src\comp401\sushi\IngredientPortionImpl.java,comp401.sushi.IngredientPortionImpl,getAmount/0,amount,1
C:\projects\MVC_Chef_Game_Application-master\src\comp401\sushi\IngredientPortionImpl.java,comp401.sushi.IngredientPortionImpl,getName/0,ingredient,1
C:\projects\MVC_Chef_Game_Application-master\src\comp401\sushi\IngredientPortionImpl.java,comp401.sushi.IngredientPortionImpl,getCost/0,amount,1
C:\projects\MVC_Chef_Game_Application-master\src\comp401\sushi\IngredientPortionImpl.java,comp401.sushi.IngredientPortionImpl,getCost/0,ingredient,1
C:\projects\MVC_Chef_Game_Application-master\src\comp401\sushi\IngredientPortionImpl.java,comp401.sushi.IngredientPortionImpl,getIsShellfish/0,ingredient,1
C:\projects\MVC_Chef_Game_Application-master\src\comp401\sushi\IngredientPortionImpl.java,comp401.sushi.IngredientPortionImpl,"IngredientPortionImpl/2[double,comp401.sushi.Ingredient]",amount,4
C:\projects\MVC_Chef_Game_Application-master\src\comp401\sushi\IngredientPortionImpl.java,comp401.sushi.IngredientPortionImpl,"IngredientPortionImpl/2[double,comp401.sushi.Ingredient]",ingredient,3
C:\projects\MVC_Chef_Game_Application-master\src\comp401\sushi\RicePortion.java,comp401.sushi.RicePortion,combine/1[comp401.sushi.IngredientPortion],RICE,1
C:\projects\MVC_Chef_Game_Application-master\src\comp401\sushi\RicePortion.java,comp401.sushi.RicePortion,RicePortion/1[double],RICE,1
C:\projects\MVC_Chef_Game_Application-master\src\comp401\sushi\SalmonPortion.java,comp401.sushi.SalmonPortion,combine/1[comp401.sushi.IngredientPortion],SALMON,1
C:\projects\MVC_Chef_Game_Application-master\src\comp401\sushi\SalmonPortion.java,comp401.sushi.SalmonPortion,SalmonPortion/1[double],SALMON,1
C:\projects\MVC_Chef_Game_Application-master\src\sushigame\controller\NigiriChefController.java,sushigame.controller.NigiriChefController,handleBeltEvent/1[sushigame.model.BeltEvent],makeFrequency,1
C:\projects\MVC_Chef_Game_Application-master\src\sushigame\controller\NigiriChefController.java,sushigame.controller.NigiriChefController,handleBeltEvent/1[sushigame.model.BeltEvent],chef,4
C:\projects\MVC_Chef_Game_Application-master\src\sushigame\controller\NigiriChefController.java,sushigame.controller.NigiriChefController,handleBeltEvent/1[sushigame.model.BeltEvent],belt_size,1
C:\projects\MVC_Chef_Game_Application-master\src\sushigame\controller\NigiriChefController.java,sushigame.controller.NigiriChefController,"NigiriChefController/2[sushigame.model.Chef,int]",makeFrequency,1
C:\projects\MVC_Chef_Game_Application-master\src\sushigame\controller\NigiriChefController.java,sushigame.controller.NigiriChefController,"NigiriChefController/2[sushigame.model.Chef,int]",chef,1
C:\projects\MVC_Chef_Game_Application-master\src\sushigame\controller\NigiriChefController.java,sushigame.controller.NigiriChefController,"NigiriChefController/2[sushigame.model.Chef,int]",belt_size,3
C:\projects\MVC_Chef_Game_Application-master\src\sushigame\model\BeltFullException.java,sushigame.model.BeltFullException,BeltFullException/1[sushigame.model.Belt],belt,3
C:\projects\MVC_Chef_Game_Application-master\src\sushigame\model\BeltFullException.java,sushigame.model.BeltFullException,getBelt/0,belt,1
C:\projects\MVC_Chef_Game_Application-master\src\sushigame\model\ChefImpl.java,sushigame.model.ChefImpl,"makeAndPlacePlate/2[comp401.sushi.Plate,int]",already_placed_this_rotation,2
C:\projects\MVC_Chef_Game_Application-master\src\sushigame\model\ChefImpl.java,sushigame.model.ChefImpl,"makeAndPlacePlate/2[comp401.sushi.Plate,int]",balance,3
C:\projects\MVC_Chef_Game_Application-master\src\sushigame\model\ChefImpl.java,sushigame.model.ChefImpl,"makeAndPlacePlate/2[comp401.sushi.Plate,int]",belt,1
C:\projects\MVC_Chef_Game_Application-master\src\sushigame\model\ChefImpl.java,sushigame.model.ChefImpl,getFoodSpoiledAmount/0,spoiledFoodAmount,1
C:\projects\MVC_Chef_Game_Application-master\src\sushigame\model\ChefImpl.java,sushigame.model.ChefImpl,"ChefImpl/3[java.lang.String,double,sushigame.model.ChefsBelt]",already_placed_this_rotation,1
C:\projects\MVC_Chef_Game_Application-master\src\sushigame\model\ChefImpl.java,sushigame.model.ChefImpl,"ChefImpl/3[java.lang.String,double,sushigame.model.ChefsBelt]",balance,1
C:\projects\MVC_Chef_Game_Application-master\src\sushigame\model\ChefImpl.java,sushigame.model.ChefImpl,"ChefImpl/3[java.lang.String,double,sushigame.model.ChefsBelt]",belt,4
C:\projects\MVC_Chef_Game_Application-master\src\sushigame\model\ChefImpl.java,sushigame.model.ChefImpl,"ChefImpl/3[java.lang.String,double,sushigame.model.ChefsBelt]",name,3
C:\projects\MVC_Chef_Game_Application-master\src\sushigame\model\ChefImpl.java,sushigame.model.ChefImpl,"ChefImpl/3[java.lang.String,double,sushigame.model.ChefsBelt]",plate_history,1
C:\projects\MVC_Chef_Game_Application-master\src\sushigame\model\ChefImpl.java,sushigame.model.ChefImpl,getPlateHistory/0,plate_history,1
C:\projects\MVC_Chef_Game_Application-master\src\sushigame\model\ChefImpl.java,sushigame.model.ChefImpl,getBalance/0,balance,1
C:\projects\MVC_Chef_Game_Application-master\src\sushigame\model\ChefImpl.java,sushigame.model.ChefImpl,getPlateHistory/1[int],plate_history,6
C:\projects\MVC_Chef_Game_Application-master\src\sushigame\model\ChefImpl.java,sushigame.model.ChefImpl,handleBeltEvent/1[sushigame.model.BeltEvent],already_placed_this_rotation,1
C:\projects\MVC_Chef_Game_Application-master\src\sushigame\model\ChefImpl.java,sushigame.model.ChefImpl,handleBeltEvent/1[sushigame.model.BeltEvent],balance,1
C:\projects\MVC_Chef_Game_Application-master\src\sushigame\model\ChefImpl.java,sushigame.model.ChefImpl,handleBeltEvent/1[sushigame.model.BeltEvent],belt,1
C:\projects\MVC_Chef_Game_Application-master\src\sushigame\model\ChefImpl.java,sushigame.model.ChefImpl,handleBeltEvent/1[sushigame.model.BeltEvent],spoiledFoodAmount,1
C:\projects\MVC_Chef_Game_Application-master\src\sushigame\model\ChefImpl.java,sushigame.model.ChefImpl,handleBeltEvent/1[sushigame.model.BeltEvent],plate_history,2
C:\projects\MVC_Chef_Game_Application-master\src\sushigame\model\ChefImpl.java,sushigame.model.ChefImpl,handleBeltEvent/1[sushigame.model.BeltEvent],consumedFoodAmount,1
C:\projects\MVC_Chef_Game_Application-master\src\sushigame\model\ChefImpl.java,sushigame.model.ChefImpl,setName/1[java.lang.String],name,1
C:\projects\MVC_Chef_Game_Application-master\src\sushigame\model\ChefImpl.java,sushigame.model.ChefImpl,getName/0,name,1
C:\projects\MVC_Chef_Game_Application-master\src\sushigame\model\ChefImpl.java,sushigame.model.ChefImpl,alreadyPlacedThisRotation/0,already_placed_this_rotation,1
C:\projects\MVC_Chef_Game_Application-master\src\sushigame\model\ChefImpl.java,sushigame.model.ChefImpl,getFoodConsumedAmount/0,consumedFoodAmount,1
C:\projects\MVC_Chef_Game_Application-master\src\comp401\sushi\ShrimpPortion.java,comp401.sushi.ShrimpPortion,combine/1[comp401.sushi.IngredientPortion],SHRIMP,1
C:\projects\MVC_Chef_Game_Application-master\src\comp401\sushi\ShrimpPortion.java,comp401.sushi.ShrimpPortion,ShrimpPortion/1[double],SHRIMP,1
C:\projects\MVC_Chef_Game_Application-master\src\sushigame\model\BeltPlateException.java,sushigame.model.BeltPlateException,"BeltPlateException/3[int,comp401.sushi.Plate,sushigame.model.Belt]",belt,3
C:\projects\MVC_Chef_Game_Application-master\src\sushigame\model\BeltPlateException.java,sushigame.model.BeltPlateException,"BeltPlateException/3[int,comp401.sushi.Plate,sushigame.model.Belt]",plate,2
C:\projects\MVC_Chef_Game_Application-master\src\sushigame\model\BeltPlateException.java,sushigame.model.BeltPlateException,"BeltPlateException/3[int,comp401.sushi.Plate,sushigame.model.Belt]",position,3
C:\projects\MVC_Chef_Game_Application-master\src\sushigame\model\BeltPlateException.java,sushigame.model.BeltPlateException,getPosition/0,position,1
C:\projects\MVC_Chef_Game_Application-master\src\sushigame\model\BeltPlateException.java,sushigame.model.BeltPlateException,getBelt/0,belt,1
C:\projects\MVC_Chef_Game_Application-master\src\sushigame\model\BeltPlateException.java,sushigame.model.BeltPlateException,getPlateToSet/0,plate,1
C:\projects\MVC_Chef_Game_Application-master\src\sushigame\model\BeltImpl.java,sushigame.model.BeltImpl,getPlateAtPosition/1[int],belt,2
C:\projects\MVC_Chef_Game_Application-master\src\sushigame\model\BeltImpl.java,sushigame.model.BeltImpl,BeltImpl/1[int],belt,1
C:\projects\MVC_Chef_Game_Application-master\src\sushigame\model\BeltImpl.java,sushigame.model.BeltImpl,BeltImpl/1[int],belt_observers,1
C:\projects\MVC_Chef_Game_Application-master\src\sushigame\model\BeltImpl.java,sushigame.model.BeltImpl,BeltImpl/1[int],rotation_count,1
C:\projects\MVC_Chef_Game_Application-master\src\sushigame\model\BeltImpl.java,sushigame.model.BeltImpl,BeltImpl/1[int],customers,1
C:\projects\MVC_Chef_Game_Application-master\src\sushigame\model\BeltImpl.java,sushigame.model.BeltImpl,"setPlateAtPosition/2[comp401.sushi.Plate,int]",belt,2
C:\projects\MVC_Chef_Game_Application-master\src\sushigame\model\BeltImpl.java,sushigame.model.BeltImpl,clearPlateAtPosition/1[int],belt,1
C:\projects\MVC_Chef_Game_Application-master\src\sushigame\model\BeltImpl.java,sushigame.model.BeltImpl,notifyBeltObservers/1[sushigame.model.BeltEvent],belt_observers,1
C:\projects\MVC_Chef_Game_Application-master\src\sushigame\model\BeltImpl.java,sushigame.model.BeltImpl,getRotationCount/0,rotation_count,1
C:\projects\MVC_Chef_Game_Application-master\src\sushigame\model\BeltImpl.java,sushigame.model.BeltImpl,getCustomerAtPosition/1[int],customers,1
C:\projects\MVC_Chef_Game_Application-master\src\sushigame\model\BeltImpl.java,sushigame.model.BeltImpl,plateAtPositionIsSpoiled/1[int],belt,1
C:\projects\MVC_Chef_Game_Application-master\src\sushigame\model\BeltImpl.java,sushigame.model.BeltImpl,getAgeOfPlateAtPosition/1[int],belt,2
C:\projects\MVC_Chef_Game_Application-master\src\sushigame\model\BeltImpl.java,sushigame.model.BeltImpl,"setCustomerAtPosition/2[sushigame.model.Customer,int]",customers,1
C:\projects\MVC_Chef_Game_Application-master\src\sushigame\model\BeltImpl.java,sushigame.model.BeltImpl,rotate/0,belt,4
C:\projects\MVC_Chef_Game_Application-master\src\sushigame\model\BeltImpl.java,sushigame.model.BeltImpl,rotate/0,rotation_count,1
C:\projects\MVC_Chef_Game_Application-master\src\sushigame\model\BeltImpl.java,sushigame.model.BeltImpl,rotate/0,customers,2
C:\projects\MVC_Chef_Game_Application-master\src\sushigame\model\BeltImpl.java,sushigame.model.BeltImpl,registerBeltObserver/1[sushigame.model.BeltObserver],belt_observers,1
C:\projects\MVC_Chef_Game_Application-master\src\sushigame\model\BeltImpl.java,sushigame.model.BeltImpl,unregisterBeltObserver/1[sushigame.model.BeltObserver],belt_observers,1
C:\projects\MVC_Chef_Game_Application-master\src\comp401\sushi\PlateImpl.java,comp401.sushi.PlateImpl,getPrice/0,price,1
C:\projects\MVC_Chef_Game_Application-master\src\comp401\sushi\PlateImpl.java,comp401.sushi.PlateImpl,getContents/0,contents,1
C:\projects\MVC_Chef_Game_Application-master\src\comp401\sushi\PlateImpl.java,comp401.sushi.PlateImpl,getColor/0,color,1
C:\projects\MVC_Chef_Game_Application-master\src\comp401\sushi\PlateImpl.java,comp401.sushi.PlateImpl,getChef/0,chef,1
C:\projects\MVC_Chef_Game_Application-master\src\comp401\sushi\PlateImpl.java,comp401.sushi.PlateImpl,getProfit/0,contents,1
C:\projects\MVC_Chef_Game_Application-master\src\comp401\sushi\PlateImpl.java,comp401.sushi.PlateImpl,"PlateImpl/4[sushigame.model.Chef,comp401.sushi.Sushi,double,comp401.sushi.Plate.Color]",color,3
C:\projects\MVC_Chef_Game_Application-master\src\comp401\sushi\PlateImpl.java,comp401.sushi.PlateImpl,"PlateImpl/4[sushigame.model.Chef,comp401.sushi.Sushi,double,comp401.sushi.Plate.Color]",contents,1
C:\projects\MVC_Chef_Game_Application-master\src\comp401\sushi\PlateImpl.java,comp401.sushi.PlateImpl,"PlateImpl/4[sushigame.model.Chef,comp401.sushi.Sushi,double,comp401.sushi.Plate.Color]",price,4
C:\projects\MVC_Chef_Game_Application-master\src\comp401\sushi\PlateImpl.java,comp401.sushi.PlateImpl,"PlateImpl/4[sushigame.model.Chef,comp401.sushi.Sushi,double,comp401.sushi.Plate.Color]",chef,4
C:\projects\MVC_Chef_Game_Application-master\src\comp401\sushi\PlatePriceException.java,comp401.sushi.PlatePriceException,"PlatePriceException/2[comp401.sushi.Plate,comp401.sushi.Sushi]",sushi,1
C:\projects\MVC_Chef_Game_Application-master\src\comp401\sushi\PlatePriceException.java,comp401.sushi.PlatePriceException,"PlatePriceException/2[comp401.sushi.Plate,comp401.sushi.Sushi]",plate,1
C:\projects\MVC_Chef_Game_Application-master\src\sushigame\controller\RollMakerChefController.java,sushigame.controller.RollMakerChefController,handleBeltEvent/1[sushigame.model.BeltEvent],makeFrequency,1
C:\projects\MVC_Chef_Game_Application-master\src\sushigame\controller\RollMakerChefController.java,sushigame.controller.RollMakerChefController,handleBeltEvent/1[sushigame.model.BeltEvent],chef,2
C:\projects\MVC_Chef_Game_Application-master\src\sushigame\controller\RollMakerChefController.java,sushigame.controller.RollMakerChefController,handleBeltEvent/1[sushigame.model.BeltEvent],belt_size,1
C:\projects\MVC_Chef_Game_Application-master\src\sushigame\controller\RollMakerChefController.java,sushigame.controller.RollMakerChefController,"RollMakerChefController/2[sushigame.model.Chef,int]",makeFrequency,1
C:\projects\MVC_Chef_Game_Application-master\src\sushigame\controller\RollMakerChefController.java,sushigame.controller.RollMakerChefController,"RollMakerChefController/2[sushigame.model.Chef,int]",chef,1
C:\projects\MVC_Chef_Game_Application-master\src\sushigame\controller\RollMakerChefController.java,sushigame.controller.RollMakerChefController,"RollMakerChefController/2[sushigame.model.Chef,int]",belt_size,3
C:\projects\MVC_Chef_Game_Application-master\src\sushigame\model\HistoricalPlateImpl.java,sushigame.model.HistoricalPlateImpl,getContents/0,plate,1
C:\projects\MVC_Chef_Game_Application-master\src\sushigame\model\HistoricalPlateImpl.java,sushigame.model.HistoricalPlateImpl,getColor/0,plate,1
C:\projects\MVC_Chef_Game_Application-master\src\sushigame\model\HistoricalPlateImpl.java,sushigame.model.HistoricalPlateImpl,getPrice/0,plate,1
C:\projects\MVC_Chef_Game_Application-master\src\sushigame\model\HistoricalPlateImpl.java,sushigame.model.HistoricalPlateImpl,wasSpoiled/0,consumer,1
C:\projects\MVC_Chef_Game_Application-master\src\sushigame\model\HistoricalPlateImpl.java,sushigame.model.HistoricalPlateImpl,getProfit/0,plate,1
C:\projects\MVC_Chef_Game_Application-master\src\sushigame\model\HistoricalPlateImpl.java,sushigame.model.HistoricalPlateImpl,getChef/0,plate,1
C:\projects\MVC_Chef_Game_Application-master\src\sushigame\model\HistoricalPlateImpl.java,sushigame.model.HistoricalPlateImpl,getConsumer/0,consumer,1
C:\projects\MVC_Chef_Game_Application-master\src\sushigame\model\HistoricalPlateImpl.java,sushigame.model.HistoricalPlateImpl,"HistoricalPlateImpl/2[comp401.sushi.Plate,sushigame.model.Customer]",plate,1
C:\projects\MVC_Chef_Game_Application-master\src\sushigame\model\HistoricalPlateImpl.java,sushigame.model.HistoricalPlateImpl,"HistoricalPlateImpl/2[comp401.sushi.Plate,sushigame.model.Customer]",consumer,1
C:\projects\MVC_Chef_Game_Application-master\src\sushigame\view\BeltView.java,sushigame.view.BeltView,BeltView/1[sushigame.model.Belt],belt,5
C:\projects\MVC_Chef_Game_Application-master\src\sushigame\view\BeltView.java,sushigame.view.BeltView,BeltView/1[sushigame.model.Belt],belt_panels,4
C:\projects\MVC_Chef_Game_Application-master\src\sushigame\view\BeltView.java,sushigame.view.BeltView,refresh/0,belt,3
C:\projects\MVC_Chef_Game_Application-master\src\sushigame\view\BeltView.java,sushigame.view.BeltView,refresh/0,belt_panels,1
C:\projects\MVC_Chef_Game_Application-master\src\sushigame\controller\PlayerChefController.java,sushigame.controller.PlayerChefController,"handleGreenPlateRequest/2[comp401.sushi.Sushi,int]",chef,1
C:\projects\MVC_Chef_Game_Application-master\src\sushigame\controller\PlayerChefController.java,sushigame.controller.PlayerChefController,"handleGreenPlateRequest/2[comp401.sushi.Sushi,int]",game_view,1
C:\projects\MVC_Chef_Game_Application-master\src\sushigame\controller\PlayerChefController.java,sushigame.controller.PlayerChefController,"handleRedPlateRequest/2[comp401.sushi.Sushi,int]",chef,1
C:\projects\MVC_Chef_Game_Application-master\src\sushigame\controller\PlayerChefController.java,sushigame.controller.PlayerChefController,"handleRedPlateRequest/2[comp401.sushi.Sushi,int]",game_view,1
C:\projects\MVC_Chef_Game_Application-master\src\sushigame\controller\PlayerChefController.java,sushigame.controller.PlayerChefController,"placePlate/2[comp401.sushi.Plate,int]",chef,1
C:\projects\MVC_Chef_Game_Application-master\src\sushigame\controller\PlayerChefController.java,sushigame.controller.PlayerChefController,"placePlate/2[comp401.sushi.Plate,int]",game_view,4
C:\projects\MVC_Chef_Game_Application-master\src\sushigame\controller\PlayerChefController.java,sushigame.controller.PlayerChefController,"handleBluePlateRequest/2[comp401.sushi.Sushi,int]",chef,1
C:\projects\MVC_Chef_Game_Application-master\src\sushigame\controller\PlayerChefController.java,sushigame.controller.PlayerChefController,"handleBluePlateRequest/2[comp401.sushi.Sushi,int]",game_view,1
C:\projects\MVC_Chef_Game_Application-master\src\sushigame\controller\PlayerChefController.java,sushigame.controller.PlayerChefController,"handleGoldPlateRequest/3[comp401.sushi.Sushi,int,double]",chef,1
C:\projects\MVC_Chef_Game_Application-master\src\sushigame\controller\PlayerChefController.java,sushigame.controller.PlayerChefController,"handleGoldPlateRequest/3[comp401.sushi.Sushi,int,double]",game_view,1
C:\projects\MVC_Chef_Game_Application-master\src\sushigame\controller\PlayerChefController.java,sushigame.controller.PlayerChefController,"PlayerChefController/2[sushigame.model.Chef,sushigame.view.SushiGameView]",chef,1
C:\projects\MVC_Chef_Game_Application-master\src\sushigame\controller\PlayerChefController.java,sushigame.controller.PlayerChefController,"PlayerChefController/2[sushigame.model.Chef,sushigame.view.SushiGameView]",game_view,1
C:\projects\MVC_Chef_Game_Application-master\src\comp401\sushi\CrabPortion.java,comp401.sushi.CrabPortion,combine/1[comp401.sushi.IngredientPortion],CRAB,1
C:\projects\MVC_Chef_Game_Application-master\src\comp401\sushi\CrabPortion.java,comp401.sushi.CrabPortion,CrabPortion/1[double],CRAB,1
C:\projects\MVC_Chef_Game_Application-master\src\sushigame\controller\SashimiChefController.java,sushigame.controller.SashimiChefController,handleBeltEvent/1[sushigame.model.BeltEvent],makeFrequency,1
C:\projects\MVC_Chef_Game_Application-master\src\sushigame\controller\SashimiChefController.java,sushigame.controller.SashimiChefController,handleBeltEvent/1[sushigame.model.BeltEvent],chef,4
C:\projects\MVC_Chef_Game_Application-master\src\sushigame\controller\SashimiChefController.java,sushigame.controller.SashimiChefController,handleBeltEvent/1[sushigame.model.BeltEvent],belt_size,1
C:\projects\MVC_Chef_Game_Application-master\src\sushigame\controller\SashimiChefController.java,sushigame.controller.SashimiChefController,"SashimiChefController/2[sushigame.model.Chef,int]",makeFrequency,1
C:\projects\MVC_Chef_Game_Application-master\src\sushigame\controller\SashimiChefController.java,sushigame.controller.SashimiChefController,"SashimiChefController/2[sushigame.model.Chef,int]",chef,1
C:\projects\MVC_Chef_Game_Application-master\src\sushigame\controller\SashimiChefController.java,sushigame.controller.SashimiChefController,"SashimiChefController/2[sushigame.model.Chef,int]",belt_size,3
C:\projects\MVC_Chef_Game_Application-master\src\comp401\sushi\EelPortion.java,comp401.sushi.EelPortion,combine/1[comp401.sushi.IngredientPortion],EEL,1
C:\projects\MVC_Chef_Game_Application-master\src\comp401\sushi\EelPortion.java,comp401.sushi.EelPortion,EelPortion/1[double],EEL,1
C:\projects\MVC_Chef_Game_Application-master\src\sushigame\view\HighToLowBalanceComparator.java,sushigame.view.HighToLowBalanceComparator,"compare/2[sushigame.model.Chef,sushigame.model.Chef]",orderType,1
C:\projects\MVC_Chef_Game_Application-master\src\sushigame\view\HighToLowBalanceComparator.java,sushigame.view.HighToLowBalanceComparator,HighToLowBalanceComparator/1[java.lang.String],orderType,3
C:\projects\MVC_Chef_Game_Application-master\src\comp401\sushi\Nigiri.java,comp401.sushi.Nigiri,getIngredients/0,seafood,1
C:\projects\MVC_Chef_Game_Application-master\src\comp401\sushi\Nigiri.java,comp401.sushi.Nigiri,getIngredients/0,rice,1
C:\projects\MVC_Chef_Game_Application-master\src\comp401\sushi\Nigiri.java,comp401.sushi.Nigiri,getCalories/0,seafood,1
C:\projects\MVC_Chef_Game_Application-master\src\comp401\sushi\Nigiri.java,comp401.sushi.Nigiri,getCalories/0,rice,1
C:\projects\MVC_Chef_Game_Application-master\src\comp401\sushi\Nigiri.java,comp401.sushi.Nigiri,getHasShellfish/0,seafood,1
C:\projects\MVC_Chef_Game_Application-master\src\comp401\sushi\Nigiri.java,comp401.sushi.Nigiri,Nigiri/1[comp401.sushi.Nigiri.NigiriType],seafood,5
C:\projects\MVC_Chef_Game_Application-master\src\comp401\sushi\Nigiri.java,comp401.sushi.Nigiri,Nigiri/1[comp401.sushi.Nigiri.NigiriType],RICE_PORTION_AMOUNT,1
C:\projects\MVC_Chef_Game_Application-master\src\comp401\sushi\Nigiri.java,comp401.sushi.Nigiri,Nigiri/1[comp401.sushi.Nigiri.NigiriType],NIGIRI_PORTION_AMOUNT,5
C:\projects\MVC_Chef_Game_Application-master\src\comp401\sushi\Nigiri.java,comp401.sushi.Nigiri,Nigiri/1[comp401.sushi.Nigiri.NigiriType],rice,1
C:\projects\MVC_Chef_Game_Application-master\src\comp401\sushi\Nigiri.java,comp401.sushi.Nigiri,getCost/0,seafood,1
C:\projects\MVC_Chef_Game_Application-master\src\comp401\sushi\Nigiri.java,comp401.sushi.Nigiri,getCost/0,rice,1
C:\projects\MVC_Chef_Game_Application-master\src\comp401\sushi\Nigiri.java,comp401.sushi.Nigiri,getName/0,seafood,1
C:\projects\MVC_Chef_Game_Application-master\src\sushigame\view\PlateViewWidget.java,sushigame.view.PlateViewWidget,setPlateInfo/1[java.lang.String],plateInfo,3
C:\projects\MVC_Chef_Game_Application-master\src\sushigame\view\PlateViewWidget.java,sushigame.view.PlateViewWidget,getPlate/0,plate,1
C:\projects\MVC_Chef_Game_Application-master\src\sushigame\view\PlateViewWidget.java,sushigame.view.PlateViewWidget,getPlateInfo/0,plateInfo,1
C:\projects\MVC_Chef_Game_Application-master\src\sushigame\view\PlateViewWidget.java,sushigame.view.PlateViewWidget,setPlate/1[comp401.sushi.Plate],plate,3
C:\projects\MVC_Chef_Game_Application-master\src\sushigame\view\PlateViewWidget.java,sushigame.view.PlateViewWidget,getPlabel/0,plabel,1
C:\projects\MVC_Chef_Game_Application-master\src\sushigame\view\PlateViewWidget.java,sushigame.view.PlateViewWidget,"PlateViewWidget/2[sushigame.model.Belt,int]",belt,4
C:\projects\MVC_Chef_Game_Application-master\src\sushigame\view\PlateViewWidget.java,sushigame.view.PlateViewWidget,"PlateViewWidget/2[sushigame.model.Belt,int]",plate,1
C:\projects\MVC_Chef_Game_Application-master\src\sushigame\view\PlateViewWidget.java,sushigame.view.PlateViewWidget,"PlateViewWidget/2[sushigame.model.Belt,int]",plabel,4
C:\projects\MVC_Chef_Game_Application-master\src\sushigame\view\PlateViewWidget.java,sushigame.view.PlateViewWidget,"PlateViewWidget/2[sushigame.model.Belt,int]",position,4
C:\projects\MVC_Chef_Game_Application-master\src\sushigame\model\RandomCustomer.java,sushigame.model.RandomCustomer,consumesPlate/1[comp401.sushi.Plate],pickiness,1
C:\projects\MVC_Chef_Game_Application-master\src\sushigame\model\RandomCustomer.java,sushigame.model.RandomCustomer,RandomCustomer/1[double],pickiness,3
C:\projects\MVC_Chef_Game_Application-master\src\sushigame\view\PlayerChefView.java,sushigame.view.PlayerChefView,"makeBluePlateRequest/2[comp401.sushi.Sushi,int]",listeners,1
C:\projects\MVC_Chef_Game_Application-master\src\sushigame\view\PlayerChefView.java,sushigame.view.PlayerChefView,registerChefListener/1[sushigame.view.ChefViewListener],listeners,1
C:\projects\MVC_Chef_Game_Application-master\src\sushigame\view\PlayerChefView.java,sushigame.view.PlayerChefView,PlayerChefView/1[int],position_choices,3
C:\projects\MVC_Chef_Game_Application-master\src\sushigame\view\PlayerChefView.java,sushigame.view.PlayerChefView,PlayerChefView/1[int],nigiri_choices,4
C:\projects\MVC_Chef_Game_Application-master\src\sushigame\view\PlayerChefView.java,sushigame.view.PlayerChefView,PlayerChefView/1[int],listeners,1
C:\projects\MVC_Chef_Game_Application-master\src\sushigame\view\PlayerChefView.java,sushigame.view.PlayerChefView,PlayerChefView/1[int],sashimi_choices,4
C:\projects\MVC_Chef_Game_Application-master\src\sushigame\view\PlayerChefView.java,sushigame.view.PlayerChefView,PlayerChefView/1[int],roll_amounts,5
C:\projects\MVC_Chef_Game_Application-master\src\sushigame\view\PlayerChefView.java,sushigame.view.PlayerChefView,PlayerChefView/1[int],gold_label,3
C:\projects\MVC_Chef_Game_Application-master\src\sushigame\view\PlayerChefView.java,sushigame.view.PlayerChefView,PlayerChefView/1[int],belt_size,3
C:\projects\MVC_Chef_Game_Application-master\src\sushigame\view\PlayerChefView.java,sushigame.view.PlayerChefView,PlayerChefView/1[int],color_choices,3
C:\projects\MVC_Chef_Game_Application-master\src\sushigame\view\PlayerChefView.java,sushigame.view.PlayerChefView,PlayerChefView/1[int],roll_choices,4
C:\projects\MVC_Chef_Game_Application-master\src\sushigame\view\PlayerChefView.java,sushigame.view.PlayerChefView,PlayerChefView/1[int],gold_prices,4
C:\projects\MVC_Chef_Game_Application-master\src\sushigame\view\PlayerChefView.java,sushigame.view.PlayerChefView,"makeGoldPlateRequest/3[comp401.sushi.Sushi,int,double]",listeners,1
C:\projects\MVC_Chef_Game_Application-master\src\sushigame\view\PlayerChefView.java,sushigame.view.PlayerChefView,actionPerformed/1[java.awt.event.ActionEvent],position_choices,6
C:\projects\MVC_Chef_Game_Application-master\src\sushigame\view\PlayerChefView.java,sushigame.view.PlayerChefView,actionPerformed/1[java.awt.event.ActionEvent],player_sushi,16
C:\projects\MVC_Chef_Game_Application-master\src\sushigame\view\PlayerChefView.java,sushigame.view.PlayerChefView,actionPerformed/1[java.awt.event.ActionEvent],nigiri_choices,12
C:\projects\MVC_Chef_Game_Application-master\src\sushigame\view\PlayerChefView.java,sushigame.view.PlayerChefView,actionPerformed/1[java.awt.event.ActionEvent],roll_amounts,17
C:\projects\MVC_Chef_Game_Application-master\src\sushigame\view\PlayerChefView.java,sushigame.view.PlayerChefView,actionPerformed/1[java.awt.event.ActionEvent],sashimi_choices,12
C:\projects\MVC_Chef_Game_Application-master\src\sushigame\view\PlayerChefView.java,sushigame.view.PlayerChefView,actionPerformed/1[java.awt.event.ActionEvent],gold_label,3
C:\projects\MVC_Chef_Game_Application-master\src\sushigame\view\PlayerChefView.java,sushigame.view.PlayerChefView,actionPerformed/1[java.awt.event.ActionEvent],roll_portion,10
C:\projects\MVC_Chef_Game_Application-master\src\sushigame\view\PlayerChefView.java,sushigame.view.PlayerChefView,actionPerformed/1[java.awt.event.ActionEvent],color_choices,7
C:\projects\MVC_Chef_Game_Application-master\src\sushigame\view\PlayerChefView.java,sushigame.view.PlayerChefView,actionPerformed/1[java.awt.event.ActionEvent],roll_choices,1
C:\projects\MVC_Chef_Game_Application-master\src\sushigame\view\PlayerChefView.java,sushigame.view.PlayerChefView,actionPerformed/1[java.awt.event.ActionEvent],gold_prices,4
C:\projects\MVC_Chef_Game_Application-master\src\sushigame\view\PlayerChefView.java,sushigame.view.PlayerChefView,"makeRedPlateRequest/2[comp401.sushi.Sushi,int]",listeners,1
C:\projects\MVC_Chef_Game_Application-master\src\sushigame\view\PlayerChefView.java,sushigame.view.PlayerChefView,"makeGreenPlateRequest/2[comp401.sushi.Sushi,int]",listeners,1
C:\projects\MVC_Chef_Game_Application-master\src\sushigame\view\ScoreboardWidget.java,sushigame.view.ScoreboardWidget,makeScoreboardHTML/1[java.lang.String],orderType,3
C:\projects\MVC_Chef_Game_Application-master\src\sushigame\view\ScoreboardWidget.java,sushigame.view.ScoreboardWidget,makeScoreboardHTML/1[java.lang.String],game_model,2
C:\projects\MVC_Chef_Game_Application-master\src\sushigame\view\ScoreboardWidget.java,sushigame.view.ScoreboardWidget,setOrderType/1[java.lang.String],orderType,3
C:\projects\MVC_Chef_Game_Application-master\src\sushigame\view\ScoreboardWidget.java,sushigame.view.ScoreboardWidget,actionPerformed/1[java.awt.event.ActionEvent],orderType,3
C:\projects\MVC_Chef_Game_Application-master\src\sushigame\view\ScoreboardWidget.java,sushigame.view.ScoreboardWidget,actionPerformed/1[java.awt.event.ActionEvent],display,3
C:\projects\MVC_Chef_Game_Application-master\src\sushigame\view\ScoreboardWidget.java,sushigame.view.ScoreboardWidget,refresh/0,orderType,1
C:\projects\MVC_Chef_Game_Application-master\src\sushigame\view\ScoreboardWidget.java,sushigame.view.ScoreboardWidget,refresh/0,display,1
C:\projects\MVC_Chef_Game_Application-master\src\sushigame\view\ScoreboardWidget.java,sushigame.view.ScoreboardWidget,ScoreboardWidget/1[sushigame.model.SushiGameModel],orderType,1
C:\projects\MVC_Chef_Game_Application-master\src\sushigame\view\ScoreboardWidget.java,sushigame.view.ScoreboardWidget,ScoreboardWidget/1[sushigame.model.SushiGameModel],balanceOrder,4
C:\projects\MVC_Chef_Game_Application-master\src\sushigame\view\ScoreboardWidget.java,sushigame.view.ScoreboardWidget,ScoreboardWidget/1[sushigame.model.SushiGameModel],display,2
C:\projects\MVC_Chef_Game_Application-master\src\sushigame\view\ScoreboardWidget.java,sushigame.view.ScoreboardWidget,ScoreboardWidget/1[sushigame.model.SushiGameModel],consumedFoodAmountOrder,4
C:\projects\MVC_Chef_Game_Application-master\src\sushigame\view\ScoreboardWidget.java,sushigame.view.ScoreboardWidget,ScoreboardWidget/1[sushigame.model.SushiGameModel],spoiledFoodAmountOrder,4
C:\projects\MVC_Chef_Game_Application-master\src\sushigame\view\ScoreboardWidget.java,sushigame.view.ScoreboardWidget,ScoreboardWidget/1[sushigame.model.SushiGameModel],game_model,2
C:\projects\MVC_Chef_Game_Application-master\src\sushigame\model\SushiGameModel.java,sushigame.model.SushiGameModel,"SushiGameModel/3[int,int,int]",belt,4
C:\projects\MVC_Chef_Game_Application-master\src\sushigame\model\SushiGameModel.java,sushigame.model.SushiGameModel,"SushiGameModel/3[int,int,int]",player_chef,1
C:\projects\MVC_Chef_Game_Application-master\src\sushigame\model\SushiGameModel.java,sushigame.model.SushiGameModel,"SushiGameModel/3[int,int,int]",opponent_chefs,2
C:\projects\MVC_Chef_Game_Application-master\src\sushigame\model\SushiGameModel.java,sushigame.model.SushiGameModel,"SushiGameModel/3[int,int,int]",customers,3
C:\projects\MVC_Chef_Game_Application-master\src\sushigame\model\SushiGameModel.java,sushigame.model.SushiGameModel,"SushiGameModel/3[int,int,int]",STARTING_BALANCE,2
C:\projects\MVC_Chef_Game_Application-master\src\sushigame\model\SushiGameModel.java,sushigame.model.SushiGameModel,getBelt/0,belt,1
C:\projects\MVC_Chef_Game_Application-master\src\sushigame\model\SushiGameModel.java,sushigame.model.SushiGameModel,getOpponentChefs/0,opponent_chefs,1
C:\projects\MVC_Chef_Game_Application-master\src\sushigame\model\SushiGameModel.java,sushigame.model.SushiGameModel,getPlayerChef/0,player_chef,1
C:\projects\MVC_Chef_Game_Application-master\src\sushigame\view\SushiGameView.java,sushigame.view.SushiGameView,registerPlayerChefListener/1[sushigame.view.ChefViewListener],player_chef_ui,1
C:\projects\MVC_Chef_Game_Application-master\src\sushigame\view\SushiGameView.java,sushigame.view.SushiGameView,setControllerMessage/1[java.lang.String],controller_messages,1
C:\projects\MVC_Chef_Game_Application-master\src\sushigame\view\SushiGameView.java,sushigame.view.SushiGameView,refreshScoreboard/0,scoreboard,1
C:\projects\MVC_Chef_Game_Application-master\src\sushigame\view\SushiGameView.java,sushigame.view.SushiGameView,SushiGameView/1[sushigame.model.SushiGameModel],controller_messages,2
C:\projects\MVC_Chef_Game_Application-master\src\sushigame\view\SushiGameView.java,sushigame.view.SushiGameView,SushiGameView/1[sushigame.model.SushiGameModel],player_chef_ui,2
C:\projects\MVC_Chef_Game_Application-master\src\sushigame\view\SushiGameView.java,sushigame.view.SushiGameView,SushiGameView/1[sushigame.model.SushiGameModel],rotation_request_listeners,1
C:\projects\MVC_Chef_Game_Application-master\src\sushigame\view\SushiGameView.java,sushigame.view.SushiGameView,SushiGameView/1[sushigame.model.SushiGameModel],scoreboard,3
C:\projects\MVC_Chef_Game_Application-master\src\sushigame\view\SushiGameView.java,sushigame.view.SushiGameView,registerRotationRequestListener/1[sushigame.view.RotationRequestListener],rotation_request_listeners,1
C:\projects\MVC_Chef_Game_Application-master\src\sushigame\view\SushiGameView.java,sushigame.view.SushiGameView,handleBeltEvent/1[sushigame.model.BeltEvent],controller_messages,1
C:\projects\MVC_Chef_Game_Application-master\src\sushigame\view\SushiGameView.java,sushigame.view.SushiGameView,actionPerformed/1[java.awt.event.ActionEvent],rotation_request_listeners,1
