file,class,method,constructor,line,cbo,cboModified,fanin,fanout,wmc,rfc,loc,returnsQty,variablesQty,parametersQty,methodsInvokedQty,methodsInvokedLocalQty,methodsInvokedIndirectLocalQty,loopQty,comparisonsQty,tryCatchQty,parenthesizedExpsQty,stringLiteralsQty,numbersQty,assignmentsQty,mathOperationsQty,maxNestedBlocksQty,anonymousClassesQty,innerClassesQty,lambdasQty,uniqueWordsQty,modifiers,logStatementsQty,hasJavaDoc
C:\projects\MVC_Chef_Game_Application-master\src\comp401\sushi\RedPlate.java,comp401.sushi.RedPlate,"RedPlate/2[sushigame.model.Chef,comp401.sushi.Sushi]",true,7,2,3,3,0,1,0,3,0,0,2,0,0,0,0,0,0,0,0,1,0,0,0,0,0,0,6,1,0,false
C:\projects\MVC_Chef_Game_Application-master\src\sushigame\model\ChefsBelt.java,sushigame.model.ChefsBelt,"setPlateNearestToPosition/2[comp401.sushi.Plate,int]",false,7,1,1,1,0,1,0,1,0,0,2,0,0,0,0,0,0,0,0,0,0,0,0,0,0,0,9,0,0,false
C:\projects\MVC_Chef_Game_Application-master\src\sushigame\model\PlateEvent.java,sushigame.model.PlateEvent,getPosition/0,false,20,0,1,1,0,1,0,3,1,0,0,0,0,0,0,0,0,0,0,0,0,0,0,0,0,0,3,1,0,false
C:\projects\MVC_Chef_Game_Application-master\src\sushigame\model\PlateEvent.java,sushigame.model.PlateEvent,getPlate/0,false,16,1,1,1,0,1,0,3,1,0,0,0,0,0,0,0,0,0,0,0,0,0,0,0,0,0,3,1,0,false
C:\projects\MVC_Chef_Game_Application-master\src\sushigame\model\PlateEvent.java,sushigame.model.PlateEvent,"PlateEvent/3[sushigame.model.BeltEvent.EventType,comp401.sushi.Plate,int]",true,10,2,0,0,0,1,0,5,0,0,3,0,0,0,0,0,0,0,0,0,2,0,0,0,0,0,5,1,0,false
C:\projects\MVC_Chef_Game_Application-master\src\comp401\sushi\Seaweed.java,comp401.sushi.Seaweed,Seaweed/0,true,5,0,0,0,0,1,0,3,0,0,0,0,0,0,0,0,0,0,1,2,0,0,0,0,0,0,1,1,0,false
C:\projects\MVC_Chef_Game_Application-master\src\comp401\sushi\Shrimp.java,comp401.sushi.Shrimp,Shrimp/0,true,5,0,0,0,0,1,0,3,0,0,0,0,0,0,0,0,0,0,1,2,0,0,0,0,0,0,1,1,0,false
C:\projects\MVC_Chef_Game_Application-master\src\sushigame\model\PlateSpoiledEvent.java,sushigame.model.PlateSpoiledEvent,"PlateSpoiledEvent/2[comp401.sushi.Plate,int]",true,7,1,1,1,0,1,0,3,0,0,2,0,0,0,0,0,0,0,0,0,0,0,0,0,0,0,4,1,0,false
C:\projects\MVC_Chef_Game_Application-master\src\sushigame\controller\SushiGameController.java,sushigame.controller.SushiGameController,createRandomName/0,false,49,0,1,1,0,1,1,4,1,1,0,1,0,0,0,0,0,1,15,0,1,1,0,0,0,0,4,2,0,false
C:\projects\MVC_Chef_Game_Application-master\src\sushigame\controller\SushiGameController.java,sushigame.controller.SushiGameController,handleRotationRequest/0,false,45,1,1,0,1,1,1,3,0,0,0,1,0,0,0,0,0,0,0,0,0,0,0,0,0,0,3,1,0,false
C:\projects\MVC_Chef_Game_Application-master\src\sushigame\controller\SushiGameController.java,sushigame.controller.SushiGameController,"SushiGameController/2[sushigame.model.SushiGameModel,sushigame.view.SushiGameView]",true,13,10,15,1,14,4,11,26,0,5,2,11,1,1,1,0,0,0,3,2,9,3,2,0,0,0,26,1,0,false
C:\projects\MVC_Chef_Game_Application-master\src\comp401\sushi\IngredientImpl.java,comp401.sushi.IngredientImpl,getIsVegetarian/0,false,57,0,1,1,0,1,0,3,1,0,0,0,0,0,0,0,0,0,0,0,0,0,0,0,0,0,5,1,0,false
C:\projects\MVC_Chef_Game_Application-master\src\comp401\sushi\IngredientImpl.java,comp401.sushi.IngredientImpl,getCaloriesPerDollar/0,false,28,0,0,0,0,1,0,3,1,0,0,0,0,0,0,0,0,0,0,0,0,1,0,0,0,0,6,1,0,false
C:\projects\MVC_Chef_Game_Application-master\src\comp401\sushi\IngredientImpl.java,comp401.sushi.IngredientImpl,getIsRice/0,false,62,0,1,1,0,1,0,3,1,0,0,0,0,0,0,0,0,0,0,0,0,0,0,0,0,0,5,1,0,false
C:\projects\MVC_Chef_Game_Application-master\src\comp401\sushi\IngredientImpl.java,comp401.sushi.IngredientImpl,"IngredientImpl/6[java.lang.String,double,int,boolean,boolean,boolean]",true,13,0,0,0,0,1,0,8,0,0,6,0,0,0,0,0,0,0,0,0,6,0,0,0,0,0,9,4,0,false
C:\projects\MVC_Chef_Game_Application-master\src\comp401\sushi\IngredientImpl.java,comp401.sushi.IngredientImpl,getName/0,false,23,0,1,1,0,1,0,3,1,0,0,0,0,0,0,0,0,0,0,0,0,0,0,0,0,0,3,1,0,false
C:\projects\MVC_Chef_Game_Application-master\src\comp401\sushi\IngredientImpl.java,comp401.sushi.IngredientImpl,getPricePerOunce/0,false,38,0,1,1,0,1,0,3,1,0,0,0,0,0,0,0,0,0,0,0,0,0,0,0,0,0,5,1,0,false
C:\projects\MVC_Chef_Game_Application-master\src\comp401\sushi\IngredientImpl.java,comp401.sushi.IngredientImpl,equals/1[comp401.sushi.Ingredient],false,43,2,12,0,12,8,14,6,2,0,1,14,6,1,0,6,0,8,0,1,0,1,1,0,0,0,15,1,0,false
C:\projects\MVC_Chef_Game_Application-master\src\comp401\sushi\IngredientImpl.java,comp401.sushi.IngredientImpl,getIsShellfish/0,false,67,0,1,1,0,1,0,3,1,0,0,0,0,0,0,0,0,0,0,0,0,0,0,0,0,0,5,1,0,false
C:\projects\MVC_Chef_Game_Application-master\src\comp401\sushi\IngredientImpl.java,comp401.sushi.IngredientImpl,getCaloriesPerOunce/0,false,33,0,1,1,0,1,0,3,1,0,0,0,0,0,0,0,0,0,0,0,0,0,0,0,0,0,5,1,0,false
C:\projects\MVC_Chef_Game_Application-master\src\sushigame\model\TimedPlateImpl.java,sushigame.model.TimedPlateImpl,getContents/0,false,19,2,1,0,1,1,1,3,1,0,0,1,0,0,0,0,0,0,0,0,0,0,0,0,0,0,3,1,0,false
C:\projects\MVC_Chef_Game_Application-master\src\sushigame\model\TimedPlateImpl.java,sushigame.model.TimedPlateImpl,"TimedPlateImpl/2[comp401.sushi.Plate,int]",true,13,1,1,1,0,1,0,4,0,0,2,0,0,0,0,0,0,0,0,0,2,0,0,0,0,0,9,1,0,false
C:\projects\MVC_Chef_Game_Application-master\src\sushigame\model\TimedPlateImpl.java,sushigame.model.TimedPlateImpl,getPrice/0,false,24,1,1,0,1,1,1,3,1,0,0,1,0,0,0,0,0,0,0,0,0,0,0,0,0,0,2,1,0,false
C:\projects\MVC_Chef_Game_Application-master\src\sushigame\model\TimedPlateImpl.java,sushigame.model.TimedPlateImpl,getChef/0,false,49,2,1,0,1,1,1,3,1,0,0,1,0,0,0,0,0,0,0,0,0,0,0,0,0,0,2,1,0,false
C:\projects\MVC_Chef_Game_Application-master\src\sushigame\model\TimedPlateImpl.java,sushigame.model.TimedPlateImpl,getProfit/0,false,34,1,1,0,1,1,1,3,1,0,0,1,0,0,0,0,0,0,0,0,0,0,0,0,0,0,2,1,0,false
C:\projects\MVC_Chef_Game_Application-master\src\sushigame\model\TimedPlateImpl.java,sushigame.model.TimedPlateImpl,getInceptDate/0,false,39,0,0,0,0,1,0,3,1,0,0,0,0,0,0,0,0,0,0,0,0,0,0,0,0,0,5,1,0,false
C:\projects\MVC_Chef_Game_Application-master\src\sushigame\model\TimedPlateImpl.java,sushigame.model.TimedPlateImpl,getColor/0,false,29,2,1,0,1,1,1,3,1,0,0,1,0,0,0,0,0,0,0,0,0,0,0,0,0,0,2,1,0,false
C:\projects\MVC_Chef_Game_Application-master\src\sushigame\model\TimedPlateImpl.java,sushigame.model.TimedPlateImpl,getOriginal/0,false,44,1,0,0,0,1,0,3,1,0,0,0,0,0,0,0,0,0,0,0,0,0,0,0,0,0,4,1,0,false
C:\projects\MVC_Chef_Game_Application-master\src\comp401\sushi\Plate.java,comp401.sushi.Plate,getProfit/0,false,11,0,2,2,0,1,0,1,0,0,0,0,0,0,0,0,0,0,0,0,0,0,0,0,0,0,2,0,0,false
C:\projects\MVC_Chef_Game_Application-master\src\comp401\sushi\Plate.java,comp401.sushi.Plate,getColor/0,false,10,1,3,3,0,1,0,1,0,0,0,0,0,0,0,0,0,0,0,0,0,0,0,0,0,0,2,0,0,false
C:\projects\MVC_Chef_Game_Application-master\src\comp401\sushi\Plate.java,comp401.sushi.Plate,getPrice/0,false,9,0,3,3,0,1,0,1,0,0,0,0,0,0,0,0,0,0,0,0,0,0,0,0,0,0,2,0,0,false
C:\projects\MVC_Chef_Game_Application-master\src\comp401\sushi\Plate.java,comp401.sushi.Plate,getContents/0,false,8,1,6,6,0,1,0,1,0,0,0,0,0,0,0,0,0,0,0,0,0,0,0,0,0,0,3,0,0,false
C:\projects\MVC_Chef_Game_Application-master\src\comp401\sushi\Plate.java,comp401.sushi.Plate,getChef/0,false,12,1,4,4,0,1,0,1,0,0,0,0,0,0,0,0,0,0,0,0,0,0,0,0,0,0,2,0,0,false
C:\projects\MVC_Chef_Game_Application-master\src\comp401\sushi\Roll.java,comp401.sushi.Roll,getCost/0,false,45,1,1,0,1,2,1,7,1,2,0,1,0,0,1,0,0,2,0,5,3,3,1,0,0,0,5,1,0,false
C:\projects\MVC_Chef_Game_Application-master\src\comp401\sushi\Roll.java,comp401.sushi.Roll,getHasShellfish/0,false,65,1,1,0,1,3,1,8,2,1,0,1,0,0,1,0,0,0,0,1,1,0,2,0,0,0,6,1,0,false
C:\projects\MVC_Chef_Game_Application-master\src\comp401\sushi\Roll.java,comp401.sushi.Roll,getCalories/0,false,35,1,1,0,1,2,1,7,1,2,0,1,0,0,1,0,0,1,0,3,3,1,1,0,0,0,5,1,0,false
C:\projects\MVC_Chef_Game_Application-master\src\comp401\sushi\Roll.java,comp401.sushi.Roll,getHasRice/0,false,55,1,1,0,1,3,1,8,2,1,0,1,0,0,1,0,0,0,0,1,1,0,2,0,0,0,6,1,0,false
C:\projects\MVC_Chef_Game_Application-master\src\comp401\sushi\Roll.java,comp401.sushi.Roll,getIsVegetarian/0,false,75,1,1,0,1,3,1,8,2,1,0,1,0,0,1,0,0,0,0,1,1,0,2,0,0,0,6,1,0,false
C:\projects\MVC_Chef_Game_Application-master\src\comp401\sushi\Roll.java,comp401.sushi.Roll,getName/0,false,25,0,0,0,0,1,0,3,1,0,0,0,0,0,0,0,0,0,0,0,0,0,0,0,0,0,3,1,0,false
C:\projects\MVC_Chef_Game_Application-master\src\comp401\sushi\Roll.java,comp401.sushi.Roll,getIngredients/0,false,30,1,0,0,0,1,1,3,1,0,0,1,0,0,0,0,0,0,0,0,0,0,0,0,0,0,2,1,0,false
C:\projects\MVC_Chef_Game_Application-master\src\comp401\sushi\Roll.java,comp401.sushi.Roll,"Roll/2[java.lang.String,comp401.sushi.IngredientPortion[]]",true,8,1,2,2,0,5,1,15,0,1,2,1,0,0,1,3,0,0,3,1,3,0,2,0,0,0,12,1,0,false
C:\projects\MVC_Chef_Game_Application-master\src\sushigame\model\Belt.java,sushigame.model.Belt,getRotationCount/0,false,7,0,0,0,0,1,0,1,0,0,0,0,0,0,0,0,0,0,0,0,0,0,0,0,0,0,3,0,0,false
C:\projects\MVC_Chef_Game_Application-master\src\sushigame\model\Belt.java,sushigame.model.Belt,getCustomerAtPosition/1[int],false,23,1,1,1,0,1,0,1,0,0,1,0,0,0,0,0,0,0,0,0,0,0,0,0,0,0,5,0,0,false
C:\projects\MVC_Chef_Game_Application-master\src\sushigame\model\Belt.java,sushigame.model.Belt,rotate/0,false,11,0,1,1,0,1,0,1,0,0,0,0,0,0,0,0,0,0,0,0,0,0,0,0,0,0,1,0,0,false
C:\projects\MVC_Chef_Game_Application-master\src\sushigame\model\Belt.java,sushigame.model.Belt,getPlateAtPosition/1[int],false,13,1,2,2,0,1,0,1,0,0,1,0,0,0,0,0,0,0,0,0,0,0,0,0,0,0,5,0,0,false
C:\projects\MVC_Chef_Game_Application-master\src\sushigame\model\Belt.java,sushigame.model.Belt,unregisterBeltObserver/1[sushigame.model.BeltObserver],false,21,1,0,0,0,1,0,1,0,0,1,0,0,0,0,0,0,0,0,0,0,0,0,0,0,0,4,0,0,false
C:\projects\MVC_Chef_Game_Application-master\src\sushigame\model\Belt.java,sushigame.model.Belt,getAgeOfPlateAtPosition/1[int],false,15,0,1,1,0,1,0,1,0,0,1,0,0,0,0,0,0,0,0,0,0,0,0,0,0,0,7,0,0,false
C:\projects\MVC_Chef_Game_Application-master\src\sushigame\model\Belt.java,sushigame.model.Belt,registerBeltObserver/1[sushigame.model.BeltObserver],false,19,1,5,5,0,1,0,1,0,0,1,0,0,0,0,0,0,0,0,0,0,0,0,0,0,0,4,0,0,false
C:\projects\MVC_Chef_Game_Application-master\src\sushigame\model\Belt.java,sushigame.model.Belt,findPlate/1[comp401.sushi.Plate],false,17,1,0,0,0,1,0,1,0,0,1,0,0,0,0,0,0,0,0,0,0,0,0,0,0,0,3,0,0,false
C:\projects\MVC_Chef_Game_Application-master\src\sushigame\model\Belt.java,sushigame.model.Belt,getSize/0,false,9,0,4,4,0,1,0,1,0,0,0,0,0,0,0,0,0,0,0,0,0,0,0,0,0,0,2,0,0,false
C:\projects\MVC_Chef_Game_Application-master\src\comp401\sushi\SeaweedPortion.java,comp401.sushi.SeaweedPortion,combine/1[comp401.sushi.IngredientPortion],false,12,4,5,0,5,3,4,9,2,0,1,4,0,0,0,1,0,0,1,0,0,1,1,0,0,0,17,1,0,false
C:\projects\MVC_Chef_Game_Application-master\src\comp401\sushi\SeaweedPortion.java,comp401.sushi.SeaweedPortion,SeaweedPortion/1[double],true,7,0,3,3,0,1,0,3,0,0,1,0,0,0,0,0,0,0,0,0,0,0,0,0,0,0,3,1,0,false
C:\projects\MVC_Chef_Game_Application-master\src\comp401\sushi\Eel.java,comp401.sushi.Eel,Eel/0,true,5,0,0,0,0,1,0,3,0,0,0,0,0,0,0,0,0,0,1,2,0,0,0,0,0,0,1,1,0,false
C:\projects\MVC_Chef_Game_Application-master\src\comp401\sushi\TunaPortion.java,comp401.sushi.TunaPortion,combine/1[comp401.sushi.IngredientPortion],false,12,4,5,0,5,3,4,9,2,0,1,4,0,0,0,1,0,0,1,0,0,1,1,0,0,0,16,1,0,false
C:\projects\MVC_Chef_Game_Application-master\src\comp401\sushi\TunaPortion.java,comp401.sushi.TunaPortion,TunaPortion/1[double],true,7,0,5,5,0,1,0,3,0,0,1,0,0,0,0,0,0,0,0,0,0,0,0,0,0,0,3,1,0,false
C:\projects\MVC_Chef_Game_Application-master\src\sushigame\model\HistoricalPlate.java,sushigame.model.HistoricalPlate,wasSpoiled/0,false,7,0,0,0,0,1,0,1,0,0,0,0,0,0,0,0,0,0,0,0,0,0,0,0,0,0,2,0,0,false
C:\projects\MVC_Chef_Game_Application-master\src\sushigame\model\HistoricalPlate.java,sushigame.model.HistoricalPlate,getConsumer/0,false,8,1,0,0,0,1,0,1,0,0,0,0,0,0,0,0,0,0,0,0,0,0,0,0,0,0,3,0,0,false
C:\projects\MVC_Chef_Game_Application-master\src\sushigame\model\BeltEvent.java,sushigame.model.BeltEvent,BeltEvent/1[sushigame.model.BeltEvent.EventType],true,8,1,0,0,0,1,0,3,0,0,1,0,0,0,0,0,0,0,0,0,1,0,0,0,0,0,4,1,0,false
C:\projects\MVC_Chef_Game_Application-master\src\sushigame\model\BeltEvent.java,sushigame.model.BeltEvent,getType/0,false,12,1,6,6,0,1,0,3,1,0,0,0,0,0,0,0,0,0,0,0,0,0,0,0,0,0,3,1,0,false
C:\projects\MVC_Chef_Game_Application-master\src\comp401\sushi\Sashimi.java,comp401.sushi.Sashimi,getName/0,false,32,1,1,0,1,1,1,3,1,0,0,1,0,0,0,0,0,0,1,0,0,1,0,0,0,0,2,1,0,false
C:\projects\MVC_Chef_Game_Application-master\src\comp401\sushi\Sashimi.java,comp401.sushi.Sashimi,getIngredients/0,false,37,1,0,0,0,1,0,3,1,0,0,0,0,0,0,0,0,0,0,0,0,0,0,0,0,0,3,1,0,false
C:\projects\MVC_Chef_Game_Application-master\src\comp401\sushi\Sashimi.java,comp401.sushi.Sashimi,getCost/0,false,47,1,1,0,1,1,1,3,1,0,0,1,0,0,0,0,0,2,0,3,0,3,0,0,0,0,2,1,0,false
C:\projects\MVC_Chef_Game_Application-master\src\comp401\sushi\Sashimi.java,comp401.sushi.Sashimi,Sashimi/1[comp401.sushi.Sashimi.SashimiType],true,11,6,7,2,5,6,0,19,0,0,1,0,0,0,0,0,0,0,0,0,5,0,1,0,0,0,22,1,0,false
C:\projects\MVC_Chef_Game_Application-master\src\comp401\sushi\Sashimi.java,comp401.sushi.Sashimi,getCalories/0,false,42,1,1,0,1,1,1,3,1,0,0,1,0,0,0,0,0,1,0,1,0,1,0,0,0,0,2,1,0,false
C:\projects\MVC_Chef_Game_Application-master\src\comp401\sushi\Sashimi.java,comp401.sushi.Sashimi,getHasShellfish/0,false,57,1,1,0,1,1,1,3,1,0,0,1,0,0,0,0,0,0,0,0,0,0,0,0,0,0,3,1,0,false
C:\projects\MVC_Chef_Game_Application-master\src\comp401\sushi\Sashimi.java,comp401.sushi.Sashimi,getIsVegetarian/0,false,62,0,0,0,0,1,0,3,1,0,0,0,0,0,0,0,0,0,0,0,0,0,0,0,0,0,4,1,0,false
C:\projects\MVC_Chef_Game_Application-master\src\comp401\sushi\Sashimi.java,comp401.sushi.Sashimi,getHasRice/0,false,52,0,0,0,0,1,0,3,1,0,0,0,0,0,0,0,0,0,0,0,0,0,0,0,0,0,4,1,0,false
C:\projects\MVC_Chef_Game_Application-master\src\comp401\sushi\AvocadoPortion.java,comp401.sushi.AvocadoPortion,AvocadoPortion/1[double],true,7,0,3,3,0,1,0,3,0,0,1,0,0,0,0,0,0,0,0,0,0,0,0,0,0,0,3,1,0,false
C:\projects\MVC_Chef_Game_Application-master\src\comp401\sushi\AvocadoPortion.java,comp401.sushi.AvocadoPortion,combine/1[comp401.sushi.IngredientPortion],false,12,4,5,0,5,3,4,9,2,0,1,4,0,0,0,1,0,0,1,0,0,1,1,0,0,0,17,1,0,false
C:\projects\MVC_Chef_Game_Application-master\src\comp401\sushi\IngredientPortionImpl.java,comp401.sushi.IngredientPortionImpl,getIngredient/0,false,18,1,0,0,0,1,0,3,1,0,0,0,0,0,0,0,0,0,0,0,0,0,0,0,0,0,3,1,0,false
C:\projects\MVC_Chef_Game_Application-master\src\comp401\sushi\IngredientPortionImpl.java,comp401.sushi.IngredientPortionImpl,getCalories/0,false,33,1,1,0,1,1,1,3,1,0,0,1,0,0,0,0,0,0,0,0,0,1,0,0,0,0,3,1,0,false
C:\projects\MVC_Chef_Game_Application-master\src\comp401\sushi\IngredientPortionImpl.java,comp401.sushi.IngredientPortionImpl,getIsRice/0,false,48,1,1,0,1,1,1,3,1,0,0,1,0,0,0,0,0,0,0,0,0,0,0,0,0,0,3,1,0,false
C:\projects\MVC_Chef_Game_Application-master\src\comp401\sushi\IngredientPortionImpl.java,comp401.sushi.IngredientPortionImpl,getIsVegetarian/0,false,43,1,1,0,1,1,1,3,1,0,0,1,0,0,0,0,0,0,0,0,0,0,0,0,0,0,3,1,0,false
C:\projects\MVC_Chef_Game_Application-master\src\comp401\sushi\IngredientPortionImpl.java,comp401.sushi.IngredientPortionImpl,getAmount/0,false,28,0,8,8,0,1,0,3,1,0,0,0,0,0,0,0,0,0,0,0,0,0,0,0,0,0,3,1,0,false
C:\projects\MVC_Chef_Game_Application-master\src\comp401\sushi\IngredientPortionImpl.java,comp401.sushi.IngredientPortionImpl,getName/0,false,23,1,1,0,1,1,1,3,1,0,0,1,0,0,0,0,0,0,0,0,0,0,0,0,0,0,2,1,0,false
C:\projects\MVC_Chef_Game_Application-master\src\comp401\sushi\IngredientPortionImpl.java,comp401.sushi.IngredientPortionImpl,getCost/0,false,38,1,1,0,1,1,1,3,1,0,0,1,0,0,0,0,0,0,0,0,0,1,0,0,0,0,3,1,0,false
C:\projects\MVC_Chef_Game_Application-master\src\comp401\sushi\IngredientPortionImpl.java,comp401.sushi.IngredientPortionImpl,getIsShellfish/0,false,53,1,1,0,1,1,1,3,1,0,0,1,0,0,0,0,0,0,0,0,0,0,0,0,0,0,3,1,0,false
C:\projects\MVC_Chef_Game_Application-master\src\comp401\sushi\IngredientPortionImpl.java,comp401.sushi.IngredientPortionImpl,"IngredientPortionImpl/2[double,comp401.sushi.Ingredient]",true,8,1,0,0,0,2,0,7,0,0,2,0,0,0,0,0,0,0,1,1,2,0,1,0,0,0,13,4,0,false
C:\projects\MVC_Chef_Game_Application-master\src\comp401\sushi\IngredientPortionImpl.java,comp401.sushi.IngredientPortionImpl,combine/1[comp401.sushi.IngredientPortion],false,57,1,0,0,0,1,0,1,0,0,1,0,0,0,0,0,0,0,0,0,0,0,0,0,0,0,4,1025,0,false
C:\projects\MVC_Chef_Game_Application-master\src\comp401\sushi\RicePortion.java,comp401.sushi.RicePortion,combine/1[comp401.sushi.IngredientPortion],false,12,4,5,0,5,3,4,9,2,0,1,4,0,0,0,1,0,0,1,0,0,1,1,0,0,0,16,1,0,false
C:\projects\MVC_Chef_Game_Application-master\src\comp401\sushi\RicePortion.java,comp401.sushi.RicePortion,RicePortion/1[double],true,7,0,4,4,0,1,0,3,0,0,1,0,0,0,0,0,0,0,0,0,0,0,0,0,0,0,3,1,0,false
C:\projects\MVC_Chef_Game_Application-master\src\comp401\sushi\Ingredient.java,comp401.sushi.Ingredient,getIsRice/0,false,11,0,2,2,0,1,0,1,0,0,0,0,0,0,0,0,0,0,0,0,0,0,0,0,0,0,3,0,0,false
C:\projects\MVC_Chef_Game_Application-master\src\comp401\sushi\Ingredient.java,comp401.sushi.Ingredient,getCaloriesPerDollar/0,false,6,0,0,0,0,1,0,1,0,0,0,0,0,0,0,0,0,0,0,0,0,0,0,0,0,0,4,0,0,false
C:\projects\MVC_Chef_Game_Application-master\src\comp401\sushi\Ingredient.java,comp401.sushi.Ingredient,getIsShellfish/0,false,12,0,2,2,0,1,0,1,0,0,0,0,0,0,0,0,0,0,0,0,0,0,0,0,0,0,3,0,0,false
C:\projects\MVC_Chef_Game_Application-master\src\comp401\sushi\Ingredient.java,comp401.sushi.Ingredient,getPricePerOunce/0,false,8,0,2,2,0,1,0,1,0,0,0,0,0,0,0,0,0,0,0,0,0,0,0,0,0,0,4,0,0,false
C:\projects\MVC_Chef_Game_Application-master\src\comp401\sushi\Ingredient.java,comp401.sushi.Ingredient,getIsVegetarian/0,false,10,0,2,2,0,1,0,1,0,0,0,0,0,0,0,0,0,0,0,0,0,0,0,0,0,0,3,0,0,false
C:\projects\MVC_Chef_Game_Application-master\src\comp401\sushi\Ingredient.java,comp401.sushi.Ingredient,getCaloriesPerOunce/0,false,7,0,2,2,0,1,0,1,0,0,0,0,0,0,0,0,0,0,0,0,0,0,0,0,0,0,4,0,0,false
C:\projects\MVC_Chef_Game_Application-master\src\comp401\sushi\Ingredient.java,comp401.sushi.Ingredient,getName/0,false,5,0,2,2,0,1,0,1,0,0,0,0,0,0,0,0,0,0,0,0,0,0,0,0,0,0,2,0,0,false
C:\projects\MVC_Chef_Game_Application-master\src\comp401\sushi\Ingredient.java,comp401.sushi.Ingredient,equals/1[comp401.sushi.Ingredient],false,9,1,8,8,0,1,0,1,0,0,1,0,0,0,0,0,0,0,0,0,0,0,0,0,0,0,3,0,0,false
C:\projects\MVC_Chef_Game_Application-master\src\comp401\sushi\Tuna.java,comp401.sushi.Tuna,Tuna/0,true,5,0,0,0,0,1,0,3,0,0,0,0,0,0,0,0,0,0,1,2,0,0,0,0,0,0,1,1,0,false
C:\projects\MVC_Chef_Game_Application-master\src\sushigame\model\RotateEvent.java,sushigame.model.RotateEvent,RotateEvent/0,true,4,0,1,1,0,1,0,3,0,0,0,0,0,0,0,0,0,0,0,0,0,0,0,0,0,0,2,1,0,false
C:\projects\MVC_Chef_Game_Application-master\src\comp401\sushi\SalmonPortion.java,comp401.sushi.SalmonPortion,combine/1[comp401.sushi.IngredientPortion],false,12,4,5,0,5,3,4,9,2,0,1,4,0,0,0,1,0,0,1,0,0,1,1,0,0,0,18,1,0,false
C:\projects\MVC_Chef_Game_Application-master\src\comp401\sushi\SalmonPortion.java,comp401.sushi.SalmonPortion,SalmonPortion/1[double],true,7,0,5,5,0,1,0,3,0,0,1,0,0,0,0,0,0,0,0,0,0,0,0,0,0,0,3,1,0,false
C:\projects\MVC_Chef_Game_Application-master\src\sushigame\controller\NigiriChefController.java,sushigame.controller.NigiriChefController,handleBeltEvent/1[sushigame.model.BeltEvent],false,28,9,8,0,8,9,5,32,3,2,1,5,2,1,0,1,2,1,0,0,5,1,4,0,0,0,29,1,0,false
C:\projects\MVC_Chef_Game_Application-master\src\sushigame\controller\NigiriChefController.java,sushigame.controller.NigiriChefController,"NigiriChefController/2[sushigame.model.Chef,int]",true,21,1,1,1,0,1,1,5,0,0,2,1,0,0,0,0,0,0,0,2,3,2,0,0,0,0,9,1,0,false
C:\projects\MVC_Chef_Game_Application-master\src\sushigame\controller\NigiriChefController.java,sushigame.controller.NigiriChefController,pickType/0,false,67,1,1,1,0,1,1,4,1,1,0,1,0,0,0,0,0,1,0,0,1,1,0,0,0,0,3,2,0,false
C:\projects\MVC_Chef_Game_Application-master\src\sushigame\controller\NigiriChefController.java,sushigame.controller.NigiriChefController,pickColor/0,false,78,1,1,1,0,1,1,4,1,1,0,1,0,0,0,0,0,1,0,0,1,1,0,0,0,0,3,2,0,false
C:\projects\MVC_Chef_Game_Application-master\src\comp401\sushi\BluePlate.java,comp401.sushi.BluePlate,"BluePlate/2[sushigame.model.Chef,comp401.sushi.Sushi]",true,7,2,3,3,0,1,0,3,0,0,2,0,0,0,0,0,0,0,0,1,0,0,0,0,0,0,6,1,0,false
C:\projects\MVC_Chef_Game_Application-master\src\sushigame\model\BeltFullException.java,sushigame.model.BeltFullException,BeltFullException/1[sushigame.model.Belt],true,8,1,1,1,0,1,0,3,0,0,1,0,0,0,0,0,0,0,0,0,1,0,0,0,0,0,4,1,0,false
C:\projects\MVC_Chef_Game_Application-master\src\sushigame\model\BeltFullException.java,sushigame.model.BeltFullException,getBelt/0,false,12,1,0,0,0,1,0,3,1,0,0,0,0,0,0,0,0,0,0,0,0,0,0,0,0,0,3,1,0,false
C:\projects\MVC_Chef_Game_Application-master\src\comp401\sushi\Avocado.java,comp401.sushi.Avocado,Avocado/0,true,4,0,0,0,0,1,0,3,0,0,0,0,0,0,0,0,0,0,1,2,0,0,0,0,0,0,1,1,0,false
C:\projects\MVC_Chef_Game_Application-master\src\sushigame\model\ChefImpl.java,sushigame.model.ChefImpl,"makeAndPlacePlate/2[comp401.sushi.Plate,int]",false,66,5,5,0,5,3,3,11,0,0,2,3,0,0,0,0,0,0,0,0,2,1,1,0,0,0,18,1,0,false
C:\projects\MVC_Chef_Game_Application-master\src\sushigame\model\ChefImpl.java,sushigame.model.ChefImpl,getFoodSpoiledAmount/0,false,119,0,0,0,0,1,0,3,1,0,0,0,0,0,0,0,0,0,0,0,0,0,0,0,0,0,5,1,0,false
C:\projects\MVC_Chef_Game_Application-master\src\sushigame\model\ChefImpl.java,sushigame.model.ChefImpl,"ChefImpl/3[java.lang.String,double,sushigame.model.ChefsBelt]",true,23,3,2,1,1,1,1,8,0,0,3,1,0,0,0,0,0,0,0,0,5,0,0,0,0,0,13,1,0,false
C:\projects\MVC_Chef_Game_Application-master\src\sushigame\model\ChefImpl.java,sushigame.model.ChefImpl,getPlateHistory/0,false,55,2,1,0,1,1,2,3,1,0,0,2,1,1,0,0,0,0,0,0,0,0,0,0,0,0,3,1,0,false
C:\projects\MVC_Chef_Game_Application-master\src\sushigame\model\ChefImpl.java,sushigame.model.ChefImpl,getBalance/0,false,60,0,0,0,0,1,0,3,1,0,0,0,0,0,0,0,0,0,0,0,0,0,0,0,0,0,3,1,0,false
C:\projects\MVC_Chef_Game_Application-master\src\sushigame\model\ChefImpl.java,sushigame.model.ChefImpl,getPlateHistory/1[int],false,43,1,1,1,0,4,3,9,2,0,1,3,0,0,0,1,0,1,0,4,1,2,1,0,0,0,5,1,0,false
C:\projects\MVC_Chef_Game_Application-master\src\sushigame\model\ChefImpl.java,sushigame.model.ChefImpl,handleBeltEvent/1[sushigame.model.BeltEvent],false,81,8,10,0,10,8,10,25,0,5,1,10,0,0,2,5,0,3,0,2,9,0,3,0,0,0,21,1,0,false
C:\projects\MVC_Chef_Game_Application-master\src\sushigame\model\ChefImpl.java,sushigame.model.ChefImpl,setName/1[java.lang.String],false,38,0,0,0,0,1,0,3,0,0,1,0,0,0,0,0,0,0,0,0,1,0,0,0,0,0,3,1,0,false
C:\projects\MVC_Chef_Game_Application-master\src\sushigame\model\ChefImpl.java,sushigame.model.ChefImpl,getName/0,false,33,0,0,0,0,1,0,3,1,0,0,0,0,0,0,0,0,0,0,0,0,0,0,0,0,0,3,1,0,false
C:\projects\MVC_Chef_Game_Application-master\src\sushigame\model\ChefImpl.java,sushigame.model.ChefImpl,alreadyPlacedThisRotation/0,false,108,0,0,0,0,1,0,3,1,0,0,0,0,0,0,0,0,0,0,0,0,0,0,0,0,0,7,1,0,false
C:\projects\MVC_Chef_Game_Application-master\src\sushigame\model\ChefImpl.java,sushigame.model.ChefImpl,getFoodConsumedAmount/0,false,113,0,0,0,0,1,0,3,1,0,0,0,0,0,0,0,0,0,0,0,0,0,0,0,0,0,5,1,0,false
C:\projects\MVC_Chef_Game_Application-master\src\comp401\sushi\Salmon.java,comp401.sushi.Salmon,Salmon/0,true,5,0,0,0,0,1,0,3,0,0,0,0,0,0,0,0,0,0,1,2,0,0,0,0,0,0,1,1,0,false
C:\projects\MVC_Chef_Game_Application-master\src\sushigame\game\SushiGame.java,sushigame.game.SushiGame,main/1[java.lang.String[]],false,11,3,3,0,3,1,5,11,0,4,1,5,0,0,0,0,0,0,1,3,4,0,0,0,0,0,17,9,0,false
C:\projects\MVC_Chef_Game_Application-master\src\sushigame\model\InsufficientBalanceException.java,sushigame.model.InsufficientBalanceException,InsufficientBalanceException/0,true,6,0,1,1,0,1,0,3,0,0,0,0,0,0,0,0,0,0,1,0,0,0,0,0,0,0,3,1,0,false
C:\projects\MVC_Chef_Game_Application-master\src\comp401\sushi\Sushi.java,comp401.sushi.Sushi,getIngredients/0,false,6,1,3,3,0,1,0,1,0,0,0,0,0,0,0,0,0,0,0,0,0,0,0,0,0,0,2,0,0,false
C:\projects\MVC_Chef_Game_Application-master\src\comp401\sushi\Sushi.java,comp401.sushi.Sushi,getHasRice/0,false,9,0,0,0,0,1,0,1,0,0,0,0,0,0,0,0,0,0,0,0,0,0,0,0,0,0,3,0,0,false
C:\projects\MVC_Chef_Game_Application-master\src\comp401\sushi\Sushi.java,comp401.sushi.Sushi,getIsVegetarian/0,false,11,0,1,1,0,1,0,1,0,0,0,0,0,0,0,0,0,0,0,0,0,0,0,0,0,0,3,0,0,false
C:\projects\MVC_Chef_Game_Application-master\src\comp401\sushi\Sushi.java,comp401.sushi.Sushi,getHasShellfish/0,false,10,0,1,1,0,1,0,1,0,0,0,0,0,0,0,0,0,0,0,0,0,0,0,0,0,0,3,0,0,false
C:\projects\MVC_Chef_Game_Application-master\src\comp401\sushi\Sushi.java,comp401.sushi.Sushi,getName/0,false,5,0,1,1,0,1,0,1,0,0,0,0,0,0,0,0,0,0,0,0,0,0,0,0,0,0,2,0,0,false
C:\projects\MVC_Chef_Game_Application-master\src\comp401\sushi\Sushi.java,comp401.sushi.Sushi,getCalories/0,false,7,0,0,0,0,1,0,1,0,0,0,0,0,0,0,0,0,0,0,0,0,0,0,0,0,0,2,0,0,false
C:\projects\MVC_Chef_Game_Application-master\src\comp401\sushi\Sushi.java,comp401.sushi.Sushi,getCost/0,false,8,0,3,3,0,1,0,1,0,0,0,0,0,0,0,0,0,0,0,0,0,0,0,0,0,0,2,0,0,false
C:\projects\MVC_Chef_Game_Application-master\src\comp401\sushi\ShrimpPortion.java,comp401.sushi.ShrimpPortion,combine/1[comp401.sushi.IngredientPortion],false,12,4,5,0,5,3,4,9,2,0,1,4,0,0,0,1,0,0,1,0,0,1,1,0,0,0,18,1,0,false
C:\projects\MVC_Chef_Game_Application-master\src\comp401\sushi\ShrimpPortion.java,comp401.sushi.ShrimpPortion,ShrimpPortion/1[double],true,7,0,5,5,0,1,0,3,0,0,1,0,0,0,0,0,0,0,0,0,0,0,0,0,0,0,3,1,0,false
C:\projects\MVC_Chef_Game_Application-master\src\sushigame\model\BeltPlateException.java,sushigame.model.BeltPlateException,"BeltPlateException/3[int,comp401.sushi.Plate,sushigame.model.Belt]",true,12,2,1,1,0,1,0,5,0,0,3,0,0,0,0,0,0,0,0,0,3,0,0,0,0,0,6,1,0,false
C:\projects\MVC_Chef_Game_Application-master\src\sushigame\model\BeltPlateException.java,sushigame.model.BeltPlateException,getPosition/0,false,18,0,0,0,0,1,0,3,1,0,0,0,0,0,0,0,0,0,0,0,0,0,0,0,0,0,3,1,0,false
C:\projects\MVC_Chef_Game_Application-master\src\sushigame\model\BeltPlateException.java,sushigame.model.BeltPlateException,getBelt/0,false,26,1,0,0,0,1,0,3,1,0,0,0,0,0,0,0,0,0,0,0,0,0,0,0,0,0,3,1,0,false
C:\projects\MVC_Chef_Game_Application-master\src\sushigame\model\BeltPlateException.java,sushigame.model.BeltPlateException,getPlateToSet/0,false,22,1,0,0,0,1,0,3,1,0,0,0,0,0,0,0,0,0,0,0,0,0,0,0,0,0,5,1,0,false
C:\projects\MVC_Chef_Game_Application-master\src\sushigame\model\BeltImpl.java,sushigame.model.BeltImpl,getPlateAtPosition/1[int],false,129,3,5,3,2,2,2,9,2,0,1,2,1,2,0,1,0,0,0,0,1,0,1,0,0,0,7,1,0,false
C:\projects\MVC_Chef_Game_Application-master\src\sushigame\model\BeltImpl.java,sushigame.model.BeltImpl,BeltImpl/1[int],true,16,3,1,1,0,2,0,9,0,0,1,0,0,0,0,0,0,0,1,2,4,0,1,0,0,0,15,1,0,false
C:\projects\MVC_Chef_Game_Application-master\src\sushigame\model\BeltImpl.java,sushigame.model.BeltImpl,"setPlateAtPosition/2[comp401.sushi.Plate,int]",false,148,5,7,1,6,3,3,11,0,0,2,3,3,2,0,2,0,0,1,0,2,0,1,0,0,0,19,2,0,false
C:\projects\MVC_Chef_Game_Application-master\src\sushigame\model\BeltImpl.java,sushigame.model.BeltImpl,getSize/0,false,33,0,5,5,0,1,0,3,1,0,0,0,0,0,0,0,0,0,0,0,0,0,0,0,0,0,2,1,0,false
C:\projects\MVC_Chef_Game_Application-master\src\sushigame\model\BeltImpl.java,sushigame.model.BeltImpl,"setPlateNearestToPosition/2[comp401.sushi.Plate,int]",false,43,3,4,0,4,3,3,12,1,1,2,3,3,3,1,0,1,0,0,2,2,0,2,0,0,0,15,1,0,false
C:\projects\MVC_Chef_Game_Application-master\src\sushigame\model\BeltImpl.java,sushigame.model.BeltImpl,clearPlateAtPosition/1[int],false,162,1,2,1,1,1,1,3,0,0,1,1,1,2,0,0,0,0,0,0,1,0,0,0,0,0,6,2,0,false
C:\projects\MVC_Chef_Game_Application-master\src\sushigame\model\BeltImpl.java,sushigame.model.BeltImpl,notifyBeltObservers/1[sushigame.model.BeltEvent],false,122,2,3,2,1,2,1,5,0,0,1,1,0,0,1,0,0,0,0,0,0,0,1,0,0,0,9,2,0,false
C:\projects\MVC_Chef_Game_Application-master\src\sushigame\model\BeltImpl.java,sushigame.model.BeltImpl,getRotationCount/0,false,28,0,2,2,0,1,0,3,1,0,0,0,0,0,0,0,0,0,0,0,0,0,0,0,0,0,5,1,0,false
C:\projects\MVC_Chef_Game_Application-master\src\sushigame\model\BeltImpl.java,sushigame.model.BeltImpl,getCustomerAtPosition/1[int],false,38,2,1,0,1,1,1,3,1,0,1,1,1,2,0,0,0,0,0,0,0,0,0,0,0,0,5,1,0,false
C:\projects\MVC_Chef_Game_Application-master\src\sushigame\model\BeltImpl.java,sushigame.model.BeltImpl,plateAtPositionIsSpoiled/1[int],false,166,4,7,1,6,6,6,19,5,3,1,6,3,3,0,2,0,3,0,2,4,2,1,0,0,0,18,2,0,false
C:\projects\MVC_Chef_Game_Application-master\src\sushigame\model\BeltImpl.java,sushigame.model.BeltImpl,getAgeOfPlateAtPosition/1[int],false,89,2,4,1,3,2,3,9,2,0,1,3,2,2,0,1,0,0,0,1,1,1,1,0,0,0,11,1,0,false
C:\projects\MVC_Chef_Game_Application-master\src\sushigame\model\BeltImpl.java,sushigame.model.BeltImpl,"setCustomerAtPosition/2[sushigame.model.Customer,int]",false,144,2,2,1,1,1,1,3,0,0,2,1,1,2,0,0,0,0,0,0,1,0,0,0,0,0,6,0,0,false
C:\projects\MVC_Chef_Game_Application-master\src\sushigame\model\BeltImpl.java,sushigame.model.BeltImpl,rotate/0,false,57,7,9,0,9,8,6,26,0,6,0,6,5,6,3,2,0,0,0,7,8,3,4,0,0,0,23,1,0,false
C:\projects\MVC_Chef_Game_Application-master\src\sushigame\model\BeltImpl.java,sushigame.model.BeltImpl,registerBeltObserver/1[sushigame.model.BeltObserver],false,113,1,0,0,0,1,1,3,0,0,1,1,0,0,0,0,0,0,0,0,0,0,0,0,0,0,4,1,0,false
C:\projects\MVC_Chef_Game_Application-master\src\sushigame\model\BeltImpl.java,sushigame.model.BeltImpl,unregisterBeltObserver/1[sushigame.model.BeltObserver],false,118,1,0,0,0,1,1,3,0,0,1,1,0,0,0,0,0,0,0,0,0,0,0,0,0,0,4,1,0,false
C:\projects\MVC_Chef_Game_Application-master\src\sushigame\model\BeltImpl.java,sushigame.model.BeltImpl,findPlate/1[comp401.sushi.Plate],false,99,2,2,0,2,4,2,11,3,1,1,2,2,3,1,2,0,0,0,3,1,0,2,0,0,0,9,1,0,false
C:\projects\MVC_Chef_Game_Application-master\src\sushigame\model\BeltImpl.java,sushigame.model.BeltImpl,normalizePosition/1[int],false,192,1,9,8,1,2,1,7,1,1,1,1,1,1,0,0,0,0,0,1,2,1,1,0,0,0,6,2,0,false
C:\projects\MVC_Chef_Game_Application-master\src\sushigame\model\BeltImpl.java,sushigame.model.BeltImpl,removePlateAtPosition/1[int],false,138,2,3,1,2,1,2,5,1,1,1,2,2,3,0,0,0,0,0,0,1,0,0,0,0,0,8,2,0,false
C:\projects\MVC_Chef_Game_Application-master\src\comp401\sushi\GoldPlate.java,comp401.sushi.GoldPlate,check_price/1[double],false,11,0,1,1,0,2,0,6,1,0,1,0,0,0,0,0,0,0,0,1,0,0,1,0,0,0,5,10,0,false
C:\projects\MVC_Chef_Game_Application-master\src\comp401\sushi\GoldPlate.java,comp401.sushi.GoldPlate,"GoldPlate/3[sushigame.model.Chef,comp401.sushi.Sushi,double]",true,7,3,3,2,1,1,1,3,0,0,3,1,1,1,0,0,0,0,0,0,0,0,0,0,0,0,6,1,0,false
C:\projects\MVC_Chef_Game_Application-master\src\comp401\sushi\PlateImpl.java,comp401.sushi.PlateImpl,getPrice/0,false,37,0,1,1,0,1,0,3,1,0,0,0,0,0,0,0,0,0,0,0,0,0,0,0,0,0,3,1,0,false
C:\projects\MVC_Chef_Game_Application-master\src\comp401\sushi\PlateImpl.java,comp401.sushi.PlateImpl,getContents/0,false,32,1,0,0,0,1,0,3,1,0,0,0,0,0,0,0,0,0,0,0,0,0,0,0,0,0,4,1,0,false
C:\projects\MVC_Chef_Game_Application-master\src\comp401\sushi\PlateImpl.java,comp401.sushi.PlateImpl,getColor/0,false,42,1,0,0,0,1,0,3,1,0,0,0,0,0,0,0,0,0,0,0,0,0,0,0,0,0,3,1,0,false
C:\projects\MVC_Chef_Game_Application-master\src\comp401\sushi\PlateImpl.java,comp401.sushi.PlateImpl,getChef/0,false,52,1,0,0,0,1,0,3,1,0,0,0,0,0,0,0,0,0,0,0,0,0,0,0,0,0,3,1,0,false
C:\projects\MVC_Chef_Game_Application-master\src\comp401\sushi\PlateImpl.java,comp401.sushi.PlateImpl,getProfit/0,false,47,2,2,0,2,1,2,3,1,0,0,2,1,1,0,0,0,0,0,0,0,1,0,0,0,0,3,1,0,false
C:\projects\MVC_Chef_Game_Application-master\src\comp401\sushi\PlateImpl.java,comp401.sushi.PlateImpl,"PlateImpl/4[sushigame.model.Chef,comp401.sushi.Sushi,double,comp401.sushi.Plate.Color]",true,12,4,2,0,2,4,1,15,0,0,4,1,0,0,0,2,0,0,0,0,4,0,1,0,0,0,13,1,0,false
C:\projects\MVC_Chef_Game_Application-master\src\sushigame\model\PlateConsumedEvent.java,sushigame.model.PlateConsumedEvent,"PlateConsumedEvent/2[comp401.sushi.Plate,int]",true,7,1,1,1,0,1,0,3,0,0,2,0,0,0,0,0,0,0,0,0,0,0,0,0,0,0,4,1,0,false
C:\projects\MVC_Chef_Game_Application-master\src\sushigame\view\RotationRequestListener.java,sushigame.view.RotationRequestListener,handleRotationRequest/0,false,5,0,1,1,0,1,0,1,0,0,0,0,0,0,0,0,0,0,0,0,0,0,0,0,0,0,3,0,0,false
C:\projects\MVC_Chef_Game_Application-master\src\comp401\sushi\PlatePriceException.java,comp401.sushi.PlatePriceException,"PlatePriceException/2[comp401.sushi.Plate,comp401.sushi.Sushi]",true,8,2,1,1,0,1,0,5,0,0,2,0,0,0,0,0,0,0,1,0,2,0,0,0,0,0,13,1,0,false
C:\projects\MVC_Chef_Game_Application-master\src\comp401\sushi\Rice.java,comp401.sushi.Rice,Rice/0,true,5,0,0,0,0,1,0,3,0,0,0,0,0,0,0,0,0,0,1,2,0,0,0,0,0,0,1,1,0,false
C:\projects\MVC_Chef_Game_Application-master\src\sushigame\controller\RollMakerChefController.java,sushigame.controller.RollMakerChefController,makeRandomRoll/0,false,62,10,10,1,9,1,1,3,1,0,0,1,0,0,0,0,0,0,1,0,0,0,0,0,0,0,12,2,0,false
C:\projects\MVC_Chef_Game_Application-master\src\sushigame\controller\RollMakerChefController.java,sushigame.controller.RollMakerChefController,handleBeltEvent/1[sushigame.model.BeltEvent],false,35,6,4,0,4,5,4,20,2,2,1,4,1,1,0,1,2,1,0,2,3,3,3,0,0,0,26,1,0,false
C:\projects\MVC_Chef_Game_Application-master\src\sushigame\controller\RollMakerChefController.java,sushigame.controller.RollMakerChefController,"RollMakerChefController/2[sushigame.model.Chef,int]",true,28,1,1,1,0,1,1,5,0,0,2,1,0,0,0,0,0,0,0,2,3,2,0,0,0,0,10,1,0,false
C:\projects\MVC_Chef_Game_Application-master\src\sushigame\model\TimedPlate.java,sushigame.model.TimedPlate,getOriginal/0,false,8,1,1,1,0,1,0,1,0,0,0,0,0,0,0,0,0,0,0,0,0,0,0,0,0,0,3,0,0,false
C:\projects\MVC_Chef_Game_Application-master\src\sushigame\model\TimedPlate.java,sushigame.model.TimedPlate,getInceptDate/0,false,7,0,1,1,0,1,0,1,0,0,0,0,0,0,0,0,0,0,0,0,0,0,0,0,0,0,3,0,0,false
C:\projects\MVC_Chef_Game_Application-master\src\sushigame\model\BeltObserver.java,sushigame.model.BeltObserver,handleBeltEvent/1[sushigame.model.BeltEvent],false,4,1,1,1,0,1,0,1,0,0,1,0,0,0,0,0,0,0,0,0,0,0,0,0,0,0,4,1,0,false
C:\projects\MVC_Chef_Game_Application-master\src\sushigame\model\HistoricalPlateImpl.java,sushigame.model.HistoricalPlateImpl,getContents/0,false,17,2,1,0,1,1,1,3,1,0,0,1,0,0,0,0,0,0,0,0,0,0,0,0,0,0,3,1,0,false
C:\projects\MVC_Chef_Game_Application-master\src\sushigame\model\HistoricalPlateImpl.java,sushigame.model.HistoricalPlateImpl,getColor/0,false,27,2,1,0,1,1,1,3,1,0,0,1,0,0,0,0,0,0,0,0,0,0,0,0,0,0,2,1,0,false
C:\projects\MVC_Chef_Game_Application-master\src\sushigame\model\HistoricalPlateImpl.java,sushigame.model.HistoricalPlateImpl,getPrice/0,false,22,1,1,0,1,1,1,3,1,0,0,1,0,0,0,0,0,0,0,0,0,0,0,0,0,0,2,1,0,false
C:\projects\MVC_Chef_Game_Application-master\src\sushigame\model\HistoricalPlateImpl.java,sushigame.model.HistoricalPlateImpl,wasSpoiled/0,false,42,0,0,0,0,2,0,3,1,0,0,0,0,0,0,1,0,1,0,0,0,0,0,0,0,0,4,1,0,false
C:\projects\MVC_Chef_Game_Application-master\src\sushigame\model\HistoricalPlateImpl.java,sushigame.model.HistoricalPlateImpl,getProfit/0,false,32,1,1,0,1,1,1,3,1,0,0,1,0,0,0,0,0,0,0,0,0,0,0,0,0,0,2,1,0,false
C:\projects\MVC_Chef_Game_Application-master\src\sushigame\model\HistoricalPlateImpl.java,sushigame.model.HistoricalPlateImpl,getChef/0,false,37,2,1,0,1,1,1,3,1,0,0,1,0,0,0,0,0,0,0,0,0,0,0,0,0,0,2,1,0,false
C:\projects\MVC_Chef_Game_Application-master\src\sushigame\model\HistoricalPlateImpl.java,sushigame.model.HistoricalPlateImpl,getConsumer/0,false,47,1,0,0,0,1,0,3,1,0,0,0,0,0,0,0,0,0,0,0,0,0,0,0,0,0,4,1,0,false
C:\projects\MVC_Chef_Game_Application-master\src\sushigame\model\HistoricalPlateImpl.java,sushigame.model.HistoricalPlateImpl,"HistoricalPlateImpl/2[comp401.sushi.Plate,sushigame.model.Customer]",true,11,2,1,1,0,1,0,4,0,0,2,0,0,0,0,0,0,0,0,0,2,0,0,0,0,0,7,1,0,false
C:\projects\MVC_Chef_Game_Application-master\src\sushigame\view\BeltView.java,sushigame.view.BeltView,BeltView/1[sushigame.model.Belt],true,27,3,6,1,5,15,10,50,0,11,1,10,2,1,2,5,0,6,6,20,15,1,3,0,0,0,31,1,0,false
C:\projects\MVC_Chef_Game_Application-master\src\sushigame\view\BeltView.java,sushigame.view.BeltView,refresh/0,false,88,6,15,2,13,10,18,47,0,8,0,18,0,0,2,1,0,0,11,14,9,6,4,0,0,0,26,2,0,false
C:\projects\MVC_Chef_Game_Application-master\src\sushigame\view\BeltView.java,sushigame.view.BeltView,actionPerformed/1[java.awt.event.ActionEvent],false,136,0,0,0,0,2,3,9,0,4,1,3,0,0,0,0,0,0,5,0,4,1,1,0,0,0,36,1,0,false
C:\projects\MVC_Chef_Game_Application-master\src\sushigame\view\BeltView.java,sushigame.view.BeltView,handleBeltEvent/1[sushigame.model.BeltEvent],false,84,2,1,0,1,1,1,3,0,0,1,1,1,1,0,0,0,0,0,0,0,0,0,0,0,0,5,1,0,false
C:\projects\MVC_Chef_Game_Application-master\src\sushigame\view\BeltView.java,sushigame.view.BeltView,"createImageIcon/2[java.lang.String,java.lang.String]",false,73,0,1,1,0,2,3,10,2,1,2,3,0,0,0,1,0,0,1,0,1,1,1,0,0,0,13,4,0,false
C:\projects\MVC_Chef_Game_Application-master\src\comp401\sushi\GreenPlate.java,comp401.sushi.GreenPlate,"GreenPlate/2[sushigame.model.Chef,comp401.sushi.Sushi]",true,7,2,3,3,0,1,0,3,0,0,2,0,0,0,0,0,0,0,0,1,0,0,0,0,0,0,6,1,0,false
C:\projects\MVC_Chef_Game_Application-master\src\sushigame\controller\PlayerChefController.java,sushigame.controller.PlayerChefController,"handleGreenPlateRequest/2[comp401.sushi.Sushi,int]",false,53,5,3,0,3,2,2,9,0,1,2,2,1,1,0,0,1,0,1,0,1,0,1,0,0,0,15,1,0,false
C:\projects\MVC_Chef_Game_Application-master\src\sushigame\controller\PlayerChefController.java,sushigame.controller.PlayerChefController,"handleRedPlateRequest/2[comp401.sushi.Sushi,int]",false,43,5,3,0,3,2,2,9,0,1,2,2,1,1,0,0,1,0,1,0,1,0,1,0,0,0,15,1,0,false
C:\projects\MVC_Chef_Game_Application-master\src\sushigame\controller\PlayerChefController.java,sushigame.controller.PlayerChefController,"placePlate/2[comp401.sushi.Plate,int]",false,28,3,6,4,2,5,3,17,0,0,2,3,0,0,0,0,1,0,3,0,0,0,1,0,0,0,17,2,0,false
C:\projects\MVC_Chef_Game_Application-master\src\sushigame\controller\PlayerChefController.java,sushigame.controller.PlayerChefController,"handleBluePlateRequest/2[comp401.sushi.Sushi,int]",false,63,5,3,0,3,2,2,9,0,1,2,2,1,1,0,0,1,0,1,0,1,0,1,0,0,0,15,1,0,false
C:\projects\MVC_Chef_Game_Application-master\src\sushigame\controller\PlayerChefController.java,sushigame.controller.PlayerChefController,"handleGoldPlateRequest/3[comp401.sushi.Sushi,int,double]",false,73,5,3,0,3,2,2,9,0,1,3,2,1,1,0,0,1,0,1,0,1,0,1,0,0,0,14,1,0,false
C:\projects\MVC_Chef_Game_Application-master\src\sushigame\controller\PlayerChefController.java,sushigame.controller.PlayerChefController,"PlayerChefController/2[sushigame.model.Chef,sushigame.view.SushiGameView]",true,23,2,1,1,0,1,0,4,0,0,2,0,0,0,0,0,0,0,0,0,2,0,0,0,0,0,6,1,0,false
C:\projects\MVC_Chef_Game_Application-master\src\sushigame\model\Chef.java,sushigame.model.Chef,getFoodConsumedAmount/0,false,22,0,2,2,0,1,0,1,0,0,0,0,0,0,0,0,0,0,0,0,0,0,0,0,0,0,4,0,0,false
C:\projects\MVC_Chef_Game_Application-master\src\sushigame\model\Chef.java,sushigame.model.Chef,getBalance/0,false,18,0,2,2,0,1,0,1,0,0,0,0,0,0,0,0,0,0,0,0,0,0,0,0,0,0,2,0,0,false
C:\projects\MVC_Chef_Game_Application-master\src\sushigame\model\Chef.java,sushigame.model.Chef,getName/0,false,9,0,2,2,0,1,0,1,0,0,0,0,0,0,0,0,0,0,0,0,0,0,0,0,0,0,2,0,0,false
C:\projects\MVC_Chef_Game_Application-master\src\sushigame\model\Chef.java,sushigame.model.Chef,getPlateHistory/0,false,16,1,0,0,0,1,0,1,0,0,0,0,0,0,0,0,0,0,0,0,0,0,0,0,0,0,3,0,0,false
C:\projects\MVC_Chef_Game_Application-master\src\sushigame\model\Chef.java,sushigame.model.Chef,alreadyPlacedThisRotation/0,false,20,0,0,0,0,1,0,1,0,0,0,0,0,0,0,0,0,0,0,0,0,0,0,0,0,0,4,0,0,false
C:\projects\MVC_Chef_Game_Application-master\src\sushigame\model\Chef.java,sushigame.model.Chef,setName/1[java.lang.String],false,10,0,1,1,0,1,0,1,0,0,1,0,0,0,0,0,0,0,0,0,0,0,0,0,0,0,3,0,0,false
C:\projects\MVC_Chef_Game_Application-master\src\sushigame\model\Chef.java,sushigame.model.Chef,"makeAndPlacePlate/2[comp401.sushi.Plate,int]",false,12,1,4,4,0,1,0,1,0,0,2,0,0,0,0,0,0,0,0,0,0,0,0,0,0,0,10,0,0,false
C:\projects\MVC_Chef_Game_Application-master\src\sushigame\model\Chef.java,sushigame.model.Chef,getPlateHistory/1[int],false,15,1,0,0,0,1,0,1,0,0,1,0,0,0,0,0,0,0,0,0,0,0,0,0,0,0,6,0,0,false
C:\projects\MVC_Chef_Game_Application-master\src\sushigame\model\Chef.java,sushigame.model.Chef,getFoodSpoiledAmount/0,false,24,0,2,2,0,1,0,1,0,0,0,0,0,0,0,0,0,0,0,0,0,0,0,0,0,0,4,0,0,false
C:\projects\MVC_Chef_Game_Application-master\src\comp401\sushi\CrabPortion.java,comp401.sushi.CrabPortion,combine/1[comp401.sushi.IngredientPortion],false,12,4,5,0,5,3,4,9,2,0,1,4,0,0,0,1,0,0,1,0,0,1,1,0,0,0,16,1,0,false
C:\projects\MVC_Chef_Game_Application-master\src\comp401\sushi\CrabPortion.java,comp401.sushi.CrabPortion,CrabPortion/1[double],true,7,0,5,5,0,1,0,3,0,0,1,0,0,0,0,0,0,0,0,0,0,0,0,0,0,0,3,1,0,false
C:\projects\MVC_Chef_Game_Application-master\src\sushigame\controller\SashimiChefController.java,sushigame.controller.SashimiChefController,handleBeltEvent/1[sushigame.model.BeltEvent],false,28,9,8,0,8,9,5,32,3,2,1,5,2,1,0,1,2,1,0,0,5,1,4,0,0,0,29,1,0,false
C:\projects\MVC_Chef_Game_Application-master\src\sushigame\controller\SashimiChefController.java,sushigame.controller.SashimiChefController,"SashimiChefController/2[sushigame.model.Chef,int]",true,21,1,1,1,0,1,1,5,0,0,2,1,0,0,0,0,0,0,0,2,3,2,0,0,0,0,9,1,0,false
C:\projects\MVC_Chef_Game_Application-master\src\sushigame\controller\SashimiChefController.java,sushigame.controller.SashimiChefController,pickType/0,false,67,1,1,1,0,1,1,4,1,1,0,1,0,0,0,0,0,1,0,0,1,1,0,0,0,0,3,2,0,false
C:\projects\MVC_Chef_Game_Application-master\src\sushigame\controller\SashimiChefController.java,sushigame.controller.SashimiChefController,pickColor/0,false,78,1,1,1,0,1,1,4,1,1,0,1,0,0,0,0,0,1,0,0,1,1,0,0,0,0,3,2,0,false
C:\projects\MVC_Chef_Game_Application-master\src\comp401\sushi\Crab.java,comp401.sushi.Crab,Crab/0,true,5,0,0,0,0,1,0,3,0,0,0,0,0,0,0,0,0,0,1,2,0,0,0,0,0,0,1,1,0,false
C:\projects\MVC_Chef_Game_Application-master\src\comp401\sushi\EelPortion.java,comp401.sushi.EelPortion,combine/1[comp401.sushi.IngredientPortion],false,12,4,5,0,5,3,4,9,2,0,1,4,0,0,0,1,0,0,1,0,0,1,1,0,0,0,14,1,0,false
C:\projects\MVC_Chef_Game_Application-master\src\comp401\sushi\EelPortion.java,comp401.sushi.EelPortion,EelPortion/1[double],true,7,0,5,5,0,1,0,3,0,0,1,0,0,0,0,0,0,0,0,0,0,0,0,0,0,0,3,1,0,false
C:\projects\MVC_Chef_Game_Application-master\src\sushigame\view\ChefViewListener.java,sushigame.view.ChefViewListener,"handleBluePlateRequest/2[comp401.sushi.Sushi,int]",false,10,1,1,1,0,1,0,1,0,0,2,0,0,0,0,0,0,0,0,0,0,0,0,0,0,0,7,0,0,false
C:\projects\MVC_Chef_Game_Application-master\src\sushigame\view\ChefViewListener.java,sushigame.view.ChefViewListener,"handleGoldPlateRequest/3[comp401.sushi.Sushi,int,double]",false,11,1,1,1,0,1,0,1,0,0,3,0,0,0,0,0,0,0,0,0,0,0,0,0,0,0,6,0,0,false
C:\projects\MVC_Chef_Game_Application-master\src\sushigame\view\ChefViewListener.java,sushigame.view.ChefViewListener,"handleRedPlateRequest/2[comp401.sushi.Sushi,int]",false,8,1,1,1,0,1,0,1,0,0,2,0,0,0,0,0,0,0,0,0,0,0,0,0,0,0,7,0,0,false
C:\projects\MVC_Chef_Game_Application-master\src\sushigame\view\ChefViewListener.java,sushigame.view.ChefViewListener,"handleGreenPlateRequest/2[comp401.sushi.Sushi,int]",false,9,1,1,1,0,1,0,1,0,0,2,0,0,0,0,0,0,0,0,0,0,0,0,0,0,0,7,0,0,false
C:\projects\MVC_Chef_Game_Application-master\src\sushigame\view\HighToLowBalanceComparator.java,sushigame.view.HighToLowBalanceComparator,"compare/2[sushigame.model.Chef,sushigame.model.Chef]",false,15,1,3,0,3,4,4,12,4,0,2,4,0,0,0,0,0,4,3,8,0,12,1,0,0,0,5,1,0,false
C:\projects\MVC_Chef_Game_Application-master\src\sushigame\view\HighToLowBalanceComparator.java,sushigame.view.HighToLowBalanceComparator,HighToLowBalanceComparator/1[java.lang.String],true,10,0,1,1,0,1,0,3,0,0,1,0,0,0,0,0,0,0,0,0,1,0,0,0,0,0,7,1,0,false
C:\projects\MVC_Chef_Game_Application-master\src\comp401\sushi\Nigiri.java,comp401.sushi.Nigiri,getIngredients/0,false,41,1,0,0,0,1,0,3,1,0,0,0,0,0,0,0,0,0,0,0,0,0,0,0,0,0,2,1,0,false
C:\projects\MVC_Chef_Game_Application-master\src\comp401\sushi\Nigiri.java,comp401.sushi.Nigiri,getHasRice/0,false,56,0,0,0,0,1,0,3,1,0,0,0,0,0,0,0,0,0,0,0,0,0,0,0,0,0,4,1,0,false
C:\projects\MVC_Chef_Game_Application-master\src\comp401\sushi\Nigiri.java,comp401.sushi.Nigiri,getCalories/0,false,46,1,1,0,1,1,1,3,1,0,0,1,0,0,0,0,0,1,0,1,0,1,0,0,0,0,2,1,0,false
C:\projects\MVC_Chef_Game_Application-master\src\comp401\sushi\Nigiri.java,comp401.sushi.Nigiri,getHasShellfish/0,false,61,1,1,0,1,1,1,3,1,0,0,1,0,0,0,0,0,0,0,0,0,0,0,0,0,0,3,1,0,false
C:\projects\MVC_Chef_Game_Application-master\src\comp401\sushi\Nigiri.java,comp401.sushi.Nigiri,Nigiri/1[comp401.sushi.Nigiri.NigiriType],true,13,7,8,2,6,6,0,20,0,0,1,0,0,0,0,0,0,0,0,0,6,0,1,0,0,0,25,1,0,false
C:\projects\MVC_Chef_Game_Application-master\src\comp401\sushi\Nigiri.java,comp401.sushi.Nigiri,getCost/0,false,51,1,1,0,1,1,1,3,1,0,0,1,0,0,0,0,0,3,0,3,0,4,0,0,0,0,2,1,0,false
C:\projects\MVC_Chef_Game_Application-master\src\comp401\sushi\Nigiri.java,comp401.sushi.Nigiri,getName/0,false,36,1,1,0,1,1,1,3,1,0,0,1,0,0,0,0,0,0,1,0,0,1,0,0,0,0,2,1,0,false
C:\projects\MVC_Chef_Game_Application-master\src\comp401\sushi\Nigiri.java,comp401.sushi.Nigiri,getIsVegetarian/0,false,66,0,0,0,0,1,0,3,1,0,0,0,0,0,0,0,0,0,0,0,0,0,0,0,0,0,4,1,0,false
C:\projects\MVC_Chef_Game_Application-master\src\sushigame\model\PlatePlacedEvent.java,sushigame.model.PlatePlacedEvent,"PlatePlacedEvent/2[comp401.sushi.Plate,int]",true,7,1,1,1,0,1,0,3,0,0,2,0,0,0,0,0,0,0,0,0,0,0,0,0,0,0,4,1,0,false
C:\projects\MVC_Chef_Game_Application-master\src\sushigame\view\PlateViewWidget.java,sushigame.view.PlateViewWidget,setPlateInfo/1[java.lang.String],false,62,0,1,1,0,1,0,3,0,0,1,0,0,0,0,0,0,0,0,0,1,0,0,0,0,0,4,1,0,false
C:\projects\MVC_Chef_Game_Application-master\src\sushigame\view\PlateViewWidget.java,sushigame.view.PlateViewWidget,getPlate/0,false,36,1,0,0,0,1,0,3,1,0,0,0,0,0,0,0,0,0,0,0,0,0,0,0,0,0,3,1,0,false
C:\projects\MVC_Chef_Game_Application-master\src\sushigame\view\PlateViewWidget.java,sushigame.view.PlateViewWidget,getPlateInfo/0,false,58,0,1,1,0,1,0,3,1,0,0,0,0,0,0,0,0,0,0,0,0,0,0,0,0,0,4,1,0,false
C:\projects\MVC_Chef_Game_Application-master\src\sushigame\view\PlateViewWidget.java,sushigame.view.PlateViewWidget,mouseClicked/1[java.awt.event.MouseEvent],false,67,0,0,0,0,1,0,2,0,0,1,0,0,0,0,0,0,0,0,0,0,0,0,0,0,0,5,1,0,false
C:\projects\MVC_Chef_Game_Application-master\src\sushigame\view\PlateViewWidget.java,sushigame.view.PlateViewWidget,setPlate/1[comp401.sushi.Plate],false,40,1,1,1,0,1,0,3,0,0,1,0,0,0,0,0,0,0,0,0,1,0,0,0,0,0,3,1,0,false
C:\projects\MVC_Chef_Game_Application-master\src\sushigame\view\PlateViewWidget.java,sushigame.view.PlateViewWidget,"createImageIcon/2[java.lang.String,java.lang.String]",false,48,0,1,1,0,2,3,10,2,1,2,3,0,0,0,1,0,0,1,0,1,1,1,0,0,0,13,4,0,false
C:\projects\MVC_Chef_Game_Application-master\src\sushigame\view\PlateViewWidget.java,sushigame.view.PlateViewWidget,getPlabel/0,false,44,0,1,1,0,1,0,3,1,0,0,0,0,0,0,0,0,0,0,0,0,0,0,0,0,0,5,1,0,false
C:\projects\MVC_Chef_Game_Application-master\src\sushigame\view\PlateViewWidget.java,sushigame.view.PlateViewWidget,mouseExited/1[java.awt.event.MouseEvent],false,79,0,0,0,0,1,0,2,0,0,1,0,0,0,0,0,0,0,0,0,0,0,0,0,0,0,5,1,0,false
C:\projects\MVC_Chef_Game_Application-master\src\sushigame\view\PlateViewWidget.java,sushigame.view.PlateViewWidget,mousePressed/1[java.awt.event.MouseEvent],false,85,1,1,0,1,1,2,3,0,0,1,2,1,1,0,0,0,0,0,0,0,0,0,0,0,0,5,1,0,false
C:\projects\MVC_Chef_Game_Application-master\src\sushigame\view\PlateViewWidget.java,sushigame.view.PlateViewWidget,"PlateViewWidget/2[sushigame.model.Belt,int]",true,22,2,3,1,2,1,5,11,0,1,2,5,1,1,0,0,0,0,2,0,5,0,0,0,0,0,15,1,0,false
C:\projects\MVC_Chef_Game_Application-master\src\sushigame\view\PlateViewWidget.java,sushigame.view.PlateViewWidget,mouseEntered/1[java.awt.event.MouseEvent],false,73,0,0,0,0,1,0,2,0,0,1,0,0,0,0,0,0,0,0,0,0,0,0,0,0,0,5,1,0,false
C:\projects\MVC_Chef_Game_Application-master\src\sushigame\view\PlateViewWidget.java,sushigame.view.PlateViewWidget,mouseReleased/1[java.awt.event.MouseEvent],false,91,0,0,0,0,1,0,2,0,0,1,0,0,0,0,0,0,0,0,0,0,0,0,0,0,0,5,1,0,false
C:\projects\MVC_Chef_Game_Application-master\src\comp401\sushi\IngredientPortion.java,comp401.sushi.IngredientPortion,getIsVegetarian/0,false,9,0,1,1,0,1,0,1,0,0,0,0,0,0,0,0,0,0,0,0,0,0,0,0,0,0,3,0,0,false
C:\projects\MVC_Chef_Game_Application-master\src\comp401\sushi\IngredientPortion.java,comp401.sushi.IngredientPortion,getAmount/0,false,6,0,9,9,0,1,0,1,0,0,0,0,0,0,0,0,0,0,0,0,0,0,0,0,0,0,2,0,0,false
C:\projects\MVC_Chef_Game_Application-master\src\comp401\sushi\IngredientPortion.java,comp401.sushi.IngredientPortion,getIsRice/0,false,10,0,1,1,0,1,0,1,0,0,0,0,0,0,0,0,0,0,0,0,0,0,0,0,0,0,3,0,0,false
C:\projects\MVC_Chef_Game_Application-master\src\comp401\sushi\IngredientPortion.java,comp401.sushi.IngredientPortion,getIsShellfish/0,false,11,0,3,3,0,1,0,1,0,0,0,0,0,0,0,0,0,0,0,0,0,0,0,0,0,0,3,0,0,false
C:\projects\MVC_Chef_Game_Application-master\src\comp401\sushi\IngredientPortion.java,comp401.sushi.IngredientPortion,combine/1[comp401.sushi.IngredientPortion],false,12,1,0,0,0,1,0,1,0,0,1,0,0,0,0,0,0,0,0,0,0,0,0,0,0,0,4,0,0,false
C:\projects\MVC_Chef_Game_Application-master\src\comp401\sushi\IngredientPortion.java,comp401.sushi.IngredientPortion,getIngredient/0,false,4,1,8,8,0,1,0,1,0,0,0,0,0,0,0,0,0,0,0,0,0,0,0,0,0,0,2,0,0,false
C:\projects\MVC_Chef_Game_Application-master\src\comp401\sushi\IngredientPortion.java,comp401.sushi.IngredientPortion,getName/0,false,5,0,3,3,0,1,0,1,0,0,0,0,0,0,0,0,0,0,0,0,0,0,0,0,0,0,2,0,0,false
C:\projects\MVC_Chef_Game_Application-master\src\comp401\sushi\IngredientPortion.java,comp401.sushi.IngredientPortion,getCalories/0,false,7,0,3,3,0,1,0,1,0,0,0,0,0,0,0,0,0,0,0,0,0,0,0,0,0,0,2,0,0,false
C:\projects\MVC_Chef_Game_Application-master\src\comp401\sushi\IngredientPortion.java,comp401.sushi.IngredientPortion,getCost/0,false,8,0,3,3,0,1,0,1,0,0,0,0,0,0,0,0,0,0,0,0,0,0,0,0,0,0,2,0,0,false
C:\projects\MVC_Chef_Game_Application-master\src\sushigame\model\RandomCustomer.java,sushigame.model.RandomCustomer,consumesPlate/1[comp401.sushi.Plate],false,14,1,0,0,0,2,1,3,1,0,1,1,0,0,0,0,0,1,0,0,0,0,0,0,0,0,4,1,0,false
C:\projects\MVC_Chef_Game_Application-master\src\sushigame\model\RandomCustomer.java,sushigame.model.RandomCustomer,RandomCustomer/1[double],true,9,0,1,1,0,1,0,3,0,0,1,0,0,0,0,0,0,0,0,0,1,0,0,0,0,0,3,1,0,false
C:\projects\MVC_Chef_Game_Application-master\src\sushigame\view\PlayerChefView.java,sushigame.view.PlayerChefView,"makeBluePlateRequest/2[comp401.sushi.Sushi,int]",false,182,2,2,1,1,2,1,5,0,0,2,1,0,0,1,0,0,0,0,0,0,0,1,0,0,0,12,2,0,false
C:\projects\MVC_Chef_Game_Application-master\src\sushigame\view\PlayerChefView.java,sushigame.view.PlayerChefView,registerChefListener/1[sushigame.view.ChefViewListener],false,166,1,1,1,0,1,1,3,0,0,1,1,0,0,0,0,0,0,0,0,0,0,0,0,0,0,5,1,0,false
C:\projects\MVC_Chef_Game_Application-master\src\sushigame\view\PlayerChefView.java,sushigame.view.PlayerChefView,PlayerChefView/1[int],true,48,1,1,1,0,4,11,97,0,27,1,11,0,0,3,0,0,2,44,17,41,5,1,0,0,0,73,1,0,false
C:\projects\MVC_Chef_Game_Application-master\src\sushigame\view\PlayerChefView.java,sushigame.view.PlayerChefView,"makeGoldPlateRequest/3[comp401.sushi.Sushi,int,double]",false,188,2,2,1,1,2,1,5,0,0,3,1,0,0,1,0,0,0,0,0,0,0,1,0,0,0,11,2,0,false
C:\projects\MVC_Chef_Game_Application-master\src\sushigame\view\PlayerChefView.java,sushigame.view.PlayerChefView,actionPerformed/1[java.awt.event.ActionEvent],false,195,14,16,0,16,49,16,212,0,15,1,16,4,1,9,4,0,0,39,43,37,0,3,0,0,0,54,1,0,false
C:\projects\MVC_Chef_Game_Application-master\src\sushigame\view\PlayerChefView.java,sushigame.view.PlayerChefView,"makeRedPlateRequest/2[comp401.sushi.Sushi,int]",false,170,2,2,1,1,2,1,5,0,0,2,1,0,0,1,0,0,0,0,0,0,0,1,0,0,0,12,2,0,false
C:\projects\MVC_Chef_Game_Application-master\src\sushigame\view\PlayerChefView.java,sushigame.view.PlayerChefView,"makeGreenPlateRequest/2[comp401.sushi.Sushi,int]",false,176,2,2,1,1,2,1,5,0,0,2,1,0,0,1,0,0,0,0,0,0,0,1,0,0,0,12,2,0,false
C:\projects\MVC_Chef_Game_Application-master\src\sushigame\model\Customer.java,sushigame.model.Customer,consumesPlate/1[comp401.sushi.Plate],false,7,1,1,1,0,1,0,1,0,0,1,0,0,0,0,0,0,0,0,0,0,0,0,0,0,0,3,0,0,false
C:\projects\MVC_Chef_Game_Application-master\src\sushigame\view\ScoreboardWidget.java,sushigame.view.ScoreboardWidget,makeScoreboardHTML/1[java.lang.String],false,101,3,9,2,7,9,8,34,1,4,1,8,0,0,5,0,0,0,45,12,11,20,2,0,0,0,47,2,0,false
C:\projects\MVC_Chef_Game_Application-master\src\sushigame\view\ScoreboardWidget.java,sushigame.view.ScoreboardWidget,"createImageIcon/2[java.lang.String,java.lang.String]",false,87,0,1,1,0,2,3,10,2,1,2,3,0,0,0,1,0,0,1,0,1,1,1,0,0,0,13,4,0,false
C:\projects\MVC_Chef_Game_Application-master\src\sushigame\view\ScoreboardWidget.java,sushigame.view.ScoreboardWidget,handleBeltEvent/1[sushigame.model.BeltEvent],false,168,2,2,0,2,2,2,5,0,0,1,2,1,2,0,1,0,0,0,0,0,0,1,0,0,0,5,1,0,false
C:\projects\MVC_Chef_Game_Application-master\src\sushigame\view\ScoreboardWidget.java,sushigame.view.ScoreboardWidget,setOrderType/1[java.lang.String],false,97,0,0,0,0,1,0,3,0,0,1,0,0,0,0,0,0,0,0,0,1,0,0,0,0,0,4,1,0,false
C:\projects\MVC_Chef_Game_Application-master\src\sushigame\view\ScoreboardWidget.java,sushigame.view.ScoreboardWidget,actionPerformed/1[java.awt.event.ActionEvent],false,175,1,1,0,1,4,3,16,0,0,1,3,1,1,0,0,0,0,9,0,3,0,1,0,0,0,13,1,0,false
C:\projects\MVC_Chef_Game_Application-master\src\sushigame\view\ScoreboardWidget.java,sushigame.view.ScoreboardWidget,refresh/0,false,163,1,3,2,1,1,2,3,0,0,0,2,1,1,0,0,0,0,0,0,0,0,0,0,0,0,9,1,0,false
C:\projects\MVC_Chef_Game_Application-master\src\sushigame\view\ScoreboardWidget.java,sushigame.view.ScoreboardWidget,ScoreboardWidget/1[sushigame.model.SushiGameModel],true,30,3,4,1,3,1,11,40,0,7,1,11,1,1,0,0,0,0,12,4,13,1,0,0,0,0,45,1,0,false
C:\projects\MVC_Chef_Game_Application-master\src\sushigame\model\SushiGameModel.java,sushigame.model.SushiGameModel,"SushiGameModel/3[int,int,int]",true,16,5,5,1,4,5,2,21,0,3,3,2,0,0,2,0,0,0,4,4,10,2,1,0,0,0,29,1,0,false
C:\projects\MVC_Chef_Game_Application-master\src\sushigame\model\SushiGameModel.java,sushigame.model.SushiGameModel,getBelt/0,false,50,2,3,3,0,1,0,3,1,0,0,0,0,0,0,0,0,0,0,0,0,0,0,0,0,0,3,1,0,false
C:\projects\MVC_Chef_Game_Application-master\src\sushigame\model\SushiGameModel.java,sushigame.model.SushiGameModel,getOpponentChefs/0,false,46,1,2,2,0,1,1,3,1,0,0,1,0,0,0,0,0,0,0,0,0,0,0,0,0,0,3,1,0,false
C:\projects\MVC_Chef_Game_Application-master\src\sushigame\model\SushiGameModel.java,sushigame.model.SushiGameModel,getPlayerChef/0,false,42,1,2,2,0,1,0,3,1,0,0,0,0,0,0,0,0,0,0,0,0,0,0,0,0,0,5,1,0,false
C:\projects\MVC_Chef_Game_Application-master\src\sushigame\view\SushiGameView.java,sushigame.view.SushiGameView,registerPlayerChefListener/1[sushigame.view.ChefViewListener],false,56,2,2,1,1,1,1,3,0,0,1,1,0,0,0,0,0,0,0,0,0,0,0,0,0,0,6,1,0,false
C:\projects\MVC_Chef_Game_Application-master\src\sushigame\view\SushiGameView.java,sushigame.view.SushiGameView,setControllerMessage/1[java.lang.String],false,73,0,5,5,0,1,1,3,0,0,1,1,0,0,0,0,0,0,0,0,0,0,0,0,0,0,4,1,0,false
C:\projects\MVC_Chef_Game_Application-master\src\sushigame\view\SushiGameView.java,sushigame.view.SushiGameView,refreshScoreboard/0,false,84,1,2,1,1,1,1,3,0,0,0,1,0,0,0,0,0,0,0,0,0,0,0,0,0,0,2,1,0,false
C:\projects\MVC_Chef_Game_Application-master\src\sushigame\view\SushiGameView.java,sushigame.view.SushiGameView,SushiGameView/1[sushigame.model.SushiGameModel],true,25,6,7,1,6,1,8,20,0,3,1,8,0,0,0,0,0,0,3,2,7,0,0,0,0,0,35,1,0,false
C:\projects\MVC_Chef_Game_Application-master\src\sushigame\view\SushiGameView.java,sushigame.view.SushiGameView,registerRotationRequestListener/1[sushigame.view.RotationRequestListener],false,60,1,1,1,0,1,1,3,0,0,1,1,0,0,0,0,0,0,0,0,0,0,0,0,0,0,5,1,0,false
C:\projects\MVC_Chef_Game_Application-master\src\sushigame\view\SushiGameView.java,sushigame.view.SushiGameView,handleBeltEvent/1[sushigame.model.BeltEvent],false,78,1,1,0,1,2,2,5,0,0,1,2,0,0,0,1,0,0,1,0,0,0,1,0,0,0,4,1,0,false
C:\projects\MVC_Chef_Game_Application-master\src\sushigame\view\SushiGameView.java,sushigame.view.SushiGameView,actionPerformed/1[java.awt.event.ActionEvent],false,65,1,1,0,1,3,3,7,0,0,1,3,0,0,1,0,0,0,1,0,0,0,2,0,0,0,12,1,0,false
