file,class,method,variable,usage
C:\projects\MVC_Chef_Game_Application-master\src\comp401\sushi\RedPlate.java,comp401.sushi.RedPlate,"RedPlate/2[sushigame.model.Chef,comp401.sushi.Sushi]",s,1
C:\projects\MVC_Chef_Game_Application-master\src\comp401\sushi\RedPlate.java,comp401.sushi.RedPlate,"RedPlate/2[sushigame.model.Chef,comp401.sushi.Sushi]",chef,1
C:\projects\MVC_Chef_Game_Application-master\src\sushigame\model\ChefsBelt.java,sushigame.model.ChefsBelt,"setPlateNearestToPosition/2[comp401.sushi.Plate,int]",plate,0
C:\projects\MVC_Chef_Game_Application-master\src\sushigame\model\ChefsBelt.java,sushigame.model.ChefsBelt,"setPlateNearestToPosition/2[comp401.sushi.Plate,int]",position,0
C:\projects\MVC_Chef_Game_Application-master\src\sushigame\model\PlateEvent.java,sushigame.model.PlateEvent,"PlateEvent/3[sushigame.model.BeltEvent.EventType,comp401.sushi.Plate,int]",plate,2
C:\projects\MVC_Chef_Game_Application-master\src\sushigame\model\PlateEvent.java,sushigame.model.PlateEvent,"PlateEvent/3[sushigame.model.BeltEvent.EventType,comp401.sushi.Plate,int]",position,2
C:\projects\MVC_Chef_Game_Application-master\src\sushigame\model\PlateEvent.java,sushigame.model.PlateEvent,"PlateEvent/3[sushigame.model.BeltEvent.EventType,comp401.sushi.Plate,int]",type,1
C:\projects\MVC_Chef_Game_Application-master\src\sushigame\model\PlateSpoiledEvent.java,sushigame.model.PlateSpoiledEvent,"PlateSpoiledEvent/2[comp401.sushi.Plate,int]",p,1
C:\projects\MVC_Chef_Game_Application-master\src\sushigame\model\PlateSpoiledEvent.java,sushigame.model.PlateSpoiledEvent,"PlateSpoiledEvent/2[comp401.sushi.Plate,int]",position,1
C:\projects\MVC_Chef_Game_Application-master\src\sushigame\controller\SushiGameController.java,sushigame.controller.SushiGameController,createRandomName/0,names,2
C:\projects\MVC_Chef_Game_Application-master\src\sushigame\controller\SushiGameController.java,sushigame.controller.SushiGameController,"SushiGameController/2[sushigame.model.SushiGameModel,sushigame.view.SushiGameView]",c,6
C:\projects\MVC_Chef_Game_Application-master\src\sushigame\controller\SushiGameController.java,sushigame.controller.SushiGameController,"SushiGameController/2[sushigame.model.SushiGameModel,sushigame.view.SushiGameView]",player_chef_controller,1
C:\projects\MVC_Chef_Game_Application-master\src\sushigame\controller\SushiGameController.java,sushigame.controller.SushiGameController,"SushiGameController/2[sushigame.model.SushiGameModel,sushigame.view.SushiGameView]",random_draw,2
C:\projects\MVC_Chef_Game_Application-master\src\sushigame\controller\SushiGameController.java,sushigame.controller.SushiGameController,"SushiGameController/2[sushigame.model.SushiGameModel,sushigame.view.SushiGameView]",name,3
C:\projects\MVC_Chef_Game_Application-master\src\sushigame\controller\SushiGameController.java,sushigame.controller.SushiGameController,"SushiGameController/2[sushigame.model.SushiGameModel,sushigame.view.SushiGameView]",opponent_chefs,1
C:\projects\MVC_Chef_Game_Application-master\src\sushigame\controller\SushiGameController.java,sushigame.controller.SushiGameController,"SushiGameController/2[sushigame.model.SushiGameModel,sushigame.view.SushiGameView]",game_model,3
C:\projects\MVC_Chef_Game_Application-master\src\sushigame\controller\SushiGameController.java,sushigame.controller.SushiGameController,"SushiGameController/2[sushigame.model.SushiGameModel,sushigame.view.SushiGameView]",game_view,4
C:\projects\MVC_Chef_Game_Application-master\src\sushigame\controller\SushiGameController.java,sushigame.controller.SushiGameController,"SushiGameController/2[sushigame.model.SushiGameModel,sushigame.view.SushiGameView]",chef_controller,4
C:\projects\MVC_Chef_Game_Application-master\src\comp401\sushi\IngredientImpl.java,comp401.sushi.IngredientImpl,"IngredientImpl/6[java.lang.String,double,int,boolean,boolean,boolean]",is_vegetarian,2
C:\projects\MVC_Chef_Game_Application-master\src\comp401\sushi\IngredientImpl.java,comp401.sushi.IngredientImpl,"IngredientImpl/6[java.lang.String,double,int,boolean,boolean,boolean]",is_rice,2
C:\projects\MVC_Chef_Game_Application-master\src\comp401\sushi\IngredientImpl.java,comp401.sushi.IngredientImpl,"IngredientImpl/6[java.lang.String,double,int,boolean,boolean,boolean]",price,2
C:\projects\MVC_Chef_Game_Application-master\src\comp401\sushi\IngredientImpl.java,comp401.sushi.IngredientImpl,"IngredientImpl/6[java.lang.String,double,int,boolean,boolean,boolean]",is_shellfish,2
C:\projects\MVC_Chef_Game_Application-master\src\comp401\sushi\IngredientImpl.java,comp401.sushi.IngredientImpl,"IngredientImpl/6[java.lang.String,double,int,boolean,boolean,boolean]",name,2
C:\projects\MVC_Chef_Game_Application-master\src\comp401\sushi\IngredientImpl.java,comp401.sushi.IngredientImpl,"IngredientImpl/6[java.lang.String,double,int,boolean,boolean,boolean]",calories,2
C:\projects\MVC_Chef_Game_Application-master\src\comp401\sushi\IngredientImpl.java,comp401.sushi.IngredientImpl,equals/1[comp401.sushi.Ingredient],other,8
C:\projects\MVC_Chef_Game_Application-master\src\sushigame\model\TimedPlateImpl.java,sushigame.model.TimedPlateImpl,"TimedPlateImpl/2[comp401.sushi.Plate,int]",rotation_count,1
C:\projects\MVC_Chef_Game_Application-master\src\sushigame\model\TimedPlateImpl.java,sushigame.model.TimedPlateImpl,"TimedPlateImpl/2[comp401.sushi.Plate,int]",plate,1
C:\projects\MVC_Chef_Game_Application-master\src\comp401\sushi\Roll.java,comp401.sushi.Roll,getCost/0,i,3
C:\projects\MVC_Chef_Game_Application-master\src\comp401\sushi\Roll.java,comp401.sushi.Roll,getCost/0,cost_sum,2
C:\projects\MVC_Chef_Game_Application-master\src\comp401\sushi\Roll.java,comp401.sushi.Roll,getHasShellfish/0,i,3
C:\projects\MVC_Chef_Game_Application-master\src\comp401\sushi\Roll.java,comp401.sushi.Roll,getCalories/0,i,3
C:\projects\MVC_Chef_Game_Application-master\src\comp401\sushi\Roll.java,comp401.sushi.Roll,getCalories/0,calorie_sum,2
C:\projects\MVC_Chef_Game_Application-master\src\comp401\sushi\Roll.java,comp401.sushi.Roll,getHasRice/0,i,3
C:\projects\MVC_Chef_Game_Application-master\src\comp401\sushi\Roll.java,comp401.sushi.Roll,getIsVegetarian/0,i,3
C:\projects\MVC_Chef_Game_Application-master\src\comp401\sushi\Roll.java,comp401.sushi.Roll,"Roll/2[java.lang.String,comp401.sushi.IngredientPortion[]]",roll_ingredients,5
C:\projects\MVC_Chef_Game_Application-master\src\comp401\sushi\Roll.java,comp401.sushi.Roll,"Roll/2[java.lang.String,comp401.sushi.IngredientPortion[]]",name,3
C:\projects\MVC_Chef_Game_Application-master\src\comp401\sushi\Roll.java,comp401.sushi.Roll,"Roll/2[java.lang.String,comp401.sushi.IngredientPortion[]]",i,3
C:\projects\MVC_Chef_Game_Application-master\src\sushigame\model\Belt.java,sushigame.model.Belt,getCustomerAtPosition/1[int],position,0
C:\projects\MVC_Chef_Game_Application-master\src\sushigame\model\Belt.java,sushigame.model.Belt,getPlateAtPosition/1[int],position,0
C:\projects\MVC_Chef_Game_Application-master\src\sushigame\model\Belt.java,sushigame.model.Belt,unregisterBeltObserver/1[sushigame.model.BeltObserver],o,0
C:\projects\MVC_Chef_Game_Application-master\src\sushigame\model\Belt.java,sushigame.model.Belt,getAgeOfPlateAtPosition/1[int],position,0
C:\projects\MVC_Chef_Game_Application-master\src\sushigame\model\Belt.java,sushigame.model.Belt,registerBeltObserver/1[sushigame.model.BeltObserver],o,0
C:\projects\MVC_Chef_Game_Application-master\src\sushigame\model\Belt.java,sushigame.model.Belt,findPlate/1[comp401.sushi.Plate],plate,0
C:\projects\MVC_Chef_Game_Application-master\src\comp401\sushi\SeaweedPortion.java,comp401.sushi.SeaweedPortion,combine/1[comp401.sushi.IngredientPortion],other,3
C:\projects\MVC_Chef_Game_Application-master\src\comp401\sushi\SeaweedPortion.java,comp401.sushi.SeaweedPortion,SeaweedPortion/1[double],amount,1
C:\projects\MVC_Chef_Game_Application-master\src\comp401\sushi\TunaPortion.java,comp401.sushi.TunaPortion,combine/1[comp401.sushi.IngredientPortion],other,3
C:\projects\MVC_Chef_Game_Application-master\src\comp401\sushi\TunaPortion.java,comp401.sushi.TunaPortion,TunaPortion/1[double],amount,1
C:\projects\MVC_Chef_Game_Application-master\src\sushigame\model\BeltEvent.java,sushigame.model.BeltEvent,BeltEvent/1[sushigame.model.BeltEvent.EventType],type,2
C:\projects\MVC_Chef_Game_Application-master\src\comp401\sushi\Sashimi.java,comp401.sushi.Sashimi,Sashimi/1[comp401.sushi.Sashimi.SashimiType],type,1
C:\projects\MVC_Chef_Game_Application-master\src\comp401\sushi\AvocadoPortion.java,comp401.sushi.AvocadoPortion,AvocadoPortion/1[double],amount,1
C:\projects\MVC_Chef_Game_Application-master\src\comp401\sushi\AvocadoPortion.java,comp401.sushi.AvocadoPortion,combine/1[comp401.sushi.IngredientPortion],other,3
C:\projects\MVC_Chef_Game_Application-master\src\comp401\sushi\IngredientPortionImpl.java,comp401.sushi.IngredientPortionImpl,"IngredientPortionImpl/2[double,comp401.sushi.Ingredient]",amount,3
C:\projects\MVC_Chef_Game_Application-master\src\comp401\sushi\IngredientPortionImpl.java,comp401.sushi.IngredientPortionImpl,"IngredientPortionImpl/2[double,comp401.sushi.Ingredient]",ingredient,2
C:\projects\MVC_Chef_Game_Application-master\src\comp401\sushi\IngredientPortionImpl.java,comp401.sushi.IngredientPortionImpl,combine/1[comp401.sushi.IngredientPortion],other,0
C:\projects\MVC_Chef_Game_Application-master\src\comp401\sushi\RicePortion.java,comp401.sushi.RicePortion,combine/1[comp401.sushi.IngredientPortion],other,3
C:\projects\MVC_Chef_Game_Application-master\src\comp401\sushi\RicePortion.java,comp401.sushi.RicePortion,RicePortion/1[double],amount,1
C:\projects\MVC_Chef_Game_Application-master\src\comp401\sushi\Ingredient.java,comp401.sushi.Ingredient,equals/1[comp401.sushi.Ingredient],other,0
C:\projects\MVC_Chef_Game_Application-master\src\comp401\sushi\SalmonPortion.java,comp401.sushi.SalmonPortion,combine/1[comp401.sushi.IngredientPortion],other,3
C:\projects\MVC_Chef_Game_Application-master\src\comp401\sushi\SalmonPortion.java,comp401.sushi.SalmonPortion,SalmonPortion/1[double],amount,1
C:\projects\MVC_Chef_Game_Application-master\src\sushigame\controller\NigiriChefController.java,sushigame.controller.NigiriChefController,handleBeltEvent/1[sushigame.model.BeltEvent],exc,1
C:\projects\MVC_Chef_Game_Application-master\src\sushigame\controller\NigiriChefController.java,sushigame.controller.NigiriChefController,handleBeltEvent/1[sushigame.model.BeltEvent],e,1
C:\projects\MVC_Chef_Game_Application-master\src\sushigame\controller\NigiriChefController.java,sushigame.controller.NigiriChefController,handleBeltEvent/1[sushigame.model.BeltEvent],plate,4
C:\projects\MVC_Chef_Game_Application-master\src\sushigame\controller\NigiriChefController.java,sushigame.controller.NigiriChefController,handleBeltEvent/1[sushigame.model.BeltEvent],type,3
C:\projects\MVC_Chef_Game_Application-master\src\sushigame\controller\NigiriChefController.java,sushigame.controller.NigiriChefController,"NigiriChefController/2[sushigame.model.Chef,int]",c,1
C:\projects\MVC_Chef_Game_Application-master\src\sushigame\controller\NigiriChefController.java,sushigame.controller.NigiriChefController,"NigiriChefController/2[sushigame.model.Chef,int]",belt_size,2
C:\projects\MVC_Chef_Game_Application-master\src\sushigame\controller\NigiriChefController.java,sushigame.controller.NigiriChefController,pickType/0,types,2
C:\projects\MVC_Chef_Game_Application-master\src\sushigame\controller\NigiriChefController.java,sushigame.controller.NigiriChefController,pickColor/0,colors,2
C:\projects\MVC_Chef_Game_Application-master\src\comp401\sushi\BluePlate.java,comp401.sushi.BluePlate,"BluePlate/2[sushigame.model.Chef,comp401.sushi.Sushi]",s,1
C:\projects\MVC_Chef_Game_Application-master\src\comp401\sushi\BluePlate.java,comp401.sushi.BluePlate,"BluePlate/2[sushigame.model.Chef,comp401.sushi.Sushi]",chef,1
C:\projects\MVC_Chef_Game_Application-master\src\sushigame\model\BeltFullException.java,sushigame.model.BeltFullException,BeltFullException/1[sushigame.model.Belt],belt,2
C:\projects\MVC_Chef_Game_Application-master\src\sushigame\model\ChefImpl.java,sushigame.model.ChefImpl,"makeAndPlacePlate/2[comp401.sushi.Plate,int]",plate,3
C:\projects\MVC_Chef_Game_Application-master\src\sushigame\model\ChefImpl.java,sushigame.model.ChefImpl,"makeAndPlacePlate/2[comp401.sushi.Plate,int]",position,1
C:\projects\MVC_Chef_Game_Application-master\src\sushigame\model\ChefImpl.java,sushigame.model.ChefImpl,"ChefImpl/3[java.lang.String,double,sushigame.model.ChefsBelt]",belt,3
C:\projects\MVC_Chef_Game_Application-master\src\sushigame\model\ChefImpl.java,sushigame.model.ChefImpl,"ChefImpl/3[java.lang.String,double,sushigame.model.ChefsBelt]",name,2
C:\projects\MVC_Chef_Game_Application-master\src\sushigame\model\ChefImpl.java,sushigame.model.ChefImpl,"ChefImpl/3[java.lang.String,double,sushigame.model.ChefsBelt]",starting_balance,1
C:\projects\MVC_Chef_Game_Application-master\src\sushigame\model\ChefImpl.java,sushigame.model.ChefImpl,getPlateHistory/1[int],history_length,5
C:\projects\MVC_Chef_Game_Application-master\src\sushigame\model\ChefImpl.java,sushigame.model.ChefImpl,handleBeltEvent/1[sushigame.model.BeltEvent],e,6
C:\projects\MVC_Chef_Game_Application-master\src\sushigame\model\ChefImpl.java,sushigame.model.ChefImpl,handleBeltEvent/1[sushigame.model.BeltEvent],i,7
C:\projects\MVC_Chef_Game_Application-master\src\sushigame\model\ChefImpl.java,sushigame.model.ChefImpl,handleBeltEvent/1[sushigame.model.BeltEvent],plate,10
C:\projects\MVC_Chef_Game_Application-master\src\sushigame\model\ChefImpl.java,sushigame.model.ChefImpl,handleBeltEvent/1[sushigame.model.BeltEvent],consumer,1
C:\projects\MVC_Chef_Game_Application-master\src\sushigame\model\ChefImpl.java,sushigame.model.ChefImpl,setName/1[java.lang.String],n,1
C:\projects\MVC_Chef_Game_Application-master\src\sushigame\game\SushiGame.java,sushigame.game.SushiGame,main/1[java.lang.String[]],args,0
C:\projects\MVC_Chef_Game_Application-master\src\sushigame\game\SushiGame.java,sushigame.game.SushiGame,main/1[java.lang.String[]],game_controller,0
C:\projects\MVC_Chef_Game_Application-master\src\sushigame\game\SushiGame.java,sushigame.game.SushiGame,main/1[java.lang.String[]],game_model,2
C:\projects\MVC_Chef_Game_Application-master\src\sushigame\game\SushiGame.java,sushigame.game.SushiGame,main/1[java.lang.String[]],main_frame,5
C:\projects\MVC_Chef_Game_Application-master\src\sushigame\game\SushiGame.java,sushigame.game.SushiGame,main/1[java.lang.String[]],game_view,2
C:\projects\MVC_Chef_Game_Application-master\src\comp401\sushi\ShrimpPortion.java,comp401.sushi.ShrimpPortion,combine/1[comp401.sushi.IngredientPortion],other,3
C:\projects\MVC_Chef_Game_Application-master\src\comp401\sushi\ShrimpPortion.java,comp401.sushi.ShrimpPortion,ShrimpPortion/1[double],amount,1
C:\projects\MVC_Chef_Game_Application-master\src\sushigame\model\BeltPlateException.java,sushigame.model.BeltPlateException,"BeltPlateException/3[int,comp401.sushi.Plate,sushigame.model.Belt]",belt,2
C:\projects\MVC_Chef_Game_Application-master\src\sushigame\model\BeltPlateException.java,sushigame.model.BeltPlateException,"BeltPlateException/3[int,comp401.sushi.Plate,sushigame.model.Belt]",plate_to_be_set,0
C:\projects\MVC_Chef_Game_Application-master\src\sushigame\model\BeltPlateException.java,sushigame.model.BeltPlateException,"BeltPlateException/3[int,comp401.sushi.Plate,sushigame.model.Belt]",position,2
C:\projects\MVC_Chef_Game_Application-master\src\sushigame\model\BeltImpl.java,sushigame.model.BeltImpl,getPlateAtPosition/1[int],position,4
C:\projects\MVC_Chef_Game_Application-master\src\sushigame\model\BeltImpl.java,sushigame.model.BeltImpl,BeltImpl/1[int],size,3
C:\projects\MVC_Chef_Game_Application-master\src\sushigame\model\BeltImpl.java,sushigame.model.BeltImpl,"setPlateAtPosition/2[comp401.sushi.Plate,int]",plate,4
C:\projects\MVC_Chef_Game_Application-master\src\sushigame\model\BeltImpl.java,sushigame.model.BeltImpl,"setPlateAtPosition/2[comp401.sushi.Plate,int]",position,6
C:\projects\MVC_Chef_Game_Application-master\src\sushigame\model\BeltImpl.java,sushigame.model.BeltImpl,"setPlateNearestToPosition/2[comp401.sushi.Plate,int]",e,0
C:\projects\MVC_Chef_Game_Application-master\src\sushigame\model\BeltImpl.java,sushigame.model.BeltImpl,"setPlateNearestToPosition/2[comp401.sushi.Plate,int]",i,2
C:\projects\MVC_Chef_Game_Application-master\src\sushigame\model\BeltImpl.java,sushigame.model.BeltImpl,"setPlateNearestToPosition/2[comp401.sushi.Plate,int]",plate,1
C:\projects\MVC_Chef_Game_Application-master\src\sushigame\model\BeltImpl.java,sushigame.model.BeltImpl,"setPlateNearestToPosition/2[comp401.sushi.Plate,int]",position,3
C:\projects\MVC_Chef_Game_Application-master\src\sushigame\model\BeltImpl.java,sushigame.model.BeltImpl,clearPlateAtPosition/1[int],position,1
C:\projects\MVC_Chef_Game_Application-master\src\sushigame\model\BeltImpl.java,sushigame.model.BeltImpl,notifyBeltObservers/1[sushigame.model.BeltEvent],event,1
C:\projects\MVC_Chef_Game_Application-master\src\sushigame\model\BeltImpl.java,sushigame.model.BeltImpl,notifyBeltObservers/1[sushigame.model.BeltEvent],o,1
C:\projects\MVC_Chef_Game_Application-master\src\sushigame\model\BeltImpl.java,sushigame.model.BeltImpl,getCustomerAtPosition/1[int],position,1
C:\projects\MVC_Chef_Game_Application-master\src\sushigame\model\BeltImpl.java,sushigame.model.BeltImpl,plateAtPositionIsSpoiled/1[int],pos,4
C:\projects\MVC_Chef_Game_Application-master\src\sushigame\model\BeltImpl.java,sushigame.model.BeltImpl,plateAtPositionIsSpoiled/1[int],sushi,3
C:\projects\MVC_Chef_Game_Application-master\src\sushigame\model\BeltImpl.java,sushigame.model.BeltImpl,plateAtPositionIsSpoiled/1[int],plate,2
C:\projects\MVC_Chef_Game_Application-master\src\sushigame\model\BeltImpl.java,sushigame.model.BeltImpl,plateAtPositionIsSpoiled/1[int],age,3
C:\projects\MVC_Chef_Game_Application-master\src\sushigame\model\BeltImpl.java,sushigame.model.BeltImpl,getAgeOfPlateAtPosition/1[int],position,4
C:\projects\MVC_Chef_Game_Application-master\src\sushigame\model\BeltImpl.java,sushigame.model.BeltImpl,"setCustomerAtPosition/2[sushigame.model.Customer,int]",c,1
C:\projects\MVC_Chef_Game_Application-master\src\sushigame\model\BeltImpl.java,sushigame.model.BeltImpl,"setCustomerAtPosition/2[sushigame.model.Customer,int]",position,1
C:\projects\MVC_Chef_Game_Application-master\src\sushigame\model\BeltImpl.java,sushigame.model.BeltImpl,rotate/0,last_plate,1
C:\projects\MVC_Chef_Game_Application-master\src\sushigame\model\BeltImpl.java,sushigame.model.BeltImpl,rotate/0,spoiled_plate,1
C:\projects\MVC_Chef_Game_Application-master\src\sushigame\model\BeltImpl.java,sushigame.model.BeltImpl,rotate/0,i,18
C:\projects\MVC_Chef_Game_Application-master\src\sushigame\model\BeltImpl.java,sushigame.model.BeltImpl,rotate/0,plate,3
C:\projects\MVC_Chef_Game_Application-master\src\sushigame\model\BeltImpl.java,sushigame.model.BeltImpl,registerBeltObserver/1[sushigame.model.BeltObserver],o,1
C:\projects\MVC_Chef_Game_Application-master\src\sushigame\model\BeltImpl.java,sushigame.model.BeltImpl,unregisterBeltObserver/1[sushigame.model.BeltObserver],o,1
C:\projects\MVC_Chef_Game_Application-master\src\sushigame\model\BeltImpl.java,sushigame.model.BeltImpl,findPlate/1[comp401.sushi.Plate],i,4
C:\projects\MVC_Chef_Game_Application-master\src\sushigame\model\BeltImpl.java,sushigame.model.BeltImpl,findPlate/1[comp401.sushi.Plate],plate,2
C:\projects\MVC_Chef_Game_Application-master\src\sushigame\model\BeltImpl.java,sushigame.model.BeltImpl,normalizePosition/1[int],normalized_position,2
C:\projects\MVC_Chef_Game_Application-master\src\sushigame\model\BeltImpl.java,sushigame.model.BeltImpl,normalizePosition/1[int],position,2
C:\projects\MVC_Chef_Game_Application-master\src\sushigame\model\BeltImpl.java,sushigame.model.BeltImpl,removePlateAtPosition/1[int],plate,1
C:\projects\MVC_Chef_Game_Application-master\src\sushigame\model\BeltImpl.java,sushigame.model.BeltImpl,removePlateAtPosition/1[int],position,2
C:\projects\MVC_Chef_Game_Application-master\src\comp401\sushi\GoldPlate.java,comp401.sushi.GoldPlate,check_price/1[double],price,2
C:\projects\MVC_Chef_Game_Application-master\src\comp401\sushi\GoldPlate.java,comp401.sushi.GoldPlate,"GoldPlate/3[sushigame.model.Chef,comp401.sushi.Sushi,double]",s,1
C:\projects\MVC_Chef_Game_Application-master\src\comp401\sushi\GoldPlate.java,comp401.sushi.GoldPlate,"GoldPlate/3[sushigame.model.Chef,comp401.sushi.Sushi,double]",price,1
C:\projects\MVC_Chef_Game_Application-master\src\comp401\sushi\GoldPlate.java,comp401.sushi.GoldPlate,"GoldPlate/3[sushigame.model.Chef,comp401.sushi.Sushi,double]",chef,1
C:\projects\MVC_Chef_Game_Application-master\src\comp401\sushi\PlateImpl.java,comp401.sushi.PlateImpl,"PlateImpl/4[sushigame.model.Chef,comp401.sushi.Sushi,double,comp401.sushi.Plate.Color]",s,4
C:\projects\MVC_Chef_Game_Application-master\src\comp401\sushi\PlateImpl.java,comp401.sushi.PlateImpl,"PlateImpl/4[sushigame.model.Chef,comp401.sushi.Sushi,double,comp401.sushi.Plate.Color]",color,2
C:\projects\MVC_Chef_Game_Application-master\src\comp401\sushi\PlateImpl.java,comp401.sushi.PlateImpl,"PlateImpl/4[sushigame.model.Chef,comp401.sushi.Sushi,double,comp401.sushi.Plate.Color]",price,3
C:\projects\MVC_Chef_Game_Application-master\src\comp401\sushi\PlateImpl.java,comp401.sushi.PlateImpl,"PlateImpl/4[sushigame.model.Chef,comp401.sushi.Sushi,double,comp401.sushi.Plate.Color]",chef,3
C:\projects\MVC_Chef_Game_Application-master\src\sushigame\model\PlateConsumedEvent.java,sushigame.model.PlateConsumedEvent,"PlateConsumedEvent/2[comp401.sushi.Plate,int]",p,1
C:\projects\MVC_Chef_Game_Application-master\src\sushigame\model\PlateConsumedEvent.java,sushigame.model.PlateConsumedEvent,"PlateConsumedEvent/2[comp401.sushi.Plate,int]",position,1
C:\projects\MVC_Chef_Game_Application-master\src\comp401\sushi\PlatePriceException.java,comp401.sushi.PlatePriceException,"PlatePriceException/2[comp401.sushi.Plate,comp401.sushi.Sushi]",p,1
C:\projects\MVC_Chef_Game_Application-master\src\comp401\sushi\PlatePriceException.java,comp401.sushi.PlatePriceException,"PlatePriceException/2[comp401.sushi.Plate,comp401.sushi.Sushi]",s,1
C:\projects\MVC_Chef_Game_Application-master\src\sushigame\controller\RollMakerChefController.java,sushigame.controller.RollMakerChefController,handleBeltEvent/1[sushigame.model.BeltEvent],exc,1
C:\projects\MVC_Chef_Game_Application-master\src\sushigame\controller\RollMakerChefController.java,sushigame.controller.RollMakerChefController,handleBeltEvent/1[sushigame.model.BeltEvent],e,1
C:\projects\MVC_Chef_Game_Application-master\src\sushigame\controller\RollMakerChefController.java,sushigame.controller.RollMakerChefController,handleBeltEvent/1[sushigame.model.BeltEvent],random_roll,1
C:\projects\MVC_Chef_Game_Application-master\src\sushigame\controller\RollMakerChefController.java,sushigame.controller.RollMakerChefController,handleBeltEvent/1[sushigame.model.BeltEvent],plate,2
C:\projects\MVC_Chef_Game_Application-master\src\sushigame\controller\RollMakerChefController.java,sushigame.controller.RollMakerChefController,"RollMakerChefController/2[sushigame.model.Chef,int]",c,1
C:\projects\MVC_Chef_Game_Application-master\src\sushigame\controller\RollMakerChefController.java,sushigame.controller.RollMakerChefController,"RollMakerChefController/2[sushigame.model.Chef,int]",belt_size,2
C:\projects\MVC_Chef_Game_Application-master\src\sushigame\model\BeltObserver.java,sushigame.model.BeltObserver,handleBeltEvent/1[sushigame.model.BeltEvent],e,0
C:\projects\MVC_Chef_Game_Application-master\src\sushigame\model\HistoricalPlateImpl.java,sushigame.model.HistoricalPlateImpl,"HistoricalPlateImpl/2[comp401.sushi.Plate,sushigame.model.Customer]",p,1
C:\projects\MVC_Chef_Game_Application-master\src\sushigame\model\HistoricalPlateImpl.java,sushigame.model.HistoricalPlateImpl,"HistoricalPlateImpl/2[comp401.sushi.Plate,sushigame.model.Customer]",c,1
C:\projects\MVC_Chef_Game_Application-master\src\sushigame\view\BeltView.java,sushigame.view.BeltView,BeltView/1[sushigame.model.Belt],last_line,2
C:\projects\MVC_Chef_Game_Application-master\src\sushigame\view\BeltView.java,sushigame.view.BeltView,BeltView/1[sushigame.model.Belt],plate_panel,2
C:\projects\MVC_Chef_Game_Application-master\src\sushigame\view\BeltView.java,sushigame.view.BeltView,BeltView/1[sushigame.model.Belt],b,1
C:\projects\MVC_Chef_Game_Application-master\src\sushigame\view\BeltView.java,sushigame.view.BeltView,BeltView/1[sushigame.model.Belt],img,2
C:\projects\MVC_Chef_Game_Application-master\src\sushigame\view\BeltView.java,sushigame.view.BeltView,BeltView/1[sushigame.model.Belt],intro,3
C:\projects\MVC_Chef_Game_Application-master\src\sushigame\view\BeltView.java,sushigame.view.BeltView,BeltView/1[sushigame.model.Belt],icon,1
C:\projects\MVC_Chef_Game_Application-master\src\sushigame\view\BeltView.java,sushigame.view.BeltView,BeltView/1[sushigame.model.Belt],chef,1
C:\projects\MVC_Chef_Game_Application-master\src\sushigame\view\BeltView.java,sushigame.view.BeltView,BeltView/1[sushigame.model.Belt],i,20
C:\projects\MVC_Chef_Game_Application-master\src\sushigame\view\BeltView.java,sushigame.view.BeltView,BeltView/1[sushigame.model.Belt],j,2
C:\projects\MVC_Chef_Game_Application-master\src\sushigame\view\BeltView.java,sushigame.view.BeltView,BeltView/1[sushigame.model.Belt],end,2
C:\projects\MVC_Chef_Game_Application-master\src\sushigame\view\BeltView.java,sushigame.view.BeltView,BeltView/1[sushigame.model.Belt],intro_panel,3
C:\projects\MVC_Chef_Game_Application-master\src\sushigame\view\BeltView.java,sushigame.view.BeltView,refresh/0,p,9
C:\projects\MVC_Chef_Game_Application-master\src\sushigame\view\BeltView.java,sushigame.view.BeltView,refresh/0,plate_panel,14
C:\projects\MVC_Chef_Game_Application-master\src\sushigame\view\BeltView.java,sushigame.view.BeltView,refresh/0,plateAge,2
C:\projects\MVC_Chef_Game_Application-master\src\sushigame\view\BeltView.java,sushigame.view.BeltView,refresh/0,sushiType,2
C:\projects\MVC_Chef_Game_Application-master\src\sushigame\view\BeltView.java,sushigame.view.BeltView,refresh/0,i,5
C:\projects\MVC_Chef_Game_Application-master\src\sushigame\view\BeltView.java,sushigame.view.BeltView,refresh/0,chefName,2
C:\projects\MVC_Chef_Game_Application-master\src\sushigame\view\BeltView.java,sushigame.view.BeltView,refresh/0,ingredients,2
C:\projects\MVC_Chef_Game_Application-master\src\sushigame\view\BeltView.java,sushigame.view.BeltView,refresh/0,j,3
C:\projects\MVC_Chef_Game_Application-master\src\sushigame\view\BeltView.java,sushigame.view.BeltView,actionPerformed/1[java.awt.event.ActionEvent],intro1,1
C:\projects\MVC_Chef_Game_Application-master\src\sushigame\view\BeltView.java,sushigame.view.BeltView,actionPerformed/1[java.awt.event.ActionEvent],intro3,1
C:\projects\MVC_Chef_Game_Application-master\src\sushigame\view\BeltView.java,sushigame.view.BeltView,actionPerformed/1[java.awt.event.ActionEvent],arg0,1
C:\projects\MVC_Chef_Game_Application-master\src\sushigame\view\BeltView.java,sushigame.view.BeltView,actionPerformed/1[java.awt.event.ActionEvent],intro2,1
C:\projects\MVC_Chef_Game_Application-master\src\sushigame\view\BeltView.java,sushigame.view.BeltView,actionPerformed/1[java.awt.event.ActionEvent],intro4,1
C:\projects\MVC_Chef_Game_Application-master\src\sushigame\view\BeltView.java,sushigame.view.BeltView,handleBeltEvent/1[sushigame.model.BeltEvent],e,0
C:\projects\MVC_Chef_Game_Application-master\src\sushigame\view\BeltView.java,sushigame.view.BeltView,"createImageIcon/2[java.lang.String,java.lang.String]",imgURL,2
C:\projects\MVC_Chef_Game_Application-master\src\sushigame\view\BeltView.java,sushigame.view.BeltView,"createImageIcon/2[java.lang.String,java.lang.String]",path,2
C:\projects\MVC_Chef_Game_Application-master\src\sushigame\view\BeltView.java,sushigame.view.BeltView,"createImageIcon/2[java.lang.String,java.lang.String]",description,1
C:\projects\MVC_Chef_Game_Application-master\src\comp401\sushi\GreenPlate.java,comp401.sushi.GreenPlate,"GreenPlate/2[sushigame.model.Chef,comp401.sushi.Sushi]",s,1
C:\projects\MVC_Chef_Game_Application-master\src\comp401\sushi\GreenPlate.java,comp401.sushi.GreenPlate,"GreenPlate/2[sushigame.model.Chef,comp401.sushi.Sushi]",chef,1
C:\projects\MVC_Chef_Game_Application-master\src\sushigame\controller\PlayerChefController.java,sushigame.controller.PlayerChefController,"handleGreenPlateRequest/2[comp401.sushi.Sushi,int]",p,1
C:\projects\MVC_Chef_Game_Application-master\src\sushigame\controller\PlayerChefController.java,sushigame.controller.PlayerChefController,"handleGreenPlateRequest/2[comp401.sushi.Sushi,int]",plate_position,1
C:\projects\MVC_Chef_Game_Application-master\src\sushigame\controller\PlayerChefController.java,sushigame.controller.PlayerChefController,"handleGreenPlateRequest/2[comp401.sushi.Sushi,int]",plate_sushi,1
C:\projects\MVC_Chef_Game_Application-master\src\sushigame\controller\PlayerChefController.java,sushigame.controller.PlayerChefController,"handleGreenPlateRequest/2[comp401.sushi.Sushi,int]",e,0
C:\projects\MVC_Chef_Game_Application-master\src\sushigame\controller\PlayerChefController.java,sushigame.controller.PlayerChefController,"handleRedPlateRequest/2[comp401.sushi.Sushi,int]",p,1
C:\projects\MVC_Chef_Game_Application-master\src\sushigame\controller\PlayerChefController.java,sushigame.controller.PlayerChefController,"handleRedPlateRequest/2[comp401.sushi.Sushi,int]",plate_position,1
C:\projects\MVC_Chef_Game_Application-master\src\sushigame\controller\PlayerChefController.java,sushigame.controller.PlayerChefController,"handleRedPlateRequest/2[comp401.sushi.Sushi,int]",plate_sushi,1
C:\projects\MVC_Chef_Game_Application-master\src\sushigame\controller\PlayerChefController.java,sushigame.controller.PlayerChefController,"handleRedPlateRequest/2[comp401.sushi.Sushi,int]",e,0
C:\projects\MVC_Chef_Game_Application-master\src\sushigame\controller\PlayerChefController.java,sushigame.controller.PlayerChefController,"placePlate/2[comp401.sushi.Plate,int]",e,4
C:\projects\MVC_Chef_Game_Application-master\src\sushigame\controller\PlayerChefController.java,sushigame.controller.PlayerChefController,"placePlate/2[comp401.sushi.Plate,int]",plate,1
C:\projects\MVC_Chef_Game_Application-master\src\sushigame\controller\PlayerChefController.java,sushigame.controller.PlayerChefController,"placePlate/2[comp401.sushi.Plate,int]",position,1
C:\projects\MVC_Chef_Game_Application-master\src\sushigame\controller\PlayerChefController.java,sushigame.controller.PlayerChefController,"handleBluePlateRequest/2[comp401.sushi.Sushi,int]",p,1
C:\projects\MVC_Chef_Game_Application-master\src\sushigame\controller\PlayerChefController.java,sushigame.controller.PlayerChefController,"handleBluePlateRequest/2[comp401.sushi.Sushi,int]",plate_position,1
C:\projects\MVC_Chef_Game_Application-master\src\sushigame\controller\PlayerChefController.java,sushigame.controller.PlayerChefController,"handleBluePlateRequest/2[comp401.sushi.Sushi,int]",plate_sushi,1
C:\projects\MVC_Chef_Game_Application-master\src\sushigame\controller\PlayerChefController.java,sushigame.controller.PlayerChefController,"handleBluePlateRequest/2[comp401.sushi.Sushi,int]",e,0
C:\projects\MVC_Chef_Game_Application-master\src\sushigame\controller\PlayerChefController.java,sushigame.controller.PlayerChefController,"handleGoldPlateRequest/3[comp401.sushi.Sushi,int,double]",p,1
C:\projects\MVC_Chef_Game_Application-master\src\sushigame\controller\PlayerChefController.java,sushigame.controller.PlayerChefController,"handleGoldPlateRequest/3[comp401.sushi.Sushi,int,double]",plate_position,1
C:\projects\MVC_Chef_Game_Application-master\src\sushigame\controller\PlayerChefController.java,sushigame.controller.PlayerChefController,"handleGoldPlateRequest/3[comp401.sushi.Sushi,int,double]",plate_sushi,1
C:\projects\MVC_Chef_Game_Application-master\src\sushigame\controller\PlayerChefController.java,sushigame.controller.PlayerChefController,"handleGoldPlateRequest/3[comp401.sushi.Sushi,int,double]",e,0
C:\projects\MVC_Chef_Game_Application-master\src\sushigame\controller\PlayerChefController.java,sushigame.controller.PlayerChefController,"handleGoldPlateRequest/3[comp401.sushi.Sushi,int,double]",price,1
C:\projects\MVC_Chef_Game_Application-master\src\sushigame\controller\PlayerChefController.java,sushigame.controller.PlayerChefController,"PlayerChefController/2[sushigame.model.Chef,sushigame.view.SushiGameView]",playerChef,1
C:\projects\MVC_Chef_Game_Application-master\src\sushigame\controller\PlayerChefController.java,sushigame.controller.PlayerChefController,"PlayerChefController/2[sushigame.model.Chef,sushigame.view.SushiGameView]",gv,1
C:\projects\MVC_Chef_Game_Application-master\src\sushigame\model\Chef.java,sushigame.model.Chef,setName/1[java.lang.String],name,0
C:\projects\MVC_Chef_Game_Application-master\src\sushigame\model\Chef.java,sushigame.model.Chef,"makeAndPlacePlate/2[comp401.sushi.Plate,int]",plate,0
C:\projects\MVC_Chef_Game_Application-master\src\sushigame\model\Chef.java,sushigame.model.Chef,"makeAndPlacePlate/2[comp401.sushi.Plate,int]",position,0
C:\projects\MVC_Chef_Game_Application-master\src\sushigame\model\Chef.java,sushigame.model.Chef,getPlateHistory/1[int],max_history_length,0
C:\projects\MVC_Chef_Game_Application-master\src\comp401\sushi\CrabPortion.java,comp401.sushi.CrabPortion,combine/1[comp401.sushi.IngredientPortion],other,3
C:\projects\MVC_Chef_Game_Application-master\src\comp401\sushi\CrabPortion.java,comp401.sushi.CrabPortion,CrabPortion/1[double],amount,1
C:\projects\MVC_Chef_Game_Application-master\src\sushigame\controller\SashimiChefController.java,sushigame.controller.SashimiChefController,handleBeltEvent/1[sushigame.model.BeltEvent],exc,1
C:\projects\MVC_Chef_Game_Application-master\src\sushigame\controller\SashimiChefController.java,sushigame.controller.SashimiChefController,handleBeltEvent/1[sushigame.model.BeltEvent],e,1
C:\projects\MVC_Chef_Game_Application-master\src\sushigame\controller\SashimiChefController.java,sushigame.controller.SashimiChefController,handleBeltEvent/1[sushigame.model.BeltEvent],plate,4
C:\projects\MVC_Chef_Game_Application-master\src\sushigame\controller\SashimiChefController.java,sushigame.controller.SashimiChefController,handleBeltEvent/1[sushigame.model.BeltEvent],type,3
C:\projects\MVC_Chef_Game_Application-master\src\sushigame\controller\SashimiChefController.java,sushigame.controller.SashimiChefController,"SashimiChefController/2[sushigame.model.Chef,int]",c,1
C:\projects\MVC_Chef_Game_Application-master\src\sushigame\controller\SashimiChefController.java,sushigame.controller.SashimiChefController,"SashimiChefController/2[sushigame.model.Chef,int]",belt_size,2
C:\projects\MVC_Chef_Game_Application-master\src\sushigame\controller\SashimiChefController.java,sushigame.controller.SashimiChefController,pickType/0,types,2
C:\projects\MVC_Chef_Game_Application-master\src\sushigame\controller\SashimiChefController.java,sushigame.controller.SashimiChefController,pickColor/0,colors,2
C:\projects\MVC_Chef_Game_Application-master\src\comp401\sushi\EelPortion.java,comp401.sushi.EelPortion,combine/1[comp401.sushi.IngredientPortion],other,3
C:\projects\MVC_Chef_Game_Application-master\src\comp401\sushi\EelPortion.java,comp401.sushi.EelPortion,EelPortion/1[double],amount,1
C:\projects\MVC_Chef_Game_Application-master\src\sushigame\view\ChefViewListener.java,sushigame.view.ChefViewListener,"handleBluePlateRequest/2[comp401.sushi.Sushi,int]",plate_position,0
C:\projects\MVC_Chef_Game_Application-master\src\sushigame\view\ChefViewListener.java,sushigame.view.ChefViewListener,"handleBluePlateRequest/2[comp401.sushi.Sushi,int]",plate_sushi,0
C:\projects\MVC_Chef_Game_Application-master\src\sushigame\view\ChefViewListener.java,sushigame.view.ChefViewListener,"handleGoldPlateRequest/3[comp401.sushi.Sushi,int,double]",plate_position,0
C:\projects\MVC_Chef_Game_Application-master\src\sushigame\view\ChefViewListener.java,sushigame.view.ChefViewListener,"handleGoldPlateRequest/3[comp401.sushi.Sushi,int,double]",plate_sushi,0
C:\projects\MVC_Chef_Game_Application-master\src\sushigame\view\ChefViewListener.java,sushigame.view.ChefViewListener,"handleGoldPlateRequest/3[comp401.sushi.Sushi,int,double]",price,0
C:\projects\MVC_Chef_Game_Application-master\src\sushigame\view\ChefViewListener.java,sushigame.view.ChefViewListener,"handleRedPlateRequest/2[comp401.sushi.Sushi,int]",plate_position,0
C:\projects\MVC_Chef_Game_Application-master\src\sushigame\view\ChefViewListener.java,sushigame.view.ChefViewListener,"handleRedPlateRequest/2[comp401.sushi.Sushi,int]",plate_sushi,0
C:\projects\MVC_Chef_Game_Application-master\src\sushigame\view\ChefViewListener.java,sushigame.view.ChefViewListener,"handleGreenPlateRequest/2[comp401.sushi.Sushi,int]",plate_position,0
C:\projects\MVC_Chef_Game_Application-master\src\sushigame\view\ChefViewListener.java,sushigame.view.ChefViewListener,"handleGreenPlateRequest/2[comp401.sushi.Sushi,int]",plate_sushi,0
C:\projects\MVC_Chef_Game_Application-master\src\sushigame\view\HighToLowBalanceComparator.java,sushigame.view.HighToLowBalanceComparator,"compare/2[sushigame.model.Chef,sushigame.model.Chef]",a,4
C:\projects\MVC_Chef_Game_Application-master\src\sushigame\view\HighToLowBalanceComparator.java,sushigame.view.HighToLowBalanceComparator,"compare/2[sushigame.model.Chef,sushigame.model.Chef]",b,4
C:\projects\MVC_Chef_Game_Application-master\src\sushigame\view\HighToLowBalanceComparator.java,sushigame.view.HighToLowBalanceComparator,HighToLowBalanceComparator/1[java.lang.String],orderType,2
C:\projects\MVC_Chef_Game_Application-master\src\comp401\sushi\Nigiri.java,comp401.sushi.Nigiri,Nigiri/1[comp401.sushi.Nigiri.NigiriType],type,1
C:\projects\MVC_Chef_Game_Application-master\src\sushigame\model\PlatePlacedEvent.java,sushigame.model.PlatePlacedEvent,"PlatePlacedEvent/2[comp401.sushi.Plate,int]",p,1
C:\projects\MVC_Chef_Game_Application-master\src\sushigame\model\PlatePlacedEvent.java,sushigame.model.PlatePlacedEvent,"PlatePlacedEvent/2[comp401.sushi.Plate,int]",position,1
C:\projects\MVC_Chef_Game_Application-master\src\sushigame\view\PlateViewWidget.java,sushigame.view.PlateViewWidget,setPlateInfo/1[java.lang.String],plateInfo,2
C:\projects\MVC_Chef_Game_Application-master\src\sushigame\view\PlateViewWidget.java,sushigame.view.PlateViewWidget,mouseClicked/1[java.awt.event.MouseEvent],arg0,0
C:\projects\MVC_Chef_Game_Application-master\src\sushigame\view\PlateViewWidget.java,sushigame.view.PlateViewWidget,setPlate/1[comp401.sushi.Plate],plate,2
C:\projects\MVC_Chef_Game_Application-master\src\sushigame\view\PlateViewWidget.java,sushigame.view.PlateViewWidget,"createImageIcon/2[java.lang.String,java.lang.String]",imgURL,2
C:\projects\MVC_Chef_Game_Application-master\src\sushigame\view\PlateViewWidget.java,sushigame.view.PlateViewWidget,"createImageIcon/2[java.lang.String,java.lang.String]",path,2
C:\projects\MVC_Chef_Game_Application-master\src\sushigame\view\PlateViewWidget.java,sushigame.view.PlateViewWidget,"createImageIcon/2[java.lang.String,java.lang.String]",description,1
C:\projects\MVC_Chef_Game_Application-master\src\sushigame\view\PlateViewWidget.java,sushigame.view.PlateViewWidget,mouseExited/1[java.awt.event.MouseEvent],arg0,0
C:\projects\MVC_Chef_Game_Application-master\src\sushigame\view\PlateViewWidget.java,sushigame.view.PlateViewWidget,mousePressed/1[java.awt.event.MouseEvent],arg0,0
C:\projects\MVC_Chef_Game_Application-master\src\sushigame\view\PlateViewWidget.java,sushigame.view.PlateViewWidget,"PlateViewWidget/2[sushigame.model.Belt,int]",belt,3
C:\projects\MVC_Chef_Game_Application-master\src\sushigame\view\PlateViewWidget.java,sushigame.view.PlateViewWidget,"PlateViewWidget/2[sushigame.model.Belt,int]",icon,1
C:\projects\MVC_Chef_Game_Application-master\src\sushigame\view\PlateViewWidget.java,sushigame.view.PlateViewWidget,"PlateViewWidget/2[sushigame.model.Belt,int]",position,3
C:\projects\MVC_Chef_Game_Application-master\src\sushigame\view\PlateViewWidget.java,sushigame.view.PlateViewWidget,mouseEntered/1[java.awt.event.MouseEvent],arg0,0
C:\projects\MVC_Chef_Game_Application-master\src\sushigame\view\PlateViewWidget.java,sushigame.view.PlateViewWidget,mouseReleased/1[java.awt.event.MouseEvent],arg0,0
C:\projects\MVC_Chef_Game_Application-master\src\comp401\sushi\IngredientPortion.java,comp401.sushi.IngredientPortion,combine/1[comp401.sushi.IngredientPortion],other,0
C:\projects\MVC_Chef_Game_Application-master\src\sushigame\model\RandomCustomer.java,sushigame.model.RandomCustomer,consumesPlate/1[comp401.sushi.Plate],p,0
C:\projects\MVC_Chef_Game_Application-master\src\sushigame\model\RandomCustomer.java,sushigame.model.RandomCustomer,RandomCustomer/1[double],pickiness,2
C:\projects\MVC_Chef_Game_Application-master\src\sushigame\view\PlayerChefView.java,sushigame.view.PlayerChefView,"makeBluePlateRequest/2[comp401.sushi.Sushi,int]",plate_position,1
C:\projects\MVC_Chef_Game_Application-master\src\sushigame\view\PlayerChefView.java,sushigame.view.PlayerChefView,"makeBluePlateRequest/2[comp401.sushi.Sushi,int]",plate_sushi,1
C:\projects\MVC_Chef_Game_Application-master\src\sushigame\view\PlayerChefView.java,sushigame.view.PlayerChefView,"makeBluePlateRequest/2[comp401.sushi.Sushi,int]",l,1
C:\projects\MVC_Chef_Game_Application-master\src\sushigame\view\PlayerChefView.java,sushigame.view.PlayerChefView,registerChefListener/1[sushigame.view.ChefViewListener],cl,1
C:\projects\MVC_Chef_Game_Application-master\src\sushigame\view\PlayerChefView.java,sushigame.view.PlayerChefView,PlayerChefView/1[int],roll_ingredient_amount,2
C:\projects\MVC_Chef_Game_Application-master\src\sushigame\view\PlayerChefView.java,sushigame.view.PlayerChefView,PlayerChefView/1[int],nigiri_choice,1
C:\projects\MVC_Chef_Game_Application-master\src\sushigame\view\PlayerChefView.java,sushigame.view.PlayerChefView,PlayerChefView/1[int],gold_price,1
C:\projects\MVC_Chef_Game_Application-master\src\sushigame\view\PlayerChefView.java,sushigame.view.PlayerChefView,PlayerChefView/1[int],title,2
C:\projects\MVC_Chef_Game_Application-master\src\sushigame\view\PlayerChefView.java,sushigame.view.PlayerChefView,PlayerChefView/1[int],content,4
C:\projects\MVC_Chef_Game_Application-master\src\sushigame\view\PlayerChefView.java,sushigame.view.PlayerChefView,PlayerChefView/1[int],upper_panel,6
C:\projects\MVC_Chef_Game_Application-master\src\sushigame\view\PlayerChefView.java,sushigame.view.PlayerChefView,PlayerChefView/1[int],colors,1
C:\projects\MVC_Chef_Game_Application-master\src\sushigame\view\PlayerChefView.java,sushigame.view.PlayerChefView,PlayerChefView/1[int],roll_label,1
C:\projects\MVC_Chef_Game_Application-master\src\sushigame\view\PlayerChefView.java,sushigame.view.PlayerChefView,PlayerChefView/1[int],position_text,1
C:\projects\MVC_Chef_Game_Application-master\src\sushigame\view\PlayerChefView.java,sushigame.view.PlayerChefView,PlayerChefView/1[int],color_label,1
C:\projects\MVC_Chef_Game_Application-master\src\sushigame\view\PlayerChefView.java,sushigame.view.PlayerChefView,PlayerChefView/1[int],sashimi_panel,3
C:\projects\MVC_Chef_Game_Application-master\src\sushigame\view\PlayerChefView.java,sushigame.view.PlayerChefView,PlayerChefView/1[int],sashimi_choice,1
C:\projects\MVC_Chef_Game_Application-master\src\sushigame\view\PlayerChefView.java,sushigame.view.PlayerChefView,PlayerChefView/1[int],position_panel,3
C:\projects\MVC_Chef_Game_Application-master\src\sushigame\view\PlayerChefView.java,sushigame.view.PlayerChefView,PlayerChefView/1[int],i,20
C:\projects\MVC_Chef_Game_Application-master\src\sushigame\view\PlayerChefView.java,sushigame.view.PlayerChefView,PlayerChefView/1[int],roll_subpanel,4
C:\projects\MVC_Chef_Game_Application-master\src\sushigame\view\PlayerChefView.java,sushigame.view.PlayerChefView,PlayerChefView/1[int],positions,2
C:\projects\MVC_Chef_Game_Application-master\src\sushigame\view\PlayerChefView.java,sushigame.view.PlayerChefView,PlayerChefView/1[int],color_panel,5
C:\projects\MVC_Chef_Game_Application-master\src\sushigame\view\PlayerChefView.java,sushigame.view.PlayerChefView,PlayerChefView/1[int],sashimi_nigiri_type,2
C:\projects\MVC_Chef_Game_Application-master\src\sushigame\view\PlayerChefView.java,sushigame.view.PlayerChefView,PlayerChefView/1[int],clear_btn,4
C:\projects\MVC_Chef_Game_Application-master\src\sushigame\view\PlayerChefView.java,sushigame.view.PlayerChefView,PlayerChefView/1[int],nigiri_panel,3
C:\projects\MVC_Chef_Game_Application-master\src\sushigame\view\PlayerChefView.java,sushigame.view.PlayerChefView,PlayerChefView/1[int],lower_panel,4
C:\projects\MVC_Chef_Game_Application-master\src\sushigame\view\PlayerChefView.java,sushigame.view.PlayerChefView,PlayerChefView/1[int],roll_panel,4
C:\projects\MVC_Chef_Game_Application-master\src\sushigame\view\PlayerChefView.java,sushigame.view.PlayerChefView,PlayerChefView/1[int],roll_ingredients,1
C:\projects\MVC_Chef_Game_Application-master\src\sushigame\view\PlayerChefView.java,sushigame.view.PlayerChefView,PlayerChefView/1[int],create_btn,4
C:\projects\MVC_Chef_Game_Application-master\src\sushigame\view\PlayerChefView.java,sushigame.view.PlayerChefView,PlayerChefView/1[int],belt_size,2
C:\projects\MVC_Chef_Game_Application-master\src\sushigame\view\PlayerChefView.java,sushigame.view.PlayerChefView,PlayerChefView/1[int],btn_panel,3
C:\projects\MVC_Chef_Game_Application-master\src\sushigame\view\PlayerChefView.java,sushigame.view.PlayerChefView,"makeGoldPlateRequest/3[comp401.sushi.Sushi,int,double]",plate_position,1
C:\projects\MVC_Chef_Game_Application-master\src\sushigame\view\PlayerChefView.java,sushigame.view.PlayerChefView,"makeGoldPlateRequest/3[comp401.sushi.Sushi,int,double]",plate_sushi,1
C:\projects\MVC_Chef_Game_Application-master\src\sushigame\view\PlayerChefView.java,sushigame.view.PlayerChefView,"makeGoldPlateRequest/3[comp401.sushi.Sushi,int,double]",price,1
C:\projects\MVC_Chef_Game_Application-master\src\sushigame\view\PlayerChefView.java,sushigame.view.PlayerChefView,"makeGoldPlateRequest/3[comp401.sushi.Sushi,int,double]",l,1
C:\projects\MVC_Chef_Game_Application-master\src\sushigame\view\PlayerChefView.java,sushigame.view.PlayerChefView,actionPerformed/1[java.awt.event.ActionEvent],ingredient_count,2
C:\projects\MVC_Chef_Game_Application-master\src\sushigame\view\PlayerChefView.java,sushigame.view.PlayerChefView,actionPerformed/1[java.awt.event.ActionEvent],e,3
C:\projects\MVC_Chef_Game_Application-master\src\sushigame\view\PlayerChefView.java,sushigame.view.PlayerChefView,actionPerformed/1[java.awt.event.ActionEvent],isNull,5
C:\projects\MVC_Chef_Game_Application-master\src\sushigame\view\PlayerChefView.java,sushigame.view.PlayerChefView,actionPerformed/1[java.awt.event.ActionEvent],gold_price,1
C:\projects\MVC_Chef_Game_Application-master\src\sushigame\view\PlayerChefView.java,sushigame.view.PlayerChefView,actionPerformed/1[java.awt.event.ActionEvent],i,44
C:\projects\MVC_Chef_Game_Application-master\src\sushigame\view\PlayerChefView.java,sushigame.view.PlayerChefView,actionPerformed/1[java.awt.event.ActionEvent],j,16
C:\projects\MVC_Chef_Game_Application-master\src\sushigame\view\PlayerChefView.java,sushigame.view.PlayerChefView,actionPerformed/1[java.awt.event.ActionEvent],position,5
C:\projects\MVC_Chef_Game_Application-master\src\sushigame\view\PlayerChefView.java,sushigame.view.PlayerChefView,actionPerformed/1[java.awt.event.ActionEvent],roll_selected,2
C:\projects\MVC_Chef_Game_Application-master\src\sushigame\view\PlayerChefView.java,sushigame.view.PlayerChefView,"makeRedPlateRequest/2[comp401.sushi.Sushi,int]",plate_position,1
C:\projects\MVC_Chef_Game_Application-master\src\sushigame\view\PlayerChefView.java,sushigame.view.PlayerChefView,"makeRedPlateRequest/2[comp401.sushi.Sushi,int]",plate_sushi,1
C:\projects\MVC_Chef_Game_Application-master\src\sushigame\view\PlayerChefView.java,sushigame.view.PlayerChefView,"makeRedPlateRequest/2[comp401.sushi.Sushi,int]",l,1
C:\projects\MVC_Chef_Game_Application-master\src\sushigame\view\PlayerChefView.java,sushigame.view.PlayerChefView,"makeGreenPlateRequest/2[comp401.sushi.Sushi,int]",plate_position,1
C:\projects\MVC_Chef_Game_Application-master\src\sushigame\view\PlayerChefView.java,sushigame.view.PlayerChefView,"makeGreenPlateRequest/2[comp401.sushi.Sushi,int]",plate_sushi,1
C:\projects\MVC_Chef_Game_Application-master\src\sushigame\view\PlayerChefView.java,sushigame.view.PlayerChefView,"makeGreenPlateRequest/2[comp401.sushi.Sushi,int]",l,1
C:\projects\MVC_Chef_Game_Application-master\src\sushigame\model\Customer.java,sushigame.model.Customer,consumesPlate/1[comp401.sushi.Plate],p,0
C:\projects\MVC_Chef_Game_Application-master\src\sushigame\view\ScoreboardWidget.java,sushigame.view.ScoreboardWidget,makeScoreboardHTML/1[java.lang.String],orderType,2
C:\projects\MVC_Chef_Game_Application-master\src\sushigame\view\ScoreboardWidget.java,sushigame.view.ScoreboardWidget,makeScoreboardHTML/1[java.lang.String],c,11
C:\projects\MVC_Chef_Game_Application-master\src\sushigame\view\ScoreboardWidget.java,sushigame.view.ScoreboardWidget,makeScoreboardHTML/1[java.lang.String],sb_html,6
C:\projects\MVC_Chef_Game_Application-master\src\sushigame\view\ScoreboardWidget.java,sushigame.view.ScoreboardWidget,makeScoreboardHTML/1[java.lang.String],i,4
C:\projects\MVC_Chef_Game_Application-master\src\sushigame\view\ScoreboardWidget.java,sushigame.view.ScoreboardWidget,makeScoreboardHTML/1[java.lang.String],opponent_chefs,2
C:\projects\MVC_Chef_Game_Application-master\src\sushigame\view\ScoreboardWidget.java,sushigame.view.ScoreboardWidget,makeScoreboardHTML/1[java.lang.String],chefs,8
C:\projects\MVC_Chef_Game_Application-master\src\sushigame\view\ScoreboardWidget.java,sushigame.view.ScoreboardWidget,"createImageIcon/2[java.lang.String,java.lang.String]",imgURL,2
C:\projects\MVC_Chef_Game_Application-master\src\sushigame\view\ScoreboardWidget.java,sushigame.view.ScoreboardWidget,"createImageIcon/2[java.lang.String,java.lang.String]",path,2
C:\projects\MVC_Chef_Game_Application-master\src\sushigame\view\ScoreboardWidget.java,sushigame.view.ScoreboardWidget,"createImageIcon/2[java.lang.String,java.lang.String]",description,1
C:\projects\MVC_Chef_Game_Application-master\src\sushigame\view\ScoreboardWidget.java,sushigame.view.ScoreboardWidget,handleBeltEvent/1[sushigame.model.BeltEvent],e,1
C:\projects\MVC_Chef_Game_Application-master\src\sushigame\view\ScoreboardWidget.java,sushigame.view.ScoreboardWidget,setOrderType/1[java.lang.String],orderType,2
C:\projects\MVC_Chef_Game_Application-master\src\sushigame\view\ScoreboardWidget.java,sushigame.view.ScoreboardWidget,actionPerformed/1[java.awt.event.ActionEvent],arg0,1
C:\projects\MVC_Chef_Game_Application-master\src\sushigame\view\ScoreboardWidget.java,sushigame.view.ScoreboardWidget,ScoreboardWidget/1[sushigame.model.SushiGameModel],img,4
C:\projects\MVC_Chef_Game_Application-master\src\sushigame\view\ScoreboardWidget.java,sushigame.view.ScoreboardWidget,ScoreboardWidget/1[sushigame.model.SushiGameModel],upperPartOfContent,4
C:\projects\MVC_Chef_Game_Application-master\src\sushigame\view\ScoreboardWidget.java,sushigame.view.ScoreboardWidget,ScoreboardWidget/1[sushigame.model.SushiGameModel],lowerPartOfContent,2
C:\projects\MVC_Chef_Game_Application-master\src\sushigame\view\ScoreboardWidget.java,sushigame.view.ScoreboardWidget,ScoreboardWidget/1[sushigame.model.SushiGameModel],gm,1
C:\projects\MVC_Chef_Game_Application-master\src\sushigame\view\ScoreboardWidget.java,sushigame.view.ScoreboardWidget,ScoreboardWidget/1[sushigame.model.SushiGameModel],centerPart,5
C:\projects\MVC_Chef_Game_Application-master\src\sushigame\view\ScoreboardWidget.java,sushigame.view.ScoreboardWidget,ScoreboardWidget/1[sushigame.model.SushiGameModel],icon,1
C:\projects\MVC_Chef_Game_Application-master\src\sushigame\view\ScoreboardWidget.java,sushigame.view.ScoreboardWidget,ScoreboardWidget/1[sushigame.model.SushiGameModel],title,2
C:\projects\MVC_Chef_Game_Application-master\src\sushigame\view\ScoreboardWidget.java,sushigame.view.ScoreboardWidget,ScoreboardWidget/1[sushigame.model.SushiGameModel],content,4
C:\projects\MVC_Chef_Game_Application-master\src\sushigame\model\SushiGameModel.java,sushigame.model.SushiGameModel,"SushiGameModel/3[int,int,int]",num_customers,4
C:\projects\MVC_Chef_Game_Application-master\src\sushigame\model\SushiGameModel.java,sushigame.model.SushiGameModel,"SushiGameModel/3[int,int,int]",num_chef_opponents,2
C:\projects\MVC_Chef_Game_Application-master\src\sushigame\model\SushiGameModel.java,sushigame.model.SushiGameModel,"SushiGameModel/3[int,int,int]",belt_size,4
C:\projects\MVC_Chef_Game_Application-master\src\sushigame\model\SushiGameModel.java,sushigame.model.SushiGameModel,"SushiGameModel/3[int,int,int]",i,9
C:\projects\MVC_Chef_Game_Application-master\src\sushigame\model\SushiGameModel.java,sushigame.model.SushiGameModel,"SushiGameModel/3[int,int,int]",belt_idx,2
C:\projects\MVC_Chef_Game_Application-master\src\sushigame\view\SushiGameView.java,sushigame.view.SushiGameView,registerPlayerChefListener/1[sushigame.view.ChefViewListener],cl,1
C:\projects\MVC_Chef_Game_Application-master\src\sushigame\view\SushiGameView.java,sushigame.view.SushiGameView,setControllerMessage/1[java.lang.String],message,1
C:\projects\MVC_Chef_Game_Application-master\src\sushigame\view\SushiGameView.java,sushigame.view.SushiGameView,SushiGameView/1[sushigame.model.SushiGameModel],bottom_panel,4
C:\projects\MVC_Chef_Game_Application-master\src\sushigame\view\SushiGameView.java,sushigame.view.SushiGameView,SushiGameView/1[sushigame.model.SushiGameModel],belt_view,1
C:\projects\MVC_Chef_Game_Application-master\src\sushigame\view\SushiGameView.java,sushigame.view.SushiGameView,SushiGameView/1[sushigame.model.SushiGameModel],rotate_button,3
C:\projects\MVC_Chef_Game_Application-master\src\sushigame\view\SushiGameView.java,sushigame.view.SushiGameView,SushiGameView/1[sushigame.model.SushiGameModel],game_model,4
C:\projects\MVC_Chef_Game_Application-master\src\sushigame\view\SushiGameView.java,sushigame.view.SushiGameView,registerRotationRequestListener/1[sushigame.view.RotationRequestListener],rrl,1
C:\projects\MVC_Chef_Game_Application-master\src\sushigame\view\SushiGameView.java,sushigame.view.SushiGameView,handleBeltEvent/1[sushigame.model.BeltEvent],e,1
C:\projects\MVC_Chef_Game_Application-master\src\sushigame\view\SushiGameView.java,sushigame.view.SushiGameView,actionPerformed/1[java.awt.event.ActionEvent],e,1
C:\projects\MVC_Chef_Game_Application-master\src\sushigame\view\SushiGameView.java,sushigame.view.SushiGameView,actionPerformed/1[java.awt.event.ActionEvent],rrl,1
