file,class,method,variable,usage
C:\projects\Battleship-Java-master\BattleShip6\src\Player.java,Player,setMiss/1[int],miss,3
C:\projects\Battleship-Java-master\BattleShip6\src\Player.java,Player,getMiss/0,miss,1
C:\projects\Battleship-Java-master\BattleShip6\src\Player.java,Player,setFirstName/1[java.lang.String],firstName,3
C:\projects\Battleship-Java-master\BattleShip6\src\Player.java,Player,getAge/0,age,1
C:\projects\Battleship-Java-master\BattleShip6\src\Player.java,Player,getEmail/0,email,1
C:\projects\Battleship-Java-master\BattleShip6\src\Player.java,Player,getFullName/0,firstName,1
C:\projects\Battleship-Java-master\BattleShip6\src\Player.java,Player,getFullName/0,lastName,1
C:\projects\Battleship-Java-master\BattleShip6\src\Player.java,Player,getLastName/0,lastName,1
C:\projects\Battleship-Java-master\BattleShip6\src\Player.java,Player,compareTo/1[Player],score,2
C:\projects\Battleship-Java-master\BattleShip6\src\Player.java,Player,toString/0,fullName,1
C:\projects\Battleship-Java-master\BattleShip6\src\Player.java,Player,toString/0,email,1
C:\projects\Battleship-Java-master\BattleShip6\src\Player.java,Player,toString/0,age,1
C:\projects\Battleship-Java-master\BattleShip6\src\Player.java,Player,getAttempts/0,attempts,1
C:\projects\Battleship-Java-master\BattleShip6\src\Player.java,Player,setEmail/1[java.lang.String],email,3
C:\projects\Battleship-Java-master\BattleShip6\src\Player.java,Player,getScore/0,score,1
C:\projects\Battleship-Java-master\BattleShip6\src\Player.java,Player,getNumber/0,number,1
C:\projects\Battleship-Java-master\BattleShip6\src\Player.java,Player,setNumber/1[int],number,3
C:\projects\Battleship-Java-master\BattleShip6\src\Player.java,Player,getHit/0,hit,1
C:\projects\Battleship-Java-master\BattleShip6\src\Player.java,Player,setLastName/1[java.lang.String],lastName,3
C:\projects\Battleship-Java-master\BattleShip6\src\Player.java,Player,setHit/1[int],hit,3
C:\projects\Battleship-Java-master\BattleShip6\src\Player.java,Player,"Player/4[java.lang.String,java.lang.String,java.lang.String,int]",firstName,4
C:\projects\Battleship-Java-master\BattleShip6\src\Player.java,Player,"Player/4[java.lang.String,java.lang.String,java.lang.String,int]",lastName,4
C:\projects\Battleship-Java-master\BattleShip6\src\Player.java,Player,"Player/4[java.lang.String,java.lang.String,java.lang.String,int]",fullName,1
C:\projects\Battleship-Java-master\BattleShip6\src\Player.java,Player,"Player/4[java.lang.String,java.lang.String,java.lang.String,int]",email,3
C:\projects\Battleship-Java-master\BattleShip6\src\Player.java,Player,"Player/4[java.lang.String,java.lang.String,java.lang.String,int]",age,3
C:\projects\Battleship-Java-master\BattleShip6\src\Player.java,Player,setAge/1[int],age,3
C:\projects\Battleship-Java-master\BattleShip6\src\Player.java,Player,setScore/0,score,1
C:\projects\Battleship-Java-master\BattleShip6\src\Player.java,Player,setScore/0,hit,1
C:\projects\Battleship-Java-master\BattleShip6\src\Player.java,Player,setScore/0,miss,1
C:\projects\Battleship-Java-master\BattleShip6\src\Player.java,Player,setAttempts/0,attempts,1
C:\projects\Battleship-Java-master\BattleShip6\src\Player.java,Player,getFirstName/0,firstName,1
C:\projects\Battleship-Java-master\BattleShip6\src\Board.java,Board,initShips/0,shipsQtd,3
C:\projects\Battleship-Java-master\BattleShip6\src\Board.java,Board,initShips/0,ships,13
C:\projects\Battleship-Java-master\BattleShip6\src\Board.java,Board,initShips/0,columns,5
C:\projects\Battleship-Java-master\BattleShip6\src\Board.java,Board,initShips/0,columnPosition,3
C:\projects\Battleship-Java-master\BattleShip6\src\Board.java,Board,initShips/0,rows,2
C:\projects\Battleship-Java-master\BattleShip6\src\Board.java,Board,initShips/0,rowPosition,2
C:\projects\Battleship-Java-master\BattleShip6\src\Board.java,Board,initBoard/0,boardSeaArea,2
C:\projects\Battleship-Java-master\BattleShip6\src\Board.java,Board,initBoard/0,columns,2
C:\projects\Battleship-Java-master\BattleShip6\src\Board.java,Board,initBoard/0,rows,2
C:\projects\Battleship-Java-master\BattleShip6\src\Board.java,Board,initColumns/0,columns,2
C:\projects\Battleship-Java-master\BattleShip6\src\Board.java,Board,initColumns/0,scanner,1
C:\projects\Battleship-Java-master\BattleShip6\src\Board.java,Board,initPlayersQuantity/0,numberOfPlayers,8
C:\projects\Battleship-Java-master\BattleShip6\src\Board.java,Board,initPlayersQuantity/0,scanner,1
C:\projects\Battleship-Java-master\BattleShip6\src\Board.java,Board,isBoardFull/0,columns,2
C:\projects\Battleship-Java-master\BattleShip6\src\Board.java,Board,isBoardFull/0,counter,1
C:\projects\Battleship-Java-master\BattleShip6\src\Board.java,Board,isBoardFull/0,rows,2
C:\projects\Battleship-Java-master\BattleShip6\src\Board.java,Board,validateRows/1[int],rows,3
C:\projects\Battleship-Java-master\BattleShip6\src\Board.java,Board,play/0,shipsQtd,4
C:\projects\Battleship-Java-master\BattleShip6\src\Board.java,Board,play/0,players,1
C:\projects\Battleship-Java-master\BattleShip6\src\Board.java,Board,play/0,columns,2
C:\projects\Battleship-Java-master\BattleShip6\src\Board.java,Board,play/0,shoot,3
C:\projects\Battleship-Java-master\BattleShip6\src\Board.java,Board,play/0,counter,3
C:\projects\Battleship-Java-master\BattleShip6\src\Board.java,Board,play/0,rows,2
C:\projects\Battleship-Java-master\BattleShip6\src\Board.java,Board,ranking/0,players,11
C:\projects\Battleship-Java-master\BattleShip6\src\Board.java,Board,changeboard/0,boardSeaArea,4
C:\projects\Battleship-Java-master\BattleShip6\src\Board.java,Board,changeboard/0,shoot,8
C:\projects\Battleship-Java-master\BattleShip6\src\Board.java,Board,getShips/0,ships,1
C:\projects\Battleship-Java-master\BattleShip6\src\Board.java,Board,hit/0,ships,2
C:\projects\Battleship-Java-master\BattleShip6\src\Board.java,Board,hit/0,shoot,2
C:\projects\Battleship-Java-master\BattleShip6\src\Board.java,Board,getBoardSeaArea/0,boardSeaArea,1
C:\projects\Battleship-Java-master\BattleShip6\src\Board.java,Board,shoot/0,columns,1
C:\projects\Battleship-Java-master\BattleShip6\src\Board.java,Board,shoot/0,scanner,2
C:\projects\Battleship-Java-master\BattleShip6\src\Board.java,Board,shoot/0,shoot,10
C:\projects\Battleship-Java-master\BattleShip6\src\Board.java,Board,shoot/0,rows,1
C:\projects\Battleship-Java-master\BattleShip6\src\Board.java,Board,getRows/0,rows,1
C:\projects\Battleship-Java-master\BattleShip6\src\Board.java,Board,isPositionLocked/0,boardSeaArea,4
C:\projects\Battleship-Java-master\BattleShip6\src\Board.java,Board,isPositionLocked/0,columns,1
C:\projects\Battleship-Java-master\BattleShip6\src\Board.java,Board,isPositionLocked/0,shoot,8
C:\projects\Battleship-Java-master\BattleShip6\src\Board.java,Board,isPositionLocked/0,rows,1
C:\projects\Battleship-Java-master\BattleShip6\src\Board.java,Board,"Board/2[int,int]",boardSeaArea,1
C:\projects\Battleship-Java-master\BattleShip6\src\Board.java,Board,"Board/2[int,int]",columns,4
C:\projects\Battleship-Java-master\BattleShip6\src\Board.java,Board,"Board/2[int,int]",rows,4
C:\projects\Battleship-Java-master\BattleShip6\src\Board.java,Board,getColumns/0,columns,1
C:\projects\Battleship-Java-master\BattleShip6\src\Board.java,Board,showBoard/0,boardSeaArea,5
C:\projects\Battleship-Java-master\BattleShip6\src\Board.java,Board,showBoard/0,columns,2
C:\projects\Battleship-Java-master\BattleShip6\src\Board.java,Board,showBoard/0,rows,1
C:\projects\Battleship-Java-master\BattleShip6\src\Board.java,Board,initRows/0,scanner,1
C:\projects\Battleship-Java-master\BattleShip6\src\Board.java,Board,initRows/0,rows,2
C:\projects\Battleship-Java-master\BattleShip6\src\Board.java,Board,"initAge/3[Player,int,boolean]",scanner,1
C:\projects\Battleship-Java-master\BattleShip6\src\Board.java,Board,validateColumns/1[int],columns,3
C:\projects\Battleship-Java-master\BattleShip6\src\Board.java,Board,initPlayers/0,numberOfPlayers,1
C:\projects\Battleship-Java-master\BattleShip6\src\Board.java,Board,initPlayers/0,players,6
C:\projects\Battleship-Java-master\BattleShip6\src\Board.java,Board,initPlayers/0,scanner,3
