file,class,method,constructor,line,cbo,cboModified,fanin,fanout,wmc,rfc,loc,returnsQty,variablesQty,parametersQty,methodsInvokedQty,methodsInvokedLocalQty,methodsInvokedIndirectLocalQty,loopQty,comparisonsQty,tryCatchQty,parenthesizedExpsQty,stringLiteralsQty,numbersQty,assignmentsQty,mathOperationsQty,maxNestedBlocksQty,anonymousClassesQty,innerClassesQty,lambdasQty,uniqueWordsQty,modifiers,logStatementsQty,hasJavaDoc
C:\projects\Battleship-Java-master\BattleShip6\src\Player.java,Player,setMiss/1[int],false,120,0,1,1,0,1,0,3,0,0,1,0,0,0,0,0,0,0,0,0,1,0,0,0,0,0,3,1,0,false
C:\projects\Battleship-Java-master\BattleShip6\src\Player.java,Player,getMiss/0,false,116,0,0,0,0,1,0,3,1,0,0,0,0,0,0,0,0,0,0,0,0,0,0,0,0,0,3,1,0,false
C:\projects\Battleship-Java-master\BattleShip6\src\Player.java,Player,validateName/1[Player],false,37,1,3,1,2,7,7,17,4,2,1,7,2,1,1,0,0,3,2,3,2,2,2,0,0,0,16,9,0,true
C:\projects\Battleship-Java-master\BattleShip6\src\Player.java,Player,setFirstName/1[java.lang.String],false,140,0,1,1,0,1,0,3,0,0,1,0,0,0,0,0,0,0,0,0,1,0,0,0,0,0,4,1,0,false
C:\projects\Battleship-Java-master\BattleShip6\src\Player.java,Player,getAge/0,false,164,0,2,2,0,1,0,3,1,0,0,0,0,0,0,0,0,0,0,0,0,0,0,0,0,0,3,1,0,false
C:\projects\Battleship-Java-master\BattleShip6\src\Player.java,Player,getEmail/0,false,160,0,2,2,0,1,0,3,1,0,0,0,0,0,0,0,0,0,0,0,0,0,0,0,0,0,3,1,0,false
C:\projects\Battleship-Java-master\BattleShip6\src\Player.java,Player,getFullName/0,false,156,0,1,1,0,1,0,3,1,0,0,0,0,0,0,0,0,0,1,0,0,1,0,0,0,0,5,1,0,false
C:\projects\Battleship-Java-master\BattleShip6\src\Player.java,Player,getLastName/0,false,172,0,1,1,0,1,0,3,1,0,0,0,0,0,0,0,0,0,0,0,0,0,0,0,0,0,4,1,0,false
C:\projects\Battleship-Java-master\BattleShip6\src\Player.java,Player,compareTo/1[Player],false,180,1,1,0,1,3,1,9,3,0,1,1,1,1,0,0,0,0,0,3,0,0,1,0,0,0,4,1,0,false
C:\projects\Battleship-Java-master\BattleShip6\src\Player.java,Player,toString/0,false,96,0,0,0,0,1,0,3,1,0,0,0,0,0,0,0,0,0,5,0,0,1,0,0,0,0,2,1,0,false
C:\projects\Battleship-Java-master\BattleShip6\src\Player.java,Player,getAttempts/0,false,124,0,1,1,0,1,0,3,1,0,0,0,0,0,0,0,0,0,0,0,0,0,0,0,0,0,3,1,0,false
C:\projects\Battleship-Java-master\BattleShip6\src\Player.java,Player,setEmail/1[java.lang.String],false,152,0,1,1,0,1,0,3,0,0,1,0,0,0,0,0,0,0,0,0,1,0,0,0,0,0,3,1,0,false
C:\projects\Battleship-Java-master\BattleShip6\src\Player.java,Player,getScore/0,false,100,0,2,2,0,1,0,3,1,0,0,0,0,0,0,0,0,0,0,0,0,0,0,0,0,0,3,1,0,false
C:\projects\Battleship-Java-master\BattleShip6\src\Player.java,Player,getNumber/0,false,132,0,1,1,0,1,0,3,1,0,0,0,0,0,0,0,0,0,0,0,0,0,0,0,0,0,3,1,0,false
C:\projects\Battleship-Java-master\BattleShip6\src\Player.java,Player,setNumber/1[int],false,136,0,1,1,0,1,0,3,0,0,1,0,0,0,0,0,0,0,0,0,1,0,0,0,0,0,3,1,0,false
C:\projects\Battleship-Java-master\BattleShip6\src\Player.java,Player,getHit/0,false,108,0,0,0,0,1,0,3,1,0,0,0,0,0,0,0,0,0,0,0,0,0,0,0,0,0,3,1,0,false
C:\projects\Battleship-Java-master\BattleShip6\src\Player.java,Player,setLastName/1[java.lang.String],false,144,0,1,1,0,1,0,3,0,0,1,0,0,0,0,0,0,0,0,0,1,0,0,0,0,0,4,1,0,false
C:\projects\Battleship-Java-master\BattleShip6\src\Player.java,Player,setHit/1[int],false,112,0,1,1,0,1,0,3,0,0,1,0,0,0,0,0,0,0,0,0,1,0,0,0,0,0,3,1,0,false
C:\projects\Battleship-Java-master\BattleShip6\src\Player.java,Player,validateEmail/1[Player],false,80,1,2,1,1,2,3,10,2,1,1,3,1,1,0,0,0,0,2,0,1,0,1,0,0,0,19,9,0,true
C:\projects\Battleship-Java-master\BattleShip6\src\Player.java,Player,Player/0,true,17,0,1,1,0,1,0,2,0,0,0,0,0,0,0,0,0,0,0,0,0,0,0,0,0,0,1,1,0,false
C:\projects\Battleship-Java-master\BattleShip6\src\Player.java,Player,"Player/4[java.lang.String,java.lang.String,java.lang.String,int]",true,9,0,0,0,0,1,0,7,0,0,4,0,0,0,0,0,0,0,1,0,5,1,0,0,0,0,6,1,0,false
C:\projects\Battleship-Java-master\BattleShip6\src\Player.java,Player,validateAge/1[Player],false,21,1,2,1,1,3,1,7,2,1,1,1,1,1,0,0,0,0,0,2,1,0,1,0,0,0,7,9,0,false
C:\projects\Battleship-Java-master\BattleShip6\src\Player.java,Player,setAge/1[int],false,148,0,1,1,0,1,0,3,0,0,1,0,0,0,0,0,0,0,0,0,1,0,0,0,0,0,3,1,0,false
C:\projects\Battleship-Java-master\BattleShip6\src\Player.java,Player,setScore/0,false,104,0,1,1,0,1,0,3,0,0,0,0,0,0,0,0,0,1,0,1,1,2,0,0,0,0,4,1,0,false
C:\projects\Battleship-Java-master\BattleShip6\src\Player.java,Player,setAttempts/0,false,128,0,1,1,0,1,0,3,0,0,0,0,0,0,0,0,0,0,0,0,0,0,0,0,0,0,2,1,0,false
C:\projects\Battleship-Java-master\BattleShip6\src\Player.java,Player,getFirstName/0,false,168,0,3,3,0,1,0,3,1,0,0,0,0,0,0,0,0,0,0,0,0,0,0,0,0,0,4,1,0,false
C:\projects\Battleship-Java-master\BattleShip6\src\Board.java,Board,initShips/0,false,256,1,1,1,0,8,1,21,0,3,0,1,0,0,4,4,0,7,0,19,11,5,4,0,0,0,22,1,0,true
C:\projects\Battleship-Java-master\BattleShip6\src\Board.java,Board,initBoard/0,false,244,1,1,1,0,3,0,8,0,2,0,0,0,0,2,0,0,0,0,3,4,0,2,0,0,0,25,1,0,true
C:\projects\Battleship-Java-master\BattleShip6\src\Board.java,Board,initColumns/0,false,173,1,4,2,2,3,5,14,0,0,0,5,2,1,0,1,1,0,3,0,1,0,1,0,0,0,22,1,0,true
C:\projects\Battleship-Java-master\BattleShip6\src\Board.java,Board,initPlayersQuantity/0,false,48,1,3,2,1,7,5,22,1,0,0,5,1,0,0,1,1,0,6,6,1,2,1,0,0,0,19,1,0,true
C:\projects\Battleship-Java-master\BattleShip6\src\Board.java,Board,isBoardFull/0,false,410,0,1,1,0,2,0,5,2,1,0,0,0,0,0,1,0,4,0,2,1,5,1,0,0,0,17,2,0,true
C:\projects\Battleship-Java-master\BattleShip6\src\Board.java,Board,validateRows/1[int],false,191,0,1,1,0,3,0,6,2,0,1,0,0,0,0,0,0,0,0,2,0,0,1,0,0,0,9,1,0,true
C:\projects\Battleship-Java-master\BattleShip6\src\Board.java,Board,play/0,false,362,2,12,1,11,6,14,40,0,1,0,14,6,3,2,1,0,4,7,13,1,13,4,0,0,0,33,1,0,true
C:\projects\Battleship-Java-master\BattleShip6\src\Board.java,Board,ranking/0,false,420,1,4,1,3,9,8,29,0,5,0,8,0,0,2,4,0,0,16,18,7,5,2,0,0,0,15,1,0,true
C:\projects\Battleship-Java-master\BattleShip6\src\Board.java,Board,changeboard/0,false,348,1,2,1,1,2,1,8,0,0,0,1,1,1,0,0,0,0,0,14,4,2,1,0,0,0,12,1,0,true
C:\projects\Battleship-Java-master\BattleShip6\src\Board.java,Board,Board/0,true,25,0,1,1,0,1,0,2,0,0,0,0,0,0,0,0,0,0,0,0,0,0,0,0,0,0,1,1,0,false
C:\projects\Battleship-Java-master\BattleShip6\src\Board.java,Board,getShips/0,false,30,1,0,0,0,1,0,3,1,0,0,0,0,0,0,0,0,0,0,0,0,0,0,0,0,0,3,1,0,false
C:\projects\Battleship-Java-master\BattleShip6\src\Board.java,Board,hit/0,false,336,0,2,2,0,4,0,8,2,1,0,0,0,0,1,2,0,0,0,5,1,0,2,0,0,0,11,1,0,true
C:\projects\Battleship-Java-master\BattleShip6\src\Board.java,Board,getBoardSeaArea/0,false,33,1,0,0,0,1,0,3,1,0,0,0,0,0,0,0,0,0,0,0,0,0,0,0,0,0,5,1,0,false
C:\projects\Battleship-Java-master\BattleShip6\src\Board.java,Board,shoot/0,false,290,1,4,2,2,7,6,23,0,0,0,6,2,1,3,0,1,0,3,10,2,0,3,0,0,0,15,1,0,true
C:\projects\Battleship-Java-master\BattleShip6\src\Board.java,Board,getRows/0,false,36,0,0,0,0,1,0,3,1,0,0,0,0,0,0,0,0,0,0,0,0,0,0,0,0,0,3,1,0,false
C:\projects\Battleship-Java-master\BattleShip6\src\Board.java,Board,isPositionLocked/0,false,318,0,1,1,0,7,1,11,2,2,0,1,0,0,2,4,0,0,1,14,2,0,3,0,0,0,17,1,0,true
C:\projects\Battleship-Java-master\BattleShip6\src\Board.java,Board,"Board/2[int,int]",true,19,1,0,0,0,1,0,5,0,0,2,0,0,0,0,0,0,0,0,0,3,0,0,0,0,0,3,1,0,false
C:\projects\Battleship-Java-master\BattleShip6\src\Board.java,Board,getColumns/0,false,39,0,0,0,0,1,0,3,1,0,0,0,0,0,0,0,0,0,0,0,0,0,0,0,0,0,3,1,0,false
C:\projects\Battleship-Java-master\BattleShip6\src\Board.java,Board,showBoard/0,false,212,0,1,1,0,9,2,27,0,3,0,2,0,0,3,5,0,2,12,10,3,9,3,0,0,0,12,1,0,true
C:\projects\Battleship-Java-master\BattleShip6\src\Board.java,Board,initRows/0,false,156,1,4,2,2,3,5,14,0,0,0,5,2,1,0,1,1,0,3,0,1,0,1,0,0,0,21,1,0,true
C:\projects\Battleship-Java-master\BattleShip6\src\Board.java,Board,"initAge/3[Player,int,boolean]",false,136,2,5,2,3,3,6,15,0,0,3,6,1,0,0,1,1,0,3,0,1,0,1,0,0,0,33,1,0,true
C:\projects\Battleship-Java-master\BattleShip6\src\Board.java,Board,validateColumns/1[int],false,202,0,1,1,0,3,0,6,2,0,1,0,0,0,0,0,0,0,0,2,0,0,1,0,0,0,9,1,0,true
C:\projects\Battleship-Java-master\BattleShip6\src\Board.java,Board,initPlayers/0,false,82,2,15,2,13,6,17,37,0,10,0,17,2,1,3,3,0,0,14,3,10,2,3,0,0,0,29,1,0,true
C:\projects\Battleship-Java-master\BattleShip6\src\Game.java,Game,main/1[java.lang.String[]],false,4,1,8,0,8,1,7,10,0,1,1,7,0,0,0,0,0,0,0,0,1,0,0,0,0,0,4,9,0,false
