file,class,method,variable,usage
C:\projects\Battleship-Java-master\BattleShip6\src\Player.java,Player,setMiss/1[int],miss,2
C:\projects\Battleship-Java-master\BattleShip6\src\Player.java,Player,validateName/1[Player],name,5
C:\projects\Battleship-Java-master\BattleShip6\src\Player.java,Player,validateName/1[Player],i,3
C:\projects\Battleship-Java-master\BattleShip6\src\Player.java,Player,validateName/1[Player],player,4
C:\projects\Battleship-Java-master\BattleShip6\src\Player.java,Player,setFirstName/1[java.lang.String],firstName,2
C:\projects\Battleship-Java-master\BattleShip6\src\Player.java,Player,compareTo/1[Player],other,2
C:\projects\Battleship-Java-master\BattleShip6\src\Player.java,Player,setEmail/1[java.lang.String],email,2
C:\projects\Battleship-Java-master\BattleShip6\src\Player.java,Player,setNumber/1[int],number,2
C:\projects\Battleship-Java-master\BattleShip6\src\Player.java,Player,setLastName/1[java.lang.String],lastName,2
C:\projects\Battleship-Java-master\BattleShip6\src\Player.java,Player,setHit/1[int],hit,2
C:\projects\Battleship-Java-master\BattleShip6\src\Player.java,Player,validateEmail/1[Player],email,1
C:\projects\Battleship-Java-master\BattleShip6\src\Player.java,Player,validateEmail/1[Player],player,1
C:\projects\Battleship-Java-master\BattleShip6\src\Player.java,Player,"Player/4[java.lang.String,java.lang.String,java.lang.String,int]",firstName,3
C:\projects\Battleship-Java-master\BattleShip6\src\Player.java,Player,"Player/4[java.lang.String,java.lang.String,java.lang.String,int]",lastName,3
C:\projects\Battleship-Java-master\BattleShip6\src\Player.java,Player,"Player/4[java.lang.String,java.lang.String,java.lang.String,int]",email,2
C:\projects\Battleship-Java-master\BattleShip6\src\Player.java,Player,"Player/4[java.lang.String,java.lang.String,java.lang.String,int]",age,2
C:\projects\Battleship-Java-master\BattleShip6\src\Player.java,Player,validateAge/1[Player],age,2
C:\projects\Battleship-Java-master\BattleShip6\src\Player.java,Player,validateAge/1[Player],player,1
C:\projects\Battleship-Java-master\BattleShip6\src\Player.java,Player,setAge/1[int],age,2
C:\projects\Battleship-Java-master\BattleShip6\src\Board.java,Board,initShips/0,random,4
C:\projects\Battleship-Java-master\BattleShip6\src\Board.java,Board,initShips/0,i,11
C:\projects\Battleship-Java-master\BattleShip6\src\Board.java,Board,initShips/0,j,6
C:\projects\Battleship-Java-master\BattleShip6\src\Board.java,Board,initBoard/0,i,3
C:\projects\Battleship-Java-master\BattleShip6\src\Board.java,Board,initBoard/0,j,3
C:\projects\Battleship-Java-master\BattleShip6\src\Board.java,Board,initColumns/0,e,0
C:\projects\Battleship-Java-master\BattleShip6\src\Board.java,Board,initPlayersQuantity/0,e,0
C:\projects\Battleship-Java-master\BattleShip6\src\Board.java,Board,isBoardFull/0,x,1
C:\projects\Battleship-Java-master\BattleShip6\src\Board.java,Board,validateRows/1[int],rows,2
C:\projects\Battleship-Java-master\BattleShip6\src\Board.java,Board,play/0,shotHit,3
C:\projects\Battleship-Java-master\BattleShip6\src\Board.java,Board,play/0,player,9
C:\projects\Battleship-Java-master\BattleShip6\src\Board.java,Board,ranking/0,atual,2
C:\projects\Battleship-Java-master\BattleShip6\src\Board.java,Board,ranking/0,winner,15
C:\projects\Battleship-Java-master\BattleShip6\src\Board.java,Board,ranking/0,maior,3
C:\projects\Battleship-Java-master\BattleShip6\src\Board.java,Board,ranking/0,i,13
C:\projects\Battleship-Java-master\BattleShip6\src\Board.java,Board,hit/0,ship,4
C:\projects\Battleship-Java-master\BattleShip6\src\Board.java,Board,shoot/0,e,0
C:\projects\Battleship-Java-master\BattleShip6\src\Board.java,Board,isPositionLocked/0,i,2
C:\projects\Battleship-Java-master\BattleShip6\src\Board.java,Board,isPositionLocked/0,j,2
C:\projects\Battleship-Java-master\BattleShip6\src\Board.java,Board,"Board/2[int,int]",columns,3
C:\projects\Battleship-Java-master\BattleShip6\src\Board.java,Board,"Board/2[int,int]",rows,3
C:\projects\Battleship-Java-master\BattleShip6\src\Board.java,Board,showBoard/0,i,8
C:\projects\Battleship-Java-master\BattleShip6\src\Board.java,Board,showBoard/0,j,11
C:\projects\Battleship-Java-master\BattleShip6\src\Board.java,Board,initRows/0,e,0
C:\projects\Battleship-Java-master\BattleShip6\src\Board.java,Board,"initAge/3[Player,int,boolean]",p,4
C:\projects\Battleship-Java-master\BattleShip6\src\Board.java,Board,"initAge/3[Player,int,boolean]",e,0
C:\projects\Battleship-Java-master\BattleShip6\src\Board.java,Board,"initAge/3[Player,int,boolean]",isValidAge,2
C:\projects\Battleship-Java-master\BattleShip6\src\Board.java,Board,"initAge/3[Player,int,boolean]",age,4
C:\projects\Battleship-Java-master\BattleShip6\src\Board.java,Board,validateColumns/1[int],columns,2
C:\projects\Battleship-Java-master\BattleShip6\src\Board.java,Board,initPlayers/0,p,8
C:\projects\Battleship-Java-master\BattleShip6\src\Board.java,Board,initPlayers/0,firstName,2
C:\projects\Battleship-Java-master\BattleShip6\src\Board.java,Board,initPlayers/0,lastName,2
C:\projects\Battleship-Java-master\BattleShip6\src\Board.java,Board,initPlayers/0,isValidName,1
C:\projects\Battleship-Java-master\BattleShip6\src\Board.java,Board,initPlayers/0,i,11
C:\projects\Battleship-Java-master\BattleShip6\src\Board.java,Board,initPlayers/0,isValidAge,1
C:\projects\Battleship-Java-master\BattleShip6\src\Board.java,Board,initPlayers/0,isValidEmail,3
C:\projects\Battleship-Java-master\BattleShip6\src\Board.java,Board,initPlayers/0,email,2
C:\projects\Battleship-Java-master\BattleShip6\src\Board.java,Board,initPlayers/0,age,1
C:\projects\Battleship-Java-master\BattleShip6\src\Game.java,Game,main/1[java.lang.String[]],args,0
C:\projects\Battleship-Java-master\BattleShip6\src\Game.java,Game,main/1[java.lang.String[]],board,7
