file,class,type,cbo,cboModified,fanin,fanout,wmc,dit,noc,rfc,lcom,lcom*,tcc,lcc,totalMethodsQty,staticMethodsQty,publicMethodsQty,privateMethodsQty,protectedMethodsQty,defaultMethodsQty,visibleMethodsQty,abstractMethodsQty,finalMethodsQty,synchronizedMethodsQty,totalFieldsQty,staticFieldsQty,publicFieldsQty,privateFieldsQty,protectedFieldsQty,defaultFieldsQty,finalFieldsQty,synchronizedFieldsQty,nosi,loc,returnQty,loopQty,comparisonsQty,tryCatchQty,parenthesizedExpsQty,stringLiteralsQty,numbersQty,assignmentsQty,mathOperationsQty,variablesQty,maxNestedBlocksQty,anonymousClassesQty,innerClassesQty,lambdasQty,uniqueWordsQty,modifiers,logStatementsQty
C:\projects\Card-Game-Desktop-Application-Java--master\src\controller\SocketConnection.java,controller.SocketConnection,class,1,8,7,1,9,1,0,10,0,0.5,0.6666667,1.0,4,0,4,0,0,0,4,0,0,0,5,0,0,5,0,0,0,0,0,48,0,1,0,3,0,0,0,8,0,6,2,0,0,0,31,1,0
C:\projects\Card-Game-Desktop-Application-Java--master\src\model\PlayingCard.java,model.PlayingCard,class,2,10,8,2,27,1,0,0,0,0.6111111,0.6111111,1.0,9,0,9,0,0,0,9,0,0,0,4,1,0,3,0,1,1,0,0,66,6,0,18,0,0,21,1,31,0,5,14,0,0,0,26,1,0
C:\projects\Card-Game-Desktop-Application-Java--master\src\controller\BlackjackSetupPanel.java,controller.BlackjackSetupPanel$Anonymous1,anonymous,1,1,0,1,6,1,0,5,6,0.0,0.0,0.0,4,0,3,1,0,0,3,0,0,0,0,0,0,0,0,0,0,0,1,27,0,0,0,1,0,0,1,1,0,1,2,0,0,0,14,-1,0
C:\projects\Card-Game-Desktop-Application-Java--master\src\model\PlayingCardDeck.java,model.PlayingCardDeck,class,3,6,3,3,22,1,0,12,0,0.53846157,0.7692308,1.0,13,0,13,0,0,0,13,0,0,0,3,0,0,3,0,0,0,0,1,85,7,6,0,0,0,1,13,14,4,14,3,0,0,0,35,1,0
C:\projects\Card-Game-Desktop-Application-Java--master\src\model\BlackjackClientActionPacket.java,model.BlackjackClientActionPacket$BlackjackButtonInput,enum,0,0,0,0,0,1,0,0,0,0.0,-1.0,-1.0,0,0,0,0,0,0,0,0,0,0,0,0,0,0,0,0,0,0,0,1,0,0,0,0,0,0,0,0,0,0,0,0,0,0,12,1,0
C:\projects\Card-Game-Desktop-Application-Java--master\src\model\SixCardGolfClientActionPacket.java,model.SixCardGolfClientActionPacket$SixCardGolfButtonInput,enum,0,0,0,0,0,1,0,0,0,0.0,-1.0,-1.0,0,0,0,0,0,0,0,0,0,0,0,0,0,0,0,0,0,0,0,1,0,0,0,0,0,0,0,0,0,0,0,0,0,0,13,1,0
C:\projects\Card-Game-Desktop-Application-Java--master\src\model\SixCardGolfGameStatePacket.java,model.SixCardGolfGameStatePacket,class,2,3,1,2,9,1,0,0,20,0.8024691,0.22222222,1.0,9,0,9,0,0,0,9,0,0,0,9,1,0,9,0,0,1,0,0,45,8,0,0,0,0,0,1,9,0,9,0,0,0,0,34,1,0
C:\projects\Card-Game-Desktop-Application-Java--master\src\model\BlackjackBetPacket.java,model.BlackjackBetPacket,class,0,1,1,0,4,1,0,0,0,0.625,0.5,1.0,4,0,4,0,0,0,4,0,0,0,4,1,0,4,0,0,1,0,0,20,3,0,0,0,0,0,1,4,0,4,0,0,0,0,18,1,0
C:\projects\Card-Game-Desktop-Application-Java--master\src\controller\MainFrame.java,controller.MainFrame,class,9,13,4,9,42,6,0,50,45,0.80165297,0.06666667,0.06666667,11,0,10,1,0,0,10,0,0,0,22,0,3,0,0,19,0,0,11,253,1,1,20,6,0,58,15,52,4,45,5,0,0,0,124,1,0
C:\projects\Card-Game-Desktop-Application-Java--master\src\model\OnlinePlayerInitializationPacket.java,model.OnlinePlayerInitializationPacket,class,0,4,4,0,2,1,0,0,0,0.5,1.0,1.0,2,0,2,0,0,0,2,0,0,0,2,1,0,2,0,0,1,0,0,10,1,0,0,0,0,0,1,2,0,2,0,0,0,0,15,1,0
C:\projects\Card-Game-Desktop-Application-Java--master\src\controller\AppGameHub.java,controller.AppGameHub,class,0,0,0,0,1,1,0,1,0,0.0,NaN,NaN,1,1,1,0,0,0,1,0,0,0,0,0,0,0,0,0,0,0,1,10,0,0,0,0,0,0,0,0,0,0,0,1,0,0,6,1,0
C:\projects\Card-Game-Desktop-Application-Java--master\src\controller\ChatFrame.java,controller.ChatFrame,class,4,6,2,4,36,6,0,35,43,0.8398269,0.10909091,0.10909091,11,0,11,0,0,0,11,0,0,0,21,1,0,19,0,2,3,0,0,302,0,3,8,3,2,31,43,80,3,29,4,1,0,0,104,1,0
C:\projects\Card-Game-Desktop-Application-Java--master\src\model\ConnectionTerminationPacket.java,model.ConnectionTerminationPacket,class,0,2,2,0,2,1,0,0,0,0.5,1.0,1.0,2,0,2,0,0,0,2,0,0,0,2,1,0,2,0,0,1,0,0,10,1,0,0,0,0,0,1,2,0,2,0,0,0,0,15,1,0
C:\projects\Card-Game-Desktop-Application-Java--master\src\controller\BlackjackGamePanel.java,controller.BlackjackGamePanel$BlackjackPlayerPanel,innerclass,2,2,0,2,24,5,0,28,1,0.75454545,0.4888889,1.0,10,0,10,0,0,0,10,0,0,0,11,1,0,11,0,0,1,0,1,143,0,2,11,1,1,9,76,44,24,18,4,0,0,0,83,1,0
C:\projects\Card-Game-Desktop-Application-Java--master\src\controller\SocketedController.java,controller.SocketedController,interface,1,5,4,1,2,1,0,0,1,1.0,0.0,0.0,2,0,2,0,0,0,2,2,0,0,1,1,1,0,0,0,1,0,0,5,0,0,0,0,0,0,1,1,0,1,0,0,0,0,13,1,0
C:\projects\Card-Game-Desktop-Application-Java--master\src\controller\BlackjackGamePanel.java,controller.BlackjackGamePanel$Anonymous1,anonymous,4,4,0,4,10,1,0,15,0,0.0,NaN,NaN,1,0,1,0,0,0,1,0,0,0,0,0,0,0,0,0,0,0,0,40,0,3,3,2,0,1,11,7,2,4,6,0,0,0,30,-1,0
C:\projects\Card-Game-Desktop-Application-Java--master\src\model\SixCardGolfFlipPacket.java,model.SixCardGolfFlipPacket,class,0,1,1,0,4,1,0,0,0,0.625,0.5,1.0,4,0,4,0,0,0,4,0,0,0,4,1,0,4,0,0,1,0,0,20,3,0,0,0,0,0,1,4,0,4,0,0,0,0,22,1,0
C:\projects\Card-Game-Desktop-Application-Java--master\src\controller\BlackjackGamePanel.java,controller.BlackjackGamePanel,class,16,19,3,16,204,9,0,94,0,0.6925927,0.8,1.0,15,0,15,0,0,0,15,0,0,0,18,1,0,18,0,0,1,0,17,1030,6,55,87,10,4,69,353,196,38,116,7,1,2,0,237,1,0
C:\projects\Card-Game-Desktop-Application-Java--master\src\model\ChatPacket.java,model.ChatPacket,class,0,1,1,0,2,1,0,0,0,0.5,1.0,1.0,2,0,2,0,0,0,2,0,0,0,2,1,0,2,0,0,1,0,0,10,1,0,0,0,0,0,1,2,0,2,0,0,0,0,13,1,0
C:\projects\Card-Game-Desktop-Application-Java--master\src\controller\SixCardGolfGamePanel.java,controller.SixCardGolfGamePanel$Anonymous1,anonymous,4,4,0,4,10,1,0,13,0,0.0,NaN,NaN,1,0,1,0,0,0,1,0,0,0,0,0,0,0,0,0,0,0,0,40,0,3,3,2,0,1,11,7,2,4,6,0,0,0,30,-1,0
C:\projects\Card-Game-Desktop-Application-Java--master\src\model\BlackjackPlayer.java,model.BlackjackPlayer,class,3,7,4,3,31,1,0,7,44,0.8131868,0.21794872,0.71794873,13,0,13,0,0,0,13,0,0,0,7,1,0,7,0,0,1,0,0,77,7,3,14,0,0,0,19,25,0,10,11,0,0,0,35,1,0
C:\projects\Card-Game-Desktop-Application-Java--master\src\model\BlackjackGameStatePacket.java,model.BlackjackGameStatePacket,class,1,2,1,1,5,1,0,0,2,0.68,0.4,1.0,5,0,5,0,0,0,5,0,0,0,5,1,0,5,0,0,1,0,0,25,4,0,0,0,0,0,1,5,0,5,0,0,0,0,24,1,0
C:\projects\Card-Game-Desktop-Application-Java--master\src\model\BlackjackSavedState.java,model.BlackjackSavedState,class,2,4,2,2,4,1,0,0,0,0.625,0.5,1.0,4,0,4,0,0,0,4,0,0,0,4,1,0,4,0,0,1,0,0,20,3,0,0,0,0,0,1,4,0,4,0,0,0,0,20,1,0
C:\projects\Card-Game-Desktop-Application-Java--master\src\controller\AppGameHub.java,controller.AppGameHub$Anonymous1,anonymous,1,1,0,1,1,1,0,0,0,0.0,NaN,NaN,1,0,1,0,0,0,1,0,0,0,0,0,0,0,0,0,0,0,0,5,0,0,0,0,0,0,0,0,0,0,0,0,0,0,3,-1,0
C:\projects\Card-Game-Desktop-Application-Java--master\src\controller\SixCardGolfGamePanel.java,controller.SixCardGolfGamePanel,class,15,18,3,15,233,9,0,114,0,0.74901944,0.64761907,1.0,15,0,15,0,0,0,15,0,0,0,34,1,0,34,0,0,1,0,14,1116,5,49,123,11,18,87,312,281,88,153,10,1,2,0,252,1,0
C:\projects\Card-Game-Desktop-Application-Java--master\src\controller\BlackjackSetupPanel.java,controller.BlackjackSetupPanel,class,4,5,1,4,12,5,0,29,0,0.33333334,1.0,1.0,2,0,2,0,0,0,2,0,0,0,30,0,0,0,0,30,0,0,6,270,0,0,7,1,4,45,73,129,0,41,3,1,0,0,94,1,0
C:\projects\Card-Game-Desktop-Application-Java--master\src\controller\IntroductionPanel.java,controller.IntroductionPanel,class,0,1,1,0,1,5,0,12,0,0.0,NaN,NaN,1,0,1,0,0,0,1,0,0,0,2,0,0,0,0,2,0,0,0,30,0,0,0,0,0,9,12,13,1,5,0,0,0,0,72,1,0
C:\projects\Card-Game-Desktop-Application-Java--master\src\controller\SixCardGolfGamePanel.java,controller.SixCardGolfGamePanel$SixCardGolfPlayerPanel,innerclass,2,2,0,2,19,5,0,23,0,0.7375,0.5,1.0,8,0,8,0,0,0,8,0,0,0,10,1,0,10,0,0,1,0,2,105,1,4,5,2,0,5,33,37,7,21,4,0,0,0,76,1,0
C:\projects\Card-Game-Desktop-Application-Java--master\src\model\PlayingCardValue.java,model.PlayingCardValue,enum,0,1,1,0,0,1,0,0,0,0.0,-1.0,-1.0,0,0,0,0,0,0,0,0,0,0,0,0,0,0,0,0,0,0,0,1,0,0,0,0,0,0,0,0,0,0,0,0,0,0,9,1,0
C:\projects\Card-Game-Desktop-Application-Java--master\src\model\SixCardGolfPlayer.java,model.SixCardGolfPlayer,class,3,6,3,3,38,1,0,2,33,0.7738095,0.31868133,1.0,14,0,14,0,0,0,14,0,0,0,6,1,0,6,0,0,1,0,0,89,9,7,15,0,12,0,64,33,25,16,14,0,0,0,39,1,0
C:\projects\Card-Game-Desktop-Application-Java--master\src\model\BlackjackRoundResultsPacket.java,model.BlackjackRoundResultsPacket,class,2,3,1,2,3,1,0,0,0,0.5555556,0.6666667,1.0,3,0,3,0,0,0,3,0,0,0,3,1,0,3,0,0,1,0,0,15,2,0,0,0,0,0,1,3,0,3,0,0,0,0,19,1,0
C:\projects\Card-Game-Desktop-Application-Java--master\src\controller\ChatFrame.java,controller.ChatFrame$Anonymous1,anonymous,1,1,0,1,4,1,0,5,0,0.0,NaN,NaN,1,0,1,0,0,0,1,0,0,0,0,0,0,0,0,0,0,0,0,19,0,1,0,1,0,2,0,2,0,1,3,0,0,0,25,-1,0
C:\projects\Card-Game-Desktop-Application-Java--master\src\controller\LengthLimitedDocument.java,controller.LengthLimitedDocument,class,0,1,1,0,4,3,0,3,0,0.0,1.0,1.0,2,0,1,0,0,1,2,0,0,0,1,0,0,1,0,0,0,0,0,13,1,0,1,0,1,0,0,1,1,1,1,0,0,0,16,0,0
C:\projects\Card-Game-Desktop-Application-Java--master\src\model\SixCardGolfClientActionPacket.java,model.SixCardGolfClientActionPacket,class,1,2,1,1,4,1,0,0,0,0.625,0.5,1.0,4,0,4,0,0,0,4,0,0,0,4,1,0,4,0,0,1,0,0,21,3,0,0,0,0,0,1,4,0,4,0,0,1,0,30,1,0
C:\projects\Card-Game-Desktop-Application-Java--master\src\model\PlayingCardSuit.java,model.PlayingCardSuit,enum,0,2,2,0,0,1,0,0,0,0.0,-1.0,-1.0,0,0,0,0,0,0,0,0,0,0,0,0,0,0,0,0,0,0,0,1,0,0,0,0,0,0,0,0,0,0,0,0,0,0,9,1,0
C:\projects\Card-Game-Desktop-Application-Java--master\src\model\SixCardGolfSavedState.java,model.SixCardGolfSavedState,class,2,4,2,2,6,1,0,0,5,0.72222227,0.33333334,1.0,6,0,6,0,0,0,6,0,0,0,6,1,0,6,0,0,1,0,0,30,5,0,0,0,0,0,1,6,0,6,0,0,0,0,27,1,0
C:\projects\Card-Game-Desktop-Application-Java--master\src\controller\SixCardGolfGamePanel.java,controller.SixCardGolfGamePanel$SixCardGolfPlayerType,enum,0,0,0,0,0,1,0,0,0,0.0,-1.0,-1.0,0,0,0,0,0,0,0,0,0,0,0,0,0,0,0,0,0,0,0,1,0,0,0,0,0,0,0,0,0,0,0,0,0,0,11,1,0
C:\projects\Card-Game-Desktop-Application-Java--master\src\model\BlackjackClientActionPacket.java,model.BlackjackClientActionPacket,class,1,2,1,1,4,1,0,0,0,0.625,0.5,1.0,4,0,4,0,0,0,4,0,0,0,4,1,0,4,0,0,1,0,0,21,3,0,0,0,0,0,1,4,0,4,0,0,1,0,27,1,0
C:\projects\Card-Game-Desktop-Application-Java--master\src\controller\BlackjackGamePanel.java,controller.BlackjackGamePanel$BlackjackPlayerType,enum,0,0,0,0,0,1,0,0,0,0.0,-1.0,-1.0,0,0,0,0,0,0,0,0,0,0,0,0,0,0,0,0,0,0,0,1,0,0,0,0,0,0,0,0,0,0,0,0,0,0,9,1,0
C:\projects\Card-Game-Desktop-Application-Java--master\src\controller\SixCardGolfSetupPanel.java,controller.SixCardGolfSetupPanel,class,3,4,1,3,14,5,0,25,0,0.35185185,1.0,1.0,2,0,2,0,0,0,2,0,0,0,27,0,0,0,0,27,0,0,4,211,0,0,11,0,4,38,72,120,0,38,5,0,0,0,84,1,0
