file,class,method,constructor,line,cbo,cboModified,fanin,fanout,wmc,rfc,loc,returnsQty,variablesQty,parametersQty,methodsInvokedQty,methodsInvokedLocalQty,methodsInvokedIndirectLocalQty,loopQty,comparisonsQty,tryCatchQty,parenthesizedExpsQty,stringLiteralsQty,numbersQty,assignmentsQty,mathOperationsQty,maxNestedBlocksQty,anonymousClassesQty,innerClassesQty,lambdasQty,uniqueWordsQty,modifiers,logStatementsQty,hasJavaDoc
C:\projects\Card-Game-Desktop-Application-Java--master\src\controller\SocketConnection.java,controller.SocketConnection,close/0,false,57,0,6,6,0,1,1,4,0,0,0,1,0,0,0,0,0,0,0,0,1,0,0,0,0,0,6,1,0,false
C:\projects\Card-Game-Desktop-Application-Java--master\src\controller\SocketConnection.java,controller.SocketConnection,"SocketConnection/2[controller.SocketedController,java.net.Socket]",true,18,1,4,4,0,2,4,12,0,0,2,4,0,0,0,0,1,0,0,0,4,0,1,0,0,0,17,1,0,false
C:\projects\Card-Game-Desktop-Application-Java--master\src\controller\SocketConnection.java,controller.SocketConnection,sendPacket/1[java.lang.Object],false,47,0,12,12,0,2,4,10,0,0,1,4,0,0,0,0,1,0,0,0,0,0,1,0,0,0,8,1,0,false
C:\projects\Card-Game-Desktop-Application-Java--master\src\controller\SocketConnection.java,controller.SocketConnection,run/0,false,31,1,1,0,1,4,3,15,0,1,0,3,0,0,1,0,1,0,0,0,3,0,2,0,0,0,16,1,0,false
C:\projects\Card-Game-Desktop-Application-Java--master\src\model\PlayingCard.java,model.PlayingCard,setFaceUp/1[boolean],false,40,0,6,6,0,1,0,3,0,0,1,0,0,0,0,0,0,0,0,0,1,0,0,0,0,0,4,1,0,false
C:\projects\Card-Game-Desktop-Application-Java--master\src\model\PlayingCard.java,model.PlayingCard,setSuit/1[model.PlayingCardSuit],false,28,1,0,0,0,1,0,3,0,0,1,0,0,0,0,0,0,0,0,0,1,0,0,0,0,0,5,1,0,false
C:\projects\Card-Game-Desktop-Application-Java--master\src\model\PlayingCard.java,model.PlayingCard,getCardResourcePath/1[boolean],false,44,0,4,4,0,19,0,32,3,1,1,0,0,0,0,18,0,0,21,0,21,0,14,0,0,0,12,1,0,false
C:\projects\Card-Game-Desktop-Application-Java--master\src\model\PlayingCard.java,model.PlayingCard,isFaceUp/0,false,37,0,7,7,0,1,0,3,1,0,0,0,0,0,0,0,0,0,0,0,0,0,0,0,0,0,4,1,0,false
C:\projects\Card-Game-Desktop-Application-Java--master\src\model\PlayingCard.java,model.PlayingCard,setValue/1[model.PlayingCardValue],false,34,1,0,0,0,1,0,3,0,0,1,0,0,0,0,0,0,0,0,0,1,0,0,0,0,0,5,1,0,false
C:\projects\Card-Game-Desktop-Application-Java--master\src\model\PlayingCard.java,model.PlayingCard,getValue/0,false,31,1,6,6,0,1,0,3,1,0,0,0,0,0,0,0,0,0,0,0,0,0,0,0,0,0,5,1,0,false
C:\projects\Card-Game-Desktop-Application-Java--master\src\model\PlayingCard.java,model.PlayingCard,"PlayingCard/3[model.PlayingCardValue,model.PlayingCardSuit,boolean]",true,19,2,0,0,0,1,0,5,0,0,3,0,0,0,0,0,0,0,0,0,3,0,0,0,0,0,8,1,0,false
C:\projects\Card-Game-Desktop-Application-Java--master\src\model\PlayingCard.java,model.PlayingCard,getSuit/0,false,25,1,1,1,0,1,0,3,1,0,0,0,0,0,0,0,0,0,0,0,0,0,0,0,0,0,5,1,0,false
C:\projects\Card-Game-Desktop-Application-Java--master\src\model\PlayingCard.java,model.PlayingCard,"PlayingCard/2[model.PlayingCardValue,model.PlayingCardSuit]",true,13,2,3,3,0,1,0,5,0,0,2,0,0,0,0,0,0,0,0,0,3,0,0,0,0,0,6,1,0,false
C:\projects\Card-Game-Desktop-Application-Java--master\src\controller\BlackjackSetupPanel.java,controller.BlackjackSetupPanel$Anonymous1,changedUpdate/1[javax.swing.event.DocumentEvent],false,105,0,0,0,0,1,0,2,0,0,1,0,0,0,0,0,0,0,0,0,0,0,0,0,0,0,5,1,0,false
C:\projects\Card-Game-Desktop-Application-Java--master\src\controller\BlackjackSetupPanel.java,controller.BlackjackSetupPanel$Anonymous1,insertUpdate/1[javax.swing.event.DocumentEvent],false,108,1,1,0,1,1,1,3,0,0,1,1,1,1,0,0,0,0,0,0,0,0,0,0,0,0,7,1,0,false
C:\projects\Card-Game-Desktop-Application-Java--master\src\controller\BlackjackSetupPanel.java,controller.BlackjackSetupPanel$Anonymous1,removeUpdate/1[javax.swing.event.DocumentEvent],false,112,1,1,0,1,1,1,3,0,0,1,1,1,1,0,0,0,0,0,0,0,0,0,0,0,0,7,1,0,false
C:\projects\Card-Game-Desktop-Application-Java--master\src\controller\BlackjackSetupPanel.java,controller.BlackjackSetupPanel$Anonymous1,validateNumber/0,false,116,0,2,2,0,3,4,17,0,1,0,4,0,0,0,0,1,0,0,1,1,0,2,0,0,0,7,2,0,false
C:\projects\Card-Game-Desktop-Application-Java--master\src\model\PlayingCardDeck.java,model.PlayingCardDeck,draw/0,false,73,1,7,7,0,1,2,5,1,1,0,2,0,0,0,0,0,0,0,2,1,0,0,0,0,0,4,1,0,false
C:\projects\Card-Game-Desktop-Application-Java--master\src\model\PlayingCardDeck.java,model.PlayingCardDeck,"PlayingCardDeck/2[int,int]",true,12,2,3,2,1,1,1,6,0,0,2,1,1,1,0,0,0,0,0,0,3,0,0,0,0,0,10,1,0,false
C:\projects\Card-Game-Desktop-Application-Java--master\src\model\PlayingCardDeck.java,model.PlayingCardDeck,addCardPile/1[java.util.ArrayList<model.PlayingCard>],false,57,1,1,1,0,2,3,5,0,1,1,3,0,0,1,0,0,0,0,1,1,0,1,0,0,0,5,1,0,false
C:\projects\Card-Game-Desktop-Application-Java--master\src\model\PlayingCardDeck.java,model.PlayingCardDeck,shuffle/0,false,47,1,5,5,0,2,4,9,0,4,0,4,0,0,1,0,0,0,0,1,4,0,1,0,0,0,8,1,0,false
C:\projects\Card-Game-Desktop-Application-Java--master\src\model\PlayingCardDeck.java,model.PlayingCardDeck,getFullDeckSize/0,false,83,0,0,0,0,1,0,3,1,0,0,0,0,0,0,0,0,0,0,1,0,2,0,0,0,0,9,1,0,false
C:\projects\Card-Game-Desktop-Application-Java--master\src\model\PlayingCardDeck.java,model.PlayingCardDeck,clearDeck/0,false,98,0,0,0,0,1,1,3,0,0,0,1,0,0,0,0,0,0,0,0,0,0,0,0,0,0,2,1,0,false
C:\projects\Card-Game-Desktop-Application-Java--master\src\model\PlayingCardDeck.java,model.PlayingCardDeck,getCardAt/1[int],false,69,1,0,0,0,1,1,3,1,0,1,1,0,0,0,0,0,0,0,0,0,0,0,0,0,0,5,1,0,false
C:\projects\Card-Game-Desktop-Application-Java--master\src\model\PlayingCardDeck.java,model.PlayingCardDeck,getNumberStandardDecks/0,false,87,0,2,2,0,1,0,3,1,0,0,0,0,0,0,0,0,0,0,0,0,0,0,0,0,0,5,1,0,false
C:\projects\Card-Game-Desktop-Application-Java--master\src\model\PlayingCardDeck.java,model.PlayingCardDeck,removeCardAt/1[int],false,63,0,0,0,0,2,2,5,0,0,1,2,0,0,0,0,0,0,0,0,0,0,1,0,0,0,4,1,0,false
C:\projects\Card-Game-Desktop-Application-Java--master\src\model\PlayingCardDeck.java,model.PlayingCardDeck,getSize/0,false,79,0,2,2,0,1,1,3,1,0,0,1,0,0,0,0,0,0,0,0,0,0,0,0,0,0,2,1,0,false
C:\projects\Card-Game-Desktop-Application-Java--master\src\model\PlayingCardDeck.java,model.PlayingCardDeck,printDeck/0,false,102,1,2,0,2,2,5,5,0,1,0,5,0,0,1,0,0,0,1,1,1,1,1,0,0,0,4,1,0,false
C:\projects\Card-Game-Desktop-Application-Java--master\src\model\PlayingCardDeck.java,model.PlayingCardDeck,isEmpty/0,false,91,0,0,0,0,2,1,4,2,0,0,1,0,0,0,0,0,0,0,1,0,0,1,0,0,0,4,1,0,false
C:\projects\Card-Game-Desktop-Application-Java--master\src\model\PlayingCardDeck.java,model.PlayingCardDeck,rebuildDeck/0,false,19,2,5,3,2,5,3,26,0,4,0,3,0,0,3,0,0,0,0,6,4,1,3,0,0,0,13,1,0,false
C:\projects\Card-Game-Desktop-Application-Java--master\src\model\SixCardGolfGameStatePacket.java,model.SixCardGolfGameStatePacket,isRequestingFlip/0,false,44,0,1,1,0,1,0,3,1,0,0,0,0,0,0,0,0,0,0,0,0,0,0,0,0,0,4,1,0,false
C:\projects\Card-Game-Desktop-Application-Java--master\src\model\SixCardGolfGameStatePacket.java,model.SixCardGolfGameStatePacket,isGameOver/0,false,50,0,1,1,0,1,0,3,1,0,0,0,0,0,0,0,0,0,0,0,0,0,0,0,0,0,4,1,0,false
C:\projects\Card-Game-Desktop-Application-Java--master\src\model\SixCardGolfGameStatePacket.java,model.SixCardGolfGameStatePacket,getTopDiscard/0,false,38,1,1,1,0,1,0,3,1,0,0,0,0,0,0,0,0,0,0,0,0,0,0,0,0,0,6,1,0,false
C:\projects\Card-Game-Desktop-Application-Java--master\src\model\SixCardGolfGameStatePacket.java,model.SixCardGolfGameStatePacket,"SixCardGolfGameStatePacket/8[model.SixCardGolfPlayer[],int,int,model.PlayingCard,model.PlayingCard,boolean,boolean,boolean]",true,18,2,3,3,0,1,0,10,0,0,8,0,0,0,0,0,0,0,0,0,8,0,0,0,0,0,17,1,0,false
C:\projects\Card-Game-Desktop-Application-Java--master\src\model\SixCardGolfGameStatePacket.java,model.SixCardGolfGameStatePacket,getPlayers/0,false,29,1,1,1,0,1,0,3,1,0,0,0,0,0,0,0,0,0,0,0,0,0,0,0,0,0,3,1,0,false
C:\projects\Card-Game-Desktop-Application-Java--master\src\model\SixCardGolfGameStatePacket.java,model.SixCardGolfGameStatePacket,getRoundNumber/0,false,35,0,1,1,0,1,0,3,1,0,0,0,0,0,0,0,0,0,0,0,0,0,0,0,0,0,4,1,0,false
C:\projects\Card-Game-Desktop-Application-Java--master\src\model\SixCardGolfGameStatePacket.java,model.SixCardGolfGameStatePacket,getTurnNumber/0,false,32,0,1,1,0,1,0,3,1,0,0,0,0,0,0,0,0,0,0,0,0,0,0,0,0,0,4,1,0,false
C:\projects\Card-Game-Desktop-Application-Java--master\src\model\SixCardGolfGameStatePacket.java,model.SixCardGolfGameStatePacket,getDrawnCard/0,false,41,1,1,1,0,1,0,3,1,0,0,0,0,0,0,0,0,0,0,0,0,0,0,0,0,0,5,1,0,false
C:\projects\Card-Game-Desktop-Application-Java--master\src\model\SixCardGolfGameStatePacket.java,model.SixCardGolfGameStatePacket,isRoundOver/0,false,47,0,1,1,0,1,0,3,1,0,0,0,0,0,0,0,0,0,0,0,0,0,0,0,0,0,4,1,0,false
C:\projects\Card-Game-Desktop-Application-Java--master\src\model\BlackjackBetPacket.java,model.BlackjackBetPacket,getHandNumber/0,false,22,0,1,1,0,1,0,3,1,0,0,0,0,0,0,0,0,0,0,0,0,0,0,0,0,0,4,1,0,false
C:\projects\Card-Game-Desktop-Application-Java--master\src\model\BlackjackBetPacket.java,model.BlackjackBetPacket,getPlayerNumber/0,false,19,0,1,1,0,1,0,3,1,0,0,0,0,0,0,0,0,0,0,0,0,0,0,0,0,0,4,1,0,false
C:\projects\Card-Game-Desktop-Application-Java--master\src\model\BlackjackBetPacket.java,model.BlackjackBetPacket,getBet/0,false,25,0,1,1,0,1,0,3,1,0,0,0,0,0,0,0,0,0,0,0,0,0,0,0,0,0,3,1,0,false
C:\projects\Card-Game-Desktop-Application-Java--master\src\model\BlackjackBetPacket.java,model.BlackjackBetPacket,"BlackjackBetPacket/3[int,int,int]",true,13,0,1,1,0,1,0,5,0,0,3,0,0,0,0,0,0,0,0,0,3,0,0,0,0,0,7,1,0,false
C:\projects\Card-Game-Desktop-Application-Java--master\src\controller\MainFrame.java,controller.MainFrame,MainFrame/0,true,62,1,2,1,1,1,12,27,0,0,0,12,1,1,0,0,0,0,7,3,1,0,0,0,0,0,23,1,0,false
C:\projects\Card-Game-Desktop-Application-Java--master\src\controller\MainFrame.java,controller.MainFrame,windowOpened/1[java.awt.event.WindowEvent],false,339,0,0,0,0,1,0,2,0,0,1,0,0,0,0,0,0,0,0,0,0,0,0,0,0,0,5,1,0,false
C:\projects\Card-Game-Desktop-Application-Java--master\src\controller\MainFrame.java,controller.MainFrame,makeMenuBar/0,false,96,0,1,1,0,1,4,17,1,0,0,4,0,0,0,0,0,0,0,0,0,0,0,0,0,0,24,2,0,false
C:\projects\Card-Game-Desktop-Application-Java--master\src\controller\MainFrame.java,controller.MainFrame,"showGameRules/2[java.lang.String,java.lang.String]",false,117,0,1,1,0,4,12,30,0,7,2,12,0,0,1,1,1,0,7,3,8,4,2,0,0,0,35,1,0,false
C:\projects\Card-Game-Desktop-Application-Java--master\src\controller\MainFrame.java,controller.MainFrame,windowDeactivated/1[java.awt.event.WindowEvent],false,327,0,0,0,0,1,0,2,0,0,1,0,0,0,0,0,0,0,0,0,0,0,0,0,0,0,5,1,0,false
C:\projects\Card-Game-Desktop-Application-Java--master\src\controller\MainFrame.java,controller.MainFrame,windowClosing/1[java.awt.event.WindowEvent],false,317,2,2,0,2,2,3,7,0,0,1,3,0,0,0,1,0,0,0,0,0,0,1,0,0,0,7,1,0,false
C:\projects\Card-Game-Desktop-Application-Java--master\src\controller\MainFrame.java,controller.MainFrame,windowClosed/1[java.awt.event.WindowEvent],false,313,0,0,0,0,1,0,2,0,0,1,0,0,0,0,0,0,0,0,0,0,0,0,0,0,0,5,1,0,false
C:\projects\Card-Game-Desktop-Application-Java--master\src\controller\MainFrame.java,controller.MainFrame,actionPerformed/1[java.awt.event.ActionEvent],false,151,6,10,0,10,28,25,136,0,16,1,25,1,1,0,18,5,0,32,8,22,0,5,0,0,0,78,1,0,false
C:\projects\Card-Game-Desktop-Application-Java--master\src\controller\MainFrame.java,controller.MainFrame,windowIconified/1[java.awt.event.WindowEvent],false,335,0,0,0,0,1,0,2,0,0,1,0,0,0,0,0,0,0,0,0,0,0,0,0,0,0,5,1,0,false
C:\projects\Card-Game-Desktop-Application-Java--master\src\controller\MainFrame.java,controller.MainFrame,windowActivated/1[java.awt.event.WindowEvent],false,309,0,0,0,0,1,0,2,0,0,1,0,0,0,0,0,0,0,0,0,0,0,0,0,0,0,5,1,0,false
C:\projects\Card-Game-Desktop-Application-Java--master\src\controller\MainFrame.java,controller.MainFrame,windowDeiconified/1[java.awt.event.WindowEvent],false,331,0,0,0,0,1,0,2,0,0,1,0,0,0,0,0,0,0,0,0,0,0,0,0,0,0,5,1,0,false
C:\projects\Card-Game-Desktop-Application-Java--master\src\model\OnlinePlayerInitializationPacket.java,model.OnlinePlayerInitializationPacket,OnlinePlayerInitializationPacket/1[int],true,11,0,1,1,0,1,0,3,0,0,1,0,0,0,0,0,0,0,0,0,1,0,0,0,0,0,6,1,0,false
C:\projects\Card-Game-Desktop-Application-Java--master\src\model\OnlinePlayerInitializationPacket.java,model.OnlinePlayerInitializationPacket,getPlayerNumber/0,false,15,0,2,2,0,1,0,3,1,0,0,0,0,0,0,0,0,0,0,0,0,0,0,0,0,0,4,1,0,false
C:\projects\Card-Game-Desktop-Application-Java--master\src\controller\AppGameHub.java,controller.AppGameHub,main/1[java.lang.String[]],false,7,0,1,0,1,1,1,8,0,0,1,1,0,0,0,0,0,0,0,0,0,0,0,1,0,0,6,9,0,false
C:\projects\Card-Game-Desktop-Application-Java--master\src\controller\ChatFrame.java,controller.ChatFrame,windowDeiconified/1[java.awt.event.WindowEvent],false,375,0,0,0,0,1,0,2,0,0,1,0,0,0,0,0,0,0,0,0,0,0,0,0,0,0,5,1,0,false
C:\projects\Card-Game-Desktop-Application-Java--master\src\controller\ChatFrame.java,controller.ChatFrame,ChatFrame/0,true,52,0,1,1,0,1,18,104,0,2,0,18,0,0,0,0,0,0,1,40,48,0,0,0,0,0,30,1,0,false
C:\projects\Card-Game-Desktop-Application-Java--master\src\controller\ChatFrame.java,controller.ChatFrame,windowDeactivated/1[java.awt.event.WindowEvent],false,371,0,0,0,0,1,0,2,0,0,1,0,0,0,0,0,0,0,0,0,0,0,0,0,0,0,5,1,0,false
C:\projects\Card-Game-Desktop-Application-Java--master\src\controller\ChatFrame.java,controller.ChatFrame,windowClosed/1[java.awt.event.WindowEvent],false,362,0,0,0,0,1,0,2,0,0,1,0,0,0,0,0,0,0,0,0,0,0,0,0,0,0,5,1,0,false
C:\projects\Card-Game-Desktop-Application-Java--master\src\controller\ChatFrame.java,controller.ChatFrame,windowIconified/1[java.awt.event.WindowEvent],false,379,0,0,0,0,1,0,2,0,0,1,0,0,0,0,0,0,0,0,0,0,0,0,0,0,0,5,1,0,false
C:\projects\Card-Game-Desktop-Application-Java--master\src\controller\ChatFrame.java,controller.ChatFrame,close/0,false,336,2,5,2,3,4,6,18,0,1,0,6,0,0,1,1,1,0,2,0,2,0,2,0,0,0,14,1,0,false
C:\projects\Card-Game-Desktop-Application-Java--master\src\controller\ChatFrame.java,controller.ChatFrame,windowActivated/1[java.awt.event.WindowEvent],false,358,0,0,0,0,1,0,2,0,0,1,0,0,0,0,0,0,0,0,0,0,0,0,0,0,0,5,1,0,false
C:\projects\Card-Game-Desktop-Application-Java--master\src\controller\ChatFrame.java,controller.ChatFrame,windowClosing/1[java.awt.event.WindowEvent],false,366,1,1,0,1,1,1,3,0,0,1,1,1,1,0,0,0,0,0,0,0,0,0,0,0,0,6,1,0,false
C:\projects\Card-Game-Desktop-Application-Java--master\src\controller\ChatFrame.java,controller.ChatFrame,actionPerformed/1[java.awt.event.ActionEvent],false,183,3,5,0,5,18,14,120,0,5,1,14,1,1,1,7,1,0,14,0,10,3,4,1,0,0,58,1,0,false
C:\projects\Card-Game-Desktop-Application-Java--master\src\controller\ChatFrame.java,controller.ChatFrame,windowOpened/1[java.awt.event.WindowEvent],false,383,0,0,0,0,1,0,2,0,0,1,0,0,0,0,0,0,0,0,0,0,0,0,0,0,0,5,1,0,false
C:\projects\Card-Game-Desktop-Application-Java--master\src\controller\ChatFrame.java,controller.ChatFrame,"packetReceived/2[java.lang.Object,controller.SocketConnection]",false,312,2,3,0,3,6,7,22,0,0,2,7,0,0,1,0,1,2,2,0,0,0,4,0,0,0,20,1,0,false
C:\projects\Card-Game-Desktop-Application-Java--master\src\model\ConnectionTerminationPacket.java,model.ConnectionTerminationPacket,ConnectionTerminationPacket/1[int],true,11,0,2,2,0,1,0,3,0,0,1,0,0,0,0,0,0,0,0,0,1,0,0,0,0,0,5,1,0,false
C:\projects\Card-Game-Desktop-Application-Java--master\src\model\ConnectionTerminationPacket.java,model.ConnectionTerminationPacket,getPlayerNumber/0,false,15,0,2,2,0,1,0,3,1,0,0,0,0,0,0,0,0,0,0,0,0,0,0,0,0,0,4,1,0,false
C:\projects\Card-Game-Desktop-Application-Java--master\src\controller\BlackjackGamePanel.java,controller.BlackjackGamePanel$BlackjackPlayerPanel,removeAllCards/1[int],false,1241,0,3,3,0,1,3,4,0,0,1,3,0,0,0,0,0,0,0,0,0,0,0,0,0,0,5,1,0,false
C:\projects\Card-Game-Desktop-Application-Java--master\src\controller\BlackjackGamePanel.java,controller.BlackjackGamePanel$BlackjackPlayerPanel,"setTurnColor/2[boolean,int]",false,1269,0,4,4,0,4,1,18,0,0,2,1,0,0,0,3,0,0,0,8,0,0,2,0,0,0,8,1,0,false
C:\projects\Card-Game-Desktop-Application-Java--master\src\controller\BlackjackGamePanel.java,controller.BlackjackGamePanel$BlackjackPlayerPanel,"setBetColor/2[int,java.awt.Color]",false,1254,0,4,4,0,1,1,3,0,0,2,1,0,0,0,0,0,0,0,0,0,0,0,0,0,0,4,1,0,false
C:\projects\Card-Game-Desktop-Application-Java--master\src\controller\BlackjackGamePanel.java,controller.BlackjackGamePanel$BlackjackPlayerPanel,BlackjackPlayerPanel/1[java.lang.String],true,1137,0,1,1,0,4,13,61,0,2,1,13,0,0,1,2,0,0,4,45,28,10,1,0,0,0,25,1,0,false
C:\projects\Card-Game-Desktop-Application-Java--master\src\controller\BlackjackGamePanel.java,controller.BlackjackGamePanel$BlackjackPlayerPanel,clearForNewRound/0,false,1246,0,4,4,0,2,4,7,0,1,0,4,0,0,1,0,0,0,1,2,1,0,1,0,0,0,5,1,0,false
C:\projects\Card-Game-Desktop-Application-Java--master\src\controller\BlackjackGamePanel.java,controller.BlackjackGamePanel$BlackjackPlayerPanel,setColors/1[controller.BlackjackGamePanel.BlackjackPlayerType],false,1258,1,5,5,0,5,1,6,0,0,1,1,0,0,0,4,0,0,0,0,0,0,4,0,0,0,6,1,0,false
C:\projects\Card-Game-Desktop-Application-Java--master\src\controller\BlackjackGamePanel.java,controller.BlackjackGamePanel$BlackjackPlayerPanel,"addCard/2[int,model.PlayingCard]",false,1221,1,8,6,2,2,15,18,0,4,2,15,0,0,0,0,1,1,0,16,6,12,1,0,0,0,22,1,0,false
C:\projects\Card-Game-Desktop-Application-Java--master\src\controller\BlackjackGamePanel.java,controller.BlackjackGamePanel$BlackjackPlayerPanel,"updateRoundEndHandDisplay/3[int,boolean,boolean]",false,1288,0,2,2,0,3,1,7,0,0,3,1,0,0,0,2,0,0,0,0,0,0,2,0,0,0,8,1,0,false
C:\projects\Card-Game-Desktop-Application-Java--master\src\controller\BlackjackGamePanel.java,controller.BlackjackGamePanel$BlackjackPlayerPanel,setDisplayedPoints/1[int],false,1214,0,5,5,0,1,1,3,0,0,1,1,0,0,0,0,0,0,1,0,0,1,0,0,0,0,4,1,0,false
C:\projects\Card-Game-Desktop-Application-Java--master\src\controller\BlackjackGamePanel.java,controller.BlackjackGamePanel$BlackjackPlayerPanel,"setDisplayedBet/2[int,int]",false,1217,0,5,5,0,1,1,3,0,0,2,1,0,0,0,0,0,0,1,0,0,1,0,0,0,0,4,1,0,false
C:\projects\Card-Game-Desktop-Application-Java--master\src\controller\SocketedController.java,controller.SocketedController,close/0,false,9,0,0,0,0,1,0,1,0,0,0,0,0,0,0,0,0,0,0,0,0,0,0,0,0,0,1,1025,0,false
C:\projects\Card-Game-Desktop-Application-Java--master\src\controller\SocketedController.java,controller.SocketedController,"packetReceived/2[java.lang.Object,controller.SocketConnection]",false,7,1,1,1,0,1,0,1,0,0,2,0,0,0,0,0,0,0,0,0,0,0,0,0,0,0,4,1025,0,false
C:\projects\Card-Game-Desktop-Application-Java--master\src\controller\BlackjackGamePanel.java,controller.BlackjackGamePanel$Anonymous1,run/0,false,230,4,12,0,12,10,15,38,0,4,0,15,0,0,3,3,2,0,1,11,7,2,6,0,0,0,30,1,0,false
C:\projects\Card-Game-Desktop-Application-Java--master\src\model\SixCardGolfFlipPacket.java,model.SixCardGolfFlipPacket,getPlayerNumber/0,false,19,0,1,1,0,1,0,3,1,0,0,0,0,0,0,0,0,0,0,0,0,0,0,0,0,0,4,1,0,false
C:\projects\Card-Game-Desktop-Application-Java--master\src\model\SixCardGolfFlipPacket.java,model.SixCardGolfFlipPacket,getFlip1/0,false,22,0,1,1,0,1,0,3,1,0,0,0,0,0,0,0,0,0,0,0,0,0,0,0,0,0,4,1,0,false
C:\projects\Card-Game-Desktop-Application-Java--master\src\model\SixCardGolfFlipPacket.java,model.SixCardGolfFlipPacket,"SixCardGolfFlipPacket/3[int,int,int]",true,13,0,1,1,0,1,0,5,0,0,3,0,0,0,0,0,0,0,0,0,3,0,0,0,0,0,10,1,0,false
C:\projects\Card-Game-Desktop-Application-Java--master\src\model\SixCardGolfFlipPacket.java,model.SixCardGolfFlipPacket,getFlip2/0,false,25,0,1,1,0,1,0,3,1,0,0,0,0,0,0,0,0,0,0,0,0,0,0,0,0,0,4,1,0,false
C:\projects\Card-Game-Desktop-Application-Java--master\src\controller\BlackjackGamePanel.java,controller.BlackjackGamePanel,actionPerformed/1[java.awt.event.ActionEvent],false,283,8,23,0,23,33,36,127,0,14,1,36,3,2,7,20,2,2,15,38,27,9,7,0,0,0,76,1,0,false
C:\projects\Card-Game-Desktop-Application-Java--master\src\controller\BlackjackGamePanel.java,controller.BlackjackGamePanel,refreshDisplayedCards/1[java.util.ArrayList<model.BlackjackPlayer>],false,705,2,4,1,3,4,7,11,0,3,1,7,0,0,3,0,0,0,0,7,3,0,3,0,0,0,8,1,0,false
C:\projects\Card-Game-Desktop-Application-Java--master\src\controller\BlackjackGamePanel.java,controller.BlackjackGamePanel,"packetReceived/2[java.lang.Object,controller.SocketConnection]",false,770,12,45,0,45,73,61,255,0,34,2,61,5,2,19,33,4,1,28,93,49,15,7,0,0,0,113,1,0,false
C:\projects\Card-Game-Desktop-Application-Java--master\src\controller\BlackjackGamePanel.java,controller.BlackjackGamePanel,joinGame/1[java.lang.String],false,148,3,10,1,9,3,12,36,2,3,1,12,0,0,1,0,1,0,0,21,7,0,1,0,0,0,23,1,0,false
C:\projects\Card-Game-Desktop-Application-Java--master\src\controller\BlackjackGamePanel.java,controller.BlackjackGamePanel,roundEndSettlement/0,false,571,3,9,1,8,27,13,87,1,8,0,13,0,0,6,11,0,0,0,49,17,9,6,0,0,0,9,1,0,false
C:\projects\Card-Game-Desktop-Application-Java--master\src\controller\BlackjackGamePanel.java,controller.BlackjackGamePanel,"updateTurnColors/2[int,int]",false,717,1,3,2,1,4,2,12,0,2,2,2,0,0,2,1,0,0,0,4,2,0,3,0,0,0,8,1,0,false
C:\projects\Card-Game-Desktop-Application-Java--master\src\controller\BlackjackGamePanel.java,controller.BlackjackGamePanel,isSinglePlayer/0,false,671,0,1,1,0,1,0,3,1,0,0,0,0,0,0,0,0,0,0,0,0,0,0,0,0,0,4,1,0,false
C:\projects\Card-Game-Desktop-Application-Java--master\src\controller\BlackjackGamePanel.java,controller.BlackjackGamePanel,dealStartingHands/0,false,683,4,7,2,5,3,8,19,0,2,0,8,0,0,1,1,0,0,0,14,5,0,2,0,0,0,8,1,0,false
C:\projects\Card-Game-Desktop-Application-Java--master\src\controller\BlackjackGamePanel.java,controller.BlackjackGamePanel,close/0,false,1089,2,5,2,3,7,6,27,0,1,0,6,0,0,1,2,2,0,1,1,3,0,3,0,0,0,21,1,0,false
C:\projects\Card-Game-Desktop-Application-Java--master\src\controller\BlackjackGamePanel.java,controller.BlackjackGamePanel,loadStateFromFile/1[java.io.File],false,730,4,7,1,6,3,13,18,0,4,1,13,1,1,1,0,1,0,2,7,4,0,2,0,0,0,30,1,0,false
C:\projects\Card-Game-Desktop-Application-Java--master\src\controller\BlackjackGamePanel.java,controller.BlackjackGamePanel,"initializeGame/6[int,int,controller.BlackjackGamePanel.BlackjackPlayerType,controller.BlackjackGamePanel.BlackjackPlayerType,controller.BlackjackGamePanel.BlackjackPlayerType,controller.BlackjackGamePanel.BlackjackPlayerType]",false,186,5,13,2,11,4,17,84,0,2,6,17,0,0,1,1,0,0,10,22,9,2,2,1,0,0,89,1,0,false
C:\projects\Card-Game-Desktop-Application-Java--master\src\controller\BlackjackGamePanel.java,controller.BlackjackGamePanel,saveStateToFile/1[java.io.File],false,751,5,5,1,4,2,7,16,0,6,1,7,0,0,1,0,0,0,0,4,8,0,1,0,0,0,19,1,0,false
C:\projects\Card-Game-Desktop-Application-Java--master\src\controller\BlackjackGamePanel.java,controller.BlackjackGamePanel,checkAllBetsPlaced/0,false,675,1,4,2,2,4,3,6,2,1,0,3,0,0,1,1,0,0,0,4,1,0,2,0,0,0,7,1,0,false
C:\projects\Card-Game-Desktop-Application-Java--master\src\controller\BlackjackGamePanel.java,controller.BlackjackGamePanel,startNewTurn/0,false,428,9,23,3,20,35,29,109,0,16,0,29,3,1,11,17,0,1,4,53,18,3,6,0,0,0,65,1,0,false
C:\projects\Card-Game-Desktop-Application-Java--master\src\controller\BlackjackGamePanel.java,controller.BlackjackGamePanel,BlackjackGamePanel/0,true,77,1,1,0,1,1,8,56,0,2,0,8,0,0,0,0,0,0,8,30,28,0,0,0,0,0,18,1,0,false
C:\projects\Card-Game-Desktop-Application-Java--master\src\model\ChatPacket.java,model.ChatPacket,getMessage/0,false,15,0,1,1,0,1,0,3,1,0,0,0,0,0,0,0,0,0,0,0,0,0,0,0,0,0,3,1,0,false
C:\projects\Card-Game-Desktop-Application-Java--master\src\model\ChatPacket.java,model.ChatPacket,ChatPacket/1[java.lang.String],true,11,0,2,2,0,1,0,3,0,0,1,0,0,0,0,0,0,0,0,0,1,0,0,0,0,0,3,1,0,false
C:\projects\Card-Game-Desktop-Application-Java--master\src\controller\SixCardGolfGamePanel.java,controller.SixCardGolfGamePanel$Anonymous1,run/0,false,279,4,12,0,12,10,13,38,0,4,0,13,0,0,3,3,2,0,1,11,7,2,6,0,0,0,30,1,0,false
C:\projects\Card-Game-Desktop-Application-Java--master\src\model\BlackjackPlayer.java,model.BlackjackPlayer,getCards/1[int],false,38,1,6,6,0,1,1,3,1,0,1,1,0,0,0,0,0,0,0,0,0,0,0,0,0,0,4,1,0,false
C:\projects\Card-Game-Desktop-Application-Java--master\src\model\BlackjackPlayer.java,model.BlackjackPlayer,setPlayerType/1[controller.BlackjackGamePanel.BlackjackPlayerType],false,53,1,3,3,0,1,0,3,0,0,1,0,0,0,0,0,0,0,0,0,1,0,0,0,0,0,5,1,0,false
C:\projects\Card-Game-Desktop-Application-Java--master\src\model\BlackjackPlayer.java,model.BlackjackPlayer,clearHands/0,false,98,0,1,1,0,2,3,5,0,1,0,3,0,0,1,0,0,0,0,1,1,0,1,0,0,0,3,1,0,false
C:\projects\Card-Game-Desktop-Application-Java--master\src\model\BlackjackPlayer.java,model.BlackjackPlayer,"setBet/2[int,int]",false,50,0,3,3,0,1,0,3,0,0,2,0,0,0,0,0,0,0,0,0,1,0,0,0,0,0,3,1,0,false
C:\projects\Card-Game-Desktop-Application-Java--master\src\model\BlackjackPlayer.java,model.BlackjackPlayer,setConnectionNumber/1[int],false,56,0,2,2,0,1,0,3,0,0,1,0,0,0,0,0,0,0,0,0,1,0,0,0,0,0,4,1,0,false
C:\projects\Card-Game-Desktop-Application-Java--master\src\model\BlackjackPlayer.java,model.BlackjackPlayer,getHandValue/1[int],false,60,1,5,4,1,18,4,25,1,2,1,4,0,0,2,14,0,0,0,14,13,0,11,0,0,0,10,1,0,false
C:\projects\Card-Game-Desktop-Application-Java--master\src\model\BlackjackPlayer.java,model.BlackjackPlayer,"BlackjackPlayer/3[int,int,controller.BlackjackGamePanel.BlackjackPlayerType]",true,19,2,1,1,0,1,1,8,0,0,3,1,0,0,0,0,0,0,0,1,4,0,0,0,0,0,6,1,0,false
C:\projects\Card-Game-Desktop-Application-Java--master\src\model\BlackjackPlayer.java,model.BlackjackPlayer,getBet/1[int],false,35,0,4,4,0,1,0,3,1,0,1,0,0,0,0,0,0,0,0,0,0,0,0,0,0,0,4,1,0,false
C:\projects\Card-Game-Desktop-Application-Java--master\src\model\BlackjackPlayer.java,model.BlackjackPlayer,setPoints/1[int],false,47,0,2,2,0,1,0,3,0,0,1,0,0,0,0,0,0,0,0,0,1,0,0,0,0,0,3,1,0,false
C:\projects\Card-Game-Desktop-Application-Java--master\src\model\BlackjackPlayer.java,model.BlackjackPlayer,getPlayerNumber/0,false,29,0,0,0,0,1,0,3,1,0,0,0,0,0,0,0,0,0,0,0,0,0,0,0,0,0,4,1,0,false
C:\projects\Card-Game-Desktop-Application-Java--master\src\model\BlackjackPlayer.java,model.BlackjackPlayer,getPoints/0,false,32,0,5,5,0,1,0,3,1,0,0,0,0,0,0,0,0,0,0,0,0,0,0,0,0,0,3,1,0,false
C:\projects\Card-Game-Desktop-Application-Java--master\src\model\BlackjackPlayer.java,model.BlackjackPlayer,getConnectionNumber/0,false,44,0,3,3,0,1,0,3,1,0,0,0,0,0,0,0,0,0,0,0,0,0,0,0,0,0,4,1,0,false
C:\projects\Card-Game-Desktop-Application-Java--master\src\model\BlackjackPlayer.java,model.BlackjackPlayer,getPlayerType/0,false,41,1,9,9,0,1,0,3,1,0,0,0,0,0,0,0,0,0,0,0,0,0,0,0,0,0,5,1,0,false
C:\projects\Card-Game-Desktop-Application-Java--master\src\model\BlackjackGameStatePacket.java,model.BlackjackGameStatePacket,getPlayers/0,false,22,1,1,1,0,1,0,3,1,0,0,0,0,0,0,0,0,0,0,0,0,0,0,0,0,0,3,1,0,false
C:\projects\Card-Game-Desktop-Application-Java--master\src\model\BlackjackGameStatePacket.java,model.BlackjackGameStatePacket,getTurnNumber/0,false,25,0,1,1,0,1,0,3,1,0,0,0,0,0,0,0,0,0,0,0,0,0,0,0,0,0,4,1,0,false
C:\projects\Card-Game-Desktop-Application-Java--master\src\model\BlackjackGameStatePacket.java,model.BlackjackGameStatePacket,getIsRequestingBet/0,false,31,0,1,1,0,1,0,3,1,0,0,0,0,0,0,0,0,0,0,0,0,0,0,0,0,0,5,1,0,false
C:\projects\Card-Game-Desktop-Application-Java--master\src\model\BlackjackGameStatePacket.java,model.BlackjackGameStatePacket,getHandNumber/0,false,28,0,1,1,0,1,0,3,1,0,0,0,0,0,0,0,0,0,0,0,0,0,0,0,0,0,4,1,0,false
C:\projects\Card-Game-Desktop-Application-Java--master\src\model\BlackjackGameStatePacket.java,model.BlackjackGameStatePacket,"BlackjackGameStatePacket/4[java.util.ArrayList<model.BlackjackPlayer>,int,int,boolean]",true,15,1,3,3,0,1,0,6,0,0,4,0,0,0,0,0,0,0,0,0,4,0,0,0,0,0,11,1,0,false
C:\projects\Card-Game-Desktop-Application-Java--master\src\model\BlackjackSavedState.java,model.BlackjackSavedState,getPlayerPoints/0,false,20,1,1,1,0,1,0,3,1,0,0,0,0,0,0,0,0,0,0,0,0,0,0,0,0,0,4,1,0,false
C:\projects\Card-Game-Desktop-Application-Java--master\src\model\BlackjackSavedState.java,model.BlackjackSavedState,getStandardDeckCount/0,false,26,0,1,1,0,1,0,3,1,0,0,0,0,0,0,0,0,0,0,0,0,0,0,0,0,0,5,1,0,false
C:\projects\Card-Game-Desktop-Application-Java--master\src\model\BlackjackSavedState.java,model.BlackjackSavedState,getPlayerTypes/0,false,23,1,1,1,0,1,0,3,1,0,0,0,0,0,0,0,0,0,0,0,0,0,0,0,0,0,4,1,0,false
C:\projects\Card-Game-Desktop-Application-Java--master\src\model\BlackjackSavedState.java,model.BlackjackSavedState,"BlackjackSavedState/3[int[],controller.BlackjackGamePanel.BlackjackPlayerType[],int]",true,14,2,1,1,0,1,0,5,0,0,3,0,0,0,0,0,0,0,0,0,3,0,0,0,0,0,9,1,0,false
C:\projects\Card-Game-Desktop-Application-Java--master\src\controller\AppGameHub.java,controller.AppGameHub$Anonymous1,run/0,false,10,1,12,0,12,1,0,3,0,0,0,0,0,0,0,0,0,0,0,0,0,0,0,0,0,0,3,1,0,false
C:\projects\Card-Game-Desktop-Application-Java--master\src\controller\SixCardGolfGamePanel.java,controller.SixCardGolfGamePanel,isSinglePlayer/0,false,856,0,1,1,0,1,0,3,1,0,0,0,0,0,0,0,0,0,0,0,0,0,0,0,0,0,4,1,0,false
C:\projects\Card-Game-Desktop-Application-Java--master\src\controller\SixCardGolfGamePanel.java,controller.SixCardGolfGamePanel,"initializeGame/5[int,controller.SixCardGolfGamePanel.SixCardGolfPlayerType,controller.SixCardGolfGamePanel.SixCardGolfPlayerType,controller.SixCardGolfGamePanel.SixCardGolfPlayerType,controller.SixCardGolfGamePanel.SixCardGolfPlayerType]",false,236,5,11,2,9,4,13,81,0,2,5,13,0,0,1,1,0,1,10,18,16,4,2,1,0,0,94,1,0,false
C:\projects\Card-Game-Desktop-Application-Java--master\src\controller\SixCardGolfGamePanel.java,controller.SixCardGolfGamePanel,"packetReceived/2[java.lang.Object,controller.SocketConnection]",false,988,11,40,0,40,43,60,202,0,24,2,60,6,3,7,25,3,2,30,40,38,15,6,0,0,0,107,1,0,false
C:\projects\Card-Game-Desktop-Application-Java--master\src\controller\SixCardGolfGamePanel.java,controller.SixCardGolfGamePanel,SixCardGolfGamePanel/0,true,93,1,2,0,2,4,21,89,0,9,0,21,0,0,2,0,1,0,13,31,28,0,2,0,0,0,64,1,0,false
C:\projects\Card-Game-Desktop-Application-Java--master\src\controller\SixCardGolfGamePanel.java,controller.SixCardGolfGamePanel,"refreshDisplayedCards/3[model.SixCardGolfPlayer[],model.PlayingCard,model.PlayingCard]",false,914,4,7,2,5,4,5,11,0,2,3,5,2,1,2,1,0,0,0,4,2,0,3,0,0,0,13,1,0,false
C:\projects\Card-Game-Desktop-Application-Java--master\src\controller\SixCardGolfGamePanel.java,controller.SixCardGolfGamePanel,saveStateToFile/1[java.io.File],false,961,4,4,1,3,4,6,24,0,7,1,6,0,0,2,1,0,0,0,8,10,2,2,0,0,0,24,1,0,false
C:\projects\Card-Game-Desktop-Application-Java--master\src\controller\SixCardGolfGamePanel.java,controller.SixCardGolfGamePanel,startNewTurn/0,false,606,7,27,3,24,90,33,195,0,23,0,33,5,2,13,56,0,14,13,99,64,49,10,0,0,0,60,1,0,false
C:\projects\Card-Game-Desktop-Application-Java--master\src\controller\SixCardGolfGamePanel.java,controller.SixCardGolfGamePanel,joinGame/1[java.lang.String],false,204,2,6,1,5,3,7,30,2,2,1,7,0,0,1,0,1,0,0,10,11,0,1,0,0,0,23,1,0,false
C:\projects\Card-Game-Desktop-Application-Java--master\src\controller\SixCardGolfGamePanel.java,controller.SixCardGolfGamePanel,checkIfPlayersFlipped/0,false,860,2,5,2,3,7,3,14,2,3,0,3,0,0,2,4,0,0,0,4,4,0,4,0,0,0,10,1,0,false
C:\projects\Card-Game-Desktop-Application-Java--master\src\controller\SixCardGolfGamePanel.java,controller.SixCardGolfGamePanel,actionPerformed/1[java.awt.event.ActionEvent],false,332,8,21,0,21,53,43,237,0,30,1,43,4,3,15,30,1,1,14,69,55,10,5,0,0,0,107,1,0,false
C:\projects\Card-Game-Desktop-Application-Java--master\src\controller\SixCardGolfGamePanel.java,controller.SixCardGolfGamePanel,updateTurnColors/1[int],false,926,1,3,2,1,3,1,6,0,1,1,1,0,0,1,1,0,0,0,2,1,0,2,0,0,0,8,1,0,false
C:\projects\Card-Game-Desktop-Application-Java--master\src\controller\SixCardGolfGamePanel.java,controller.SixCardGolfGamePanel,close/0,false,1224,2,5,2,3,7,6,27,0,1,0,6,0,0,1,2,2,0,1,1,3,0,3,0,0,0,21,1,0,false
C:\projects\Card-Game-Desktop-Application-Java--master\src\controller\SixCardGolfGamePanel.java,controller.SixCardGolfGamePanel,setDrawnIcon/1[model.PlayingCard],false,896,1,6,4,2,3,10,16,0,5,1,10,0,0,0,1,1,0,1,4,6,4,2,0,0,0,20,1,0,false
C:\projects\Card-Game-Desktop-Application-Java--master\src\controller\SixCardGolfGamePanel.java,controller.SixCardGolfGamePanel,setDiscardIcon/1[model.PlayingCard],false,878,1,6,4,2,3,10,16,0,5,1,10,0,0,0,1,1,0,1,4,6,4,2,0,0,0,20,1,0,false
C:\projects\Card-Game-Desktop-Application-Java--master\src\controller\SixCardGolfGamePanel.java,controller.SixCardGolfGamePanel,loadStateFromFile/1[java.io.File],false,936,4,10,1,9,4,14,23,0,5,1,14,1,1,2,0,1,0,2,7,7,0,3,0,0,0,37,1,0,false
C:\projects\Card-Game-Desktop-Application-Java--master\src\controller\BlackjackSetupPanel.java,controller.BlackjackSetupPanel,BlackjackSetupPanel/0,true,67,1,2,0,2,1,17,192,0,1,0,17,0,0,0,0,0,2,20,64,83,0,0,1,0,0,42,1,0,false
C:\projects\Card-Game-Desktop-Application-Java--master\src\controller\BlackjackSetupPanel.java,controller.BlackjackSetupPanel,actionPerformed/1[java.awt.event.ActionEvent],false,312,3,3,0,3,11,13,46,0,10,1,13,0,0,0,7,1,2,12,4,16,0,3,0,0,0,48,1,0,false
C:\projects\Card-Game-Desktop-Application-Java--master\src\controller\IntroductionPanel.java,controller.IntroductionPanel,IntroductionPanel/0,true,17,0,0,0,0,1,12,26,0,3,0,12,0,0,0,0,0,0,7,10,11,1,0,0,0,0,71,1,0,false
C:\projects\Card-Game-Desktop-Application-Java--master\src\controller\SixCardGolfGamePanel.java,controller.SixCardGolfGamePanel$SixCardGolfPlayerPanel,setTurnColor/1[boolean],false,1380,0,3,3,0,2,1,4,0,0,1,1,0,0,0,1,0,0,0,0,0,0,1,0,0,0,6,1,0,false
C:\projects\Card-Game-Desktop-Application-Java--master\src\controller\SixCardGolfGamePanel.java,controller.SixCardGolfGamePanel$SixCardGolfPlayerPanel,SixCardGolfPlayerPanel/1[java.lang.String],true,1270,0,1,1,0,4,16,49,0,6,1,16,0,0,2,0,1,0,2,22,22,2,2,0,0,0,39,1,0,false
C:\projects\Card-Game-Desktop-Application-Java--master\src\controller\SixCardGolfGamePanel.java,controller.SixCardGolfGamePanel$SixCardGolfPlayerPanel,setToggleButtonsEnabled/1[boolean],false,1351,0,3,3,0,2,1,5,0,1,1,1,0,0,1,0,0,0,0,2,1,0,1,0,0,0,6,1,0,false
C:\projects\Card-Game-Desktop-Application-Java--master\src\controller\SixCardGolfGamePanel.java,controller.SixCardGolfGamePanel$SixCardGolfPlayerPanel,getCardToggleButton/1[int],false,1357,0,2,2,0,1,0,3,1,0,1,0,0,0,0,0,0,0,0,0,0,0,0,0,0,0,6,1,0,false
C:\projects\Card-Game-Desktop-Application-Java--master\src\controller\SixCardGolfGamePanel.java,controller.SixCardGolfGamePanel$SixCardGolfPlayerPanel,setDisplayedPoints/1[int],false,1330,0,6,6,0,1,1,3,0,0,1,1,0,0,0,0,0,0,1,0,0,1,0,0,0,0,4,1,0,false
C:\projects\Card-Game-Desktop-Application-Java--master\src\controller\SixCardGolfGamePanel.java,controller.SixCardGolfGamePanel$SixCardGolfPlayerPanel,"swapCard/2[int,model.PlayingCard]",false,1334,1,6,4,2,2,12,16,0,3,2,12,0,0,0,0,1,0,0,4,5,4,1,0,0,0,16,1,0,false
C:\projects\Card-Game-Desktop-Application-Java--master\src\controller\SixCardGolfGamePanel.java,controller.SixCardGolfGamePanel$SixCardGolfPlayerPanel,clearForNewRound/0,false,1361,0,4,4,0,2,3,7,0,1,0,3,0,0,1,0,0,0,0,2,1,0,1,0,0,0,6,1,0,false
C:\projects\Card-Game-Desktop-Application-Java--master\src\controller\SixCardGolfGamePanel.java,controller.SixCardGolfGamePanel$SixCardGolfPlayerPanel,setColors/1[controller.SixCardGolfGamePanel.SixCardGolfPlayerType],false,1369,1,4,4,0,5,1,6,0,0,1,1,0,0,0,4,0,0,0,0,0,0,4,0,0,0,8,1,0,false
C:\projects\Card-Game-Desktop-Application-Java--master\src\model\SixCardGolfPlayer.java,model.SixCardGolfPlayer,setPlayerType/1[controller.SixCardGolfGamePanel.SixCardGolfPlayerType],false,43,1,2,2,0,1,0,3,0,0,1,0,0,0,0,0,0,0,0,0,1,0,0,0,0,0,7,1,0,false
C:\projects\Card-Game-Desktop-Application-Java--master\src\model\SixCardGolfPlayer.java,model.SixCardGolfPlayer,clearPoints/0,false,106,0,1,1,0,2,0,5,0,1,0,0,0,0,1,0,0,0,0,3,2,0,1,0,0,0,3,1,0,false
C:\projects\Card-Game-Desktop-Application-Java--master\src\model\SixCardGolfPlayer.java,model.SixCardGolfPlayer,"setScore/2[int,int]",false,46,0,2,2,0,2,0,3,0,0,2,0,0,0,0,0,0,0,0,1,1,0,1,0,0,0,5,1,0,false
C:\projects\Card-Game-Desktop-Application-Java--master\src\model\SixCardGolfPlayer.java,model.SixCardGolfPlayer,getPlayerType/0,false,27,1,8,8,0,1,0,3,1,0,0,0,0,0,0,0,0,0,0,0,0,0,0,0,0,0,7,1,0,false
C:\projects\Card-Game-Desktop-Application-Java--master\src\model\SixCardGolfPlayer.java,model.SixCardGolfPlayer,getHand/0,false,30,1,5,5,0,1,0,3,1,0,0,0,0,0,0,0,0,0,0,0,0,0,0,0,0,0,3,1,0,false
C:\projects\Card-Game-Desktop-Application-Java--master\src\model\SixCardGolfPlayer.java,model.SixCardGolfPlayer,getTotalScore/1[int],false,51,0,3,3,0,2,0,7,1,2,1,0,0,0,1,0,0,0,0,2,3,0,1,0,0,0,7,1,0,false
C:\projects\Card-Game-Desktop-Application-Java--master\src\model\SixCardGolfPlayer.java,model.SixCardGolfPlayer,"SixCardGolfPlayer/2[int,controller.SixCardGolfGamePanel.SixCardGolfPlayerType]",true,16,3,1,1,0,1,0,7,0,0,2,0,0,0,0,0,0,0,0,20,5,0,0,0,0,0,7,1,0,false
C:\projects\Card-Game-Desktop-Application-Java--master\src\model\SixCardGolfPlayer.java,model.SixCardGolfPlayer,getPoints/1[int],false,36,0,1,1,0,1,0,3,1,0,1,0,0,0,0,0,0,0,0,0,0,0,0,0,0,0,4,1,0,false
C:\projects\Card-Game-Desktop-Application-Java--master\src\model\SixCardGolfPlayer.java,model.SixCardGolfPlayer,getHandValue/0,false,59,1,3,2,1,19,1,26,2,4,0,1,0,0,3,15,0,12,0,32,15,25,14,0,0,0,8,1,0,false
C:\projects\Card-Game-Desktop-Application-Java--master\src\model\SixCardGolfPlayer.java,model.SixCardGolfPlayer,getConnectionNumber/0,false,33,0,3,3,0,1,0,3,1,0,0,0,0,0,0,0,0,0,0,0,0,0,0,0,0,0,4,1,0,false
C:\projects\Card-Game-Desktop-Application-Java--master\src\model\SixCardGolfPlayer.java,model.SixCardGolfPlayer,clearHand/0,false,100,0,0,0,0,2,0,5,0,1,0,0,0,0,1,0,0,0,0,2,2,0,1,0,0,0,4,1,0,false
C:\projects\Card-Game-Desktop-Application-Java--master\src\model\SixCardGolfPlayer.java,model.SixCardGolfPlayer,FaceUpCardCount/0,false,112,1,2,1,1,3,1,7,1,2,0,1,0,0,1,0,0,0,0,3,2,0,2,0,0,0,6,1,0,false
C:\projects\Card-Game-Desktop-Application-Java--master\src\model\SixCardGolfPlayer.java,model.SixCardGolfPlayer,getPlayerNumber/0,false,24,0,0,0,0,1,0,3,1,0,0,0,0,0,0,0,0,0,0,0,0,0,0,0,0,0,4,1,0,false
C:\projects\Card-Game-Desktop-Application-Java--master\src\model\SixCardGolfPlayer.java,model.SixCardGolfPlayer,setConnectionNumber/1[int],false,40,0,2,2,0,1,0,3,0,0,1,0,0,0,0,0,0,0,0,0,1,0,0,0,0,0,4,1,0,false
C:\projects\Card-Game-Desktop-Application-Java--master\src\model\BlackjackRoundResultsPacket.java,model.BlackjackRoundResultsPacket,"BlackjackRoundResultsPacket/2[java.util.ArrayList<model.BlackjackPlayer>,int[][]]",true,13,2,1,1,0,1,0,4,0,0,2,0,0,0,0,0,0,0,0,0,2,0,0,0,0,0,6,1,0,false
C:\projects\Card-Game-Desktop-Application-Java--master\src\model\BlackjackRoundResultsPacket.java,model.BlackjackRoundResultsPacket,"getResult/2[int,int]",false,21,0,1,1,0,1,0,3,1,0,2,0,0,0,0,0,0,0,0,0,0,0,0,0,0,0,4,1,0,false
C:\projects\Card-Game-Desktop-Application-Java--master\src\model\BlackjackRoundResultsPacket.java,model.BlackjackRoundResultsPacket,getPlayers/0,false,18,1,1,1,0,1,0,3,1,0,0,0,0,0,0,0,0,0,0,0,0,0,0,0,0,0,3,1,0,false
C:\projects\Card-Game-Desktop-Application-Java--master\src\controller\ChatFrame.java,controller.ChatFrame$Anonymous1,run/0,false,233,1,12,0,12,4,5,17,0,1,0,5,0,0,1,0,1,0,2,0,2,0,3,0,0,0,25,1,0,false
C:\projects\Card-Game-Desktop-Application-Java--master\src\controller\LengthLimitedDocument.java,controller.LengthLimitedDocument,"insertString/3[int,java.lang.String,javax.swing.text.AttributeSet]",false,15,0,0,0,0,3,3,6,1,0,3,3,0,0,0,1,0,1,0,0,0,1,1,0,0,0,11,1,0,false
C:\projects\Card-Game-Desktop-Application-Java--master\src\controller\LengthLimitedDocument.java,controller.LengthLimitedDocument,LengthLimitedDocument/1[int],true,10,0,1,1,0,1,0,4,0,0,1,0,0,0,0,0,0,0,0,0,1,0,0,0,0,0,4,0,0,false
C:\projects\Card-Game-Desktop-Application-Java--master\src\model\SixCardGolfClientActionPacket.java,model.SixCardGolfClientActionPacket,"SixCardGolfClientActionPacket/3[int,model.SixCardGolfClientActionPacket.SixCardGolfButtonInput,int]",true,15,1,1,1,0,1,0,5,0,0,3,0,0,0,0,0,0,0,0,0,3,0,0,0,0,0,11,1,0,false
C:\projects\Card-Game-Desktop-Application-Java--master\src\model\SixCardGolfClientActionPacket.java,model.SixCardGolfClientActionPacket,getInput/0,false,21,1,1,1,0,1,0,3,1,0,0,0,0,0,0,0,0,0,0,0,0,0,0,0,0,0,7,1,0,false
C:\projects\Card-Game-Desktop-Application-Java--master\src\model\SixCardGolfClientActionPacket.java,model.SixCardGolfClientActionPacket,getCardSlot/0,false,27,0,1,1,0,1,0,3,1,0,0,0,0,0,0,0,0,0,0,0,0,0,0,0,0,0,4,1,0,false
C:\projects\Card-Game-Desktop-Application-Java--master\src\model\SixCardGolfClientActionPacket.java,model.SixCardGolfClientActionPacket,getPlayerNumber/0,false,24,0,1,1,0,1,0,3,1,0,0,0,0,0,0,0,0,0,0,0,0,0,0,0,0,0,4,1,0,false
C:\projects\Card-Game-Desktop-Application-Java--master\src\model\SixCardGolfSavedState.java,model.SixCardGolfSavedState,getPlayerTypes/0,false,27,1,1,1,0,1,0,3,1,0,0,0,0,0,0,0,0,0,0,0,0,0,0,0,0,0,4,1,0,false
C:\projects\Card-Game-Desktop-Application-Java--master\src\model\SixCardGolfSavedState.java,model.SixCardGolfSavedState,"SixCardGolfSavedState/5[int[][],controller.SixCardGolfGamePanel.SixCardGolfPlayerType[],int,int,int]",true,16,2,1,1,0,1,0,7,0,0,5,0,0,0,0,0,0,0,0,0,5,0,0,0,0,0,14,1,0,false
C:\projects\Card-Game-Desktop-Application-Java--master\src\model\SixCardGolfSavedState.java,model.SixCardGolfSavedState,getPlayerPoints/0,false,24,1,1,1,0,1,0,3,1,0,0,0,0,0,0,0,0,0,0,0,0,0,0,0,0,0,4,1,0,false
C:\projects\Card-Game-Desktop-Application-Java--master\src\model\SixCardGolfSavedState.java,model.SixCardGolfSavedState,getGoesFirstNumber/0,false,36,0,1,1,0,1,0,3,1,0,0,0,0,0,0,0,0,0,0,0,0,0,0,0,0,0,5,1,0,false
C:\projects\Card-Game-Desktop-Application-Java--master\src\model\SixCardGolfSavedState.java,model.SixCardGolfSavedState,getRoundNumber/0,false,33,0,1,1,0,1,0,3,1,0,0,0,0,0,0,0,0,0,0,0,0,0,0,0,0,0,4,1,0,false
C:\projects\Card-Game-Desktop-Application-Java--master\src\model\SixCardGolfSavedState.java,model.SixCardGolfSavedState,getGameLength/0,false,30,0,1,1,0,1,0,3,1,0,0,0,0,0,0,0,0,0,0,0,0,0,0,0,0,0,4,1,0,false
C:\projects\Card-Game-Desktop-Application-Java--master\src\model\BlackjackClientActionPacket.java,model.BlackjackClientActionPacket,getHandNumber/0,false,27,0,1,1,0,1,0,3,1,0,0,0,0,0,0,0,0,0,0,0,0,0,0,0,0,0,4,1,0,false
C:\projects\Card-Game-Desktop-Application-Java--master\src\model\BlackjackClientActionPacket.java,model.BlackjackClientActionPacket,"BlackjackClientActionPacket/3[int,int,model.BlackjackClientActionPacket.BlackjackButtonInput]",true,15,1,2,2,0,1,0,5,0,0,3,0,0,0,0,0,0,0,0,0,3,0,0,0,0,0,8,1,0,false
C:\projects\Card-Game-Desktop-Application-Java--master\src\model\BlackjackClientActionPacket.java,model.BlackjackClientActionPacket,getInput/0,false,21,1,1,1,0,1,0,3,1,0,0,0,0,0,0,0,0,0,0,0,0,0,0,0,0,0,5,1,0,false
C:\projects\Card-Game-Desktop-Application-Java--master\src\model\BlackjackClientActionPacket.java,model.BlackjackClientActionPacket,getPlayerNumber/0,false,24,0,1,1,0,1,0,3,1,0,0,0,0,0,0,0,0,0,0,0,0,0,0,0,0,0,4,1,0,false
C:\projects\Card-Game-Desktop-Application-Java--master\src\controller\SixCardGolfSetupPanel.java,controller.SixCardGolfSetupPanel,SixCardGolfSetupPanel/0,true,56,0,0,0,0,1,13,145,0,1,0,13,0,0,0,0,0,2,17,57,75,0,0,0,0,0,27,1,0,false
C:\projects\Card-Game-Desktop-Application-Java--master\src\controller\SixCardGolfSetupPanel.java,controller.SixCardGolfSetupPanel,actionPerformed/1[java.awt.event.ActionEvent],false,245,3,3,0,3,13,13,37,0,10,1,13,0,0,0,11,0,2,10,11,18,0,5,0,0,0,41,1,0,false
