file,class,method,variable,usage
C:\projects\Card-Game-Desktop-Application-Java--master\src\controller\SocketConnection.java,controller.SocketConnection,"SocketConnection/2[controller.SocketedController,java.net.Socket]",controller,2
C:\projects\Card-Game-Desktop-Application-Java--master\src\controller\SocketConnection.java,controller.SocketConnection,"SocketConnection/2[controller.SocketedController,java.net.Socket]",e,1
C:\projects\Card-Game-Desktop-Application-Java--master\src\controller\SocketConnection.java,controller.SocketConnection,"SocketConnection/2[controller.SocketedController,java.net.Socket]",socket,4
C:\projects\Card-Game-Desktop-Application-Java--master\src\controller\SocketConnection.java,controller.SocketConnection,sendPacket/1[java.lang.Object],e,1
C:\projects\Card-Game-Desktop-Application-Java--master\src\controller\SocketConnection.java,controller.SocketConnection,sendPacket/1[java.lang.Object],object,1
C:\projects\Card-Game-Desktop-Application-Java--master\src\controller\SocketConnection.java,controller.SocketConnection,run/0,e,2
C:\projects\Card-Game-Desktop-Application-Java--master\src\controller\SocketConnection.java,controller.SocketConnection,run/0,object,1
C:\projects\Card-Game-Desktop-Application-Java--master\src\model\PlayingCard.java,model.PlayingCard,setFaceUp/1[boolean],faceUp,2
C:\projects\Card-Game-Desktop-Application-Java--master\src\model\PlayingCard.java,model.PlayingCard,setSuit/1[model.PlayingCardSuit],suit,2
C:\projects\Card-Game-Desktop-Application-Java--master\src\model\PlayingCard.java,model.PlayingCard,getCardResourcePath/1[boolean],path,23
C:\projects\Card-Game-Desktop-Application-Java--master\src\model\PlayingCard.java,model.PlayingCard,getCardResourcePath/1[boolean],isFaceUp,1
C:\projects\Card-Game-Desktop-Application-Java--master\src\model\PlayingCard.java,model.PlayingCard,setValue/1[model.PlayingCardValue],value,2
C:\projects\Card-Game-Desktop-Application-Java--master\src\model\PlayingCard.java,model.PlayingCard,"PlayingCard/3[model.PlayingCardValue,model.PlayingCardSuit,boolean]",isFaceUp,1
C:\projects\Card-Game-Desktop-Application-Java--master\src\model\PlayingCard.java,model.PlayingCard,"PlayingCard/3[model.PlayingCardValue,model.PlayingCardSuit,boolean]",suit,2
C:\projects\Card-Game-Desktop-Application-Java--master\src\model\PlayingCard.java,model.PlayingCard,"PlayingCard/3[model.PlayingCardValue,model.PlayingCardSuit,boolean]",value,2
C:\projects\Card-Game-Desktop-Application-Java--master\src\model\PlayingCard.java,model.PlayingCard,"PlayingCard/2[model.PlayingCardValue,model.PlayingCardSuit]",suit,2
C:\projects\Card-Game-Desktop-Application-Java--master\src\model\PlayingCard.java,model.PlayingCard,"PlayingCard/2[model.PlayingCardValue,model.PlayingCardSuit]",value,2
C:\projects\Card-Game-Desktop-Application-Java--master\src\controller\BlackjackSetupPanel.java,controller.BlackjackSetupPanel$Anonymous1,changedUpdate/1[javax.swing.event.DocumentEvent],arg0,0
C:\projects\Card-Game-Desktop-Application-Java--master\src\controller\BlackjackSetupPanel.java,controller.BlackjackSetupPanel$Anonymous1,insertUpdate/1[javax.swing.event.DocumentEvent],arg0,0
C:\projects\Card-Game-Desktop-Application-Java--master\src\controller\BlackjackSetupPanel.java,controller.BlackjackSetupPanel$Anonymous1,removeUpdate/1[javax.swing.event.DocumentEvent],arg0,0
C:\projects\Card-Game-Desktop-Application-Java--master\src\controller\BlackjackSetupPanel.java,controller.BlackjackSetupPanel$Anonymous1,validateNumber/0,tempPoints,1
C:\projects\Card-Game-Desktop-Application-Java--master\src\controller\BlackjackSetupPanel.java,controller.BlackjackSetupPanel$Anonymous1,validateNumber/0,e,0
C:\projects\Card-Game-Desktop-Application-Java--master\src\model\PlayingCardDeck.java,model.PlayingCardDeck,draw/0,tempCard,1
C:\projects\Card-Game-Desktop-Application-Java--master\src\model\PlayingCardDeck.java,model.PlayingCardDeck,"PlayingCardDeck/2[int,int]",startNumberStandardDecks,2
C:\projects\Card-Game-Desktop-Application-Java--master\src\model\PlayingCardDeck.java,model.PlayingCardDeck,"PlayingCardDeck/2[int,int]",startNumberJokers,2
C:\projects\Card-Game-Desktop-Application-Java--master\src\model\PlayingCardDeck.java,model.PlayingCardDeck,addCardPile/1[java.util.ArrayList<model.PlayingCard>],cards,2
C:\projects\Card-Game-Desktop-Application-Java--master\src\model\PlayingCardDeck.java,model.PlayingCardDeck,addCardPile/1[java.util.ArrayList<model.PlayingCard>],i,3
C:\projects\Card-Game-Desktop-Application-Java--master\src\model\PlayingCardDeck.java,model.PlayingCardDeck,shuffle/0,i,4
C:\projects\Card-Game-Desktop-Application-Java--master\src\model\PlayingCardDeck.java,model.PlayingCardDeck,shuffle/0,j,2
C:\projects\Card-Game-Desktop-Application-Java--master\src\model\PlayingCardDeck.java,model.PlayingCardDeck,shuffle/0,rn,1
C:\projects\Card-Game-Desktop-Application-Java--master\src\model\PlayingCardDeck.java,model.PlayingCardDeck,shuffle/0,tempCard,1
C:\projects\Card-Game-Desktop-Application-Java--master\src\model\PlayingCardDeck.java,model.PlayingCardDeck,getCardAt/1[int],index,1
C:\projects\Card-Game-Desktop-Application-Java--master\src\model\PlayingCardDeck.java,model.PlayingCardDeck,removeCardAt/1[int],index,2
C:\projects\Card-Game-Desktop-Application-Java--master\src\model\PlayingCardDeck.java,model.PlayingCardDeck,printDeck/0,i,4
C:\projects\Card-Game-Desktop-Application-Java--master\src\model\PlayingCardDeck.java,model.PlayingCardDeck,rebuildDeck/0,i,5
C:\projects\Card-Game-Desktop-Application-Java--master\src\model\PlayingCardDeck.java,model.PlayingCardDeck,rebuildDeck/0,k,3
C:\projects\Card-Game-Desktop-Application-Java--master\src\model\PlayingCardDeck.java,model.PlayingCardDeck,rebuildDeck/0,tempSuit,13
C:\projects\Card-Game-Desktop-Application-Java--master\src\model\SixCardGolfGameStatePacket.java,model.SixCardGolfGameStatePacket,"SixCardGolfGameStatePacket/8[model.SixCardGolfPlayer[],int,int,model.PlayingCard,model.PlayingCard,boolean,boolean,boolean]",roundOver,2
C:\projects\Card-Game-Desktop-Application-Java--master\src\model\SixCardGolfGameStatePacket.java,model.SixCardGolfGameStatePacket,"SixCardGolfGameStatePacket/8[model.SixCardGolfPlayer[],int,int,model.PlayingCard,model.PlayingCard,boolean,boolean,boolean]",roundNumber,2
C:\projects\Card-Game-Desktop-Application-Java--master\src\model\SixCardGolfGameStatePacket.java,model.SixCardGolfGameStatePacket,"SixCardGolfGameStatePacket/8[model.SixCardGolfPlayer[],int,int,model.PlayingCard,model.PlayingCard,boolean,boolean,boolean]",requestingFlip,2
C:\projects\Card-Game-Desktop-Application-Java--master\src\model\SixCardGolfGameStatePacket.java,model.SixCardGolfGameStatePacket,"SixCardGolfGameStatePacket/8[model.SixCardGolfPlayer[],int,int,model.PlayingCard,model.PlayingCard,boolean,boolean,boolean]",players,2
C:\projects\Card-Game-Desktop-Application-Java--master\src\model\SixCardGolfGameStatePacket.java,model.SixCardGolfGameStatePacket,"SixCardGolfGameStatePacket/8[model.SixCardGolfPlayer[],int,int,model.PlayingCard,model.PlayingCard,boolean,boolean,boolean]",drawnCard,2
C:\projects\Card-Game-Desktop-Application-Java--master\src\model\SixCardGolfGameStatePacket.java,model.SixCardGolfGameStatePacket,"SixCardGolfGameStatePacket/8[model.SixCardGolfPlayer[],int,int,model.PlayingCard,model.PlayingCard,boolean,boolean,boolean]",topDiscard,2
C:\projects\Card-Game-Desktop-Application-Java--master\src\model\SixCardGolfGameStatePacket.java,model.SixCardGolfGameStatePacket,"SixCardGolfGameStatePacket/8[model.SixCardGolfPlayer[],int,int,model.PlayingCard,model.PlayingCard,boolean,boolean,boolean]",turnNumber,2
C:\projects\Card-Game-Desktop-Application-Java--master\src\model\SixCardGolfGameStatePacket.java,model.SixCardGolfGameStatePacket,"SixCardGolfGameStatePacket/8[model.SixCardGolfPlayer[],int,int,model.PlayingCard,model.PlayingCard,boolean,boolean,boolean]",gameOver,2
C:\projects\Card-Game-Desktop-Application-Java--master\src\model\BlackjackBetPacket.java,model.BlackjackBetPacket,"BlackjackBetPacket/3[int,int,int]",playerNumber,2
C:\projects\Card-Game-Desktop-Application-Java--master\src\model\BlackjackBetPacket.java,model.BlackjackBetPacket,"BlackjackBetPacket/3[int,int,int]",bet,2
C:\projects\Card-Game-Desktop-Application-Java--master\src\model\BlackjackBetPacket.java,model.BlackjackBetPacket,"BlackjackBetPacket/3[int,int,int]",handNumber,2
C:\projects\Card-Game-Desktop-Application-Java--master\src\controller\MainFrame.java,controller.MainFrame,windowOpened/1[java.awt.event.WindowEvent],e,0
C:\projects\Card-Game-Desktop-Application-Java--master\src\controller\MainFrame.java,controller.MainFrame,"showGameRules/2[java.lang.String,java.lang.String]",br,2
C:\projects\Card-Game-Desktop-Application-Java--master\src\controller\MainFrame.java,controller.MainFrame,"showGameRules/2[java.lang.String,java.lang.String]",iStream,2
C:\projects\Card-Game-Desktop-Application-Java--master\src\controller\MainFrame.java,controller.MainFrame,"showGameRules/2[java.lang.String,java.lang.String]",fileName,3
C:\projects\Card-Game-Desktop-Application-Java--master\src\controller\MainFrame.java,controller.MainFrame,"showGameRules/2[java.lang.String,java.lang.String]",gameName,1
C:\projects\Card-Game-Desktop-Application-Java--master\src\controller\MainFrame.java,controller.MainFrame,"showGameRules/2[java.lang.String,java.lang.String]",scrollPane,2
C:\projects\Card-Game-Desktop-Application-Java--master\src\controller\MainFrame.java,controller.MainFrame,"showGameRules/2[java.lang.String,java.lang.String]",e,3
C:\projects\Card-Game-Desktop-Application-Java--master\src\controller\MainFrame.java,controller.MainFrame,"showGameRules/2[java.lang.String,java.lang.String]",rules,5
C:\projects\Card-Game-Desktop-Application-Java--master\src\controller\MainFrame.java,controller.MainFrame,"showGameRules/2[java.lang.String,java.lang.String]",rulesText,6
C:\projects\Card-Game-Desktop-Application-Java--master\src\controller\MainFrame.java,controller.MainFrame,"showGameRules/2[java.lang.String,java.lang.String]",rulesLine,3
C:\projects\Card-Game-Desktop-Application-Java--master\src\controller\MainFrame.java,controller.MainFrame,windowDeactivated/1[java.awt.event.WindowEvent],e,0
C:\projects\Card-Game-Desktop-Application-Java--master\src\controller\MainFrame.java,controller.MainFrame,windowClosing/1[java.awt.event.WindowEvent],e,0
C:\projects\Card-Game-Desktop-Application-Java--master\src\controller\MainFrame.java,controller.MainFrame,windowClosed/1[java.awt.event.WindowEvent],e,0
C:\projects\Card-Game-Desktop-Application-Java--master\src\controller\MainFrame.java,controller.MainFrame,actionPerformed/1[java.awt.event.ActionEvent],filter,5
C:\projects\Card-Game-Desktop-Application-Java--master\src\controller\MainFrame.java,controller.MainFrame,actionPerformed/1[java.awt.event.ActionEvent],fileChooser,11
C:\projects\Card-Game-Desktop-Application-Java--master\src\controller\MainFrame.java,controller.MainFrame,actionPerformed/1[java.awt.event.ActionEvent],fis,3
C:\projects\Card-Game-Desktop-Application-Java--master\src\controller\MainFrame.java,controller.MainFrame,actionPerformed/1[java.awt.event.ActionEvent],savedState,2
C:\projects\Card-Game-Desktop-Application-Java--master\src\controller\MainFrame.java,controller.MainFrame,actionPerformed/1[java.awt.event.ActionEvent],file,7
C:\projects\Card-Game-Desktop-Application-Java--master\src\controller\MainFrame.java,controller.MainFrame,actionPerformed/1[java.awt.event.ActionEvent],loadOption,1
C:\projects\Card-Game-Desktop-Application-Java--master\src\controller\MainFrame.java,controller.MainFrame,actionPerformed/1[java.awt.event.ActionEvent],e,9
C:\projects\Card-Game-Desktop-Application-Java--master\src\controller\MainFrame.java,controller.MainFrame,actionPerformed/1[java.awt.event.ActionEvent],ois,3
C:\projects\Card-Game-Desktop-Application-Java--master\src\controller\MainFrame.java,controller.MainFrame,actionPerformed/1[java.awt.event.ActionEvent],action,1
C:\projects\Card-Game-Desktop-Application-Java--master\src\controller\MainFrame.java,controller.MainFrame,actionPerformed/1[java.awt.event.ActionEvent],saveOption,3
C:\projects\Card-Game-Desktop-Application-Java--master\src\controller\MainFrame.java,controller.MainFrame,actionPerformed/1[java.awt.event.ActionEvent],event,9
C:\projects\Card-Game-Desktop-Application-Java--master\src\controller\MainFrame.java,controller.MainFrame,actionPerformed/1[java.awt.event.ActionEvent],e1,3
C:\projects\Card-Game-Desktop-Application-Java--master\src\controller\MainFrame.java,controller.MainFrame,windowIconified/1[java.awt.event.WindowEvent],e,0
C:\projects\Card-Game-Desktop-Application-Java--master\src\controller\MainFrame.java,controller.MainFrame,windowActivated/1[java.awt.event.WindowEvent],e,0
C:\projects\Card-Game-Desktop-Application-Java--master\src\controller\MainFrame.java,controller.MainFrame,windowDeiconified/1[java.awt.event.WindowEvent],e,0
C:\projects\Card-Game-Desktop-Application-Java--master\src\model\OnlinePlayerInitializationPacket.java,model.OnlinePlayerInitializationPacket,OnlinePlayerInitializationPacket/1[int],playerNumber,2
C:\projects\Card-Game-Desktop-Application-Java--master\src\controller\AppGameHub.java,controller.AppGameHub,main/1[java.lang.String[]],args,0
C:\projects\Card-Game-Desktop-Application-Java--master\src\controller\ChatFrame.java,controller.ChatFrame,windowDeiconified/1[java.awt.event.WindowEvent],e,0
C:\projects\Card-Game-Desktop-Application-Java--master\src\controller\ChatFrame.java,controller.ChatFrame,ChatFrame/0,gbc,59
C:\projects\Card-Game-Desktop-Application-Java--master\src\controller\ChatFrame.java,controller.ChatFrame,ChatFrame/0,radioGroup,2
C:\projects\Card-Game-Desktop-Application-Java--master\src\controller\ChatFrame.java,controller.ChatFrame,windowDeactivated/1[java.awt.event.WindowEvent],e,0
C:\projects\Card-Game-Desktop-Application-Java--master\src\controller\ChatFrame.java,controller.ChatFrame,windowClosed/1[java.awt.event.WindowEvent],e,0
C:\projects\Card-Game-Desktop-Application-Java--master\src\controller\ChatFrame.java,controller.ChatFrame,windowIconified/1[java.awt.event.WindowEvent],e,0
C:\projects\Card-Game-Desktop-Application-Java--master\src\controller\ChatFrame.java,controller.ChatFrame,close/0,c,2
C:\projects\Card-Game-Desktop-Application-Java--master\src\controller\ChatFrame.java,controller.ChatFrame,close/0,e,1
C:\projects\Card-Game-Desktop-Application-Java--master\src\controller\ChatFrame.java,controller.ChatFrame,close/0,tempPacket,1
C:\projects\Card-Game-Desktop-Application-Java--master\src\controller\ChatFrame.java,controller.ChatFrame,windowActivated/1[java.awt.event.WindowEvent],e,0
C:\projects\Card-Game-Desktop-Application-Java--master\src\controller\ChatFrame.java,controller.ChatFrame,windowClosing/1[java.awt.event.WindowEvent],e,0
C:\projects\Card-Game-Desktop-Application-Java--master\src\controller\ChatFrame.java,controller.ChatFrame,actionPerformed/1[java.awt.event.ActionEvent],address,3
C:\projects\Card-Game-Desktop-Application-Java--master\src\controller\ChatFrame.java,controller.ChatFrame,actionPerformed/1[java.awt.event.ActionEvent],c,1
C:\projects\Card-Game-Desktop-Application-Java--master\src\controller\ChatFrame.java,controller.ChatFrame,actionPerformed/1[java.awt.event.ActionEvent],e,1
C:\projects\Card-Game-Desktop-Application-Java--master\src\controller\ChatFrame.java,controller.ChatFrame,actionPerformed/1[java.awt.event.ActionEvent],tempMessage,2
C:\projects\Card-Game-Desktop-Application-Java--master\src\controller\ChatFrame.java,controller.ChatFrame,actionPerformed/1[java.awt.event.ActionEvent],frameHandle,0
C:\projects\Card-Game-Desktop-Application-Java--master\src\controller\ChatFrame.java,controller.ChatFrame,actionPerformed/1[java.awt.event.ActionEvent],socket,1
C:\projects\Card-Game-Desktop-Application-Java--master\src\controller\ChatFrame.java,controller.ChatFrame,actionPerformed/1[java.awt.event.ActionEvent],event,7
C:\projects\Card-Game-Desktop-Application-Java--master\src\controller\ChatFrame.java,controller.ChatFrame,actionPerformed/1[java.awt.event.ActionEvent],packet,1
C:\projects\Card-Game-Desktop-Application-Java--master\src\controller\ChatFrame.java,controller.ChatFrame,windowOpened/1[java.awt.event.WindowEvent],e,0
C:\projects\Card-Game-Desktop-Application-Java--master\src\controller\ChatFrame.java,controller.ChatFrame,"packetReceived/2[java.lang.Object,controller.SocketConnection]",c,1
C:\projects\Card-Game-Desktop-Application-Java--master\src\controller\ChatFrame.java,controller.ChatFrame,"packetReceived/2[java.lang.Object,controller.SocketConnection]",e,1
C:\projects\Card-Game-Desktop-Application-Java--master\src\controller\ChatFrame.java,controller.ChatFrame,"packetReceived/2[java.lang.Object,controller.SocketConnection]",connection,2
C:\projects\Card-Game-Desktop-Application-Java--master\src\controller\ChatFrame.java,controller.ChatFrame,"packetReceived/2[java.lang.Object,controller.SocketConnection]",object,4
C:\projects\Card-Game-Desktop-Application-Java--master\src\model\ConnectionTerminationPacket.java,model.ConnectionTerminationPacket,ConnectionTerminationPacket/1[int],playerNumber,2
C:\projects\Card-Game-Desktop-Application-Java--master\src\controller\BlackjackGamePanel.java,controller.BlackjackGamePanel$BlackjackPlayerPanel,removeAllCards/1[int],handNumber,2
C:\projects\Card-Game-Desktop-Application-Java--master\src\controller\BlackjackGamePanel.java,controller.BlackjackGamePanel$BlackjackPlayerPanel,"setTurnColor/2[boolean,int]",handNumber,2
C:\projects\Card-Game-Desktop-Application-Java--master\src\controller\BlackjackGamePanel.java,controller.BlackjackGamePanel$BlackjackPlayerPanel,"setTurnColor/2[boolean,int]",isMyTurn,1
C:\projects\Card-Game-Desktop-Application-Java--master\src\controller\BlackjackGamePanel.java,controller.BlackjackGamePanel$BlackjackPlayerPanel,"setBetColor/2[int,java.awt.Color]",color,1
C:\projects\Card-Game-Desktop-Application-Java--master\src\controller\BlackjackGamePanel.java,controller.BlackjackGamePanel$BlackjackPlayerPanel,"setBetColor/2[int,java.awt.Color]",handNumber,1
C:\projects\Card-Game-Desktop-Application-Java--master\src\controller\BlackjackGamePanel.java,controller.BlackjackGamePanel$BlackjackPlayerPanel,BlackjackPlayerPanel/1[java.lang.String],name,3
C:\projects\Card-Game-Desktop-Application-Java--master\src\controller\BlackjackGamePanel.java,controller.BlackjackGamePanel$BlackjackPlayerPanel,BlackjackPlayerPanel/1[java.lang.String],i,7
C:\projects\Card-Game-Desktop-Application-Java--master\src\controller\BlackjackGamePanel.java,controller.BlackjackGamePanel$BlackjackPlayerPanel,BlackjackPlayerPanel/1[java.lang.String],gbc,30
C:\projects\Card-Game-Desktop-Application-Java--master\src\controller\BlackjackGamePanel.java,controller.BlackjackGamePanel$BlackjackPlayerPanel,clearForNewRound/0,i,5
C:\projects\Card-Game-Desktop-Application-Java--master\src\controller\BlackjackGamePanel.java,controller.BlackjackGamePanel$BlackjackPlayerPanel,setColors/1[controller.BlackjackGamePanel.BlackjackPlayerType],playerType,4
C:\projects\Card-Game-Desktop-Application-Java--master\src\controller\BlackjackGamePanel.java,controller.BlackjackGamePanel$BlackjackPlayerPanel,"addCard/2[int,model.PlayingCard]",scaledImage,1
C:\projects\Card-Game-Desktop-Application-Java--master\src\controller\BlackjackGamePanel.java,controller.BlackjackGamePanel$BlackjackPlayerPanel,"addCard/2[int,model.PlayingCard]",img,1
C:\projects\Card-Game-Desktop-Application-Java--master\src\controller\BlackjackGamePanel.java,controller.BlackjackGamePanel$BlackjackPlayerPanel,"addCard/2[int,model.PlayingCard]",e,1
C:\projects\Card-Game-Desktop-Application-Java--master\src\controller\BlackjackGamePanel.java,controller.BlackjackGamePanel$BlackjackPlayerPanel,"addCard/2[int,model.PlayingCard]",icon,1
C:\projects\Card-Game-Desktop-Application-Java--master\src\controller\BlackjackGamePanel.java,controller.BlackjackGamePanel$BlackjackPlayerPanel,"addCard/2[int,model.PlayingCard]",handNumber,2
C:\projects\Card-Game-Desktop-Application-Java--master\src\controller\BlackjackGamePanel.java,controller.BlackjackGamePanel$BlackjackPlayerPanel,"addCard/2[int,model.PlayingCard]",tempLabel,3
C:\projects\Card-Game-Desktop-Application-Java--master\src\controller\BlackjackGamePanel.java,controller.BlackjackGamePanel$BlackjackPlayerPanel,"addCard/2[int,model.PlayingCard]",card,2
C:\projects\Card-Game-Desktop-Application-Java--master\src\controller\BlackjackGamePanel.java,controller.BlackjackGamePanel$BlackjackPlayerPanel,"updateRoundEndHandDisplay/3[int,boolean,boolean]",tie,1
C:\projects\Card-Game-Desktop-Application-Java--master\src\controller\BlackjackGamePanel.java,controller.BlackjackGamePanel$BlackjackPlayerPanel,"updateRoundEndHandDisplay/3[int,boolean,boolean]",victory,1
C:\projects\Card-Game-Desktop-Application-Java--master\src\controller\BlackjackGamePanel.java,controller.BlackjackGamePanel$BlackjackPlayerPanel,"updateRoundEndHandDisplay/3[int,boolean,boolean]",handNumber,3
C:\projects\Card-Game-Desktop-Application-Java--master\src\controller\BlackjackGamePanel.java,controller.BlackjackGamePanel$BlackjackPlayerPanel,setDisplayedPoints/1[int],points,1
C:\projects\Card-Game-Desktop-Application-Java--master\src\controller\BlackjackGamePanel.java,controller.BlackjackGamePanel$BlackjackPlayerPanel,"setDisplayedBet/2[int,int]",bet,1
C:\projects\Card-Game-Desktop-Application-Java--master\src\controller\BlackjackGamePanel.java,controller.BlackjackGamePanel$BlackjackPlayerPanel,"setDisplayedBet/2[int,int]",betIndex,1
C:\projects\Card-Game-Desktop-Application-Java--master\src\controller\SocketedController.java,controller.SocketedController,"packetReceived/2[java.lang.Object,controller.SocketConnection]",connection,0
C:\projects\Card-Game-Desktop-Application-Java--master\src\controller\SocketedController.java,controller.SocketedController,"packetReceived/2[java.lang.Object,controller.SocketConnection]",object,0
C:\projects\Card-Game-Desktop-Application-Java--master\src\controller\BlackjackGamePanel.java,controller.BlackjackGamePanel$Anonymous1,run/0,e,3
C:\projects\Card-Game-Desktop-Application-Java--master\src\controller\BlackjackGamePanel.java,controller.BlackjackGamePanel$Anonymous1,run/0,tempPacket,1
C:\projects\Card-Game-Desktop-Application-Java--master\src\controller\BlackjackGamePanel.java,controller.BlackjackGamePanel$Anonymous1,run/0,i,12
C:\projects\Card-Game-Desktop-Application-Java--master\src\controller\BlackjackGamePanel.java,controller.BlackjackGamePanel$Anonymous1,run/0,socket,1
C:\projects\Card-Game-Desktop-Application-Java--master\src\model\SixCardGolfFlipPacket.java,model.SixCardGolfFlipPacket,"SixCardGolfFlipPacket/3[int,int,int]",playerNumber,2
C:\projects\Card-Game-Desktop-Application-Java--master\src\model\SixCardGolfFlipPacket.java,model.SixCardGolfFlipPacket,"SixCardGolfFlipPacket/3[int,int,int]",flipIndex1,2
C:\projects\Card-Game-Desktop-Application-Java--master\src\model\SixCardGolfFlipPacket.java,model.SixCardGolfFlipPacket,"SixCardGolfFlipPacket/3[int,int,int]",flipIndex2,2
C:\projects\Card-Game-Desktop-Application-Java--master\src\controller\BlackjackGamePanel.java,controller.BlackjackGamePanel,actionPerformed/1[java.awt.event.ActionEvent],betResult,3
C:\projects\Card-Game-Desktop-Application-Java--master\src\controller\BlackjackGamePanel.java,controller.BlackjackGamePanel,actionPerformed/1[java.awt.event.ActionEvent],bet,10
C:\projects\Card-Game-Desktop-Application-Java--master\src\controller\BlackjackGamePanel.java,controller.BlackjackGamePanel,actionPerformed/1[java.awt.event.ActionEvent],inputPacket,3
C:\projects\Card-Game-Desktop-Application-Java--master\src\controller\BlackjackGamePanel.java,controller.BlackjackGamePanel,actionPerformed/1[java.awt.event.ActionEvent],c,3
C:\projects\Card-Game-Desktop-Application-Java--master\src\controller\BlackjackGamePanel.java,controller.BlackjackGamePanel,actionPerformed/1[java.awt.event.ActionEvent],e,2
C:\projects\Card-Game-Desktop-Application-Java--master\src\controller\BlackjackGamePanel.java,controller.BlackjackGamePanel,actionPerformed/1[java.awt.event.ActionEvent],invalidBet,4
C:\projects\Card-Game-Desktop-Application-Java--master\src\controller\BlackjackGamePanel.java,controller.BlackjackGamePanel,actionPerformed/1[java.awt.event.ActionEvent],tempPacket,3
C:\projects\Card-Game-Desktop-Application-Java--master\src\controller\BlackjackGamePanel.java,controller.BlackjackGamePanel,actionPerformed/1[java.awt.event.ActionEvent],i,32
C:\projects\Card-Game-Desktop-Application-Java--master\src\controller\BlackjackGamePanel.java,controller.BlackjackGamePanel,actionPerformed/1[java.awt.event.ActionEvent],event,3
C:\projects\Card-Game-Desktop-Application-Java--master\src\controller\BlackjackGamePanel.java,controller.BlackjackGamePanel,actionPerformed/1[java.awt.event.ActionEvent],rn,1
C:\projects\Card-Game-Desktop-Application-Java--master\src\controller\BlackjackGamePanel.java,controller.BlackjackGamePanel,actionPerformed/1[java.awt.event.ActionEvent],tempCard,2
C:\projects\Card-Game-Desktop-Application-Java--master\src\controller\BlackjackGamePanel.java,controller.BlackjackGamePanel,refreshDisplayedCards/1[java.util.ArrayList<model.BlackjackPlayer>],playerList,2
C:\projects\Card-Game-Desktop-Application-Java--master\src\controller\BlackjackGamePanel.java,controller.BlackjackGamePanel,refreshDisplayedCards/1[java.util.ArrayList<model.BlackjackPlayer>],i,7
C:\projects\Card-Game-Desktop-Application-Java--master\src\controller\BlackjackGamePanel.java,controller.BlackjackGamePanel,refreshDisplayedCards/1[java.util.ArrayList<model.BlackjackPlayer>],j,5
C:\projects\Card-Game-Desktop-Application-Java--master\src\controller\BlackjackGamePanel.java,controller.BlackjackGamePanel,refreshDisplayedCards/1[java.util.ArrayList<model.BlackjackPlayer>],k,3
C:\projects\Card-Game-Desktop-Application-Java--master\src\controller\BlackjackGamePanel.java,controller.BlackjackGamePanel,"packetReceived/2[java.lang.Object,controller.SocketConnection]",splitting,2
C:\projects\Card-Game-Desktop-Application-Java--master\src\controller\BlackjackGamePanel.java,controller.BlackjackGamePanel,"packetReceived/2[java.lang.Object,controller.SocketConnection]",inputPacket,43
C:\projects\Card-Game-Desktop-Application-Java--master\src\controller\BlackjackGamePanel.java,controller.BlackjackGamePanel,"packetReceived/2[java.lang.Object,controller.SocketConnection]",betResult,3
C:\projects\Card-Game-Desktop-Application-Java--master\src\controller\BlackjackGamePanel.java,controller.BlackjackGamePanel,"packetReceived/2[java.lang.Object,controller.SocketConnection]",c,9
C:\projects\Card-Game-Desktop-Application-Java--master\src\controller\BlackjackGamePanel.java,controller.BlackjackGamePanel,"packetReceived/2[java.lang.Object,controller.SocketConnection]",e,6
C:\projects\Card-Game-Desktop-Application-Java--master\src\controller\BlackjackGamePanel.java,controller.BlackjackGamePanel,"packetReceived/2[java.lang.Object,controller.SocketConnection]",resultsPacket,11
C:\projects\Card-Game-Desktop-Application-Java--master\src\controller\BlackjackGamePanel.java,controller.BlackjackGamePanel,"packetReceived/2[java.lang.Object,controller.SocketConnection]",i,67
C:\projects\Card-Game-Desktop-Application-Java--master\src\controller\BlackjackGamePanel.java,controller.BlackjackGamePanel,"packetReceived/2[java.lang.Object,controller.SocketConnection]",j,21
C:\projects\Card-Game-Desktop-Application-Java--master\src\controller\BlackjackGamePanel.java,controller.BlackjackGamePanel,"packetReceived/2[java.lang.Object,controller.SocketConnection]",packet,46
C:\projects\Card-Game-Desktop-Application-Java--master\src\controller\BlackjackGamePanel.java,controller.BlackjackGamePanel,"packetReceived/2[java.lang.Object,controller.SocketConnection]",tempCard,9
C:\projects\Card-Game-Desktop-Application-Java--master\src\controller\BlackjackGamePanel.java,controller.BlackjackGamePanel,"packetReceived/2[java.lang.Object,controller.SocketConnection]",bet,5
C:\projects\Card-Game-Desktop-Application-Java--master\src\controller\BlackjackGamePanel.java,controller.BlackjackGamePanel,"packetReceived/2[java.lang.Object,controller.SocketConnection]",doubleDownResponse,1
C:\projects\Card-Game-Desktop-Application-Java--master\src\controller\BlackjackGamePanel.java,controller.BlackjackGamePanel,"packetReceived/2[java.lang.Object,controller.SocketConnection]",invalidBet,4
C:\projects\Card-Game-Desktop-Application-Java--master\src\controller\BlackjackGamePanel.java,controller.BlackjackGamePanel,"packetReceived/2[java.lang.Object,controller.SocketConnection]",tempPacket,3
C:\projects\Card-Game-Desktop-Application-Java--master\src\controller\BlackjackGamePanel.java,controller.BlackjackGamePanel,"packetReceived/2[java.lang.Object,controller.SocketConnection]",splitResponse,1
C:\projects\Card-Game-Desktop-Application-Java--master\src\controller\BlackjackGamePanel.java,controller.BlackjackGamePanel,"packetReceived/2[java.lang.Object,controller.SocketConnection]",connection,0
C:\projects\Card-Game-Desktop-Application-Java--master\src\controller\BlackjackGamePanel.java,controller.BlackjackGamePanel,"packetReceived/2[java.lang.Object,controller.SocketConnection]",betPacket,8
C:\projects\Card-Game-Desktop-Application-Java--master\src\controller\BlackjackGamePanel.java,controller.BlackjackGamePanel,"packetReceived/2[java.lang.Object,controller.SocketConnection]",closePacket,6
C:\projects\Card-Game-Desktop-Application-Java--master\src\controller\BlackjackGamePanel.java,controller.BlackjackGamePanel,"packetReceived/2[java.lang.Object,controller.SocketConnection]",object,12
C:\projects\Card-Game-Desktop-Application-Java--master\src\controller\BlackjackGamePanel.java,controller.BlackjackGamePanel,"packetReceived/2[java.lang.Object,controller.SocketConnection]",closingConnection,2
C:\projects\Card-Game-Desktop-Application-Java--master\src\controller\BlackjackGamePanel.java,controller.BlackjackGamePanel,joinGame/1[java.lang.String],address,1
C:\projects\Card-Game-Desktop-Application-Java--master\src\controller\BlackjackGamePanel.java,controller.BlackjackGamePanel,joinGame/1[java.lang.String],e,1
C:\projects\Card-Game-Desktop-Application-Java--master\src\controller\BlackjackGamePanel.java,controller.BlackjackGamePanel,joinGame/1[java.lang.String],i,12
C:\projects\Card-Game-Desktop-Application-Java--master\src\controller\BlackjackGamePanel.java,controller.BlackjackGamePanel,joinGame/1[java.lang.String],socket,1
C:\projects\Card-Game-Desktop-Application-Java--master\src\controller\BlackjackGamePanel.java,controller.BlackjackGamePanel,joinGame/1[java.lang.String],initializeCard,3
C:\projects\Card-Game-Desktop-Application-Java--master\src\controller\BlackjackGamePanel.java,controller.BlackjackGamePanel,roundEndSettlement/0,resultArray,10
C:\projects\Card-Game-Desktop-Application-Java--master\src\controller\BlackjackGamePanel.java,controller.BlackjackGamePanel,roundEndSettlement/0,i,82
C:\projects\Card-Game-Desktop-Application-Java--master\src\controller\BlackjackGamePanel.java,controller.BlackjackGamePanel,roundEndSettlement/0,j,47
C:\projects\Card-Game-Desktop-Application-Java--master\src\controller\BlackjackGamePanel.java,controller.BlackjackGamePanel,roundEndSettlement/0,dealerValue,4
C:\projects\Card-Game-Desktop-Application-Java--master\src\controller\BlackjackGamePanel.java,controller.BlackjackGamePanel,"updateTurnColors/2[int,int]",turnNumber,1
C:\projects\Card-Game-Desktop-Application-Java--master\src\controller\BlackjackGamePanel.java,controller.BlackjackGamePanel,"updateTurnColors/2[int,int]",i,5
C:\projects\Card-Game-Desktop-Application-Java--master\src\controller\BlackjackGamePanel.java,controller.BlackjackGamePanel,"updateTurnColors/2[int,int]",handNumber,2
C:\projects\Card-Game-Desktop-Application-Java--master\src\controller\BlackjackGamePanel.java,controller.BlackjackGamePanel,"updateTurnColors/2[int,int]",j,2
C:\projects\Card-Game-Desktop-Application-Java--master\src\controller\BlackjackGamePanel.java,controller.BlackjackGamePanel,dealStartingHands/0,i,7
C:\projects\Card-Game-Desktop-Application-Java--master\src\controller\BlackjackGamePanel.java,controller.BlackjackGamePanel,dealStartingHands/0,tempCard,12
C:\projects\Card-Game-Desktop-Application-Java--master\src\controller\BlackjackGamePanel.java,controller.BlackjackGamePanel,close/0,c,2
C:\projects\Card-Game-Desktop-Application-Java--master\src\controller\BlackjackGamePanel.java,controller.BlackjackGamePanel,close/0,e,3
C:\projects\Card-Game-Desktop-Application-Java--master\src\controller\BlackjackGamePanel.java,controller.BlackjackGamePanel,close/0,closePacket,3
C:\projects\Card-Game-Desktop-Application-Java--master\src\controller\BlackjackGamePanel.java,controller.BlackjackGamePanel,loadStateFromFile/1[java.io.File],fis,2
C:\projects\Card-Game-Desktop-Application-Java--master\src\controller\BlackjackGamePanel.java,controller.BlackjackGamePanel,loadStateFromFile/1[java.io.File],file,1
C:\projects\Card-Game-Desktop-Application-Java--master\src\controller\BlackjackGamePanel.java,controller.BlackjackGamePanel,loadStateFromFile/1[java.io.File],e,1
C:\projects\Card-Game-Desktop-Application-Java--master\src\controller\BlackjackGamePanel.java,controller.BlackjackGamePanel,loadStateFromFile/1[java.io.File],ois,2
C:\projects\Card-Game-Desktop-Application-Java--master\src\controller\BlackjackGamePanel.java,controller.BlackjackGamePanel,loadStateFromFile/1[java.io.File],i,6
C:\projects\Card-Game-Desktop-Application-Java--master\src\controller\BlackjackGamePanel.java,controller.BlackjackGamePanel,loadStateFromFile/1[java.io.File],gameState,7
C:\projects\Card-Game-Desktop-Application-Java--master\src\controller\BlackjackGamePanel.java,controller.BlackjackGamePanel,"initializeGame/6[int,int,controller.BlackjackGamePanel.BlackjackPlayerType,controller.BlackjackGamePanel.BlackjackPlayerType,controller.BlackjackGamePanel.BlackjackPlayerType,controller.BlackjackGamePanel.BlackjackPlayerType]",PT4,2
C:\projects\Card-Game-Desktop-Application-Java--master\src\controller\BlackjackGamePanel.java,controller.BlackjackGamePanel,"initializeGame/6[int,int,controller.BlackjackGamePanel.BlackjackPlayerType,controller.BlackjackGamePanel.BlackjackPlayerType,controller.BlackjackGamePanel.BlackjackPlayerType,controller.BlackjackGamePanel.BlackjackPlayerType]",deckCount,3
C:\projects\Card-Game-Desktop-Application-Java--master\src\controller\BlackjackGamePanel.java,controller.BlackjackGamePanel,"initializeGame/6[int,int,controller.BlackjackGamePanel.BlackjackPlayerType,controller.BlackjackGamePanel.BlackjackPlayerType,controller.BlackjackGamePanel.BlackjackPlayerType,controller.BlackjackGamePanel.BlackjackPlayerType]",i,13
C:\projects\Card-Game-Desktop-Application-Java--master\src\controller\BlackjackGamePanel.java,controller.BlackjackGamePanel,"initializeGame/6[int,int,controller.BlackjackGamePanel.BlackjackPlayerType,controller.BlackjackGamePanel.BlackjackPlayerType,controller.BlackjackGamePanel.BlackjackPlayerType,controller.BlackjackGamePanel.BlackjackPlayerType]",frameHandle,0
C:\projects\Card-Game-Desktop-Application-Java--master\src\controller\BlackjackGamePanel.java,controller.BlackjackGamePanel,"initializeGame/6[int,int,controller.BlackjackGamePanel.BlackjackPlayerType,controller.BlackjackGamePanel.BlackjackPlayerType,controller.BlackjackGamePanel.BlackjackPlayerType,controller.BlackjackGamePanel.BlackjackPlayerType]",PT1,2
C:\projects\Card-Game-Desktop-Application-Java--master\src\controller\BlackjackGamePanel.java,controller.BlackjackGamePanel,"initializeGame/6[int,int,controller.BlackjackGamePanel.BlackjackPlayerType,controller.BlackjackGamePanel.BlackjackPlayerType,controller.BlackjackGamePanel.BlackjackPlayerType,controller.BlackjackGamePanel.BlackjackPlayerType]",PT3,2
C:\projects\Card-Game-Desktop-Application-Java--master\src\controller\BlackjackGamePanel.java,controller.BlackjackGamePanel,"initializeGame/6[int,int,controller.BlackjackGamePanel.BlackjackPlayerType,controller.BlackjackGamePanel.BlackjackPlayerType,controller.BlackjackGamePanel.BlackjackPlayerType,controller.BlackjackGamePanel.BlackjackPlayerType]",points,7
C:\projects\Card-Game-Desktop-Application-Java--master\src\controller\BlackjackGamePanel.java,controller.BlackjackGamePanel,"initializeGame/6[int,int,controller.BlackjackGamePanel.BlackjackPlayerType,controller.BlackjackGamePanel.BlackjackPlayerType,controller.BlackjackGamePanel.BlackjackPlayerType,controller.BlackjackGamePanel.BlackjackPlayerType]",PT2,2
C:\projects\Card-Game-Desktop-Application-Java--master\src\controller\BlackjackGamePanel.java,controller.BlackjackGamePanel,saveStateToFile/1[java.io.File],oos,3
C:\projects\Card-Game-Desktop-Application-Java--master\src\controller\BlackjackGamePanel.java,controller.BlackjackGamePanel,saveStateToFile/1[java.io.File],types,2
C:\projects\Card-Game-Desktop-Application-Java--master\src\controller\BlackjackGamePanel.java,controller.BlackjackGamePanel,saveStateToFile/1[java.io.File],file,1
C:\projects\Card-Game-Desktop-Application-Java--master\src\controller\BlackjackGamePanel.java,controller.BlackjackGamePanel,saveStateToFile/1[java.io.File],i,6
C:\projects\Card-Game-Desktop-Application-Java--master\src\controller\BlackjackGamePanel.java,controller.BlackjackGamePanel,saveStateToFile/1[java.io.File],fos,3
C:\projects\Card-Game-Desktop-Application-Java--master\src\controller\BlackjackGamePanel.java,controller.BlackjackGamePanel,saveStateToFile/1[java.io.File],gameState,1
C:\projects\Card-Game-Desktop-Application-Java--master\src\controller\BlackjackGamePanel.java,controller.BlackjackGamePanel,saveStateToFile/1[java.io.File],points,2
C:\projects\Card-Game-Desktop-Application-Java--master\src\controller\BlackjackGamePanel.java,controller.BlackjackGamePanel,checkAllBetsPlaced/0,i,4
C:\projects\Card-Game-Desktop-Application-Java--master\src\controller\BlackjackGamePanel.java,controller.BlackjackGamePanel,startNewTurn/0,resultPacket,1
C:\projects\Card-Game-Desktop-Application-Java--master\src\controller\BlackjackGamePanel.java,controller.BlackjackGamePanel,startNewTurn/0,c,5
C:\projects\Card-Game-Desktop-Application-Java--master\src\controller\BlackjackGamePanel.java,controller.BlackjackGamePanel,startNewTurn/0,isDoublingDown,1
C:\projects\Card-Game-Desktop-Application-Java--master\src\controller\BlackjackGamePanel.java,controller.BlackjackGamePanel,startNewTurn/0,tempPacket,3
C:\projects\Card-Game-Desktop-Application-Java--master\src\controller\BlackjackGamePanel.java,controller.BlackjackGamePanel,startNewTurn/0,i,24
C:\projects\Card-Game-Desktop-Application-Java--master\src\controller\BlackjackGamePanel.java,controller.BlackjackGamePanel,startNewTurn/0,j,11
C:\projects\Card-Game-Desktop-Application-Java--master\src\controller\BlackjackGamePanel.java,controller.BlackjackGamePanel,startNewTurn/0,isSplitting,1
C:\projects\Card-Game-Desktop-Application-Java--master\src\controller\BlackjackGamePanel.java,controller.BlackjackGamePanel,startNewTurn/0,k,4
C:\projects\Card-Game-Desktop-Application-Java--master\src\controller\BlackjackGamePanel.java,controller.BlackjackGamePanel,startNewTurn/0,tempCard,11
C:\projects\Card-Game-Desktop-Application-Java--master\src\controller\BlackjackGamePanel.java,controller.BlackjackGamePanel,startNewTurn/0,roundResults,1
C:\projects\Card-Game-Desktop-Application-Java--master\src\controller\BlackjackGamePanel.java,controller.BlackjackGamePanel,BlackjackGamePanel/0,gbcLayout,1
C:\projects\Card-Game-Desktop-Application-Java--master\src\controller\BlackjackGamePanel.java,controller.BlackjackGamePanel,BlackjackGamePanel/0,gbc,33
C:\projects\Card-Game-Desktop-Application-Java--master\src\model\ChatPacket.java,model.ChatPacket,ChatPacket/1[java.lang.String],message,2
C:\projects\Card-Game-Desktop-Application-Java--master\src\controller\SixCardGolfGamePanel.java,controller.SixCardGolfGamePanel$Anonymous1,run/0,e,3
C:\projects\Card-Game-Desktop-Application-Java--master\src\controller\SixCardGolfGamePanel.java,controller.SixCardGolfGamePanel$Anonymous1,run/0,tempPacket,1
C:\projects\Card-Game-Desktop-Application-Java--master\src\controller\SixCardGolfGamePanel.java,controller.SixCardGolfGamePanel$Anonymous1,run/0,i,12
C:\projects\Card-Game-Desktop-Application-Java--master\src\controller\SixCardGolfGamePanel.java,controller.SixCardGolfGamePanel$Anonymous1,run/0,socket,1
C:\projects\Card-Game-Desktop-Application-Java--master\src\model\BlackjackPlayer.java,model.BlackjackPlayer,getCards/1[int],handNumber,1
C:\projects\Card-Game-Desktop-Application-Java--master\src\model\BlackjackPlayer.java,model.BlackjackPlayer,setPlayerType/1[controller.BlackjackGamePanel.BlackjackPlayerType],playerType,2
C:\projects\Card-Game-Desktop-Application-Java--master\src\model\BlackjackPlayer.java,model.BlackjackPlayer,clearHands/0,i,3
C:\projects\Card-Game-Desktop-Application-Java--master\src\model\BlackjackPlayer.java,model.BlackjackPlayer,"setBet/2[int,int]",bet,1
C:\projects\Card-Game-Desktop-Application-Java--master\src\model\BlackjackPlayer.java,model.BlackjackPlayer,"setBet/2[int,int]",handNumber,1
C:\projects\Card-Game-Desktop-Application-Java--master\src\model\BlackjackPlayer.java,model.BlackjackPlayer,setConnectionNumber/1[int],connectionNumber,2
C:\projects\Card-Game-Desktop-Application-Java--master\src\model\BlackjackPlayer.java,model.BlackjackPlayer,getHandValue/1[int],totalValue,13
C:\projects\Card-Game-Desktop-Application-Java--master\src\model\BlackjackPlayer.java,model.BlackjackPlayer,getHandValue/1[int],temp,13
C:\projects\Card-Game-Desktop-Application-Java--master\src\model\BlackjackPlayer.java,model.BlackjackPlayer,getHandValue/1[int],index,3
C:\projects\Card-Game-Desktop-Application-Java--master\src\model\BlackjackPlayer.java,model.BlackjackPlayer,getHandValue/1[int],handNumber,3
C:\projects\Card-Game-Desktop-Application-Java--master\src\model\BlackjackPlayer.java,model.BlackjackPlayer,"BlackjackPlayer/3[int,int,controller.BlackjackGamePanel.BlackjackPlayerType]",playerNumber,2
C:\projects\Card-Game-Desktop-Application-Java--master\src\model\BlackjackPlayer.java,model.BlackjackPlayer,"BlackjackPlayer/3[int,int,controller.BlackjackGamePanel.BlackjackPlayerType]",playerType,2
C:\projects\Card-Game-Desktop-Application-Java--master\src\model\BlackjackPlayer.java,model.BlackjackPlayer,"BlackjackPlayer/3[int,int,controller.BlackjackGamePanel.BlackjackPlayerType]",points,2
C:\projects\Card-Game-Desktop-Application-Java--master\src\model\BlackjackPlayer.java,model.BlackjackPlayer,getBet/1[int],handNumber,1
C:\projects\Card-Game-Desktop-Application-Java--master\src\model\BlackjackPlayer.java,model.BlackjackPlayer,setPoints/1[int],points,2
C:\projects\Card-Game-Desktop-Application-Java--master\src\model\BlackjackGameStatePacket.java,model.BlackjackGameStatePacket,"BlackjackGameStatePacket/4[java.util.ArrayList<model.BlackjackPlayer>,int,int,boolean]",isRequestingBet,2
C:\projects\Card-Game-Desktop-Application-Java--master\src\model\BlackjackGameStatePacket.java,model.BlackjackGameStatePacket,"BlackjackGameStatePacket/4[java.util.ArrayList<model.BlackjackPlayer>,int,int,boolean]",players,2
C:\projects\Card-Game-Desktop-Application-Java--master\src\model\BlackjackGameStatePacket.java,model.BlackjackGameStatePacket,"BlackjackGameStatePacket/4[java.util.ArrayList<model.BlackjackPlayer>,int,int,boolean]",turnNumber,2
C:\projects\Card-Game-Desktop-Application-Java--master\src\model\BlackjackGameStatePacket.java,model.BlackjackGameStatePacket,"BlackjackGameStatePacket/4[java.util.ArrayList<model.BlackjackPlayer>,int,int,boolean]",handNumber,2
C:\projects\Card-Game-Desktop-Application-Java--master\src\model\BlackjackSavedState.java,model.BlackjackSavedState,"BlackjackSavedState/3[int[],controller.BlackjackGamePanel.BlackjackPlayerType[],int]",playerTypes,2
C:\projects\Card-Game-Desktop-Application-Java--master\src\model\BlackjackSavedState.java,model.BlackjackSavedState,"BlackjackSavedState/3[int[],controller.BlackjackGamePanel.BlackjackPlayerType[],int]",playerPoints,2
C:\projects\Card-Game-Desktop-Application-Java--master\src\model\BlackjackSavedState.java,model.BlackjackSavedState,"BlackjackSavedState/3[int[],controller.BlackjackGamePanel.BlackjackPlayerType[],int]",standardDeckCount,2
C:\projects\Card-Game-Desktop-Application-Java--master\src\controller\SixCardGolfGamePanel.java,controller.SixCardGolfGamePanel,"initializeGame/5[int,controller.SixCardGolfGamePanel.SixCardGolfPlayerType,controller.SixCardGolfGamePanel.SixCardGolfPlayerType,controller.SixCardGolfGamePanel.SixCardGolfPlayerType,controller.SixCardGolfGamePanel.SixCardGolfPlayerType]",PT4,2
C:\projects\Card-Game-Desktop-Application-Java--master\src\controller\SixCardGolfGamePanel.java,controller.SixCardGolfGamePanel,"initializeGame/5[int,controller.SixCardGolfGamePanel.SixCardGolfPlayerType,controller.SixCardGolfGamePanel.SixCardGolfPlayerType,controller.SixCardGolfGamePanel.SixCardGolfPlayerType,controller.SixCardGolfGamePanel.SixCardGolfPlayerType]",i,9
C:\projects\Card-Game-Desktop-Application-Java--master\src\controller\SixCardGolfGamePanel.java,controller.SixCardGolfGamePanel,"initializeGame/5[int,controller.SixCardGolfGamePanel.SixCardGolfPlayerType,controller.SixCardGolfGamePanel.SixCardGolfPlayerType,controller.SixCardGolfGamePanel.SixCardGolfPlayerType,controller.SixCardGolfGamePanel.SixCardGolfPlayerType]",gameLength,2
C:\projects\Card-Game-Desktop-Application-Java--master\src\controller\SixCardGolfGamePanel.java,controller.SixCardGolfGamePanel,"initializeGame/5[int,controller.SixCardGolfGamePanel.SixCardGolfPlayerType,controller.SixCardGolfGamePanel.SixCardGolfPlayerType,controller.SixCardGolfGamePanel.SixCardGolfPlayerType,controller.SixCardGolfGamePanel.SixCardGolfPlayerType]",frameHandle,0
C:\projects\Card-Game-Desktop-Application-Java--master\src\controller\SixCardGolfGamePanel.java,controller.SixCardGolfGamePanel,"initializeGame/5[int,controller.SixCardGolfGamePanel.SixCardGolfPlayerType,controller.SixCardGolfGamePanel.SixCardGolfPlayerType,controller.SixCardGolfGamePanel.SixCardGolfPlayerType,controller.SixCardGolfGamePanel.SixCardGolfPlayerType]",PT1,2
C:\projects\Card-Game-Desktop-Application-Java--master\src\controller\SixCardGolfGamePanel.java,controller.SixCardGolfGamePanel,"initializeGame/5[int,controller.SixCardGolfGamePanel.SixCardGolfPlayerType,controller.SixCardGolfGamePanel.SixCardGolfPlayerType,controller.SixCardGolfGamePanel.SixCardGolfPlayerType,controller.SixCardGolfGamePanel.SixCardGolfPlayerType]",PT3,2
C:\projects\Card-Game-Desktop-Application-Java--master\src\controller\SixCardGolfGamePanel.java,controller.SixCardGolfGamePanel,"initializeGame/5[int,controller.SixCardGolfGamePanel.SixCardGolfPlayerType,controller.SixCardGolfGamePanel.SixCardGolfPlayerType,controller.SixCardGolfGamePanel.SixCardGolfPlayerType,controller.SixCardGolfGamePanel.SixCardGolfPlayerType]",PT2,2
C:\projects\Card-Game-Desktop-Application-Java--master\src\controller\SixCardGolfGamePanel.java,controller.SixCardGolfGamePanel,"packetReceived/2[java.lang.Object,controller.SocketConnection]",inputPacket,10
C:\projects\Card-Game-Desktop-Application-Java--master\src\controller\SixCardGolfGamePanel.java,controller.SixCardGolfGamePanel,"packetReceived/2[java.lang.Object,controller.SocketConnection]",discardedCard,3
C:\projects\Card-Game-Desktop-Application-Java--master\src\controller\SixCardGolfGamePanel.java,controller.SixCardGolfGamePanel,"packetReceived/2[java.lang.Object,controller.SocketConnection]",flipResult,1
C:\projects\Card-Game-Desktop-Application-Java--master\src\controller\SixCardGolfGamePanel.java,controller.SixCardGolfGamePanel,"packetReceived/2[java.lang.Object,controller.SocketConnection]",c,5
C:\projects\Card-Game-Desktop-Application-Java--master\src\controller\SixCardGolfGamePanel.java,controller.SixCardGolfGamePanel,"packetReceived/2[java.lang.Object,controller.SocketConnection]",topOfDiscard,7
C:\projects\Card-Game-Desktop-Application-Java--master\src\controller\SixCardGolfGamePanel.java,controller.SixCardGolfGamePanel,"packetReceived/2[java.lang.Object,controller.SocketConnection]",e,5
C:\projects\Card-Game-Desktop-Application-Java--master\src\controller\SixCardGolfGamePanel.java,controller.SixCardGolfGamePanel,"packetReceived/2[java.lang.Object,controller.SocketConnection]",i,23
C:\projects\Card-Game-Desktop-Application-Java--master\src\controller\SixCardGolfGamePanel.java,controller.SixCardGolfGamePanel,"packetReceived/2[java.lang.Object,controller.SocketConnection]",packet,30
C:\projects\Card-Game-Desktop-Application-Java--master\src\controller\SixCardGolfGamePanel.java,controller.SixCardGolfGamePanel,"packetReceived/2[java.lang.Object,controller.SocketConnection]",flipChoice2,2
C:\projects\Card-Game-Desktop-Application-Java--master\src\controller\SixCardGolfGamePanel.java,controller.SixCardGolfGamePanel,"packetReceived/2[java.lang.Object,controller.SocketConnection]",textAreaFlipMessage,3
C:\projects\Card-Game-Desktop-Application-Java--master\src\controller\SixCardGolfGamePanel.java,controller.SixCardGolfGamePanel,"packetReceived/2[java.lang.Object,controller.SocketConnection]",flipChoice1,2
C:\projects\Card-Game-Desktop-Application-Java--master\src\controller\SixCardGolfGamePanel.java,controller.SixCardGolfGamePanel,"packetReceived/2[java.lang.Object,controller.SocketConnection]",flipPacket,14
C:\projects\Card-Game-Desktop-Application-Java--master\src\controller\SixCardGolfGamePanel.java,controller.SixCardGolfGamePanel,"packetReceived/2[java.lang.Object,controller.SocketConnection]",tempPacket,3
C:\projects\Card-Game-Desktop-Application-Java--master\src\controller\SixCardGolfGamePanel.java,controller.SixCardGolfGamePanel,"packetReceived/2[java.lang.Object,controller.SocketConnection]",panelFlipOption,5
C:\projects\Card-Game-Desktop-Application-Java--master\src\controller\SixCardGolfGamePanel.java,controller.SixCardGolfGamePanel,"packetReceived/2[java.lang.Object,controller.SocketConnection]",connection,0
C:\projects\Card-Game-Desktop-Application-Java--master\src\controller\SixCardGolfGamePanel.java,controller.SixCardGolfGamePanel,"packetReceived/2[java.lang.Object,controller.SocketConnection]",comboFlip1,4
C:\projects\Card-Game-Desktop-Application-Java--master\src\controller\SixCardGolfGamePanel.java,controller.SixCardGolfGamePanel,"packetReceived/2[java.lang.Object,controller.SocketConnection]",comboFlip2,4
C:\projects\Card-Game-Desktop-Application-Java--master\src\controller\SixCardGolfGamePanel.java,controller.SixCardGolfGamePanel,"packetReceived/2[java.lang.Object,controller.SocketConnection]",validInput,2
C:\projects\Card-Game-Desktop-Application-Java--master\src\controller\SixCardGolfGamePanel.java,controller.SixCardGolfGamePanel,"packetReceived/2[java.lang.Object,controller.SocketConnection]",flipOptions,2
C:\projects\Card-Game-Desktop-Application-Java--master\src\controller\SixCardGolfGamePanel.java,controller.SixCardGolfGamePanel,"packetReceived/2[java.lang.Object,controller.SocketConnection]",closePacket,5
C:\projects\Card-Game-Desktop-Application-Java--master\src\controller\SixCardGolfGamePanel.java,controller.SixCardGolfGamePanel,"packetReceived/2[java.lang.Object,controller.SocketConnection]",object,10
C:\projects\Card-Game-Desktop-Application-Java--master\src\controller\SixCardGolfGamePanel.java,controller.SixCardGolfGamePanel,"packetReceived/2[java.lang.Object,controller.SocketConnection]",closingConnection,2
C:\projects\Card-Game-Desktop-Application-Java--master\src\controller\SixCardGolfGamePanel.java,controller.SixCardGolfGamePanel,SixCardGolfGamePanel/0,scaledImage,1
C:\projects\Card-Game-Desktop-Application-Java--master\src\controller\SixCardGolfGamePanel.java,controller.SixCardGolfGamePanel,SixCardGolfGamePanel/0,gridLayout,1
C:\projects\Card-Game-Desktop-Application-Java--master\src\controller\SixCardGolfGamePanel.java,controller.SixCardGolfGamePanel,SixCardGolfGamePanel/0,img,2
C:\projects\Card-Game-Desktop-Application-Java--master\src\controller\SixCardGolfGamePanel.java,controller.SixCardGolfGamePanel,SixCardGolfGamePanel/0,cardPilePanel,6
C:\projects\Card-Game-Desktop-Application-Java--master\src\controller\SixCardGolfGamePanel.java,controller.SixCardGolfGamePanel,SixCardGolfGamePanel/0,e,1
C:\projects\Card-Game-Desktop-Application-Java--master\src\controller\SixCardGolfGamePanel.java,controller.SixCardGolfGamePanel,SixCardGolfGamePanel/0,buttonPanel,8
C:\projects\Card-Game-Desktop-Application-Java--master\src\controller\SixCardGolfGamePanel.java,controller.SixCardGolfGamePanel,SixCardGolfGamePanel/0,icon,2
C:\projects\Card-Game-Desktop-Application-Java--master\src\controller\SixCardGolfGamePanel.java,controller.SixCardGolfGamePanel,SixCardGolfGamePanel/0,i,3
C:\projects\Card-Game-Desktop-Application-Java--master\src\controller\SixCardGolfGamePanel.java,controller.SixCardGolfGamePanel,SixCardGolfGamePanel/0,gbc,18
C:\projects\Card-Game-Desktop-Application-Java--master\src\controller\SixCardGolfGamePanel.java,controller.SixCardGolfGamePanel,SixCardGolfGamePanel/0,j,3
C:\projects\Card-Game-Desktop-Application-Java--master\src\controller\SixCardGolfGamePanel.java,controller.SixCardGolfGamePanel,"refreshDisplayedCards/3[model.SixCardGolfPlayer[],model.PlayingCard,model.PlayingCard]",topOfDiscard,1
C:\projects\Card-Game-Desktop-Application-Java--master\src\controller\SixCardGolfGamePanel.java,controller.SixCardGolfGamePanel,"refreshDisplayedCards/3[model.SixCardGolfPlayer[],model.PlayingCard,model.PlayingCard]",drawnCard,1
C:\projects\Card-Game-Desktop-Application-Java--master\src\controller\SixCardGolfGamePanel.java,controller.SixCardGolfGamePanel,"refreshDisplayedCards/3[model.SixCardGolfPlayer[],model.PlayingCard,model.PlayingCard]",playerList,2
C:\projects\Card-Game-Desktop-Application-Java--master\src\controller\SixCardGolfGamePanel.java,controller.SixCardGolfGamePanel,"refreshDisplayedCards/3[model.SixCardGolfPlayer[],model.PlayingCard,model.PlayingCard]",i,5
C:\projects\Card-Game-Desktop-Application-Java--master\src\controller\SixCardGolfGamePanel.java,controller.SixCardGolfGamePanel,"refreshDisplayedCards/3[model.SixCardGolfPlayer[],model.PlayingCard,model.PlayingCard]",j,4
C:\projects\Card-Game-Desktop-Application-Java--master\src\controller\SixCardGolfGamePanel.java,controller.SixCardGolfGamePanel,saveStateToFile/1[java.io.File],oos,3
C:\projects\Card-Game-Desktop-Application-Java--master\src\controller\SixCardGolfGamePanel.java,controller.SixCardGolfGamePanel,saveStateToFile/1[java.io.File],types,3
C:\projects\Card-Game-Desktop-Application-Java--master\src\controller\SixCardGolfGamePanel.java,controller.SixCardGolfGamePanel,saveStateToFile/1[java.io.File],file,1
C:\projects\Card-Game-Desktop-Application-Java--master\src\controller\SixCardGolfGamePanel.java,controller.SixCardGolfGamePanel,saveStateToFile/1[java.io.File],i,6
C:\projects\Card-Game-Desktop-Application-Java--master\src\controller\SixCardGolfGamePanel.java,controller.SixCardGolfGamePanel,saveStateToFile/1[java.io.File],j,4
C:\projects\Card-Game-Desktop-Application-Java--master\src\controller\SixCardGolfGamePanel.java,controller.SixCardGolfGamePanel,saveStateToFile/1[java.io.File],fos,3
C:\projects\Card-Game-Desktop-Application-Java--master\src\controller\SixCardGolfGamePanel.java,controller.SixCardGolfGamePanel,saveStateToFile/1[java.io.File],gameState,3
C:\projects\Card-Game-Desktop-Application-Java--master\src\controller\SixCardGolfGamePanel.java,controller.SixCardGolfGamePanel,saveStateToFile/1[java.io.File],points,3
C:\projects\Card-Game-Desktop-Application-Java--master\src\controller\SixCardGolfGamePanel.java,controller.SixCardGolfGamePanel,startNewTurn/0,discardedCard,3
C:\projects\Card-Game-Desktop-Application-Java--master\src\controller\SixCardGolfGamePanel.java,controller.SixCardGolfGamePanel,startNewTurn/0,hasPlayed,16
C:\projects\Card-Game-Desktop-Application-Java--master\src\controller\SixCardGolfGamePanel.java,controller.SixCardGolfGamePanel,startNewTurn/0,c,3
C:\projects\Card-Game-Desktop-Application-Java--master\src\controller\SixCardGolfGamePanel.java,controller.SixCardGolfGamePanel,startNewTurn/0,topOfDiscard,8
C:\projects\Card-Game-Desktop-Application-Java--master\src\controller\SixCardGolfGamePanel.java,controller.SixCardGolfGamePanel,startNewTurn/0,drawnCard,14
C:\projects\Card-Game-Desktop-Application-Java--master\src\controller\SixCardGolfGamePanel.java,controller.SixCardGolfGamePanel,startNewTurn/0,resultsPacket,3
C:\projects\Card-Game-Desktop-Application-Java--master\src\controller\SixCardGolfGamePanel.java,controller.SixCardGolfGamePanel,startNewTurn/0,swapDest,14
C:\projects\Card-Game-Desktop-Application-Java--master\src\controller\SixCardGolfGamePanel.java,controller.SixCardGolfGamePanel,startNewTurn/0,i,94
C:\projects\Card-Game-Desktop-Application-Java--master\src\controller\SixCardGolfGamePanel.java,controller.SixCardGolfGamePanel,startNewTurn/0,j,5
C:\projects\Card-Game-Desktop-Application-Java--master\src\controller\SixCardGolfGamePanel.java,controller.SixCardGolfGamePanel,startNewTurn/0,somethingFaceDown,3
C:\projects\Card-Game-Desktop-Application-Java--master\src\controller\SixCardGolfGamePanel.java,controller.SixCardGolfGamePanel,startNewTurn/0,tempPacket,1
C:\projects\Card-Game-Desktop-Application-Java--master\src\controller\SixCardGolfGamePanel.java,controller.SixCardGolfGamePanel,startNewTurn/0,hasDrawn,7
C:\projects\Card-Game-Desktop-Application-Java--master\src\controller\SixCardGolfGamePanel.java,controller.SixCardGolfGamePanel,startNewTurn/0,highestValue,5
C:\projects\Card-Game-Desktop-Application-Java--master\src\controller\SixCardGolfGamePanel.java,controller.SixCardGolfGamePanel,startNewTurn/0,lastCard,1
C:\projects\Card-Game-Desktop-Application-Java--master\src\controller\SixCardGolfGamePanel.java,controller.SixCardGolfGamePanel,joinGame/1[java.lang.String],address,1
C:\projects\Card-Game-Desktop-Application-Java--master\src\controller\SixCardGolfGamePanel.java,controller.SixCardGolfGamePanel,joinGame/1[java.lang.String],e,1
C:\projects\Card-Game-Desktop-Application-Java--master\src\controller\SixCardGolfGamePanel.java,controller.SixCardGolfGamePanel,joinGame/1[java.lang.String],i,6
C:\projects\Card-Game-Desktop-Application-Java--master\src\controller\SixCardGolfGamePanel.java,controller.SixCardGolfGamePanel,joinGame/1[java.lang.String],socket,1
C:\projects\Card-Game-Desktop-Application-Java--master\src\controller\SixCardGolfGamePanel.java,controller.SixCardGolfGamePanel,checkIfPlayersFlipped/0,keepChecking,3
C:\projects\Card-Game-Desktop-Application-Java--master\src\controller\SixCardGolfGamePanel.java,controller.SixCardGolfGamePanel,checkIfPlayersFlipped/0,i,4
C:\projects\Card-Game-Desktop-Application-Java--master\src\controller\SixCardGolfGamePanel.java,controller.SixCardGolfGamePanel,checkIfPlayersFlipped/0,j,3
C:\projects\Card-Game-Desktop-Application-Java--master\src\controller\SixCardGolfGamePanel.java,controller.SixCardGolfGamePanel,actionPerformed/1[java.awt.event.ActionEvent],inputPacket,7
C:\projects\Card-Game-Desktop-Application-Java--master\src\controller\SixCardGolfGamePanel.java,controller.SixCardGolfGamePanel,actionPerformed/1[java.awt.event.ActionEvent],discardedCard,3
C:\projects\Card-Game-Desktop-Application-Java--master\src\controller\SixCardGolfGamePanel.java,controller.SixCardGolfGamePanel,actionPerformed/1[java.awt.event.ActionEvent],c,5
C:\projects\Card-Game-Desktop-Application-Java--master\src\controller\SixCardGolfGamePanel.java,controller.SixCardGolfGamePanel,actionPerformed/1[java.awt.event.ActionEvent],flipResult,1
C:\projects\Card-Game-Desktop-Application-Java--master\src\controller\SixCardGolfGamePanel.java,controller.SixCardGolfGamePanel,actionPerformed/1[java.awt.event.ActionEvent],e,1
C:\projects\Card-Game-Desktop-Application-Java--master\src\controller\SixCardGolfGamePanel.java,controller.SixCardGolfGamePanel,actionPerformed/1[java.awt.event.ActionEvent],topOfDiscard,11
C:\projects\Card-Game-Desktop-Application-Java--master\src\controller\SixCardGolfGamePanel.java,controller.SixCardGolfGamePanel,actionPerformed/1[java.awt.event.ActionEvent],swapDest,10
C:\projects\Card-Game-Desktop-Application-Java--master\src\controller\SixCardGolfGamePanel.java,controller.SixCardGolfGamePanel,actionPerformed/1[java.awt.event.ActionEvent],i,59
C:\projects\Card-Game-Desktop-Application-Java--master\src\controller\SixCardGolfGamePanel.java,controller.SixCardGolfGamePanel,actionPerformed/1[java.awt.event.ActionEvent],j,4
C:\projects\Card-Game-Desktop-Application-Java--master\src\controller\SixCardGolfGamePanel.java,controller.SixCardGolfGamePanel,actionPerformed/1[java.awt.event.ActionEvent],tempCard,7
C:\projects\Card-Game-Desktop-Application-Java--master\src\controller\SixCardGolfGamePanel.java,controller.SixCardGolfGamePanel,actionPerformed/1[java.awt.event.ActionEvent],selectionFound,3
C:\projects\Card-Game-Desktop-Application-Java--master\src\controller\SixCardGolfGamePanel.java,controller.SixCardGolfGamePanel,actionPerformed/1[java.awt.event.ActionEvent],textAreaFlipMessage,3
C:\projects\Card-Game-Desktop-Application-Java--master\src\controller\SixCardGolfGamePanel.java,controller.SixCardGolfGamePanel,actionPerformed/1[java.awt.event.ActionEvent],tempPacket,5
C:\projects\Card-Game-Desktop-Application-Java--master\src\controller\SixCardGolfGamePanel.java,controller.SixCardGolfGamePanel,actionPerformed/1[java.awt.event.ActionEvent],panelFlipOption,5
C:\projects\Card-Game-Desktop-Application-Java--master\src\controller\SixCardGolfGamePanel.java,controller.SixCardGolfGamePanel,actionPerformed/1[java.awt.event.ActionEvent],comboFlip1,6
C:\projects\Card-Game-Desktop-Application-Java--master\src\controller\SixCardGolfGamePanel.java,controller.SixCardGolfGamePanel,actionPerformed/1[java.awt.event.ActionEvent],comboFlip2,6
C:\projects\Card-Game-Desktop-Application-Java--master\src\controller\SixCardGolfGamePanel.java,controller.SixCardGolfGamePanel,actionPerformed/1[java.awt.event.ActionEvent],event,4
C:\projects\Card-Game-Desktop-Application-Java--master\src\controller\SixCardGolfGamePanel.java,controller.SixCardGolfGamePanel,actionPerformed/1[java.awt.event.ActionEvent],validInput,2
C:\projects\Card-Game-Desktop-Application-Java--master\src\controller\SixCardGolfGamePanel.java,controller.SixCardGolfGamePanel,actionPerformed/1[java.awt.event.ActionEvent],flipOptions,2
C:\projects\Card-Game-Desktop-Application-Java--master\src\controller\SixCardGolfGamePanel.java,controller.SixCardGolfGamePanel,updateTurnColors/1[int],turnNumber,1
C:\projects\Card-Game-Desktop-Application-Java--master\src\controller\SixCardGolfGamePanel.java,controller.SixCardGolfGamePanel,updateTurnColors/1[int],i,5
C:\projects\Card-Game-Desktop-Application-Java--master\src\controller\SixCardGolfGamePanel.java,controller.SixCardGolfGamePanel,close/0,c,2
C:\projects\Card-Game-Desktop-Application-Java--master\src\controller\SixCardGolfGamePanel.java,controller.SixCardGolfGamePanel,close/0,e,3
C:\projects\Card-Game-Desktop-Application-Java--master\src\controller\SixCardGolfGamePanel.java,controller.SixCardGolfGamePanel,close/0,closePacket,3
C:\projects\Card-Game-Desktop-Application-Java--master\src\controller\SixCardGolfGamePanel.java,controller.SixCardGolfGamePanel,setDrawnIcon/1[model.PlayingCard],scaledImage,1
C:\projects\Card-Game-Desktop-Application-Java--master\src\controller\SixCardGolfGamePanel.java,controller.SixCardGolfGamePanel,setDrawnIcon/1[model.PlayingCard],img,3
C:\projects\Card-Game-Desktop-Application-Java--master\src\controller\SixCardGolfGamePanel.java,controller.SixCardGolfGamePanel,setDrawnIcon/1[model.PlayingCard],e,1
C:\projects\Card-Game-Desktop-Application-Java--master\src\controller\SixCardGolfGamePanel.java,controller.SixCardGolfGamePanel,setDrawnIcon/1[model.PlayingCard],icon,2
C:\projects\Card-Game-Desktop-Application-Java--master\src\controller\SixCardGolfGamePanel.java,controller.SixCardGolfGamePanel,setDrawnIcon/1[model.PlayingCard],card,3
C:\projects\Card-Game-Desktop-Application-Java--master\src\controller\SixCardGolfGamePanel.java,controller.SixCardGolfGamePanel,setDrawnIcon/1[model.PlayingCard],cardDisplayHeight,2
C:\projects\Card-Game-Desktop-Application-Java--master\src\controller\SixCardGolfGamePanel.java,controller.SixCardGolfGamePanel,setDrawnIcon/1[model.PlayingCard],cardDisplayWidth,1
C:\projects\Card-Game-Desktop-Application-Java--master\src\controller\SixCardGolfGamePanel.java,controller.SixCardGolfGamePanel,setDiscardIcon/1[model.PlayingCard],scaledImage,1
C:\projects\Card-Game-Desktop-Application-Java--master\src\controller\SixCardGolfGamePanel.java,controller.SixCardGolfGamePanel,setDiscardIcon/1[model.PlayingCard],img,3
C:\projects\Card-Game-Desktop-Application-Java--master\src\controller\SixCardGolfGamePanel.java,controller.SixCardGolfGamePanel,setDiscardIcon/1[model.PlayingCard],e,1
C:\projects\Card-Game-Desktop-Application-Java--master\src\controller\SixCardGolfGamePanel.java,controller.SixCardGolfGamePanel,setDiscardIcon/1[model.PlayingCard],icon,2
C:\projects\Card-Game-Desktop-Application-Java--master\src\controller\SixCardGolfGamePanel.java,controller.SixCardGolfGamePanel,setDiscardIcon/1[model.PlayingCard],card,3
C:\projects\Card-Game-Desktop-Application-Java--master\src\controller\SixCardGolfGamePanel.java,controller.SixCardGolfGamePanel,setDiscardIcon/1[model.PlayingCard],cardDisplayHeight,2
C:\projects\Card-Game-Desktop-Application-Java--master\src\controller\SixCardGolfGamePanel.java,controller.SixCardGolfGamePanel,setDiscardIcon/1[model.PlayingCard],cardDisplayWidth,1
C:\projects\Card-Game-Desktop-Application-Java--master\src\controller\SixCardGolfGamePanel.java,controller.SixCardGolfGamePanel,loadStateFromFile/1[java.io.File],fis,2
C:\projects\Card-Game-Desktop-Application-Java--master\src\controller\SixCardGolfGamePanel.java,controller.SixCardGolfGamePanel,loadStateFromFile/1[java.io.File],file,1
C:\projects\Card-Game-Desktop-Application-Java--master\src\controller\SixCardGolfGamePanel.java,controller.SixCardGolfGamePanel,loadStateFromFile/1[java.io.File],e,1
C:\projects\Card-Game-Desktop-Application-Java--master\src\controller\SixCardGolfGamePanel.java,controller.SixCardGolfGamePanel,loadStateFromFile/1[java.io.File],ois,2
C:\projects\Card-Game-Desktop-Application-Java--master\src\controller\SixCardGolfGamePanel.java,controller.SixCardGolfGamePanel,loadStateFromFile/1[java.io.File],i,6
C:\projects\Card-Game-Desktop-Application-Java--master\src\controller\SixCardGolfGamePanel.java,controller.SixCardGolfGamePanel,loadStateFromFile/1[java.io.File],j,4
C:\projects\Card-Game-Desktop-Application-Java--master\src\controller\SixCardGolfGamePanel.java,controller.SixCardGolfGamePanel,loadStateFromFile/1[java.io.File],gameState,10
C:\projects\Card-Game-Desktop-Application-Java--master\src\controller\BlackjackSetupPanel.java,controller.BlackjackSetupPanel,BlackjackSetupPanel/0,gbc,107
C:\projects\Card-Game-Desktop-Application-Java--master\src\controller\BlackjackSetupPanel.java,controller.BlackjackSetupPanel,actionPerformed/1[java.awt.event.ActionEvent],parent,5
C:\projects\Card-Game-Desktop-Application-Java--master\src\controller\BlackjackSetupPanel.java,controller.BlackjackSetupPanel,actionPerformed/1[java.awt.event.ActionEvent],exc,0
C:\projects\Card-Game-Desktop-Application-Java--master\src\controller\BlackjackSetupPanel.java,controller.BlackjackSetupPanel,actionPerformed/1[java.awt.event.ActionEvent],PT4,1
C:\projects\Card-Game-Desktop-Application-Java--master\src\controller\BlackjackSetupPanel.java,controller.BlackjackSetupPanel,actionPerformed/1[java.awt.event.ActionEvent],inputError,4
C:\projects\Card-Game-Desktop-Application-Java--master\src\controller\BlackjackSetupPanel.java,controller.BlackjackSetupPanel,actionPerformed/1[java.awt.event.ActionEvent],event,2
C:\projects\Card-Game-Desktop-Application-Java--master\src\controller\BlackjackSetupPanel.java,controller.BlackjackSetupPanel,actionPerformed/1[java.awt.event.ActionEvent],PT1,1
C:\projects\Card-Game-Desktop-Application-Java--master\src\controller\BlackjackSetupPanel.java,controller.BlackjackSetupPanel,actionPerformed/1[java.awt.event.ActionEvent],startPoints,3
C:\projects\Card-Game-Desktop-Application-Java--master\src\controller\BlackjackSetupPanel.java,controller.BlackjackSetupPanel,actionPerformed/1[java.awt.event.ActionEvent],PT3,1
C:\projects\Card-Game-Desktop-Application-Java--master\src\controller\BlackjackSetupPanel.java,controller.BlackjackSetupPanel,actionPerformed/1[java.awt.event.ActionEvent],frame,5
C:\projects\Card-Game-Desktop-Application-Java--master\src\controller\BlackjackSetupPanel.java,controller.BlackjackSetupPanel,actionPerformed/1[java.awt.event.ActionEvent],PT2,1
C:\projects\Card-Game-Desktop-Application-Java--master\src\controller\IntroductionPanel.java,controller.IntroductionPanel,IntroductionPanel/0,gbc,10
C:\projects\Card-Game-Desktop-Application-Java--master\src\controller\IntroductionPanel.java,controller.IntroductionPanel,IntroductionPanel/0,labelTitle,3
C:\projects\Card-Game-Desktop-Application-Java--master\src\controller\IntroductionPanel.java,controller.IntroductionPanel,IntroductionPanel/0,textArea,9
C:\projects\Card-Game-Desktop-Application-Java--master\src\controller\SixCardGolfGamePanel.java,controller.SixCardGolfGamePanel$SixCardGolfPlayerPanel,setTurnColor/1[boolean],isMyTurn,1
C:\projects\Card-Game-Desktop-Application-Java--master\src\controller\SixCardGolfGamePanel.java,controller.SixCardGolfGamePanel$SixCardGolfPlayerPanel,SixCardGolfPlayerPanel/1[java.lang.String],scaledImage,1
C:\projects\Card-Game-Desktop-Application-Java--master\src\controller\SixCardGolfGamePanel.java,controller.SixCardGolfGamePanel$SixCardGolfPlayerPanel,SixCardGolfPlayerPanel/1[java.lang.String],img,1
C:\projects\Card-Game-Desktop-Application-Java--master\src\controller\SixCardGolfGamePanel.java,controller.SixCardGolfGamePanel$SixCardGolfPlayerPanel,SixCardGolfPlayerPanel/1[java.lang.String],e,1
C:\projects\Card-Game-Desktop-Application-Java--master\src\controller\SixCardGolfGamePanel.java,controller.SixCardGolfGamePanel$SixCardGolfPlayerPanel,SixCardGolfPlayerPanel/1[java.lang.String],name,1
C:\projects\Card-Game-Desktop-Application-Java--master\src\controller\SixCardGolfGamePanel.java,controller.SixCardGolfGamePanel$SixCardGolfPlayerPanel,SixCardGolfPlayerPanel/1[java.lang.String],icon,1
C:\projects\Card-Game-Desktop-Application-Java--master\src\controller\SixCardGolfGamePanel.java,controller.SixCardGolfGamePanel$SixCardGolfPlayerPanel,SixCardGolfPlayerPanel/1[java.lang.String],i,11
C:\projects\Card-Game-Desktop-Application-Java--master\src\controller\SixCardGolfGamePanel.java,controller.SixCardGolfGamePanel$SixCardGolfPlayerPanel,SixCardGolfPlayerPanel/1[java.lang.String],gbc,15
C:\projects\Card-Game-Desktop-Application-Java--master\src\controller\SixCardGolfGamePanel.java,controller.SixCardGolfGamePanel$SixCardGolfPlayerPanel,setToggleButtonsEnabled/1[boolean],i,3
C:\projects\Card-Game-Desktop-Application-Java--master\src\controller\SixCardGolfGamePanel.java,controller.SixCardGolfGamePanel$SixCardGolfPlayerPanel,setToggleButtonsEnabled/1[boolean],enabled,1
C:\projects\Card-Game-Desktop-Application-Java--master\src\controller\SixCardGolfGamePanel.java,controller.SixCardGolfGamePanel$SixCardGolfPlayerPanel,getCardToggleButton/1[int],index,1
C:\projects\Card-Game-Desktop-Application-Java--master\src\controller\SixCardGolfGamePanel.java,controller.SixCardGolfGamePanel$SixCardGolfPlayerPanel,setDisplayedPoints/1[int],points,1
C:\projects\Card-Game-Desktop-Application-Java--master\src\controller\SixCardGolfGamePanel.java,controller.SixCardGolfGamePanel$SixCardGolfPlayerPanel,"swapCard/2[int,model.PlayingCard]",scaledImage,1
C:\projects\Card-Game-Desktop-Application-Java--master\src\controller\SixCardGolfGamePanel.java,controller.SixCardGolfGamePanel$SixCardGolfPlayerPanel,"swapCard/2[int,model.PlayingCard]",img,1
C:\projects\Card-Game-Desktop-Application-Java--master\src\controller\SixCardGolfGamePanel.java,controller.SixCardGolfGamePanel$SixCardGolfPlayerPanel,"swapCard/2[int,model.PlayingCard]",e,1
C:\projects\Card-Game-Desktop-Application-Java--master\src\controller\SixCardGolfGamePanel.java,controller.SixCardGolfGamePanel$SixCardGolfPlayerPanel,"swapCard/2[int,model.PlayingCard]",icon,2
C:\projects\Card-Game-Desktop-Application-Java--master\src\controller\SixCardGolfGamePanel.java,controller.SixCardGolfGamePanel$SixCardGolfPlayerPanel,"swapCard/2[int,model.PlayingCard]",index,6
C:\projects\Card-Game-Desktop-Application-Java--master\src\controller\SixCardGolfGamePanel.java,controller.SixCardGolfGamePanel$SixCardGolfPlayerPanel,"swapCard/2[int,model.PlayingCard]",card,2
C:\projects\Card-Game-Desktop-Application-Java--master\src\controller\SixCardGolfGamePanel.java,controller.SixCardGolfGamePanel$SixCardGolfPlayerPanel,clearForNewRound/0,i,7
C:\projects\Card-Game-Desktop-Application-Java--master\src\controller\SixCardGolfGamePanel.java,controller.SixCardGolfGamePanel$SixCardGolfPlayerPanel,setColors/1[controller.SixCardGolfGamePanel.SixCardGolfPlayerType],playerType,4
C:\projects\Card-Game-Desktop-Application-Java--master\src\model\SixCardGolfPlayer.java,model.SixCardGolfPlayer,setPlayerType/1[controller.SixCardGolfGamePanel.SixCardGolfPlayerType],playerType,2
C:\projects\Card-Game-Desktop-Application-Java--master\src\model\SixCardGolfPlayer.java,model.SixCardGolfPlayer,clearPoints/0,i,3
C:\projects\Card-Game-Desktop-Application-Java--master\src\model\SixCardGolfPlayer.java,model.SixCardGolfPlayer,"setScore/2[int,int]",roundNumber,2
C:\projects\Card-Game-Desktop-Application-Java--master\src\model\SixCardGolfPlayer.java,model.SixCardGolfPlayer,"setScore/2[int,int]",newScore,1
C:\projects\Card-Game-Desktop-Application-Java--master\src\model\SixCardGolfPlayer.java,model.SixCardGolfPlayer,getTotalScore/1[int],i,3
C:\projects\Card-Game-Desktop-Application-Java--master\src\model\SixCardGolfPlayer.java,model.SixCardGolfPlayer,getTotalScore/1[int],gameLength,1
C:\projects\Card-Game-Desktop-Application-Java--master\src\model\SixCardGolfPlayer.java,model.SixCardGolfPlayer,getTotalScore/1[int],totalScore,2
C:\projects\Card-Game-Desktop-Application-Java--master\src\model\SixCardGolfPlayer.java,model.SixCardGolfPlayer,"SixCardGolfPlayer/2[int,controller.SixCardGolfGamePanel.SixCardGolfPlayerType]",playerNumber,2
C:\projects\Card-Game-Desktop-Application-Java--master\src\model\SixCardGolfPlayer.java,model.SixCardGolfPlayer,"SixCardGolfPlayer/2[int,controller.SixCardGolfGamePanel.SixCardGolfPlayerType]",playerType,2
C:\projects\Card-Game-Desktop-Application-Java--master\src\model\SixCardGolfPlayer.java,model.SixCardGolfPlayer,getPoints/1[int],roundNumber,1
C:\projects\Card-Game-Desktop-Application-Java--master\src\model\SixCardGolfPlayer.java,model.SixCardGolfPlayer,getHandValue/0,totalValue,12
C:\projects\Card-Game-Desktop-Application-Java--master\src\model\SixCardGolfPlayer.java,model.SixCardGolfPlayer,getHandValue/0,i,20
C:\projects\Card-Game-Desktop-Application-Java--master\src\model\SixCardGolfPlayer.java,model.SixCardGolfPlayer,getHandValue/0,j,14
C:\projects\Card-Game-Desktop-Application-Java--master\src\model\SixCardGolfPlayer.java,model.SixCardGolfPlayer,clearHand/0,i,3
C:\projects\Card-Game-Desktop-Application-Java--master\src\model\SixCardGolfPlayer.java,model.SixCardGolfPlayer,FaceUpCardCount/0,faceUpCount,2
C:\projects\Card-Game-Desktop-Application-Java--master\src\model\SixCardGolfPlayer.java,model.SixCardGolfPlayer,FaceUpCardCount/0,i,3
C:\projects\Card-Game-Desktop-Application-Java--master\src\model\SixCardGolfPlayer.java,model.SixCardGolfPlayer,setConnectionNumber/1[int],connectionNumber,2
C:\projects\Card-Game-Desktop-Application-Java--master\src\model\BlackjackRoundResultsPacket.java,model.BlackjackRoundResultsPacket,"BlackjackRoundResultsPacket/2[java.util.ArrayList<model.BlackjackPlayer>,int[][]]",players,2
C:\projects\Card-Game-Desktop-Application-Java--master\src\model\BlackjackRoundResultsPacket.java,model.BlackjackRoundResultsPacket,"BlackjackRoundResultsPacket/2[java.util.ArrayList<model.BlackjackPlayer>,int[][]]",results,2
C:\projects\Card-Game-Desktop-Application-Java--master\src\model\BlackjackRoundResultsPacket.java,model.BlackjackRoundResultsPacket,"getResult/2[int,int]",playerNumber,1
C:\projects\Card-Game-Desktop-Application-Java--master\src\model\BlackjackRoundResultsPacket.java,model.BlackjackRoundResultsPacket,"getResult/2[int,int]",handNumber,1
C:\projects\Card-Game-Desktop-Application-Java--master\src\controller\ChatFrame.java,controller.ChatFrame$Anonymous1,run/0,e,1
C:\projects\Card-Game-Desktop-Application-Java--master\src\controller\ChatFrame.java,controller.ChatFrame$Anonymous1,run/0,socket,1
C:\projects\Card-Game-Desktop-Application-Java--master\src\controller\LengthLimitedDocument.java,controller.LengthLimitedDocument,"insertString/3[int,java.lang.String,javax.swing.text.AttributeSet]",str,3
C:\projects\Card-Game-Desktop-Application-Java--master\src\controller\LengthLimitedDocument.java,controller.LengthLimitedDocument,"insertString/3[int,java.lang.String,javax.swing.text.AttributeSet]",offset,1
C:\projects\Card-Game-Desktop-Application-Java--master\src\controller\LengthLimitedDocument.java,controller.LengthLimitedDocument,"insertString/3[int,java.lang.String,javax.swing.text.AttributeSet]",attr,1
C:\projects\Card-Game-Desktop-Application-Java--master\src\controller\LengthLimitedDocument.java,controller.LengthLimitedDocument,LengthLimitedDocument/1[int],limit,2
C:\projects\Card-Game-Desktop-Application-Java--master\src\model\SixCardGolfClientActionPacket.java,model.SixCardGolfClientActionPacket,"SixCardGolfClientActionPacket/3[int,model.SixCardGolfClientActionPacket.SixCardGolfButtonInput,int]",playerNumber,2
C:\projects\Card-Game-Desktop-Application-Java--master\src\model\SixCardGolfClientActionPacket.java,model.SixCardGolfClientActionPacket,"SixCardGolfClientActionPacket/3[int,model.SixCardGolfClientActionPacket.SixCardGolfButtonInput,int]",input,2
C:\projects\Card-Game-Desktop-Application-Java--master\src\model\SixCardGolfClientActionPacket.java,model.SixCardGolfClientActionPacket,"SixCardGolfClientActionPacket/3[int,model.SixCardGolfClientActionPacket.SixCardGolfButtonInput,int]",cardSlot,2
C:\projects\Card-Game-Desktop-Application-Java--master\src\model\SixCardGolfSavedState.java,model.SixCardGolfSavedState,"SixCardGolfSavedState/5[int[][],controller.SixCardGolfGamePanel.SixCardGolfPlayerType[],int,int,int]",roundNumber,2
C:\projects\Card-Game-Desktop-Application-Java--master\src\model\SixCardGolfSavedState.java,model.SixCardGolfSavedState,"SixCardGolfSavedState/5[int[][],controller.SixCardGolfGamePanel.SixCardGolfPlayerType[],int,int,int]",playerTypes,2
C:\projects\Card-Game-Desktop-Application-Java--master\src\model\SixCardGolfSavedState.java,model.SixCardGolfSavedState,"SixCardGolfSavedState/5[int[][],controller.SixCardGolfGamePanel.SixCardGolfPlayerType[],int,int,int]",goesFirstNumber,2
C:\projects\Card-Game-Desktop-Application-Java--master\src\model\SixCardGolfSavedState.java,model.SixCardGolfSavedState,"SixCardGolfSavedState/5[int[][],controller.SixCardGolfGamePanel.SixCardGolfPlayerType[],int,int,int]",playerPoints,2
C:\projects\Card-Game-Desktop-Application-Java--master\src\model\SixCardGolfSavedState.java,model.SixCardGolfSavedState,"SixCardGolfSavedState/5[int[][],controller.SixCardGolfGamePanel.SixCardGolfPlayerType[],int,int,int]",gameLength,2
C:\projects\Card-Game-Desktop-Application-Java--master\src\model\BlackjackClientActionPacket.java,model.BlackjackClientActionPacket,"BlackjackClientActionPacket/3[int,int,model.BlackjackClientActionPacket.BlackjackButtonInput]",playerNumber,2
C:\projects\Card-Game-Desktop-Application-Java--master\src\model\BlackjackClientActionPacket.java,model.BlackjackClientActionPacket,"BlackjackClientActionPacket/3[int,int,model.BlackjackClientActionPacket.BlackjackButtonInput]",input,2
C:\projects\Card-Game-Desktop-Application-Java--master\src\model\BlackjackClientActionPacket.java,model.BlackjackClientActionPacket,"BlackjackClientActionPacket/3[int,int,model.BlackjackClientActionPacket.BlackjackButtonInput]",handNumber,2
C:\projects\Card-Game-Desktop-Application-Java--master\src\controller\SixCardGolfSetupPanel.java,controller.SixCardGolfSetupPanel,SixCardGolfSetupPanel/0,gbc,96
C:\projects\Card-Game-Desktop-Application-Java--master\src\controller\SixCardGolfSetupPanel.java,controller.SixCardGolfSetupPanel,actionPerformed/1[java.awt.event.ActionEvent],parent,5
C:\projects\Card-Game-Desktop-Application-Java--master\src\controller\SixCardGolfSetupPanel.java,controller.SixCardGolfSetupPanel,actionPerformed/1[java.awt.event.ActionEvent],PT4,1
C:\projects\Card-Game-Desktop-Application-Java--master\src\controller\SixCardGolfSetupPanel.java,controller.SixCardGolfSetupPanel,actionPerformed/1[java.awt.event.ActionEvent],inputError,3
C:\projects\Card-Game-Desktop-Application-Java--master\src\controller\SixCardGolfSetupPanel.java,controller.SixCardGolfSetupPanel,actionPerformed/1[java.awt.event.ActionEvent],event,2
C:\projects\Card-Game-Desktop-Application-Java--master\src\controller\SixCardGolfSetupPanel.java,controller.SixCardGolfSetupPanel,actionPerformed/1[java.awt.event.ActionEvent],PT1,1
C:\projects\Card-Game-Desktop-Application-Java--master\src\controller\SixCardGolfSetupPanel.java,controller.SixCardGolfSetupPanel,actionPerformed/1[java.awt.event.ActionEvent],PT3,1
C:\projects\Card-Game-Desktop-Application-Java--master\src\controller\SixCardGolfSetupPanel.java,controller.SixCardGolfSetupPanel,actionPerformed/1[java.awt.event.ActionEvent],frame,5
C:\projects\Card-Game-Desktop-Application-Java--master\src\controller\SixCardGolfSetupPanel.java,controller.SixCardGolfSetupPanel,actionPerformed/1[java.awt.event.ActionEvent],selectedGameLength,5
C:\projects\Card-Game-Desktop-Application-Java--master\src\controller\SixCardGolfSetupPanel.java,controller.SixCardGolfSetupPanel,actionPerformed/1[java.awt.event.ActionEvent],PT2,1
