file,class,type,cbo,cboModified,fanin,fanout,wmc,dit,noc,rfc,lcom,lcom*,tcc,lcc,totalMethodsQty,staticMethodsQty,publicMethodsQty,privateMethodsQty,protectedMethodsQty,defaultMethodsQty,visibleMethodsQty,abstractMethodsQty,finalMethodsQty,synchronizedMethodsQty,totalFieldsQty,staticFieldsQty,publicFieldsQty,privateFieldsQty,protectedFieldsQty,defaultFieldsQty,finalFieldsQty,synchronizedFieldsQty,nosi,loc,returnQty,loopQty,comparisonsQty,tryCatchQty,parenthesizedExpsQty,stringLiteralsQty,numbersQty,assignmentsQty,mathOperationsQty,variablesQty,maxNestedBlocksQty,anonymousClassesQty,innerClassesQty,lambdasQty,uniqueWordsQty,modifiers,logStatementsQty
C:\projects\hearts-game-java-master\test\main\model\DeckTests.java,main.model.DeckTests,class,3,3,0,3,7,1,0,6,1,0.0,0.0,0.0,2,0,0,0,0,2,2,0,0,0,0,0,0,0,0,0,0,0,0,41,0,1,4,0,0,0,13,16,0,12,2,0,0,0,19,0,0
C:\projects\hearts-game-java-master\src\main\HeartsApplication.java,main.HeartsApplication,class,3,3,0,3,1,1,0,1,0,0.0,NaN,NaN,1,1,1,0,0,0,1,0,0,0,0,0,0,0,0,0,0,0,0,8,0,0,0,0,0,0,0,3,0,3,0,0,0,0,24,1,0
C:\projects\hearts-game-java-master\src\main\constant\Rank.java,main.constant.Rank,enum,0,6,6,0,0,1,0,0,0,0.0,-1.0,-1.0,0,0,0,0,0,0,0,0,0,0,0,0,0,0,0,0,0,0,0,1,0,0,0,0,0,0,0,0,0,0,0,0,0,0,37,1,0
C:\projects\hearts-game-java-master\test\main\model\CardTests.java,main.model.CardTests,class,4,4,0,4,4,1,0,7,6,0.0,0.0,0.0,4,0,4,0,0,0,4,0,0,0,0,0,0,0,0,0,0,0,0,56,0,0,0,0,0,10,3,33,0,33,0,0,0,0,51,1,0
C:\projects\hearts-game-java-master\src\main\constant\Suit.java,main.constant.Suit,enum,0,4,4,0,0,1,0,0,0,0.0,-1.0,-1.0,0,0,0,0,0,0,0,0,0,0,0,0,0,0,0,0,0,0,0,1,0,0,0,0,0,0,0,0,0,0,0,0,0,0,40,1,0
C:\projects\hearts-game-java-master\src\main\model\Player.java,main.model.Player$Anonymous1,anonymous,1,1,0,1,2,1,0,1,0,0.0,NaN,NaN,1,0,1,0,0,0,1,0,0,0,0,0,0,0,0,0,0,0,0,10,2,0,0,0,0,0,2,0,0,0,1,0,0,0,3,-1,0
C:\projects\hearts-game-java-master\test\main\model\PlayerTests.java,main.model.PlayerTests,class,5,5,0,5,18,1,0,28,120,0.0,0.0,0.0,16,0,0,0,0,16,16,0,0,0,0,0,0,0,0,0,0,0,2,425,0,2,0,0,0,2,75,160,0,160,1,0,0,0,98,0,0
C:\projects\hearts-game-java-master\src\main\view\GameUI.java,main.view.GameUI,class,3,6,3,3,41,1,0,25,66,0.0,0.0,0.0,12,0,12,0,0,0,12,0,0,0,0,0,0,0,0,0,0,0,6,202,3,8,10,2,0,90,29,39,14,27,4,0,0,0,187,1,0
C:\projects\hearts-game-java-master\test\main\model\DealerTests.java,main.model.DealerTests,class,8,8,0,8,58,1,0,39,276,0.0,0.0,0.0,24,0,0,0,0,24,24,0,0,0,0,0,0,0,0,0,0,0,29,545,0,34,0,0,0,90,120,130,0,122,1,0,0,0,109,0,0
C:\projects\hearts-game-java-master\src\main\model\Bot.java,main.model.Bot,class,2,6,4,2,19,2,0,11,1,0.0,0.0,0.0,2,0,2,0,0,0,2,0,0,0,0,0,0,0,0,0,0,0,0,64,6,2,6,0,3,0,4,12,0,7,4,1,0,0,61,1,0
C:\projects\hearts-game-java-master\src\main\model\Deck.java,main.model.Deck,class,3,5,2,3,4,1,0,4,0,0.0,1.0,1.0,2,0,2,0,0,0,2,0,0,0,1,0,0,1,0,0,0,0,3,15,1,2,0,0,0,0,0,1,0,1,2,0,0,0,35,1,0
C:\projects\hearts-game-java-master\src\main\controller\GameController.java,main.controller.GameController,class,6,8,2,6,10,1,0,45,0,0.0,1.0,1.0,4,0,2,2,0,0,2,0,0,0,2,0,0,2,0,0,0,0,0,70,0,3,1,0,0,0,1,14,1,14,4,0,0,0,108,1,0
C:\projects\hearts-game-java-master\src\main\model\Human.java,main.model.Human,class,1,3,2,1,0,2,0,0,0,0.0,-1.0,-1.0,0,0,0,0,0,0,0,0,0,0,0,0,0,0,0,0,0,0,0,2,0,0,0,0,0,0,0,0,0,0,0,0,0,0,32,1,0
C:\projects\hearts-game-java-master\test\main\model\BotTests.java,main.model.BotTests,class,5,5,0,5,17,1,0,14,91,0.0,0.0,0.0,14,0,0,0,0,14,14,0,0,0,0,0,0,0,0,0,0,0,3,322,0,3,0,0,0,28,28,139,0,133,1,0,0,0,61,0,0
C:\projects\hearts-game-java-master\src\main\model\Player.java,main.model.Player,class,2,10,8,2,52,1,2,19,46,0.6923077,0.20512821,0.20512821,13,0,13,0,0,0,13,0,0,0,2,0,0,2,0,0,0,0,0,154,14,14,9,0,2,0,9,13,4,9,4,1,0,0,107,1,0
C:\projects\hearts-game-java-master\src\main\model\Card.java,main.model.Card,class,2,15,13,2,20,1,0,2,0,0.60714287,0.51648355,1.0,14,0,14,0,0,0,14,0,0,0,4,0,0,4,0,0,0,0,0,69,12,0,5,0,0,6,1,9,3,5,1,0,0,0,93,1,0
C:\projects\hearts-game-java-master\src\main\model\Dealer.java,main.model.Dealer,class,6,12,6,6,95,1,0,34,417,0.8730158,0.1462185,0.40840337,35,0,35,0,0,0,35,0,0,0,10,1,1,9,0,0,1,0,0,364,50,5,20,0,2,46,35,63,1,42,3,0,0,0,225,1,0
C:\projects\hearts-game-java-master\src\main\model\Bot.java,main.model.Bot$Anonymous1,anonymous,1,1,0,1,2,1,0,1,0,0.0,NaN,NaN,1,0,1,0,0,0,1,0,0,0,0,0,0,0,0,0,0,0,0,10,2,0,0,0,0,0,4,0,2,0,1,0,0,0,3,-1,0
