file,class,method,variable,usage
C:\projects\hearts-game-java-master\src\main\model\Deck.java,main.model.Deck,getDeckCards/0,deckCards,1
C:\projects\hearts-game-java-master\src\main\model\Deck.java,main.model.Deck,Deck/0,deckCards,3
C:\projects\hearts-game-java-master\src\main\controller\GameController.java,main.controller.GameController,newRound/0,dealer,2
C:\projects\hearts-game-java-master\src\main\controller\GameController.java,main.controller.GameController,newRound/0,gameUI,1
C:\projects\hearts-game-java-master\src\main\controller\GameController.java,main.controller.GameController,"GameController/2[main.model.Dealer,main.view.GameUI]",dealer,4
C:\projects\hearts-game-java-master\src\main\controller\GameController.java,main.controller.GameController,"GameController/2[main.model.Dealer,main.view.GameUI]",gameUI,4
C:\projects\hearts-game-java-master\src\main\controller\GameController.java,main.controller.GameController,startGame/0,dealer,32
C:\projects\hearts-game-java-master\src\main\controller\GameController.java,main.controller.GameController,startGame/0,gameUI,8
C:\projects\hearts-game-java-master\src\main\controller\GameController.java,main.controller.GameController,initiatePassing/0,dealer,4
C:\projects\hearts-game-java-master\src\main\controller\GameController.java,main.controller.GameController,initiatePassing/0,gameUI,2
C:\projects\hearts-game-java-master\src\main\model\Player.java,main.model.Player,hasTwoOfClubs/0,handCards,1
C:\projects\hearts-game-java-master\src\main\model\Player.java,main.model.Player,setId/1[java.lang.String],id,4
C:\projects\hearts-game-java-master\src\main\model\Player.java,main.model.Player,"updateCardPickability/3[java.util.List<main.model.Card>,boolean,boolean]",handCards,7
C:\projects\hearts-game-java-master\src\main\model\Player.java,main.model.Player,fillHandCards/1[java.util.List<main.model.Card>],handCards,2
C:\projects\hearts-game-java-master\src\main\model\Player.java,main.model.Player,removeHand/1[main.model.Card],handCards,3
C:\projects\hearts-game-java-master\src\main\model\Player.java,main.model.Player,getId/0,id,1
C:\projects\hearts-game-java-master\src\main\model\Player.java,main.model.Player,addCardsToHand/1[java.util.List<main.model.Card>],handCards,1
C:\projects\hearts-game-java-master\src\main\model\Player.java,main.model.Player,getHandCards/0,handCards,2
C:\projects\hearts-game-java-master\src\main\model\Card.java,main.model.Card,"Card/3[main.constant.Suit,main.constant.Rank,boolean]",pickable,4
C:\projects\hearts-game-java-master\src\main\model\Card.java,main.model.Card,"Card/3[main.constant.Suit,main.constant.Rank,boolean]",rank,4
C:\projects\hearts-game-java-master\src\main\model\Card.java,main.model.Card,"Card/3[main.constant.Suit,main.constant.Rank,boolean]",suit,4
C:\projects\hearts-game-java-master\src\main\model\Card.java,main.model.Card,isTwoOfClubs/0,rank,1
C:\projects\hearts-game-java-master\src\main\model\Card.java,main.model.Card,isTwoOfClubs/0,suit,1
C:\projects\hearts-game-java-master\src\main\model\Card.java,main.model.Card,getOwnerOfCard/0,ownerOfCard,1
C:\projects\hearts-game-java-master\src\main\model\Card.java,main.model.Card,getSuit/0,suit,1
C:\projects\hearts-game-java-master\src\main\model\Card.java,main.model.Card,toString/0,ownerOfCard,1
C:\projects\hearts-game-java-master\src\main\model\Card.java,main.model.Card,toString/0,pickable,1
C:\projects\hearts-game-java-master\src\main\model\Card.java,main.model.Card,toString/0,rank,1
C:\projects\hearts-game-java-master\src\main\model\Card.java,main.model.Card,toString/0,suit,1
C:\projects\hearts-game-java-master\src\main\model\Card.java,main.model.Card,isHearts/0,suit,1
C:\projects\hearts-game-java-master\src\main\model\Card.java,main.model.Card,setPickable/1[boolean],pickable,4
C:\projects\hearts-game-java-master\src\main\model\Card.java,main.model.Card,getPickable/0,pickable,1
C:\projects\hearts-game-java-master\src\main\model\Card.java,main.model.Card,getRank/0,rank,1
C:\projects\hearts-game-java-master\src\main\model\Card.java,main.model.Card,setSuit/1[main.constant.Suit],suit,4
C:\projects\hearts-game-java-master\src\main\model\Card.java,main.model.Card,getCardValue/0,rank,1
C:\projects\hearts-game-java-master\src\main\model\Card.java,main.model.Card,getCardValue/0,suit,1
C:\projects\hearts-game-java-master\src\main\model\Card.java,main.model.Card,setRank/1[main.constant.Rank],rank,4
C:\projects\hearts-game-java-master\src\main\model\Card.java,main.model.Card,setOwnerOfCard/1[java.lang.String],ownerOfCard,1
C:\projects\hearts-game-java-master\src\main\model\Card.java,main.model.Card,isQueenOfSpades/0,rank,1
C:\projects\hearts-game-java-master\src\main\model\Card.java,main.model.Card,isQueenOfSpades/0,suit,1
C:\projects\hearts-game-java-master\src\main\model\Dealer.java,main.model.Dealer,getLargestCardFromTrick/0,playedCardsForTrick,4
C:\projects\hearts-game-java-master\src\main\model\Dealer.java,main.model.Dealer,setNextPlayer/1[java.lang.String],nextPlayer,1
C:\projects\hearts-game-java-master\src\main\model\Dealer.java,main.model.Dealer,getBotC/0,botC,1
C:\projects\hearts-game-java-master\src\main\model\Dealer.java,main.model.Dealer,setRoundCount/1[int],roundCount,4
C:\projects\hearts-game-java-master\src\main\model\Dealer.java,main.model.Dealer,setHeartBroken/0,isHeartsBroken,1
C:\projects\hearts-game-java-master\src\main\model\Dealer.java,main.model.Dealer,hasAWinner/0,userTotalScore,1
C:\projects\hearts-game-java-master\src\main\model\Dealer.java,main.model.Dealer,hasAWinner/0,botATotalScore,1
C:\projects\hearts-game-java-master\src\main\model\Dealer.java,main.model.Dealer,hasAWinner/0,botBTotalScore,1
C:\projects\hearts-game-java-master\src\main\model\Dealer.java,main.model.Dealer,hasAWinner/0,goalScore,4
C:\projects\hearts-game-java-master\src\main\model\Dealer.java,main.model.Dealer,hasAWinner/0,botCTotalScore,1
C:\projects\hearts-game-java-master\src\main\model\Dealer.java,main.model.Dealer,setPlayerStarter/0,botC,1
C:\projects\hearts-game-java-master\src\main\model\Dealer.java,main.model.Dealer,setPlayerStarter/0,botA,2
C:\projects\hearts-game-java-master\src\main\model\Dealer.java,main.model.Dealer,setPlayerStarter/0,nextPlayer,4
C:\projects\hearts-game-java-master\src\main\model\Dealer.java,main.model.Dealer,setPlayerStarter/0,botB,2
C:\projects\hearts-game-java-master\src\main\model\Dealer.java,main.model.Dealer,setPlayerStarter/0,user,2
C:\projects\hearts-game-java-master\src\main\model\Dealer.java,main.model.Dealer,getUserHandCards/0,user,1
C:\projects\hearts-game-java-master\src\main\model\Dealer.java,main.model.Dealer,"addRoundScore/2[java.lang.String,int]",botBRoundScore,1
C:\projects\hearts-game-java-master\src\main\model\Dealer.java,main.model.Dealer,"addRoundScore/2[java.lang.String,int]",userRoundScore,1
C:\projects\hearts-game-java-master\src\main\model\Dealer.java,main.model.Dealer,"addRoundScore/2[java.lang.String,int]",botARoundScore,1
C:\projects\hearts-game-java-master\src\main\model\Dealer.java,main.model.Dealer,"addRoundScore/2[java.lang.String,int]",botCRoundScore,1
C:\projects\hearts-game-java-master\src\main\model\Dealer.java,main.model.Dealer,"addTotalScore/2[java.lang.String,int]",userTotalScore,1
C:\projects\hearts-game-java-master\src\main\model\Dealer.java,main.model.Dealer,"addTotalScore/2[java.lang.String,int]",botATotalScore,1
C:\projects\hearts-game-java-master\src\main\model\Dealer.java,main.model.Dealer,"addTotalScore/2[java.lang.String,int]",botBTotalScore,1
C:\projects\hearts-game-java-master\src\main\model\Dealer.java,main.model.Dealer,"addTotalScore/2[java.lang.String,int]",botCTotalScore,1
C:\projects\hearts-game-java-master\src\main\model\Dealer.java,main.model.Dealer,distributePassedCards/1[java.util.List<main.model.Card>],botC,5
C:\projects\hearts-game-java-master\src\main\model\Dealer.java,main.model.Dealer,distributePassedCards/1[java.util.List<main.model.Card>],botA,5
C:\projects\hearts-game-java-master\src\main\model\Dealer.java,main.model.Dealer,distributePassedCards/1[java.util.List<main.model.Card>],botB,5
C:\projects\hearts-game-java-master\src\main\model\Dealer.java,main.model.Dealer,distributePassedCards/1[java.util.List<main.model.Card>],user,4
C:\projects\hearts-game-java-master\src\main\model\Dealer.java,main.model.Dealer,newRound/0,botC,1
C:\projects\hearts-game-java-master\src\main\model\Dealer.java,main.model.Dealer,newRound/0,botA,1
C:\projects\hearts-game-java-master\src\main\model\Dealer.java,main.model.Dealer,newRound/0,botBRoundScore,1
C:\projects\hearts-game-java-master\src\main\model\Dealer.java,main.model.Dealer,newRound/0,botB,1
C:\projects\hearts-game-java-master\src\main\model\Dealer.java,main.model.Dealer,newRound/0,userRoundScore,1
C:\projects\hearts-game-java-master\src\main\model\Dealer.java,main.model.Dealer,newRound/0,botARoundScore,1
C:\projects\hearts-game-java-master\src\main\model\Dealer.java,main.model.Dealer,newRound/0,user,1
C:\projects\hearts-game-java-master\src\main\model\Dealer.java,main.model.Dealer,newRound/0,botCRoundScore,1
C:\projects\hearts-game-java-master\src\main\model\Dealer.java,main.model.Dealer,isEndOfThirteenTricks/0,user,1
C:\projects\hearts-game-java-master\src\main\model\Dealer.java,main.model.Dealer,setNotFirstTrick/1[boolean],isNotFirstTrick,1
C:\projects\hearts-game-java-master\src\main\model\Dealer.java,main.model.Dealer,getBotA/0,botA,1
C:\projects\hearts-game-java-master\src\main\model\Dealer.java,main.model.Dealer,getRoundCount/0,roundCount,1
C:\projects\hearts-game-java-master\src\main\model\Dealer.java,main.model.Dealer,getLowestScorePlayerId/0,userTotalScore,1
C:\projects\hearts-game-java-master\src\main\model\Dealer.java,main.model.Dealer,getLowestScorePlayerId/0,botATotalScore,1
C:\projects\hearts-game-java-master\src\main\model\Dealer.java,main.model.Dealer,getLowestScorePlayerId/0,botBTotalScore,1
C:\projects\hearts-game-java-master\src\main\model\Dealer.java,main.model.Dealer,getLowestScorePlayerId/0,botCTotalScore,1
C:\projects\hearts-game-java-master\src\main\model\Dealer.java,main.model.Dealer,clearPlayedCards/0,playedCardsForTrick,1
C:\projects\hearts-game-java-master\src\main\model\Dealer.java,main.model.Dealer,getTrickPlayer/0,botC,2
C:\projects\hearts-game-java-master\src\main\model\Dealer.java,main.model.Dealer,getTrickPlayer/0,botA,3
C:\projects\hearts-game-java-master\src\main\model\Dealer.java,main.model.Dealer,getTrickPlayer/0,nextPlayer,7
C:\projects\hearts-game-java-master\src\main\model\Dealer.java,main.model.Dealer,getTrickPlayer/0,botB,3
C:\projects\hearts-game-java-master\src\main\model\Dealer.java,main.model.Dealer,getTrickPlayer/0,user,3
C:\projects\hearts-game-java-master\src\main\model\Dealer.java,main.model.Dealer,isEndOfTrick/0,playedCardsForTrick,1
C:\projects\hearts-game-java-master\src\main\model\Dealer.java,main.model.Dealer,getNextPlayer/0,nextPlayer,1
C:\projects\hearts-game-java-master\src\main\model\Dealer.java,main.model.Dealer,getUser/0,user,1
C:\projects\hearts-game-java-master\src\main\model\Dealer.java,main.model.Dealer,getIsHeartsBroken/0,isHeartsBroken,1
C:\projects\hearts-game-java-master\src\main\model\Dealer.java,main.model.Dealer,getBotB/0,botB,1
C:\projects\hearts-game-java-master\src\main\model\Dealer.java,main.model.Dealer,getPlayer/1[java.lang.String],botC,1
C:\projects\hearts-game-java-master\src\main\model\Dealer.java,main.model.Dealer,getPlayer/1[java.lang.String],botA,1
C:\projects\hearts-game-java-master\src\main\model\Dealer.java,main.model.Dealer,getPlayer/1[java.lang.String],botB,1
C:\projects\hearts-game-java-master\src\main\model\Dealer.java,main.model.Dealer,getPlayer/1[java.lang.String],user,1
C:\projects\hearts-game-java-master\src\main\model\Dealer.java,main.model.Dealer,getTotalScore/1[java.lang.String],userTotalScore,1
C:\projects\hearts-game-java-master\src\main\model\Dealer.java,main.model.Dealer,getTotalScore/1[java.lang.String],botATotalScore,1
C:\projects\hearts-game-java-master\src\main\model\Dealer.java,main.model.Dealer,getTotalScore/1[java.lang.String],botBTotalScore,1
C:\projects\hearts-game-java-master\src\main\model\Dealer.java,main.model.Dealer,getTotalScore/1[java.lang.String],botCTotalScore,1
C:\projects\hearts-game-java-master\src\main\model\Dealer.java,main.model.Dealer,getPlayedCardsForTrick/0,playedCardsForTrick,1
C:\projects\hearts-game-java-master\src\main\model\Dealer.java,main.model.Dealer,getRoundScore/1[java.lang.String],botBRoundScore,1
C:\projects\hearts-game-java-master\src\main\model\Dealer.java,main.model.Dealer,getRoundScore/1[java.lang.String],userRoundScore,1
C:\projects\hearts-game-java-master\src\main\model\Dealer.java,main.model.Dealer,getRoundScore/1[java.lang.String],botARoundScore,1
C:\projects\hearts-game-java-master\src\main\model\Dealer.java,main.model.Dealer,getRoundScore/1[java.lang.String],botCRoundScore,1
C:\projects\hearts-game-java-master\src\main\model\Dealer.java,main.model.Dealer,getIsNotFirstTrick/0,isNotFirstTrick,1
C:\projects\hearts-game-java-master\src\main\model\Dealer.java,main.model.Dealer,initDealer/0,roundCount,1
C:\projects\hearts-game-java-master\src\main\model\Dealer.java,main.model.Dealer,initDealer/0,botC,2
C:\projects\hearts-game-java-master\src\main\model\Dealer.java,main.model.Dealer,initDealer/0,botA,2
C:\projects\hearts-game-java-master\src\main\model\Dealer.java,main.model.Dealer,initDealer/0,botB,2
C:\projects\hearts-game-java-master\src\main\model\Dealer.java,main.model.Dealer,initDealer/0,userTotalScore,1
C:\projects\hearts-game-java-master\src\main\model\Dealer.java,main.model.Dealer,initDealer/0,botATotalScore,1
C:\projects\hearts-game-java-master\src\main\model\Dealer.java,main.model.Dealer,initDealer/0,botBTotalScore,1
C:\projects\hearts-game-java-master\src\main\model\Dealer.java,main.model.Dealer,initDealer/0,botCTotalScore,1
C:\projects\hearts-game-java-master\src\main\model\Dealer.java,main.model.Dealer,initDealer/0,user,2
C:\projects\hearts-game-java-master\src\main\model\Dealer.java,main.model.Dealer,addToPlayedCards/1[main.model.Card],playedCardsForTrick,1
