file,class,method,constructor,line,cbo,cboModified,fanin,fanout,wmc,rfc,loc,returnsQty,variablesQty,parametersQty,methodsInvokedQty,methodsInvokedLocalQty,methodsInvokedIndirectLocalQty,loopQty,comparisonsQty,tryCatchQty,parenthesizedExpsQty,stringLiteralsQty,numbersQty,assignmentsQty,mathOperationsQty,maxNestedBlocksQty,anonymousClassesQty,innerClassesQty,lambdasQty,uniqueWordsQty,modifiers,logStatementsQty,hasJavaDoc
C:\projects\hearts-game-java-master\test\main\model\DeckTests.java,main.model.DeckTests,testNumberofCards/0,false,23,3,2,0,2,1,3,5,0,2,0,3,0,0,0,0,0,0,0,1,2,0,0,0,0,0,7,0,0,false
C:\projects\hearts-game-java-master\test\main\model\DeckTests.java,main.model.DeckTests,checkCards/0,false,31,3,3,0,3,6,5,34,0,10,0,5,0,0,1,4,0,0,0,12,14,0,2,0,0,0,17,0,0,false
C:\projects\hearts-game-java-master\src\main\HeartsApplication.java,main.HeartsApplication,main/1[java.lang.String[]],false,20,3,4,0,4,1,1,6,0,3,1,1,0,0,0,0,0,0,0,0,3,0,0,0,0,0,9,9,0,false
C:\projects\hearts-game-java-master\test\main\model\CardTests.java,main.model.CardTests,cardIsQueenOfSpades/0,false,98,4,2,0,2,1,3,14,0,8,0,3,0,0,0,0,0,0,4,0,8,0,0,0,0,0,27,1,0,false
C:\projects\hearts-game-java-master\test\main\model\CardTests.java,main.model.CardTests,cardValueTest/0,false,17,4,2,0,2,1,2,17,0,12,0,2,0,0,0,0,0,0,0,3,12,0,0,0,0,0,20,1,0,false
C:\projects\hearts-game-java-master\test\main\model\CardTests.java,main.model.CardTests,cardIsHearts/0,false,74,4,2,0,2,1,3,9,0,5,0,3,0,0,0,0,0,0,2,0,5,0,0,0,0,0,25,1,0,false
C:\projects\hearts-game-java-master\test\main\model\CardTests.java,main.model.CardTests,cardIsTwoOfClubsTest/0,false,49,4,2,0,2,1,3,14,0,8,0,3,0,0,0,0,0,0,4,0,8,0,0,0,0,0,29,1,0,false
C:\projects\hearts-game-java-master\src\main\model\Player.java,main.model.Player$Anonymous1,"compare/2[main.model.Card,main.model.Card]",false,70,1,1,0,1,2,1,8,2,0,2,1,0,0,0,0,0,0,0,2,0,0,1,0,0,0,3,1,0,false
C:\projects\hearts-game-java-master\test\main\model\PlayerTests.java,main.model.PlayerTests,getSmallestRankCard/0,false,371,3,5,0,5,1,5,18,0,9,0,5,0,0,0,0,0,0,1,0,9,0,0,0,0,0,19,0,0,false
C:\projects\hearts-game-java-master\test\main\model\PlayerTests.java,main.model.PlayerTests,checkPickability_StartTrickWithHeartsBroken/0,false,275,3,5,0,5,1,6,22,0,8,0,6,0,0,0,0,0,0,0,5,8,0,0,0,0,0,21,0,0,false
C:\projects\hearts-game-java-master\test\main\model\PlayerTests.java,main.model.PlayerTests,checkPickability_FirstRound/0,false,128,3,5,0,5,1,6,25,0,9,0,6,0,0,0,0,0,0,0,6,9,0,0,0,0,0,19,0,0,false
C:\projects\hearts-game-java-master\test\main\model\PlayerTests.java,main.model.PlayerTests,checkPickability_NoLeadingSuits_heartsBroken/0,false,200,3,5,0,5,1,6,27,0,10,0,6,0,0,0,0,0,0,0,6,10,0,0,0,0,0,32,0,0,true
C:\projects\hearts-game-java-master\test\main\model\PlayerTests.java,main.model.PlayerTests,checkPickability_HandsAllHeartsOnFirstTrick/0,false,487,3,6,0,6,1,7,49,0,17,0,7,0,0,0,0,0,0,0,13,17,0,0,0,0,0,32,0,0,false
C:\projects\hearts-game-java-master\test\main\model\PlayerTests.java,main.model.PlayerTests,checkPickability_NoLeadingSuits_heartsNotBroken/0,false,238,3,5,0,5,1,6,27,0,10,0,6,0,0,0,0,0,0,0,6,10,0,0,0,0,0,33,0,0,true
C:\projects\hearts-game-java-master\test\main\model\PlayerTests.java,main.model.PlayerTests,checkPickability_HandsAllPointCardsAndQueenSpades/0,false,429,3,5,0,5,1,6,48,0,17,0,6,0,0,0,0,0,0,0,13,17,0,0,0,0,0,32,0,0,false
C:\projects\hearts-game-java-master\test\main\model\PlayerTests.java,main.model.PlayerTests,checkHandAfterRemovingACardForPassing/0,false,52,4,6,0,6,1,9,41,0,17,0,9,0,0,0,0,0,0,0,4,17,0,0,0,0,0,29,0,0,false
C:\projects\hearts-game-java-master\test\main\model\PlayerTests.java,main.model.PlayerTests,checkPickability_FirstTrickNoLeadingSuitWithHeartsNotBroken/0,false,337,3,5,0,5,1,6,24,0,9,0,6,0,0,0,0,0,0,0,5,9,0,0,0,0,0,46,0,0,true
C:\projects\hearts-game-java-master\test\main\model\PlayerTests.java,main.model.PlayerTests,checkHandAfterRemovingACard/0,false,31,4,8,0,8,1,12,14,0,5,0,12,0,0,0,0,0,0,0,2,5,0,0,0,0,0,15,0,0,false
C:\projects\hearts-game-java-master\test\main\model\PlayerTests.java,main.model.PlayerTests,checkHandHas13Cards/0,false,17,3,8,0,8,1,9,9,0,1,0,9,0,0,0,0,0,0,0,4,1,0,0,0,0,0,8,0,0,false
C:\projects\hearts-game-java-master\test\main\model\PlayerTests.java,main.model.PlayerTests,checkPickabilityHandsAllHearts/0,false,546,3,4,0,4,1,4,35,0,17,0,4,0,0,0,0,0,0,0,0,17,0,0,0,0,0,28,0,0,false
C:\projects\hearts-game-java-master\test\main\model\PlayerTests.java,main.model.PlayerTests,testfor2Clubs/0,false,101,4,5,0,5,3,6,17,0,4,0,6,0,0,2,0,0,0,0,0,4,0,1,0,0,0,15,0,0,false
C:\projects\hearts-game-java-master\test\main\model\PlayerTests.java,main.model.PlayerTests,checkPickability_FollowingSuit_heartsNotBroken/0,false,160,3,5,0,5,1,6,27,0,10,0,6,0,0,0,0,0,0,0,6,10,0,0,0,0,0,32,0,0,true
C:\projects\hearts-game-java-master\test\main\model\PlayerTests.java,main.model.PlayerTests,checkPickability_StartTrickWithHeartsNotBroken/0,false,307,3,5,0,5,1,6,22,0,8,0,6,0,0,0,0,0,0,0,5,8,0,0,0,0,0,29,0,0,true
C:\projects\hearts-game-java-master\test\main\model\PlayerTests.java,main.model.PlayerTests,getLargestRankCard/0,false,399,3,5,0,5,1,5,18,0,9,0,5,0,0,0,0,0,0,1,0,9,0,0,0,0,0,19,0,0,false
C:\projects\hearts-game-java-master\src\main\view\GameUI.java,main.view.GameUI,"displayTrickWinner/2[java.lang.String,int]",false,254,0,1,1,0,1,2,5,0,0,2,2,0,0,0,0,0,0,3,0,0,0,0,0,0,0,27,1,0,true
C:\projects\hearts-game-java-master\src\main\view\GameUI.java,main.view.GameUI,displayGameWinners/1[java.util.ArrayList<java.lang.String>],false,265,0,1,1,0,5,4,24,0,4,1,4,0,0,1,1,0,0,7,5,7,4,3,0,0,0,44,1,0,true
C:\projects\hearts-game-java-master\src\main\view\GameUI.java,main.view.GameUI,"displayCardsOption/2[java.util.List<main.model.Card>,boolean]",false,73,1,5,2,3,5,8,18,0,3,2,8,0,0,1,1,0,0,6,4,3,2,2,0,0,0,29,1,0,true
C:\projects\hearts-game-java-master\src\main\view\GameUI.java,main.view.GameUI,printWelcome/0,false,19,0,1,1,0,1,1,8,0,0,0,1,0,0,0,0,0,0,6,0,0,0,0,0,0,0,18,1,0,true
C:\projects\hearts-game-java-master\src\main\view\GameUI.java,main.view.GameUI,printError/1[java.lang.String],false,33,0,2,2,0,2,4,8,0,1,1,4,0,0,1,0,0,0,1,1,1,0,1,0,0,0,7,1,0,true
C:\projects\hearts-game-java-master\src\main\view\GameUI.java,main.view.GameUI,printNewTrick/0,false,45,0,1,1,0,1,2,4,0,0,0,2,0,0,0,0,0,0,1,0,0,0,0,0,0,0,9,1,0,true
C:\projects\hearts-game-java-master\src\main\view\GameUI.java,main.view.GameUI,printUserHandCards/1[java.util.List<main.model.Card>],false,54,1,4,2,2,3,7,12,0,2,1,7,0,0,1,1,0,0,2,4,2,2,2,0,0,0,18,1,0,true
C:\projects\hearts-game-java-master\src\main\view\GameUI.java,main.view.GameUI,displayBotPlayedCard/1[main.model.Card],false,242,1,4,1,3,1,5,5,0,1,1,5,0,0,0,0,0,0,2,0,1,0,0,0,0,0,23,1,0,true
C:\projects\hearts-game-java-master\src\main\view\GameUI.java,main.view.GameUI,"printSelectPassingCards/2[java.util.List<main.model.Card>,int]",false,100,2,5,1,4,11,16,55,2,8,2,16,2,1,2,4,1,0,11,10,13,4,4,0,0,0,49,1,0,true
C:\projects\hearts-game-java-master\src\main\view\GameUI.java,main.view.GameUI,"displayMoonShooter/2[java.lang.String,java.lang.String]",false,300,0,1,1,0,1,2,7,0,0,2,2,0,0,0,0,0,0,5,0,0,0,0,0,0,0,33,1,0,true
C:\projects\hearts-game-java-master\src\main\view\GameUI.java,main.view.GameUI,"printSelectPlayingCard/2[java.util.List<main.model.Card>,java.util.List<main.model.Card>]",false,183,2,6,1,5,9,16,44,1,8,2,16,2,1,2,3,1,0,13,5,12,2,4,0,0,0,54,1,0,true
C:\projects\hearts-game-java-master\src\main\view\GameUI.java,main.view.GameUI,displayPlayerCumulativeScore/1[main.model.Dealer],false,312,1,3,1,2,1,5,10,0,0,1,5,0,0,0,0,0,0,33,0,0,0,0,0,0,0,21,1,0,true
C:\projects\hearts-game-java-master\test\main\model\DealerTests.java,main.model.DealerTests,testBotAHandDistributed/0,false,32,3,5,0,5,1,6,6,0,1,0,6,0,0,0,0,0,0,0,1,1,0,0,0,0,0,8,0,0,false
C:\projects\hearts-game-java-master\test\main\model\DealerTests.java,main.model.DealerTests,pass3CardsRound3/0,false,566,5,15,0,15,6,17,50,0,6,0,17,0,0,5,0,0,0,13,17,6,0,1,0,0,0,20,0,0,false
C:\projects\hearts-game-java-master\test\main\model\DealerTests.java,main.model.DealerTests,testBotBHandDistributed/0,false,40,3,5,0,5,1,6,6,0,1,0,6,0,0,0,0,0,0,0,1,1,0,0,0,0,0,8,0,0,false
C:\projects\hearts-game-java-master\test\main\model\DealerTests.java,main.model.DealerTests,testWinnerOfTrickNotFollowingSuit/0,false,294,5,12,0,12,1,12,31,0,13,0,12,0,0,0,0,0,0,1,3,17,0,0,0,0,0,38,0,0,true
C:\projects\hearts-game-java-master\test\main\model\DealerTests.java,main.model.DealerTests,testBotCIsNextPlayerWhenBotBHas2Clubs/0,false,185,5,11,0,11,2,11,13,0,2,0,11,0,0,1,0,0,0,0,0,2,0,1,0,0,0,18,0,0,false
C:\projects\hearts-game-java-master\test\main\model\DealerTests.java,main.model.DealerTests,testBotCHandDistributed/0,false,48,3,5,0,5,1,6,6,0,1,0,6,0,0,0,0,0,0,0,1,1,0,0,0,0,0,8,0,0,false
C:\projects\hearts-game-java-master\test\main\model\DealerTests.java,main.model.DealerTests,testForNextPlayerUserStartsFirst/0,false,115,4,8,0,8,1,8,8,0,2,0,8,0,0,0,0,0,0,0,0,2,0,0,0,0,0,11,0,0,false
C:\projects\hearts-game-java-master\test\main\model\DealerTests.java,main.model.DealerTests,pass3CardsRound4/0,false,635,5,15,0,15,6,17,50,0,6,0,17,0,0,5,0,0,0,13,17,6,0,1,0,0,0,20,0,0,false
C:\projects\hearts-game-java-master\test\main\model\DealerTests.java,main.model.DealerTests,testUserHandDistributed/0,false,24,2,4,0,4,1,5,6,0,1,0,5,0,0,0,0,0,0,0,1,1,0,0,0,0,0,7,0,0,false
C:\projects\hearts-game-java-master\test\main\model\DealerTests.java,main.model.DealerTests,calculatePoints/0,false,345,4,4,0,4,2,4,8,0,2,0,4,0,0,1,0,0,0,0,1,2,0,1,0,0,0,11,0,0,false
C:\projects\hearts-game-java-master\test\main\model\DealerTests.java,main.model.DealerTests,testForGettingLowestScorePlayerId/0,false,775,2,4,0,4,1,5,9,0,1,0,5,0,0,0,0,0,0,5,5,1,0,0,0,0,0,10,0,0,false
C:\projects\hearts-game-java-master\test\main\model\DealerTests.java,main.model.DealerTests,calculatePointsWithQueenSpades/0,false,359,3,3,0,3,1,3,31,0,15,0,3,0,0,0,0,0,0,0,1,15,0,0,0,0,0,24,0,0,false
C:\projects\hearts-game-java-master\test\main\model\DealerTests.java,main.model.DealerTests,pass3CardsRound99/0,false,705,5,15,0,15,6,17,50,0,6,0,17,0,0,5,0,0,0,13,17,6,0,1,0,0,0,20,0,0,false
C:\projects\hearts-game-java-master\test\main\model\DealerTests.java,main.model.DealerTests,testForMultipleLowestScorePlayerId/0,false,792,2,4,0,4,1,5,10,0,1,0,5,0,0,0,0,0,0,6,6,1,0,0,0,0,0,10,0,0,false
C:\projects\hearts-game-java-master\test\main\model\DealerTests.java,main.model.DealerTests,testFirstPlayer/0,false,127,5,12,0,12,5,12,27,0,5,0,12,0,0,4,0,0,0,0,0,5,0,1,0,0,0,14,0,0,false
C:\projects\hearts-game-java-master\test\main\model\DealerTests.java,main.model.DealerTests,testNextPlayerWhenPlayerHas2Clubs/0,false,223,5,11,0,11,2,11,13,0,2,0,11,0,0,1,0,0,0,0,0,2,0,1,0,0,0,14,0,0,false
C:\projects\hearts-game-java-master\test\main\model\DealerTests.java,main.model.DealerTests,testForLargestCardInTrick/0,false,56,5,4,0,4,1,3,20,0,13,0,3,0,0,0,0,0,0,0,0,13,0,0,0,0,0,23,0,0,false
C:\projects\hearts-game-java-master\test\main\model\DealerTests.java,main.model.DealerTests,testForLargestCardInTrickComparingRank/0,false,86,5,4,0,4,1,3,20,0,13,0,3,0,0,0,0,0,0,0,0,13,0,0,0,0,0,24,0,0,false
C:\projects\hearts-game-java-master\test\main\model\DealerTests.java,main.model.DealerTests,testBotBIsNextPlayerWhenBotAHas2Clubs/0,false,166,5,11,0,11,2,11,13,0,2,0,11,0,0,1,0,0,0,0,0,2,0,1,0,0,0,18,0,0,false
C:\projects\hearts-game-java-master\test\main\model\DealerTests.java,main.model.DealerTests,testWinnerOfTrickFollowingClubSuit/0,false,243,5,12,0,12,1,12,31,0,13,0,12,0,0,0,0,0,0,1,3,17,0,0,0,0,0,36,0,0,true
C:\projects\hearts-game-java-master\test\main\model\DealerTests.java,main.model.DealerTests,pass3CardsRound1/0,false,428,5,15,0,15,6,19,52,0,6,0,19,0,0,5,0,0,0,13,17,6,0,1,0,0,0,20,0,0,false
C:\projects\hearts-game-java-master\test\main\model\DealerTests.java,main.model.DealerTests,testMoonShooter/0,false,399,2,7,0,7,1,7,18,0,2,0,7,0,0,0,0,0,0,12,12,2,0,0,0,0,0,7,0,0,false
C:\projects\hearts-game-java-master\test\main\model\DealerTests.java,main.model.DealerTests,testUserIsNextPlayerWhenBotCHas2Clubs/0,false,204,5,11,0,11,2,11,13,0,2,0,11,0,0,1,0,0,0,0,0,2,0,1,0,0,0,18,0,0,false
C:\projects\hearts-game-java-master\test\main\model\DealerTests.java,main.model.DealerTests,pass3CardsRound2/0,false,497,5,15,0,15,6,18,52,0,6,0,18,0,0,5,0,0,0,13,17,6,0,1,0,0,0,20,0,0,false
C:\projects\hearts-game-java-master\src\main\model\Bot.java,main.model.Bot,passThreeCards/0,false,19,2,7,5,2,1,3,16,1,1,0,3,0,0,0,0,0,0,0,2,2,0,0,1,0,0,19,1,0,true
C:\projects\hearts-game-java-master\src\main\model\Bot.java,main.model.Bot,"playCard/2[main.model.Card,int]",false,51,2,21,13,8,18,9,46,5,6,2,9,0,0,2,6,0,3,0,2,10,0,4,0,0,0,40,1,0,true
C:\projects\hearts-game-java-master\src\main\model\Deck.java,main.model.Deck,getDeckCards/0,false,35,1,3,3,0,1,0,3,1,0,0,0,0,0,0,0,0,0,0,0,0,0,0,0,0,0,12,1,0,true
C:\projects\hearts-game-java-master\src\main\model\Deck.java,main.model.Deck,Deck/0,true,19,3,6,3,3,3,4,9,0,0,0,4,0,0,2,0,0,0,0,0,1,0,2,0,0,0,15,1,0,true
C:\projects\hearts-game-java-master\src\main\controller\GameController.java,main.controller.GameController,newRound/0,false,146,2,4,1,3,1,3,4,0,0,0,3,0,0,0,0,0,0,0,0,0,0,0,0,0,0,7,2,0,true
C:\projects\hearts-game-java-master\src\main\controller\GameController.java,main.controller.GameController,"GameController/2[main.model.Dealer,main.view.GameUI]",true,25,2,1,1,0,1,0,4,0,0,2,0,0,0,0,0,0,0,0,0,2,0,0,0,0,0,15,1,0,true
C:\projects\hearts-game-java-master\src\main\controller\GameController.java,main.controller.GameController,startGame/0,false,37,6,39,1,38,7,40,53,0,11,0,40,2,1,3,1,0,0,0,1,11,1,4,0,0,0,59,1,0,true
C:\projects\hearts-game-java-master\src\main\controller\GameController.java,main.controller.GameController,initiatePassing/0,false,155,3,6,1,5,1,5,5,0,1,0,5,0,0,0,0,0,0,0,0,1,0,0,0,0,0,13,2,0,true
C:\projects\hearts-game-java-master\test\main\model\BotTests.java,main.model.BotTests,passedCards/0,false,70,5,9,0,9,3,11,31,0,6,0,11,0,0,2,0,0,0,6,6,8,0,1,0,0,0,16,0,0,false
C:\projects\hearts-game-java-master\test\main\model\BotTests.java,main.model.BotTests,passedCardsForMixedHand/0,false,116,4,8,0,8,1,9,39,0,14,0,9,0,0,0,0,0,0,6,6,16,0,0,0,0,0,27,0,0,false
C:\projects\hearts-game-java-master\test\main\model\BotTests.java,main.model.BotTests,firstBotThrowSmallestRankTest/0,false,199,4,6,0,6,1,6,20,0,9,0,6,0,0,0,0,0,0,1,1,9,0,0,0,0,0,21,0,0,false
C:\projects\hearts-game-java-master\test\main\model\BotTests.java,main.model.BotTests,lastBotThrowsLargestRank/0,false,359,4,6,0,6,1,7,25,0,12,0,7,0,0,0,0,0,0,1,1,12,0,0,0,0,0,22,0,0,false
C:\projects\hearts-game-java-master\test\main\model\BotTests.java,main.model.BotTests,secondBotThrowsLargestRankNotFollowingSuit/0,false,421,4,6,0,6,1,7,19,0,9,0,7,0,0,0,0,0,0,1,1,9,0,0,0,0,0,23,0,0,false
C:\projects\hearts-game-java-master\test\main\model\BotTests.java,main.model.BotTests,checkTop3CardsForSpadesHand/0,false,17,5,6,0,6,2,7,13,0,3,0,7,0,0,1,0,0,0,3,3,4,0,1,0,0,0,16,0,0,false
C:\projects\hearts-game-java-master\test\main\model\BotTests.java,main.model.BotTests,checkTop3CardsForMixedHand/0,false,37,4,5,0,5,1,6,26,0,11,0,6,0,0,0,0,0,0,3,3,12,0,0,0,0,0,22,0,0,false
C:\projects\hearts-game-java-master\test\main\model\BotTests.java,main.model.BotTests,lastBotThrowsLargestRankNotFollowingSuit/0,false,393,4,6,0,6,1,7,19,0,9,0,7,0,0,0,0,0,0,1,1,9,0,0,0,0,0,22,0,0,false
C:\projects\hearts-game-java-master\test\main\model\BotTests.java,main.model.BotTests,throwCardFollowSuitHigherThanCardsPlayed/0,false,329,4,6,0,6,1,7,21,0,10,0,7,0,0,0,0,0,0,1,1,10,0,0,0,0,0,23,0,0,false
C:\projects\hearts-game-java-master\test\main\model\BotTests.java,main.model.BotTests,testForThrows2Clubs/0,false,170,4,6,0,6,1,6,20,0,9,0,6,0,0,0,0,0,0,1,1,9,0,0,0,0,0,19,0,0,false
C:\projects\hearts-game-java-master\test\main\model\BotTests.java,main.model.BotTests,thirdBotThrowsSecondHighestFollowSuit/0,false,294,4,6,0,6,1,7,23,0,11,0,7,0,0,0,0,0,0,1,1,11,0,0,0,0,0,23,0,0,false
C:\projects\hearts-game-java-master\test\main\model\BotTests.java,main.model.BotTests,thirdBotThrowsLargestRankNotFollowingSuit/0,false,449,4,6,0,6,1,7,19,0,9,0,7,0,0,0,0,0,0,1,1,9,0,0,0,0,0,23,0,0,false
C:\projects\hearts-game-java-master\test\main\model\BotTests.java,main.model.BotTests,firstBotThrowSmallestRankTestHeartsBroken/0,false,228,4,6,0,6,1,6,20,0,9,0,6,0,0,0,0,0,0,1,1,9,0,0,0,0,0,23,0,0,false
C:\projects\hearts-game-java-master\test\main\model\BotTests.java,main.model.BotTests,secondBotThrowsHighestRankFollowSuit/0,false,258,4,6,0,6,1,7,25,0,12,0,7,0,0,0,0,0,0,1,1,12,0,0,0,0,0,25,0,0,false
C:\projects\hearts-game-java-master\src\main\model\Player.java,main.model.Player,hasTwoOfClubs/0,false,119,1,3,2,1,3,1,8,2,0,0,1,0,0,1,0,0,0,0,0,0,0,2,0,0,0,18,1,0,true
C:\projects\hearts-game-java-master\src\main\model\Player.java,main.model.Player,getSmallestRankCard/0,false,213,2,5,2,3,5,3,17,1,2,0,3,1,1,1,1,0,0,0,2,4,2,4,0,0,0,16,1,0,true
C:\projects\hearts-game-java-master\src\main\model\Player.java,main.model.Player,removeHand/1[java.util.List<main.model.Card>],false,104,2,5,4,1,3,1,8,2,0,1,1,1,1,1,0,0,0,0,0,0,0,2,0,0,0,21,1,0,true
C:\projects\hearts-game-java-master\src\main\model\Player.java,main.model.Player,setId/1[java.lang.String],false,31,0,1,1,0,1,0,3,0,0,1,0,0,0,0,0,0,0,0,0,1,0,0,0,0,0,6,1,0,true
C:\projects\hearts-game-java-master\src\main\model\Player.java,main.model.Player,"updateCardPickability/3[java.util.List<main.model.Card>,boolean,boolean]",false,135,2,26,20,6,20,8,47,2,2,3,8,1,1,6,3,0,1,0,4,2,0,4,0,0,0,40,1,0,true
C:\projects\hearts-game-java-master\src\main\model\Player.java,main.model.Player,playCard/1[main.model.Card],false,266,2,2,1,1,1,1,3,0,0,1,1,1,1,0,0,0,0,0,0,0,0,0,0,0,0,16,1,0,true
C:\projects\hearts-game-java-master\src\main\model\Player.java,main.model.Player,fillHandCards/1[java.util.List<main.model.Card>],false,39,2,43,41,2,2,4,7,0,0,1,4,1,1,1,0,0,0,0,0,0,0,1,0,0,0,21,1,0,true
C:\projects\hearts-game-java-master\src\main\model\Player.java,main.model.Player,removeHand/1[main.model.Card],false,88,1,5,4,1,3,4,9,2,1,1,4,0,0,1,1,0,0,0,1,1,0,2,0,0,0,18,1,0,true
C:\projects\hearts-game-java-master\src\main\model\Player.java,main.model.Player,getId/0,false,23,0,10,10,0,1,0,3,1,0,0,0,0,0,0,0,0,0,0,0,0,0,0,0,0,0,5,1,0,true
C:\projects\hearts-game-java-master\src\main\model\Player.java,main.model.Player,addCardsToHand/1[java.util.List<main.model.Card>],false,55,2,6,4,2,2,3,6,0,0,1,3,1,1,1,0,0,0,0,0,0,0,1,0,0,0,16,1,0,true
C:\projects\hearts-game-java-master\src\main\model\Player.java,main.model.Player,checkAllPointCards/1[java.util.List<main.model.Card>],false,275,1,5,3,2,5,2,8,2,0,1,2,0,0,1,3,0,1,0,0,0,0,2,0,0,0,19,1,0,true
C:\projects\hearts-game-java-master\src\main\model\Player.java,main.model.Player,getHandCards/0,false,66,1,21,20,1,1,1,14,1,0,0,1,0,0,0,0,0,0,0,0,0,0,0,1,0,0,17,1,0,true
C:\projects\hearts-game-java-master\src\main\model\Player.java,main.model.Player,getLargestRankCard/0,false,239,2,5,2,3,5,3,17,1,2,0,3,1,1,1,1,0,0,0,2,4,2,4,0,0,0,15,1,0,true
C:\projects\hearts-game-java-master\src\main\model\Card.java,main.model.Card,"Card/3[main.constant.Suit,main.constant.Rank,boolean]",true,27,2,49,49,0,1,0,5,0,0,3,0,0,0,0,0,0,0,0,0,3,0,0,0,0,0,36,1,0,true
C:\projects\hearts-game-java-master\src\main\model\Card.java,main.model.Card,isTwoOfClubs/0,false,95,0,4,4,0,3,0,8,2,0,0,0,0,0,0,2,0,0,0,0,0,0,1,0,0,0,15,1,0,true
C:\projects\hearts-game-java-master\src\main\model\Card.java,main.model.Card,getOwnerOfCard/0,false,133,0,2,2,0,1,0,3,1,0,0,0,0,0,0,0,0,0,0,0,0,0,0,0,0,0,13,1,0,true
C:\projects\hearts-game-java-master\src\main\model\Card.java,main.model.Card,getSuit/0,false,61,1,11,11,0,1,0,3,1,0,0,0,0,0,0,0,0,0,0,0,0,0,0,0,0,0,11,1,0,true
C:\projects\hearts-game-java-master\src\main\model\Card.java,main.model.Card,toString/0,false,150,0,21,21,0,2,0,7,1,1,0,0,0,0,0,0,0,0,6,0,2,1,1,0,0,0,27,1,0,true
C:\projects\hearts-game-java-master\src\main\model\Card.java,main.model.Card,isHearts/0,false,107,0,2,2,0,2,0,8,2,0,0,0,0,0,0,1,0,0,0,0,0,0,1,0,0,0,15,1,0,true
C:\projects\hearts-game-java-master\src\main\model\Card.java,main.model.Card,setPickable/1[boolean],false,85,0,2,2,0,1,0,3,0,0,1,0,0,0,0,0,0,0,0,0,1,0,0,0,0,0,15,1,0,true
C:\projects\hearts-game-java-master\src\main\model\Card.java,main.model.Card,getPickable/0,false,77,0,15,15,0,1,0,3,1,0,0,0,0,0,0,0,0,0,0,0,0,0,0,0,0,0,16,1,0,true
C:\projects\hearts-game-java-master\src\main\model\Card.java,main.model.Card,getRank/0,false,45,1,6,6,0,1,0,3,1,0,0,0,0,0,0,0,0,0,0,0,0,0,0,0,0,0,10,1,0,true
C:\projects\hearts-game-java-master\src\main\model\Card.java,main.model.Card,setSuit/1[main.constant.Suit],false,69,1,0,0,0,1,0,3,0,0,1,0,0,0,0,0,0,0,0,0,1,0,0,0,0,0,12,1,0,true
C:\projects\hearts-game-java-master\src\main\model\Card.java,main.model.Card,getCardValue/0,false,37,0,8,8,0,1,2,3,1,0,0,2,0,0,0,0,0,0,0,1,0,2,0,0,0,0,17,1,0,true
C:\projects\hearts-game-java-master\src\main\model\Card.java,main.model.Card,setRank/1[main.constant.Rank],false,53,1,0,0,0,1,0,3,0,0,1,0,0,0,0,0,0,0,0,0,1,0,0,0,0,0,12,1,0,true
C:\projects\hearts-game-java-master\src\main\model\Card.java,main.model.Card,setOwnerOfCard/1[java.lang.String],false,141,0,8,8,0,1,0,3,0,0,1,0,0,0,0,0,0,0,0,0,1,0,0,0,0,0,11,1,0,true
C:\projects\hearts-game-java-master\src\main\model\Card.java,main.model.Card,isQueenOfSpades/0,false,121,0,2,2,0,3,0,8,2,0,0,0,0,0,0,2,0,0,0,0,0,0,1,0,0,0,14,1,0,true
C:\projects\hearts-game-java-master\src\main\model\Dealer.java,main.model.Dealer,getLargestCardFromTrick/0,false,357,1,8,6,2,6,4,18,3,4,0,4,0,0,1,3,0,2,0,5,6,0,2,0,0,0,29,1,0,true
C:\projects\hearts-game-java-master\src\main\model\Dealer.java,main.model.Dealer,calculatePlayedCardsPoints/1[java.util.List<main.model.Card>],false,445,1,5,3,2,5,2,12,1,1,1,2,0,0,1,3,0,0,0,2,2,0,2,0,0,0,22,1,0,true
C:\projects\hearts-game-java-master\src\main\model\Dealer.java,main.model.Dealer,getMoonShooter/0,false,481,1,4,2,2,6,2,17,5,0,0,2,2,1,0,4,0,0,8,4,0,0,2,0,0,0,32,1,0,true
C:\projects\hearts-game-java-master\src\main\model\Dealer.java,main.model.Dealer,setNextPlayer/1[java.lang.String],false,152,0,2,2,0,1,0,3,0,0,1,0,0,0,0,0,0,0,0,0,1,0,0,0,0,0,18,1,0,true
C:\projects\hearts-game-java-master\src\main\model\Dealer.java,main.model.Dealer,getBotC/0,false,676,1,12,12,0,1,0,3,1,0,0,0,0,0,0,0,0,0,0,0,0,0,0,0,0,0,16,1,0,true
C:\projects\hearts-game-java-master\src\main\model\Dealer.java,main.model.Dealer,setRoundCount/1[int],false,136,0,6,6,0,1,0,3,0,0,1,0,0,0,0,0,0,0,0,0,1,0,0,0,0,0,12,1,0,true
C:\projects\hearts-game-java-master\src\main\model\Dealer.java,main.model.Dealer,setHeartBroken/0,false,428,0,1,1,0,1,0,3,0,0,0,0,0,0,0,0,0,0,0,0,1,0,0,0,0,0,11,1,0,true
C:\projects\hearts-game-java-master\src\main\model\Dealer.java,main.model.Dealer,hasAWinner/0,false,168,0,1,1,0,5,0,15,5,0,0,0,0,0,0,0,0,0,0,0,0,0,1,0,0,0,28,1,0,true
C:\projects\hearts-game-java-master\src\main\model\Dealer.java,main.model.Dealer,setPlayerStarter/0,false,286,1,8,6,2,4,2,14,0,0,0,2,0,0,0,0,0,0,0,0,4,0,1,0,0,0,17,1,0,true
C:\projects\hearts-game-java-master\src\main\model\Dealer.java,main.model.Dealer,getUserHandCards/0,false,128,2,11,10,1,1,1,3,1,0,0,1,0,0,0,0,0,0,0,0,0,0,0,0,0,0,11,1,0,true
C:\projects\hearts-game-java-master\src\main\model\Dealer.java,main.model.Dealer,"addRoundScore/2[java.lang.String,int]",false,606,0,2,2,0,5,1,14,0,0,2,1,0,0,0,0,0,0,4,0,4,0,1,0,0,0,18,1,0,true
C:\projects\hearts-game-java-master\src\main\model\Dealer.java,main.model.Dealer,"addTotalScore/2[java.lang.String,int]",false,629,0,5,5,0,5,1,14,0,0,2,1,0,0,0,0,0,0,4,0,4,0,1,0,0,0,19,1,0,true
C:\projects\hearts-game-java-master\src\main\model\Dealer.java,main.model.Dealer,distributePassedCards/1[java.util.List<main.model.Card>],false,229,4,10,6,4,5,5,34,0,4,1,5,1,1,0,4,0,0,0,5,4,1,2,0,0,0,40,1,0,true
C:\projects\hearts-game-java-master\src\main\model\Dealer.java,main.model.Dealer,newRound/0,false,77,3,11,7,4,2,6,30,0,10,0,6,0,0,1,0,0,0,4,4,14,0,1,0,0,0,36,1,0,true
C:\projects\hearts-game-java-master\src\main\model\Dealer.java,main.model.Dealer,isEndOfThirteenTricks/0,false,303,1,3,2,1,2,2,6,2,0,0,2,0,0,0,1,0,0,0,1,0,0,1,0,0,0,23,1,0,true
C:\projects\hearts-game-java-master\src\main\model\Dealer.java,main.model.Dealer,setNotFirstTrick/1[boolean],false,436,0,1,1,0,1,0,3,0,0,1,0,0,0,0,0,0,0,0,0,1,0,0,0,0,0,19,1,0,true
C:\projects\hearts-game-java-master\src\main\model\Dealer.java,main.model.Dealer,getBotA/0,false,660,1,13,13,0,1,0,3,1,0,0,0,0,0,0,0,0,0,0,0,0,0,0,0,0,0,16,1,0,true
C:\projects\hearts-game-java-master\src\main\model\Dealer.java,main.model.Dealer,getRoundCount/0,false,144,0,4,4,0,1,0,3,1,0,0,0,0,0,0,0,0,0,0,0,0,0,0,0,0,0,8,1,0,true
C:\projects\hearts-game-java-master\src\main\model\Dealer.java,main.model.Dealer,getLowestScorePlayerId/0,false,192,0,3,3,0,5,6,23,1,3,0,6,0,0,1,2,0,0,6,1,4,0,3,0,0,0,29,1,0,true
C:\projects\hearts-game-java-master\src\main\model\Dealer.java,main.model.Dealer,clearPlayedCards/0,false,325,0,1,1,0,1,1,3,0,0,0,1,0,0,0,0,0,0,0,0,0,0,0,0,0,0,9,1,0,true
C:\projects\hearts-game-java-master\src\main\model\Dealer.java,main.model.Dealer,getTrickPlayer/0,false,386,3,7,6,1,4,2,18,4,0,0,2,0,0,0,0,0,0,0,0,4,0,1,0,0,0,18,1,0,true
C:\projects\hearts-game-java-master\src\main\model\Dealer.java,main.model.Dealer,isEndOfTrick/0,false,314,0,1,1,0,2,1,6,2,0,0,1,0,0,0,0,0,0,0,1,0,0,1,0,0,0,21,1,0,true
C:\projects\hearts-game-java-master\src\main\model\Dealer.java,main.model.Dealer,getNextPlayer/0,false,160,0,6,6,0,1,0,3,1,0,0,0,0,0,0,0,0,0,0,0,0,0,0,0,0,0,13,1,0,true
C:\projects\hearts-game-java-master\src\main\model\Dealer.java,main.model.Dealer,getUser/0,false,652,1,10,10,0,1,0,3,1,0,0,0,0,0,0,0,0,0,0,0,0,0,0,0,0,0,16,1,0,true
C:\projects\hearts-game-java-master\src\main\model\Dealer.java,main.model.Dealer,getIsHeartsBroken/0,false,413,0,1,1,0,1,0,3,1,0,0,0,0,0,0,0,0,0,0,0,0,0,0,0,0,0,17,1,0,true
C:\projects\hearts-game-java-master\src\main\model\Dealer.java,main.model.Dealer,getBotB/0,false,668,1,12,12,0,1,0,3,1,0,0,0,0,0,0,0,0,0,0,0,0,0,0,0,0,0,16,1,0,true
C:\projects\hearts-game-java-master\src\main\model\Dealer.java,main.model.Dealer,getPlayer/1[java.lang.String],false,531,3,0,0,0,5,1,15,5,0,1,1,0,0,0,0,0,0,4,0,0,0,1,0,0,0,23,1,0,true
C:\projects\hearts-game-java-master\src\main\model\Dealer.java,main.model.Dealer,getTotalScore/1[java.lang.String],false,581,0,2,2,0,5,1,15,5,0,1,1,0,0,0,0,0,0,4,1,0,0,1,0,0,0,19,1,0,true
C:\projects\hearts-game-java-master\src\main\model\Dealer.java,main.model.Dealer,getPlayedCardsForTrick/0,false,333,1,3,3,0,1,0,3,1,0,0,0,0,0,0,0,0,0,0,0,0,0,0,0,0,0,19,1,0,true
C:\projects\hearts-game-java-master\src\main\model\Dealer.java,main.model.Dealer,getRoundScore/1[java.lang.String],false,556,0,1,1,0,5,1,15,5,0,1,1,0,0,0,0,0,0,4,1,0,0,1,0,0,0,20,1,0,true
C:\projects\hearts-game-java-master\src\main\model\Dealer.java,main.model.Dealer,getIsNotFirstTrick/0,false,421,0,1,1,0,1,0,3,1,0,0,0,0,0,0,0,0,0,0,0,0,0,0,0,0,0,20,1,0,true
C:\projects\hearts-game-java-master\src\main\model\Dealer.java,main.model.Dealer,getWinnerOfTrick/1[java.util.List<main.model.Card>],false,467,2,5,3,2,2,3,7,2,1,1,3,1,1,0,1,0,0,0,1,1,0,1,0,0,0,30,1,0,true
C:\projects\hearts-game-java-master\src\main\model\Dealer.java,main.model.Dealer,initDealer/0,false,51,3,26,23,3,1,1,15,0,0,0,1,0,0,0,0,0,0,4,5,9,0,0,0,0,0,26,1,0,true
C:\projects\hearts-game-java-master\src\main\model\Dealer.java,main.model.Dealer,addToPlayedCards/1[main.model.Card],false,341,2,8,5,3,3,4,6,0,0,1,4,1,1,0,2,0,0,0,1,0,0,1,0,0,0,20,1,0,true
C:\projects\hearts-game-java-master\src\main\model\Dealer.java,main.model.Dealer,handleMoonShooter/1[java.lang.String],false,509,1,3,2,1,3,3,13,0,1,1,3,1,1,1,0,0,0,4,2,1,0,2,0,0,0,25,1,0,true
C:\projects\hearts-game-java-master\src\main\model\Bot.java,main.model.Bot$Anonymous1,"compare/2[main.model.Card,main.model.Card]",false,27,1,1,0,1,2,1,8,2,0,2,1,0,0,0,0,0,0,0,4,0,2,1,0,0,0,3,1,0,false
