file,class,method,variable,usage
C:\projects\hearts-game-java-master\test\main\model\DeckTests.java,main.model.DeckTests,testNumberofCards/0,shuffledCards,1
C:\projects\hearts-game-java-master\test\main\model\DeckTests.java,main.model.DeckTests,testNumberofCards/0,testDeck,1
C:\projects\hearts-game-java-master\test\main\model\DeckTests.java,main.model.DeckTests,checkCards/0,diamonds,1
C:\projects\hearts-game-java-master\test\main\model\DeckTests.java,main.model.DeckTests,checkCards/0,shuffledCards,1
C:\projects\hearts-game-java-master\test\main\model\DeckTests.java,main.model.DeckTests,checkCards/0,heartCards,2
C:\projects\hearts-game-java-master\test\main\model\DeckTests.java,main.model.DeckTests,checkCards/0,diamondCards,2
C:\projects\hearts-game-java-master\test\main\model\DeckTests.java,main.model.DeckTests,checkCards/0,testDeck,1
C:\projects\hearts-game-java-master\test\main\model\DeckTests.java,main.model.DeckTests,checkCards/0,clubs,1
C:\projects\hearts-game-java-master\test\main\model\DeckTests.java,main.model.DeckTests,checkCards/0,hearts,1
C:\projects\hearts-game-java-master\test\main\model\DeckTests.java,main.model.DeckTests,checkCards/0,spadeCards,2
C:\projects\hearts-game-java-master\test\main\model\DeckTests.java,main.model.DeckTests,checkCards/0,clubCards,2
C:\projects\hearts-game-java-master\test\main\model\DeckTests.java,main.model.DeckTests,checkCards/0,spades,1
C:\projects\hearts-game-java-master\test\main\model\DeckTests.java,main.model.DeckTests,checkCards/0,card,8
C:\projects\hearts-game-java-master\src\main\HeartsApplication.java,main.HeartsApplication,main/1[java.lang.String[]],args,0
C:\projects\hearts-game-java-master\src\main\HeartsApplication.java,main.HeartsApplication,main/1[java.lang.String[]],gameController,1
C:\projects\hearts-game-java-master\src\main\HeartsApplication.java,main.HeartsApplication,main/1[java.lang.String[]],game,1
C:\projects\hearts-game-java-master\src\main\HeartsApplication.java,main.HeartsApplication,main/1[java.lang.String[]],dealer,1
C:\projects\hearts-game-java-master\test\main\model\CardTests.java,main.model.CardTests,cardIsQueenOfSpades/0,rank1,2
C:\projects\hearts-game-java-master\test\main\model\CardTests.java,main.model.CardTests,cardIsQueenOfSpades/0,rank2,2
C:\projects\hearts-game-java-master\test\main\model\CardTests.java,main.model.CardTests,cardIsQueenOfSpades/0,cardDifferentRankAndSuit,1
C:\projects\hearts-game-java-master\test\main\model\CardTests.java,main.model.CardTests,cardIsQueenOfSpades/0,cardSameRankAndSuit,1
C:\projects\hearts-game-java-master\test\main\model\CardTests.java,main.model.CardTests,cardIsQueenOfSpades/0,cardSameRankDifferentSuit,0
C:\projects\hearts-game-java-master\test\main\model\CardTests.java,main.model.CardTests,cardIsQueenOfSpades/0,suit2,2
C:\projects\hearts-game-java-master\test\main\model\CardTests.java,main.model.CardTests,cardIsQueenOfSpades/0,suit1,2
C:\projects\hearts-game-java-master\test\main\model\CardTests.java,main.model.CardTests,cardIsQueenOfSpades/0,cardDifferentRankAndSameSuit,2
C:\projects\hearts-game-java-master\test\main\model\CardTests.java,main.model.CardTests,cardValueTest/0,rank1,1
C:\projects\hearts-game-java-master\test\main\model\CardTests.java,main.model.CardTests,cardValueTest/0,card1,1
C:\projects\hearts-game-java-master\test\main\model\CardTests.java,main.model.CardTests,cardValueTest/0,rank2,1
C:\projects\hearts-game-java-master\test\main\model\CardTests.java,main.model.CardTests,cardValueTest/0,card2,1
C:\projects\hearts-game-java-master\test\main\model\CardTests.java,main.model.CardTests,cardValueTest/0,rank3,1
C:\projects\hearts-game-java-master\test\main\model\CardTests.java,main.model.CardTests,cardValueTest/0,card3,1
C:\projects\hearts-game-java-master\test\main\model\CardTests.java,main.model.CardTests,cardValueTest/0,cardValue1,1
C:\projects\hearts-game-java-master\test\main\model\CardTests.java,main.model.CardTests,cardValueTest/0,cardValue2,1
C:\projects\hearts-game-java-master\test\main\model\CardTests.java,main.model.CardTests,cardValueTest/0,cardValue3,1
C:\projects\hearts-game-java-master\test\main\model\CardTests.java,main.model.CardTests,cardValueTest/0,suit3,1
C:\projects\hearts-game-java-master\test\main\model\CardTests.java,main.model.CardTests,cardValueTest/0,suit2,1
C:\projects\hearts-game-java-master\test\main\model\CardTests.java,main.model.CardTests,cardValueTest/0,suit1,1
C:\projects\hearts-game-java-master\test\main\model\CardTests.java,main.model.CardTests,cardIsHearts/0,rank1,2
C:\projects\hearts-game-java-master\test\main\model\CardTests.java,main.model.CardTests,cardIsHearts/0,cardDifferentSuit,1
C:\projects\hearts-game-java-master\test\main\model\CardTests.java,main.model.CardTests,cardIsHearts/0,cardSameSuit,1
C:\projects\hearts-game-java-master\test\main\model\CardTests.java,main.model.CardTests,cardIsHearts/0,suit2,1
C:\projects\hearts-game-java-master\test\main\model\CardTests.java,main.model.CardTests,cardIsHearts/0,suit1,1
C:\projects\hearts-game-java-master\test\main\model\CardTests.java,main.model.CardTests,cardIsTwoOfClubsTest/0,rank1,2
C:\projects\hearts-game-java-master\test\main\model\CardTests.java,main.model.CardTests,cardIsTwoOfClubsTest/0,rank2,2
C:\projects\hearts-game-java-master\test\main\model\CardTests.java,main.model.CardTests,cardIsTwoOfClubsTest/0,cardDifferentRankAndSuit,1
C:\projects\hearts-game-java-master\test\main\model\CardTests.java,main.model.CardTests,cardIsTwoOfClubsTest/0,cardSameRankAndSuit,1
C:\projects\hearts-game-java-master\test\main\model\CardTests.java,main.model.CardTests,cardIsTwoOfClubsTest/0,cardSameRankDifferentSuit,1
C:\projects\hearts-game-java-master\test\main\model\CardTests.java,main.model.CardTests,cardIsTwoOfClubsTest/0,suit2,2
C:\projects\hearts-game-java-master\test\main\model\CardTests.java,main.model.CardTests,cardIsTwoOfClubsTest/0,suit1,2
C:\projects\hearts-game-java-master\test\main\model\CardTests.java,main.model.CardTests,cardIsTwoOfClubsTest/0,cardDifferentRankAndSameSuit,1
C:\projects\hearts-game-java-master\src\main\model\Player.java,main.model.Player$Anonymous1,"compare/2[main.model.Card,main.model.Card]",card1,1
C:\projects\hearts-game-java-master\src\main\model\Player.java,main.model.Player$Anonymous1,"compare/2[main.model.Card,main.model.Card]",card2,1
C:\projects\hearts-game-java-master\test\main\model\PlayerTests.java,main.model.PlayerTests,getSmallestRankCard/0,card1,1
C:\projects\hearts-game-java-master\test\main\model\PlayerTests.java,main.model.PlayerTests,getSmallestRankCard/0,card2,1
C:\projects\hearts-game-java-master\test\main\model\PlayerTests.java,main.model.PlayerTests,getSmallestRankCard/0,card3,1
C:\projects\hearts-game-java-master\test\main\model\PlayerTests.java,main.model.PlayerTests,getSmallestRankCard/0,card4,1
C:\projects\hearts-game-java-master\test\main\model\PlayerTests.java,main.model.PlayerTests,getSmallestRankCard/0,card5,1
C:\projects\hearts-game-java-master\test\main\model\PlayerTests.java,main.model.PlayerTests,getSmallestRankCard/0,card6,0
C:\projects\hearts-game-java-master\test\main\model\PlayerTests.java,main.model.PlayerTests,getSmallestRankCard/0,testPlayer,2
C:\projects\hearts-game-java-master\test\main\model\PlayerTests.java,main.model.PlayerTests,getSmallestRankCard/0,testHand,6
C:\projects\hearts-game-java-master\test\main\model\PlayerTests.java,main.model.PlayerTests,getSmallestRankCard/0,playedCards,0
C:\projects\hearts-game-java-master\test\main\model\PlayerTests.java,main.model.PlayerTests,checkPickability_StartTrickWithHeartsBroken/0,card1,1
C:\projects\hearts-game-java-master\test\main\model\PlayerTests.java,main.model.PlayerTests,checkPickability_StartTrickWithHeartsBroken/0,card2,1
C:\projects\hearts-game-java-master\test\main\model\PlayerTests.java,main.model.PlayerTests,checkPickability_StartTrickWithHeartsBroken/0,card3,1
C:\projects\hearts-game-java-master\test\main\model\PlayerTests.java,main.model.PlayerTests,checkPickability_StartTrickWithHeartsBroken/0,card4,1
C:\projects\hearts-game-java-master\test\main\model\PlayerTests.java,main.model.PlayerTests,checkPickability_StartTrickWithHeartsBroken/0,card5,1
C:\projects\hearts-game-java-master\test\main\model\PlayerTests.java,main.model.PlayerTests,checkPickability_StartTrickWithHeartsBroken/0,testPlayer,2
C:\projects\hearts-game-java-master\test\main\model\PlayerTests.java,main.model.PlayerTests,checkPickability_StartTrickWithHeartsBroken/0,testHand,11
C:\projects\hearts-game-java-master\test\main\model\PlayerTests.java,main.model.PlayerTests,checkPickability_StartTrickWithHeartsBroken/0,playedCards,1
C:\projects\hearts-game-java-master\test\main\model\PlayerTests.java,main.model.PlayerTests,checkPickability_FirstRound/0,card1,1
C:\projects\hearts-game-java-master\test\main\model\PlayerTests.java,main.model.PlayerTests,checkPickability_FirstRound/0,card2,1
C:\projects\hearts-game-java-master\test\main\model\PlayerTests.java,main.model.PlayerTests,checkPickability_FirstRound/0,card3,1
C:\projects\hearts-game-java-master\test\main\model\PlayerTests.java,main.model.PlayerTests,checkPickability_FirstRound/0,card4,1
C:\projects\hearts-game-java-master\test\main\model\PlayerTests.java,main.model.PlayerTests,checkPickability_FirstRound/0,card5,1
C:\projects\hearts-game-java-master\test\main\model\PlayerTests.java,main.model.PlayerTests,checkPickability_FirstRound/0,card6,1
C:\projects\hearts-game-java-master\test\main\model\PlayerTests.java,main.model.PlayerTests,checkPickability_FirstRound/0,testPlayer,2
C:\projects\hearts-game-java-master\test\main\model\PlayerTests.java,main.model.PlayerTests,checkPickability_FirstRound/0,testHand,13
C:\projects\hearts-game-java-master\test\main\model\PlayerTests.java,main.model.PlayerTests,checkPickability_FirstRound/0,playedCards,1
C:\projects\hearts-game-java-master\test\main\model\PlayerTests.java,main.model.PlayerTests,checkPickability_NoLeadingSuits_heartsBroken/0,card1,1
C:\projects\hearts-game-java-master\test\main\model\PlayerTests.java,main.model.PlayerTests,checkPickability_NoLeadingSuits_heartsBroken/0,card2,1
C:\projects\hearts-game-java-master\test\main\model\PlayerTests.java,main.model.PlayerTests,checkPickability_NoLeadingSuits_heartsBroken/0,card3,1
C:\projects\hearts-game-java-master\test\main\model\PlayerTests.java,main.model.PlayerTests,checkPickability_NoLeadingSuits_heartsBroken/0,card4,1
C:\projects\hearts-game-java-master\test\main\model\PlayerTests.java,main.model.PlayerTests,checkPickability_NoLeadingSuits_heartsBroken/0,card5,1
C:\projects\hearts-game-java-master\test\main\model\PlayerTests.java,main.model.PlayerTests,checkPickability_NoLeadingSuits_heartsBroken/0,card6,1
C:\projects\hearts-game-java-master\test\main\model\PlayerTests.java,main.model.PlayerTests,checkPickability_NoLeadingSuits_heartsBroken/0,testPlayer,2
C:\projects\hearts-game-java-master\test\main\model\PlayerTests.java,main.model.PlayerTests,checkPickability_NoLeadingSuits_heartsBroken/0,aPlayedCard,1
C:\projects\hearts-game-java-master\test\main\model\PlayerTests.java,main.model.PlayerTests,checkPickability_NoLeadingSuits_heartsBroken/0,testHand,13
C:\projects\hearts-game-java-master\test\main\model\PlayerTests.java,main.model.PlayerTests,checkPickability_NoLeadingSuits_heartsBroken/0,playedCards,2
C:\projects\hearts-game-java-master\test\main\model\PlayerTests.java,main.model.PlayerTests,checkPickability_HandsAllHeartsOnFirstTrick/0,card1,1
C:\projects\hearts-game-java-master\test\main\model\PlayerTests.java,main.model.PlayerTests,checkPickability_HandsAllHeartsOnFirstTrick/0,card2,1
C:\projects\hearts-game-java-master\test\main\model\PlayerTests.java,main.model.PlayerTests,checkPickability_HandsAllHeartsOnFirstTrick/0,card3,1
C:\projects\hearts-game-java-master\test\main\model\PlayerTests.java,main.model.PlayerTests,checkPickability_HandsAllHeartsOnFirstTrick/0,card4,1
C:\projects\hearts-game-java-master\test\main\model\PlayerTests.java,main.model.PlayerTests,checkPickability_HandsAllHeartsOnFirstTrick/0,card5,1
C:\projects\hearts-game-java-master\test\main\model\PlayerTests.java,main.model.PlayerTests,checkPickability_HandsAllHeartsOnFirstTrick/0,card6,1
C:\projects\hearts-game-java-master\test\main\model\PlayerTests.java,main.model.PlayerTests,checkPickability_HandsAllHeartsOnFirstTrick/0,card7,1
C:\projects\hearts-game-java-master\test\main\model\PlayerTests.java,main.model.PlayerTests,checkPickability_HandsAllHeartsOnFirstTrick/0,card8,1
C:\projects\hearts-game-java-master\test\main\model\PlayerTests.java,main.model.PlayerTests,checkPickability_HandsAllHeartsOnFirstTrick/0,card9,1
C:\projects\hearts-game-java-master\test\main\model\PlayerTests.java,main.model.PlayerTests,checkPickability_HandsAllHeartsOnFirstTrick/0,card13,1
C:\projects\hearts-game-java-master\test\main\model\PlayerTests.java,main.model.PlayerTests,checkPickability_HandsAllHeartsOnFirstTrick/0,card12,1
C:\projects\hearts-game-java-master\test\main\model\PlayerTests.java,main.model.PlayerTests,checkPickability_HandsAllHeartsOnFirstTrick/0,card11,1
C:\projects\hearts-game-java-master\test\main\model\PlayerTests.java,main.model.PlayerTests,checkPickability_HandsAllHeartsOnFirstTrick/0,playedCards,2
C:\projects\hearts-game-java-master\test\main\model\PlayerTests.java,main.model.PlayerTests,checkPickability_HandsAllHeartsOnFirstTrick/0,card10,1
C:\projects\hearts-game-java-master\test\main\model\PlayerTests.java,main.model.PlayerTests,checkPickability_HandsAllHeartsOnFirstTrick/0,testPlayer,3
C:\projects\hearts-game-java-master\test\main\model\PlayerTests.java,main.model.PlayerTests,checkPickability_HandsAllHeartsOnFirstTrick/0,aPlayedCard,1
C:\projects\hearts-game-java-master\test\main\model\PlayerTests.java,main.model.PlayerTests,checkPickability_HandsAllHeartsOnFirstTrick/0,testHand,28
C:\projects\hearts-game-java-master\test\main\model\PlayerTests.java,main.model.PlayerTests,checkPickability_NoLeadingSuits_heartsNotBroken/0,card1,1
C:\projects\hearts-game-java-master\test\main\model\PlayerTests.java,main.model.PlayerTests,checkPickability_NoLeadingSuits_heartsNotBroken/0,card2,1
C:\projects\hearts-game-java-master\test\main\model\PlayerTests.java,main.model.PlayerTests,checkPickability_NoLeadingSuits_heartsNotBroken/0,card3,1
C:\projects\hearts-game-java-master\test\main\model\PlayerTests.java,main.model.PlayerTests,checkPickability_NoLeadingSuits_heartsNotBroken/0,card4,1
C:\projects\hearts-game-java-master\test\main\model\PlayerTests.java,main.model.PlayerTests,checkPickability_NoLeadingSuits_heartsNotBroken/0,card5,1
C:\projects\hearts-game-java-master\test\main\model\PlayerTests.java,main.model.PlayerTests,checkPickability_NoLeadingSuits_heartsNotBroken/0,card6,1
C:\projects\hearts-game-java-master\test\main\model\PlayerTests.java,main.model.PlayerTests,checkPickability_NoLeadingSuits_heartsNotBroken/0,testPlayer,2
C:\projects\hearts-game-java-master\test\main\model\PlayerTests.java,main.model.PlayerTests,checkPickability_NoLeadingSuits_heartsNotBroken/0,aPlayedCard,1
C:\projects\hearts-game-java-master\test\main\model\PlayerTests.java,main.model.PlayerTests,checkPickability_NoLeadingSuits_heartsNotBroken/0,testHand,13
C:\projects\hearts-game-java-master\test\main\model\PlayerTests.java,main.model.PlayerTests,checkPickability_NoLeadingSuits_heartsNotBroken/0,playedCards,2
C:\projects\hearts-game-java-master\test\main\model\PlayerTests.java,main.model.PlayerTests,checkPickability_HandsAllPointCardsAndQueenSpades/0,card1,1
C:\projects\hearts-game-java-master\test\main\model\PlayerTests.java,main.model.PlayerTests,checkPickability_HandsAllPointCardsAndQueenSpades/0,card2,1
C:\projects\hearts-game-java-master\test\main\model\PlayerTests.java,main.model.PlayerTests,checkPickability_HandsAllPointCardsAndQueenSpades/0,card3,1
C:\projects\hearts-game-java-master\test\main\model\PlayerTests.java,main.model.PlayerTests,checkPickability_HandsAllPointCardsAndQueenSpades/0,card4,1
C:\projects\hearts-game-java-master\test\main\model\PlayerTests.java,main.model.PlayerTests,checkPickability_HandsAllPointCardsAndQueenSpades/0,card5,1
C:\projects\hearts-game-java-master\test\main\model\PlayerTests.java,main.model.PlayerTests,checkPickability_HandsAllPointCardsAndQueenSpades/0,card6,1
C:\projects\hearts-game-java-master\test\main\model\PlayerTests.java,main.model.PlayerTests,checkPickability_HandsAllPointCardsAndQueenSpades/0,card7,1
C:\projects\hearts-game-java-master\test\main\model\PlayerTests.java,main.model.PlayerTests,checkPickability_HandsAllPointCardsAndQueenSpades/0,card8,1
C:\projects\hearts-game-java-master\test\main\model\PlayerTests.java,main.model.PlayerTests,checkPickability_HandsAllPointCardsAndQueenSpades/0,card9,1
C:\projects\hearts-game-java-master\test\main\model\PlayerTests.java,main.model.PlayerTests,checkPickability_HandsAllPointCardsAndQueenSpades/0,card13,1
C:\projects\hearts-game-java-master\test\main\model\PlayerTests.java,main.model.PlayerTests,checkPickability_HandsAllPointCardsAndQueenSpades/0,card12,1
C:\projects\hearts-game-java-master\test\main\model\PlayerTests.java,main.model.PlayerTests,checkPickability_HandsAllPointCardsAndQueenSpades/0,card11,1
C:\projects\hearts-game-java-master\test\main\model\PlayerTests.java,main.model.PlayerTests,checkPickability_HandsAllPointCardsAndQueenSpades/0,playedCards,2
C:\projects\hearts-game-java-master\test\main\model\PlayerTests.java,main.model.PlayerTests,checkPickability_HandsAllPointCardsAndQueenSpades/0,card10,1
C:\projects\hearts-game-java-master\test\main\model\PlayerTests.java,main.model.PlayerTests,checkPickability_HandsAllPointCardsAndQueenSpades/0,testPlayer,2
C:\projects\hearts-game-java-master\test\main\model\PlayerTests.java,main.model.PlayerTests,checkPickability_HandsAllPointCardsAndQueenSpades/0,aPlayedCard,1
C:\projects\hearts-game-java-master\test\main\model\PlayerTests.java,main.model.PlayerTests,checkPickability_HandsAllPointCardsAndQueenSpades/0,testHand,27
C:\projects\hearts-game-java-master\test\main\model\PlayerTests.java,main.model.PlayerTests,checkHandAfterRemovingACardForPassing/0,card1,2
C:\projects\hearts-game-java-master\test\main\model\PlayerTests.java,main.model.PlayerTests,checkHandAfterRemovingACardForPassing/0,card2,2
C:\projects\hearts-game-java-master\test\main\model\PlayerTests.java,main.model.PlayerTests,checkHandAfterRemovingACardForPassing/0,card3,2
C:\projects\hearts-game-java-master\test\main\model\PlayerTests.java,main.model.PlayerTests,checkHandAfterRemovingACardForPassing/0,testCards,14
C:\projects\hearts-game-java-master\test\main\model\PlayerTests.java,main.model.PlayerTests,checkHandAfterRemovingACardForPassing/0,card4,1
C:\projects\hearts-game-java-master\test\main\model\PlayerTests.java,main.model.PlayerTests,checkHandAfterRemovingACardForPassing/0,card5,1
C:\projects\hearts-game-java-master\test\main\model\PlayerTests.java,main.model.PlayerTests,checkHandAfterRemovingACardForPassing/0,card6,1
C:\projects\hearts-game-java-master\test\main\model\PlayerTests.java,main.model.PlayerTests,checkHandAfterRemovingACardForPassing/0,card7,1
C:\projects\hearts-game-java-master\test\main\model\PlayerTests.java,main.model.PlayerTests,checkHandAfterRemovingACardForPassing/0,card8,1
C:\projects\hearts-game-java-master\test\main\model\PlayerTests.java,main.model.PlayerTests,checkHandAfterRemovingACardForPassing/0,removedCards,7
C:\projects\hearts-game-java-master\test\main\model\PlayerTests.java,main.model.PlayerTests,checkHandAfterRemovingACardForPassing/0,card9,1
C:\projects\hearts-game-java-master\test\main\model\PlayerTests.java,main.model.PlayerTests,checkHandAfterRemovingACardForPassing/0,card13,1
C:\projects\hearts-game-java-master\test\main\model\PlayerTests.java,main.model.PlayerTests,checkHandAfterRemovingACardForPassing/0,card12,1
C:\projects\hearts-game-java-master\test\main\model\PlayerTests.java,main.model.PlayerTests,checkHandAfterRemovingACardForPassing/0,card11,1
C:\projects\hearts-game-java-master\test\main\model\PlayerTests.java,main.model.PlayerTests,checkHandAfterRemovingACardForPassing/0,testDealer,0
C:\projects\hearts-game-java-master\test\main\model\PlayerTests.java,main.model.PlayerTests,checkHandAfterRemovingACardForPassing/0,card10,1
C:\projects\hearts-game-java-master\test\main\model\PlayerTests.java,main.model.PlayerTests,checkHandAfterRemovingACardForPassing/0,testPlayer,6
C:\projects\hearts-game-java-master\test\main\model\PlayerTests.java,main.model.PlayerTests,checkPickability_FirstTrickNoLeadingSuitWithHeartsNotBroken/0,card1,1
C:\projects\hearts-game-java-master\test\main\model\PlayerTests.java,main.model.PlayerTests,checkPickability_FirstTrickNoLeadingSuitWithHeartsNotBroken/0,card2,1
C:\projects\hearts-game-java-master\test\main\model\PlayerTests.java,main.model.PlayerTests,checkPickability_FirstTrickNoLeadingSuitWithHeartsNotBroken/0,card3,1
C:\projects\hearts-game-java-master\test\main\model\PlayerTests.java,main.model.PlayerTests,checkPickability_FirstTrickNoLeadingSuitWithHeartsNotBroken/0,card4,1
C:\projects\hearts-game-java-master\test\main\model\PlayerTests.java,main.model.PlayerTests,checkPickability_FirstTrickNoLeadingSuitWithHeartsNotBroken/0,card5,1
C:\projects\hearts-game-java-master\test\main\model\PlayerTests.java,main.model.PlayerTests,checkPickability_FirstTrickNoLeadingSuitWithHeartsNotBroken/0,testPlayer,2
C:\projects\hearts-game-java-master\test\main\model\PlayerTests.java,main.model.PlayerTests,checkPickability_FirstTrickNoLeadingSuitWithHeartsNotBroken/0,aPlayedCard,1
C:\projects\hearts-game-java-master\test\main\model\PlayerTests.java,main.model.PlayerTests,checkPickability_FirstTrickNoLeadingSuitWithHeartsNotBroken/0,testHand,11
C:\projects\hearts-game-java-master\test\main\model\PlayerTests.java,main.model.PlayerTests,checkPickability_FirstTrickNoLeadingSuitWithHeartsNotBroken/0,playedCards,2
C:\projects\hearts-game-java-master\test\main\model\PlayerTests.java,main.model.PlayerTests,checkHandAfterRemovingACard/0,testPlayer,6
C:\projects\hearts-game-java-master\test\main\model\PlayerTests.java,main.model.PlayerTests,checkHandAfterRemovingACard/0,removeCard,3
C:\projects\hearts-game-java-master\test\main\model\PlayerTests.java,main.model.PlayerTests,checkHandAfterRemovingACard/0,handCards,0
C:\projects\hearts-game-java-master\test\main\model\PlayerTests.java,main.model.PlayerTests,checkHandAfterRemovingACard/0,testDealer,3
C:\projects\hearts-game-java-master\test\main\model\PlayerTests.java,main.model.PlayerTests,checkHandAfterRemovingACard/0,testHand,2
C:\projects\hearts-game-java-master\test\main\model\PlayerTests.java,main.model.PlayerTests,checkHandHas13Cards/0,testDealer,6
C:\projects\hearts-game-java-master\test\main\model\PlayerTests.java,main.model.PlayerTests,checkPickabilityHandsAllHearts/0,card1,1
C:\projects\hearts-game-java-master\test\main\model\PlayerTests.java,main.model.PlayerTests,checkPickabilityHandsAllHearts/0,card2,1
C:\projects\hearts-game-java-master\test\main\model\PlayerTests.java,main.model.PlayerTests,checkPickabilityHandsAllHearts/0,card3,1
C:\projects\hearts-game-java-master\test\main\model\PlayerTests.java,main.model.PlayerTests,checkPickabilityHandsAllHearts/0,card4,1
C:\projects\hearts-game-java-master\test\main\model\PlayerTests.java,main.model.PlayerTests,checkPickabilityHandsAllHearts/0,card5,1
C:\projects\hearts-game-java-master\test\main\model\PlayerTests.java,main.model.PlayerTests,checkPickabilityHandsAllHearts/0,card6,1
C:\projects\hearts-game-java-master\test\main\model\PlayerTests.java,main.model.PlayerTests,checkPickabilityHandsAllHearts/0,card7,1
C:\projects\hearts-game-java-master\test\main\model\PlayerTests.java,main.model.PlayerTests,checkPickabilityHandsAllHearts/0,card8,1
C:\projects\hearts-game-java-master\test\main\model\PlayerTests.java,main.model.PlayerTests,checkPickabilityHandsAllHearts/0,card9,1
C:\projects\hearts-game-java-master\test\main\model\PlayerTests.java,main.model.PlayerTests,checkPickabilityHandsAllHearts/0,card13,1
C:\projects\hearts-game-java-master\test\main\model\PlayerTests.java,main.model.PlayerTests,checkPickabilityHandsAllHearts/0,card12,1
C:\projects\hearts-game-java-master\test\main\model\PlayerTests.java,main.model.PlayerTests,checkPickabilityHandsAllHearts/0,card11,1
C:\projects\hearts-game-java-master\test\main\model\PlayerTests.java,main.model.PlayerTests,checkPickabilityHandsAllHearts/0,playedCards,1
C:\projects\hearts-game-java-master\test\main\model\PlayerTests.java,main.model.PlayerTests,checkPickabilityHandsAllHearts/0,card10,1
C:\projects\hearts-game-java-master\test\main\model\PlayerTests.java,main.model.PlayerTests,checkPickabilityHandsAllHearts/0,testPlayer,2
C:\projects\hearts-game-java-master\test\main\model\PlayerTests.java,main.model.PlayerTests,checkPickabilityHandsAllHearts/0,aPlayedCard,1
C:\projects\hearts-game-java-master\test\main\model\PlayerTests.java,main.model.PlayerTests,checkPickabilityHandsAllHearts/0,testHand,15
C:\projects\hearts-game-java-master\test\main\model\PlayerTests.java,main.model.PlayerTests,testfor2Clubs/0,testPlayer1,2
C:\projects\hearts-game-java-master\test\main\model\PlayerTests.java,main.model.PlayerTests,testfor2Clubs/0,spadeHand,3
C:\projects\hearts-game-java-master\test\main\model\PlayerTests.java,main.model.PlayerTests,testfor2Clubs/0,testPlayer2,2
C:\projects\hearts-game-java-master\test\main\model\PlayerTests.java,main.model.PlayerTests,testfor2Clubs/0,clubHand,3
C:\projects\hearts-game-java-master\test\main\model\PlayerTests.java,main.model.PlayerTests,testfor2Clubs/0,rank,3
C:\projects\hearts-game-java-master\test\main\model\PlayerTests.java,main.model.PlayerTests,checkPickability_FollowingSuit_heartsNotBroken/0,card1,1
C:\projects\hearts-game-java-master\test\main\model\PlayerTests.java,main.model.PlayerTests,checkPickability_FollowingSuit_heartsNotBroken/0,card2,1
C:\projects\hearts-game-java-master\test\main\model\PlayerTests.java,main.model.PlayerTests,checkPickability_FollowingSuit_heartsNotBroken/0,card3,1
C:\projects\hearts-game-java-master\test\main\model\PlayerTests.java,main.model.PlayerTests,checkPickability_FollowingSuit_heartsNotBroken/0,card4,1
C:\projects\hearts-game-java-master\test\main\model\PlayerTests.java,main.model.PlayerTests,checkPickability_FollowingSuit_heartsNotBroken/0,card5,1
C:\projects\hearts-game-java-master\test\main\model\PlayerTests.java,main.model.PlayerTests,checkPickability_FollowingSuit_heartsNotBroken/0,card6,1
C:\projects\hearts-game-java-master\test\main\model\PlayerTests.java,main.model.PlayerTests,checkPickability_FollowingSuit_heartsNotBroken/0,testPlayer,2
C:\projects\hearts-game-java-master\test\main\model\PlayerTests.java,main.model.PlayerTests,checkPickability_FollowingSuit_heartsNotBroken/0,aPlayedCard,1
C:\projects\hearts-game-java-master\test\main\model\PlayerTests.java,main.model.PlayerTests,checkPickability_FollowingSuit_heartsNotBroken/0,testHand,13
C:\projects\hearts-game-java-master\test\main\model\PlayerTests.java,main.model.PlayerTests,checkPickability_FollowingSuit_heartsNotBroken/0,playedCards,2
C:\projects\hearts-game-java-master\test\main\model\PlayerTests.java,main.model.PlayerTests,checkPickability_StartTrickWithHeartsNotBroken/0,card1,1
C:\projects\hearts-game-java-master\test\main\model\PlayerTests.java,main.model.PlayerTests,checkPickability_StartTrickWithHeartsNotBroken/0,card2,1
C:\projects\hearts-game-java-master\test\main\model\PlayerTests.java,main.model.PlayerTests,checkPickability_StartTrickWithHeartsNotBroken/0,card3,1
C:\projects\hearts-game-java-master\test\main\model\PlayerTests.java,main.model.PlayerTests,checkPickability_StartTrickWithHeartsNotBroken/0,card4,1
C:\projects\hearts-game-java-master\test\main\model\PlayerTests.java,main.model.PlayerTests,checkPickability_StartTrickWithHeartsNotBroken/0,card5,1
C:\projects\hearts-game-java-master\test\main\model\PlayerTests.java,main.model.PlayerTests,checkPickability_StartTrickWithHeartsNotBroken/0,testPlayer,2
C:\projects\hearts-game-java-master\test\main\model\PlayerTests.java,main.model.PlayerTests,checkPickability_StartTrickWithHeartsNotBroken/0,testHand,11
C:\projects\hearts-game-java-master\test\main\model\PlayerTests.java,main.model.PlayerTests,checkPickability_StartTrickWithHeartsNotBroken/0,playedCards,1
C:\projects\hearts-game-java-master\test\main\model\PlayerTests.java,main.model.PlayerTests,getLargestRankCard/0,card1,1
C:\projects\hearts-game-java-master\test\main\model\PlayerTests.java,main.model.PlayerTests,getLargestRankCard/0,card2,1
C:\projects\hearts-game-java-master\test\main\model\PlayerTests.java,main.model.PlayerTests,getLargestRankCard/0,card3,1
C:\projects\hearts-game-java-master\test\main\model\PlayerTests.java,main.model.PlayerTests,getLargestRankCard/0,card4,1
C:\projects\hearts-game-java-master\test\main\model\PlayerTests.java,main.model.PlayerTests,getLargestRankCard/0,card5,1
C:\projects\hearts-game-java-master\test\main\model\PlayerTests.java,main.model.PlayerTests,getLargestRankCard/0,card6,0
C:\projects\hearts-game-java-master\test\main\model\PlayerTests.java,main.model.PlayerTests,getLargestRankCard/0,testPlayer,2
C:\projects\hearts-game-java-master\test\main\model\PlayerTests.java,main.model.PlayerTests,getLargestRankCard/0,testHand,6
C:\projects\hearts-game-java-master\test\main\model\PlayerTests.java,main.model.PlayerTests,getLargestRankCard/0,playedCards,0
C:\projects\hearts-game-java-master\src\main\view\GameUI.java,main.view.GameUI,"displayTrickWinner/2[java.lang.String,int]",scoreAwarded,1
C:\projects\hearts-game-java-master\src\main\view\GameUI.java,main.view.GameUI,"displayTrickWinner/2[java.lang.String,int]",winnerId,1
C:\projects\hearts-game-java-master\src\main\view\GameUI.java,main.view.GameUI,displayGameWinners/1[java.util.ArrayList<java.lang.String>],winners,3
C:\projects\hearts-game-java-master\src\main\view\GameUI.java,main.view.GameUI,displayGameWinners/1[java.util.ArrayList<java.lang.String>],size,5
C:\projects\hearts-game-java-master\src\main\view\GameUI.java,main.view.GameUI,displayGameWinners/1[java.util.ArrayList<java.lang.String>],winnerId,3
C:\projects\hearts-game-java-master\src\main\view\GameUI.java,main.view.GameUI,displayGameWinners/1[java.util.ArrayList<java.lang.String>],i,5
C:\projects\hearts-game-java-master\src\main\view\GameUI.java,main.view.GameUI,displayGameWinners/1[java.util.ArrayList<java.lang.String>],declareWinnersMsg,4
C:\projects\hearts-game-java-master\src\main\view\GameUI.java,main.view.GameUI,"displayCardsOption/2[java.util.List<main.model.Card>,boolean]",cards,2
C:\projects\hearts-game-java-master\src\main\view\GameUI.java,main.view.GameUI,"displayCardsOption/2[java.util.List<main.model.Card>,boolean]",pass,1
C:\projects\hearts-game-java-master\src\main\view\GameUI.java,main.view.GameUI,"displayCardsOption/2[java.util.List<main.model.Card>,boolean]",i,6
C:\projects\hearts-game-java-master\src\main\view\GameUI.java,main.view.GameUI,"displayCardsOption/2[java.util.List<main.model.Card>,boolean]",card,5
C:\projects\hearts-game-java-master\src\main\view\GameUI.java,main.view.GameUI,"displayCardsOption/2[java.util.List<main.model.Card>,boolean]",playable,1
C:\projects\hearts-game-java-master\src\main\view\GameUI.java,main.view.GameUI,printError/1[java.lang.String],msg,2
C:\projects\hearts-game-java-master\src\main\view\GameUI.java,main.view.GameUI,printError/1[java.lang.String],i,2
C:\projects\hearts-game-java-master\src\main\view\GameUI.java,main.view.GameUI,printUserHandCards/1[java.util.List<main.model.Card>],cards,2
C:\projects\hearts-game-java-master\src\main\view\GameUI.java,main.view.GameUI,printUserHandCards/1[java.util.List<main.model.Card>],i,5
C:\projects\hearts-game-java-master\src\main\view\GameUI.java,main.view.GameUI,printUserHandCards/1[java.util.List<main.model.Card>],card,2
C:\projects\hearts-game-java-master\src\main\view\GameUI.java,main.view.GameUI,displayBotPlayedCard/1[main.model.Card],botName,2
C:\projects\hearts-game-java-master\src\main\view\GameUI.java,main.view.GameUI,displayBotPlayedCard/1[main.model.Card],card,3
C:\projects\hearts-game-java-master\src\main\view\GameUI.java,main.view.GameUI,"printSelectPassingCards/2[java.util.List<main.model.Card>,int]",sc,1
C:\projects\hearts-game-java-master\src\main\view\GameUI.java,main.view.GameUI,"printSelectPassingCards/2[java.util.List<main.model.Card>,int]",roundCount,5
C:\projects\hearts-game-java-master\src\main\view\GameUI.java,main.view.GameUI,"printSelectPassingCards/2[java.util.List<main.model.Card>,int]",passWhere,5
C:\projects\hearts-game-java-master\src\main\view\GameUI.java,main.view.GameUI,"printSelectPassingCards/2[java.util.List<main.model.Card>,int]",input,2
C:\projects\hearts-game-java-master\src\main\view\GameUI.java,main.view.GameUI,"printSelectPassingCards/2[java.util.List<main.model.Card>,int]",cards,3
C:\projects\hearts-game-java-master\src\main\view\GameUI.java,main.view.GameUI,"printSelectPassingCards/2[java.util.List<main.model.Card>,int]",size,3
C:\projects\hearts-game-java-master\src\main\view\GameUI.java,main.view.GameUI,"printSelectPassingCards/2[java.util.List<main.model.Card>,int]",e,0
C:\projects\hearts-game-java-master\src\main\view\GameUI.java,main.view.GameUI,"printSelectPassingCards/2[java.util.List<main.model.Card>,int]",passingCards,5
C:\projects\hearts-game-java-master\src\main\view\GameUI.java,main.view.GameUI,"printSelectPassingCards/2[java.util.List<main.model.Card>,int]",choice,3
C:\projects\hearts-game-java-master\src\main\view\GameUI.java,main.view.GameUI,"printSelectPassingCards/2[java.util.List<main.model.Card>,int]",passCount,3
C:\projects\hearts-game-java-master\src\main\view\GameUI.java,main.view.GameUI,"printSelectPassingCards/2[java.util.List<main.model.Card>,int]",card,5
C:\projects\hearts-game-java-master\src\main\view\GameUI.java,main.view.GameUI,"displayMoonShooter/2[java.lang.String,java.lang.String]",shooterId,1
C:\projects\hearts-game-java-master\src\main\view\GameUI.java,main.view.GameUI,"displayMoonShooter/2[java.lang.String,java.lang.String]",winnerId,1
C:\projects\hearts-game-java-master\src\main\view\GameUI.java,main.view.GameUI,"printSelectPlayingCard/2[java.util.List<main.model.Card>,java.util.List<main.model.Card>]",sc,1
C:\projects\hearts-game-java-master\src\main\view\GameUI.java,main.view.GameUI,"printSelectPlayingCard/2[java.util.List<main.model.Card>,java.util.List<main.model.Card>]",input,2
C:\projects\hearts-game-java-master\src\main\view\GameUI.java,main.view.GameUI,"printSelectPlayingCard/2[java.util.List<main.model.Card>,java.util.List<main.model.Card>]",cardsPlayedInfo,4
C:\projects\hearts-game-java-master\src\main\view\GameUI.java,main.view.GameUI,"printSelectPlayingCard/2[java.util.List<main.model.Card>,java.util.List<main.model.Card>]",size,2
C:\projects\hearts-game-java-master\src\main\view\GameUI.java,main.view.GameUI,"printSelectPlayingCard/2[java.util.List<main.model.Card>,java.util.List<main.model.Card>]",e,0
C:\projects\hearts-game-java-master\src\main\view\GameUI.java,main.view.GameUI,"printSelectPlayingCard/2[java.util.List<main.model.Card>,java.util.List<main.model.Card>]",playCard,2
C:\projects\hearts-game-java-master\src\main\view\GameUI.java,main.view.GameUI,"printSelectPlayingCard/2[java.util.List<main.model.Card>,java.util.List<main.model.Card>]",chosenCard,3
C:\projects\hearts-game-java-master\src\main\view\GameUI.java,main.view.GameUI,"printSelectPlayingCard/2[java.util.List<main.model.Card>,java.util.List<main.model.Card>]",choice,3
C:\projects\hearts-game-java-master\src\main\view\GameUI.java,main.view.GameUI,"printSelectPlayingCard/2[java.util.List<main.model.Card>,java.util.List<main.model.Card>]",playedCards,2
C:\projects\hearts-game-java-master\src\main\view\GameUI.java,main.view.GameUI,"printSelectPlayingCard/2[java.util.List<main.model.Card>,java.util.List<main.model.Card>]",passCount,0
C:\projects\hearts-game-java-master\src\main\view\GameUI.java,main.view.GameUI,"printSelectPlayingCard/2[java.util.List<main.model.Card>,java.util.List<main.model.Card>]",card,4
C:\projects\hearts-game-java-master\src\main\view\GameUI.java,main.view.GameUI,"printSelectPlayingCard/2[java.util.List<main.model.Card>,java.util.List<main.model.Card>]",playerHandCards,3
C:\projects\hearts-game-java-master\src\main\view\GameUI.java,main.view.GameUI,displayPlayerCumulativeScore/1[main.model.Dealer],dealer,8
C:\projects\hearts-game-java-master\test\main\model\DealerTests.java,main.model.DealerTests,testBotAHandDistributed/0,testDealer,3
C:\projects\hearts-game-java-master\test\main\model\DealerTests.java,main.model.DealerTests,pass3CardsRound3/0,spadeHand,3
C:\projects\hearts-game-java-master\test\main\model\DealerTests.java,main.model.DealerTests,pass3CardsRound3/0,c,1
C:\projects\hearts-game-java-master\test\main\model\DealerTests.java,main.model.DealerTests,pass3CardsRound3/0,clubHand,3
C:\projects\hearts-game-java-master\test\main\model\DealerTests.java,main.model.DealerTests,pass3CardsRound3/0,userPassedCards,6
C:\projects\hearts-game-java-master\test\main\model\DealerTests.java,main.model.DealerTests,pass3CardsRound3/0,heartHand,3
C:\projects\hearts-game-java-master\test\main\model\DealerTests.java,main.model.DealerTests,pass3CardsRound3/0,rank,7
C:\projects\hearts-game-java-master\test\main\model\DealerTests.java,main.model.DealerTests,pass3CardsRound3/0,testDealer,23
C:\projects\hearts-game-java-master\test\main\model\DealerTests.java,main.model.DealerTests,pass3CardsRound3/0,diamondHand,3
C:\projects\hearts-game-java-master\test\main\model\DealerTests.java,main.model.DealerTests,testBotBHandDistributed/0,testDealer,3
C:\projects\hearts-game-java-master\test\main\model\DealerTests.java,main.model.DealerTests,testWinnerOfTrickNotFollowingSuit/0,botCHand,3
C:\projects\hearts-game-java-master\test\main\model\DealerTests.java,main.model.DealerTests,testWinnerOfTrickNotFollowingSuit/0,cardB1,1
C:\projects\hearts-game-java-master\test\main\model\DealerTests.java,main.model.DealerTests,testWinnerOfTrickNotFollowingSuit/0,cardC1,1
C:\projects\hearts-game-java-master\test\main\model\DealerTests.java,main.model.DealerTests,testWinnerOfTrickNotFollowingSuit/0,botAHand,3
C:\projects\hearts-game-java-master\test\main\model\DealerTests.java,main.model.DealerTests,testWinnerOfTrickNotFollowingSuit/0,testDealer,12
C:\projects\hearts-game-java-master\test\main\model\DealerTests.java,main.model.DealerTests,testWinnerOfTrickNotFollowingSuit/0,largestPlayedCard,3
C:\projects\hearts-game-java-master\test\main\model\DealerTests.java,main.model.DealerTests,testWinnerOfTrickNotFollowingSuit/0,botC,2
C:\projects\hearts-game-java-master\test\main\model\DealerTests.java,main.model.DealerTests,testWinnerOfTrickNotFollowingSuit/0,botA,2
C:\projects\hearts-game-java-master\test\main\model\DealerTests.java,main.model.DealerTests,testWinnerOfTrickNotFollowingSuit/0,thrownCard,2
C:\projects\hearts-game-java-master\test\main\model\DealerTests.java,main.model.DealerTests,testWinnerOfTrickNotFollowingSuit/0,botB,2
C:\projects\hearts-game-java-master\test\main\model\DealerTests.java,main.model.DealerTests,testWinnerOfTrickNotFollowingSuit/0,botBHand,3
C:\projects\hearts-game-java-master\test\main\model\DealerTests.java,main.model.DealerTests,testWinnerOfTrickNotFollowingSuit/0,cardA1,1
C:\projects\hearts-game-java-master\test\main\model\DealerTests.java,main.model.DealerTests,testWinnerOfTrickNotFollowingSuit/0,cardToPlay,5
C:\projects\hearts-game-java-master\test\main\model\DealerTests.java,main.model.DealerTests,testBotCIsNextPlayerWhenBotBHas2Clubs/0,rank,1
C:\projects\hearts-game-java-master\test\main\model\DealerTests.java,main.model.DealerTests,testBotCIsNextPlayerWhenBotBHas2Clubs/0,clubCards,3
C:\projects\hearts-game-java-master\test\main\model\DealerTests.java,main.model.DealerTests,testBotCIsNextPlayerWhenBotBHas2Clubs/0,testDealer,6
C:\projects\hearts-game-java-master\test\main\model\DealerTests.java,main.model.DealerTests,testBotCHandDistributed/0,testDealer,3
C:\projects\hearts-game-java-master\test\main\model\DealerTests.java,main.model.DealerTests,testForNextPlayerUserStartsFirst/0,testDealer,8
C:\projects\hearts-game-java-master\test\main\model\DealerTests.java,main.model.DealerTests,testForNextPlayerUserStartsFirst/0,testHuman,0
C:\projects\hearts-game-java-master\test\main\model\DealerTests.java,main.model.DealerTests,pass3CardsRound4/0,spadeHand,3
C:\projects\hearts-game-java-master\test\main\model\DealerTests.java,main.model.DealerTests,pass3CardsRound4/0,c,1
C:\projects\hearts-game-java-master\test\main\model\DealerTests.java,main.model.DealerTests,pass3CardsRound4/0,clubHand,3
C:\projects\hearts-game-java-master\test\main\model\DealerTests.java,main.model.DealerTests,pass3CardsRound4/0,userPassedCards,6
C:\projects\hearts-game-java-master\test\main\model\DealerTests.java,main.model.DealerTests,pass3CardsRound4/0,heartHand,3
C:\projects\hearts-game-java-master\test\main\model\DealerTests.java,main.model.DealerTests,pass3CardsRound4/0,rank,7
C:\projects\hearts-game-java-master\test\main\model\DealerTests.java,main.model.DealerTests,pass3CardsRound4/0,testDealer,23
C:\projects\hearts-game-java-master\test\main\model\DealerTests.java,main.model.DealerTests,pass3CardsRound4/0,diamondHand,3
C:\projects\hearts-game-java-master\test\main\model\DealerTests.java,main.model.DealerTests,testUserHandDistributed/0,testDealer,3
C:\projects\hearts-game-java-master\test\main\model\DealerTests.java,main.model.DealerTests,calculatePoints/0,heartCards,2
C:\projects\hearts-game-java-master\test\main\model\DealerTests.java,main.model.DealerTests,calculatePoints/0,rank,1
C:\projects\hearts-game-java-master\test\main\model\DealerTests.java,main.model.DealerTests,calculatePoints/0,testDealer,1
C:\projects\hearts-game-java-master\test\main\model\DealerTests.java,main.model.DealerTests,testForGettingLowestScorePlayerId/0,testDealer,6
C:\projects\hearts-game-java-master\test\main\model\DealerTests.java,main.model.DealerTests,calculatePointsWithQueenSpades/0,card1,1
C:\projects\hearts-game-java-master\test\main\model\DealerTests.java,main.model.DealerTests,calculatePointsWithQueenSpades/0,card2,1
C:\projects\hearts-game-java-master\test\main\model\DealerTests.java,main.model.DealerTests,calculatePointsWithQueenSpades/0,card3,1
C:\projects\hearts-game-java-master\test\main\model\DealerTests.java,main.model.DealerTests,calculatePointsWithQueenSpades/0,testCards,14
C:\projects\hearts-game-java-master\test\main\model\DealerTests.java,main.model.DealerTests,calculatePointsWithQueenSpades/0,card4,1
C:\projects\hearts-game-java-master\test\main\model\DealerTests.java,main.model.DealerTests,calculatePointsWithQueenSpades/0,card5,1
C:\projects\hearts-game-java-master\test\main\model\DealerTests.java,main.model.DealerTests,calculatePointsWithQueenSpades/0,card6,1
C:\projects\hearts-game-java-master\test\main\model\DealerTests.java,main.model.DealerTests,calculatePointsWithQueenSpades/0,card7,1
C:\projects\hearts-game-java-master\test\main\model\DealerTests.java,main.model.DealerTests,calculatePointsWithQueenSpades/0,card8,1
C:\projects\hearts-game-java-master\test\main\model\DealerTests.java,main.model.DealerTests,calculatePointsWithQueenSpades/0,card9,1
C:\projects\hearts-game-java-master\test\main\model\DealerTests.java,main.model.DealerTests,calculatePointsWithQueenSpades/0,card13,1
C:\projects\hearts-game-java-master\test\main\model\DealerTests.java,main.model.DealerTests,calculatePointsWithQueenSpades/0,card12,1
C:\projects\hearts-game-java-master\test\main\model\DealerTests.java,main.model.DealerTests,calculatePointsWithQueenSpades/0,card11,1
C:\projects\hearts-game-java-master\test\main\model\DealerTests.java,main.model.DealerTests,calculatePointsWithQueenSpades/0,testDealer,1
C:\projects\hearts-game-java-master\test\main\model\DealerTests.java,main.model.DealerTests,calculatePointsWithQueenSpades/0,card10,1
C:\projects\hearts-game-java-master\test\main\model\DealerTests.java,main.model.DealerTests,pass3CardsRound99/0,spadeHand,3
C:\projects\hearts-game-java-master\test\main\model\DealerTests.java,main.model.DealerTests,pass3CardsRound99/0,c,1
C:\projects\hearts-game-java-master\test\main\model\DealerTests.java,main.model.DealerTests,pass3CardsRound99/0,clubHand,3
C:\projects\hearts-game-java-master\test\main\model\DealerTests.java,main.model.DealerTests,pass3CardsRound99/0,userPassedCards,6
C:\projects\hearts-game-java-master\test\main\model\DealerTests.java,main.model.DealerTests,pass3CardsRound99/0,heartHand,3
C:\projects\hearts-game-java-master\test\main\model\DealerTests.java,main.model.DealerTests,pass3CardsRound99/0,rank,7
C:\projects\hearts-game-java-master\test\main\model\DealerTests.java,main.model.DealerTests,pass3CardsRound99/0,testDealer,23
C:\projects\hearts-game-java-master\test\main\model\DealerTests.java,main.model.DealerTests,pass3CardsRound99/0,diamondHand,3
C:\projects\hearts-game-java-master\test\main\model\DealerTests.java,main.model.DealerTests,testForMultipleLowestScorePlayerId/0,testDealer,7
C:\projects\hearts-game-java-master\test\main\model\DealerTests.java,main.model.DealerTests,testFirstPlayer/0,heartCards,3
C:\projects\hearts-game-java-master\test\main\model\DealerTests.java,main.model.DealerTests,testFirstPlayer/0,diamondCards,3
C:\projects\hearts-game-java-master\test\main\model\DealerTests.java,main.model.DealerTests,testFirstPlayer/0,spadeCards,3
C:\projects\hearts-game-java-master\test\main\model\DealerTests.java,main.model.DealerTests,testFirstPlayer/0,rank,7
C:\projects\hearts-game-java-master\test\main\model\DealerTests.java,main.model.DealerTests,testFirstPlayer/0,clubCards,3
C:\projects\hearts-game-java-master\test\main\model\DealerTests.java,main.model.DealerTests,testFirstPlayer/0,testDealer,8
C:\projects\hearts-game-java-master\test\main\model\DealerTests.java,main.model.DealerTests,testNextPlayerWhenPlayerHas2Clubs/0,rank,1
C:\projects\hearts-game-java-master\test\main\model\DealerTests.java,main.model.DealerTests,testNextPlayerWhenPlayerHas2Clubs/0,clubCards,3
C:\projects\hearts-game-java-master\test\main\model\DealerTests.java,main.model.DealerTests,testNextPlayerWhenPlayerHas2Clubs/0,testDealer,6
C:\projects\hearts-game-java-master\test\main\model\DealerTests.java,main.model.DealerTests,testForLargestCardInTrick/0,card1,1
C:\projects\hearts-game-java-master\test\main\model\DealerTests.java,main.model.DealerTests,testForLargestCardInTrick/0,card2,1
C:\projects\hearts-game-java-master\test\main\model\DealerTests.java,main.model.DealerTests,testForLargestCardInTrick/0,card3,1
C:\projects\hearts-game-java-master\test\main\model\DealerTests.java,main.model.DealerTests,testForLargestCardInTrick/0,card4,2
C:\projects\hearts-game-java-master\test\main\model\DealerTests.java,main.model.DealerTests,testForLargestCardInTrick/0,testDealer,5
C:\projects\hearts-game-java-master\test\main\model\DealerTests.java,main.model.DealerTests,testForLargestCardInTrick/0,suit4,1
C:\projects\hearts-game-java-master\test\main\model\DealerTests.java,main.model.DealerTests,testForLargestCardInTrick/0,suit3,1
C:\projects\hearts-game-java-master\test\main\model\DealerTests.java,main.model.DealerTests,testForLargestCardInTrick/0,suit2,1
C:\projects\hearts-game-java-master\test\main\model\DealerTests.java,main.model.DealerTests,testForLargestCardInTrick/0,suit1,1
C:\projects\hearts-game-java-master\test\main\model\DealerTests.java,main.model.DealerTests,testForLargestCardInTrick/0,rank1,1
C:\projects\hearts-game-java-master\test\main\model\DealerTests.java,main.model.DealerTests,testForLargestCardInTrick/0,rank2,1
C:\projects\hearts-game-java-master\test\main\model\DealerTests.java,main.model.DealerTests,testForLargestCardInTrick/0,rank3,1
C:\projects\hearts-game-java-master\test\main\model\DealerTests.java,main.model.DealerTests,testForLargestCardInTrick/0,rank4,1
C:\projects\hearts-game-java-master\test\main\model\DealerTests.java,main.model.DealerTests,testForLargestCardInTrickComparingRank/0,card1,1
C:\projects\hearts-game-java-master\test\main\model\DealerTests.java,main.model.DealerTests,testForLargestCardInTrickComparingRank/0,card2,1
C:\projects\hearts-game-java-master\test\main\model\DealerTests.java,main.model.DealerTests,testForLargestCardInTrickComparingRank/0,card3,2
C:\projects\hearts-game-java-master\test\main\model\DealerTests.java,main.model.DealerTests,testForLargestCardInTrickComparingRank/0,card4,1
C:\projects\hearts-game-java-master\test\main\model\DealerTests.java,main.model.DealerTests,testForLargestCardInTrickComparingRank/0,testDealer,5
C:\projects\hearts-game-java-master\test\main\model\DealerTests.java,main.model.DealerTests,testForLargestCardInTrickComparingRank/0,suit4,1
C:\projects\hearts-game-java-master\test\main\model\DealerTests.java,main.model.DealerTests,testForLargestCardInTrickComparingRank/0,suit3,1
C:\projects\hearts-game-java-master\test\main\model\DealerTests.java,main.model.DealerTests,testForLargestCardInTrickComparingRank/0,suit2,1
C:\projects\hearts-game-java-master\test\main\model\DealerTests.java,main.model.DealerTests,testForLargestCardInTrickComparingRank/0,suit1,1
C:\projects\hearts-game-java-master\test\main\model\DealerTests.java,main.model.DealerTests,testForLargestCardInTrickComparingRank/0,rank1,1
C:\projects\hearts-game-java-master\test\main\model\DealerTests.java,main.model.DealerTests,testForLargestCardInTrickComparingRank/0,rank2,1
C:\projects\hearts-game-java-master\test\main\model\DealerTests.java,main.model.DealerTests,testForLargestCardInTrickComparingRank/0,rank3,1
C:\projects\hearts-game-java-master\test\main\model\DealerTests.java,main.model.DealerTests,testForLargestCardInTrickComparingRank/0,rank4,1
C:\projects\hearts-game-java-master\test\main\model\DealerTests.java,main.model.DealerTests,testBotBIsNextPlayerWhenBotAHas2Clubs/0,rank,1
C:\projects\hearts-game-java-master\test\main\model\DealerTests.java,main.model.DealerTests,testBotBIsNextPlayerWhenBotAHas2Clubs/0,clubCards,3
C:\projects\hearts-game-java-master\test\main\model\DealerTests.java,main.model.DealerTests,testBotBIsNextPlayerWhenBotAHas2Clubs/0,testDealer,6
C:\projects\hearts-game-java-master\test\main\model\DealerTests.java,main.model.DealerTests,testWinnerOfTrickFollowingClubSuit/0,botCHand,3
C:\projects\hearts-game-java-master\test\main\model\DealerTests.java,main.model.DealerTests,testWinnerOfTrickFollowingClubSuit/0,cardB1,1
C:\projects\hearts-game-java-master\test\main\model\DealerTests.java,main.model.DealerTests,testWinnerOfTrickFollowingClubSuit/0,cardC1,1
C:\projects\hearts-game-java-master\test\main\model\DealerTests.java,main.model.DealerTests,testWinnerOfTrickFollowingClubSuit/0,botAHand,3
C:\projects\hearts-game-java-master\test\main\model\DealerTests.java,main.model.DealerTests,testWinnerOfTrickFollowingClubSuit/0,testDealer,12
C:\projects\hearts-game-java-master\test\main\model\DealerTests.java,main.model.DealerTests,testWinnerOfTrickFollowingClubSuit/0,largestPlayedCard,3
C:\projects\hearts-game-java-master\test\main\model\DealerTests.java,main.model.DealerTests,testWinnerOfTrickFollowingClubSuit/0,botC,2
C:\projects\hearts-game-java-master\test\main\model\DealerTests.java,main.model.DealerTests,testWinnerOfTrickFollowingClubSuit/0,botA,2
C:\projects\hearts-game-java-master\test\main\model\DealerTests.java,main.model.DealerTests,testWinnerOfTrickFollowingClubSuit/0,thrownCard,2
C:\projects\hearts-game-java-master\test\main\model\DealerTests.java,main.model.DealerTests,testWinnerOfTrickFollowingClubSuit/0,botB,2
C:\projects\hearts-game-java-master\test\main\model\DealerTests.java,main.model.DealerTests,testWinnerOfTrickFollowingClubSuit/0,botBHand,3
C:\projects\hearts-game-java-master\test\main\model\DealerTests.java,main.model.DealerTests,testWinnerOfTrickFollowingClubSuit/0,cardA1,1
C:\projects\hearts-game-java-master\test\main\model\DealerTests.java,main.model.DealerTests,testWinnerOfTrickFollowingClubSuit/0,cardToPlay,5
C:\projects\hearts-game-java-master\test\main\model\DealerTests.java,main.model.DealerTests,pass3CardsRound1/0,spadeHand,3
C:\projects\hearts-game-java-master\test\main\model\DealerTests.java,main.model.DealerTests,pass3CardsRound1/0,c,1
C:\projects\hearts-game-java-master\test\main\model\DealerTests.java,main.model.DealerTests,pass3CardsRound1/0,clubHand,3
C:\projects\hearts-game-java-master\test\main\model\DealerTests.java,main.model.DealerTests,pass3CardsRound1/0,userPassedCards,6
C:\projects\hearts-game-java-master\test\main\model\DealerTests.java,main.model.DealerTests,pass3CardsRound1/0,heartHand,3
C:\projects\hearts-game-java-master\test\main\model\DealerTests.java,main.model.DealerTests,pass3CardsRound1/0,rank,7
C:\projects\hearts-game-java-master\test\main\model\DealerTests.java,main.model.DealerTests,pass3CardsRound1/0,testDealer,24
C:\projects\hearts-game-java-master\test\main\model\DealerTests.java,main.model.DealerTests,pass3CardsRound1/0,diamondHand,3
C:\projects\hearts-game-java-master\test\main\model\DealerTests.java,main.model.DealerTests,testMoonShooter/0,moonshooter,1
C:\projects\hearts-game-java-master\test\main\model\DealerTests.java,main.model.DealerTests,testMoonShooter/0,testDealer,15
C:\projects\hearts-game-java-master\test\main\model\DealerTests.java,main.model.DealerTests,testUserIsNextPlayerWhenBotCHas2Clubs/0,rank,1
C:\projects\hearts-game-java-master\test\main\model\DealerTests.java,main.model.DealerTests,testUserIsNextPlayerWhenBotCHas2Clubs/0,clubCards,3
C:\projects\hearts-game-java-master\test\main\model\DealerTests.java,main.model.DealerTests,testUserIsNextPlayerWhenBotCHas2Clubs/0,testDealer,6
C:\projects\hearts-game-java-master\test\main\model\DealerTests.java,main.model.DealerTests,pass3CardsRound2/0,spadeHand,3
C:\projects\hearts-game-java-master\test\main\model\DealerTests.java,main.model.DealerTests,pass3CardsRound2/0,c,1
C:\projects\hearts-game-java-master\test\main\model\DealerTests.java,main.model.DealerTests,pass3CardsRound2/0,clubHand,3
C:\projects\hearts-game-java-master\test\main\model\DealerTests.java,main.model.DealerTests,pass3CardsRound2/0,userPassedCards,6
C:\projects\hearts-game-java-master\test\main\model\DealerTests.java,main.model.DealerTests,pass3CardsRound2/0,heartHand,3
C:\projects\hearts-game-java-master\test\main\model\DealerTests.java,main.model.DealerTests,pass3CardsRound2/0,rank,7
C:\projects\hearts-game-java-master\test\main\model\DealerTests.java,main.model.DealerTests,pass3CardsRound2/0,testDealer,25
C:\projects\hearts-game-java-master\test\main\model\DealerTests.java,main.model.DealerTests,pass3CardsRound2/0,diamondHand,3
C:\projects\hearts-game-java-master\src\main\model\Bot.java,main.model.Bot,passThreeCards/0,passList,4
C:\projects\hearts-game-java-master\src\main\model\Bot.java,main.model.Bot,"playCard/2[main.model.Card,int]",numberOfPlayedCards,2
C:\projects\hearts-game-java-master\src\main\model\Bot.java,main.model.Bot,"playCard/2[main.model.Card,int]",LargerClosestCardOfLargestPlayedCard,7
C:\projects\hearts-game-java-master\src\main\model\Bot.java,main.model.Bot,"playCard/2[main.model.Card,int]",handSize,0
C:\projects\hearts-game-java-master\src\main\model\Bot.java,main.model.Bot,"playCard/2[main.model.Card,int]",largestRankCard,2
C:\projects\hearts-game-java-master\src\main\model\Bot.java,main.model.Bot,"playCard/2[main.model.Card,int]",handCards,3
C:\projects\hearts-game-java-master\src\main\model\Bot.java,main.model.Bot,"playCard/2[main.model.Card,int]",smallerClosestCardOfLargestPlayedCard,7
C:\projects\hearts-game-java-master\src\main\model\Bot.java,main.model.Bot,"playCard/2[main.model.Card,int]",card,16
C:\projects\hearts-game-java-master\src\main\model\Bot.java,main.model.Bot,"playCard/2[main.model.Card,int]",smallestRankCard,2
C:\projects\hearts-game-java-master\src\main\model\Bot.java,main.model.Bot,"playCard/2[main.model.Card,int]",largestPlayedCard,5
C:\projects\hearts-game-java-master\src\main\model\Deck.java,main.model.Deck,Deck/0,rank,1
C:\projects\hearts-game-java-master\src\main\model\Deck.java,main.model.Deck,Deck/0,suit,1
C:\projects\hearts-game-java-master\src\main\controller\GameController.java,main.controller.GameController,"GameController/2[main.model.Dealer,main.view.GameUI]",dealer,2
C:\projects\hearts-game-java-master\src\main\controller\GameController.java,main.controller.GameController,"GameController/2[main.model.Dealer,main.view.GameUI]",gameUI,2
C:\projects\hearts-game-java-master\src\main\controller\GameController.java,main.controller.GameController,startGame/0,numberOfPlayedCards,1
C:\projects\hearts-game-java-master\src\main\controller\GameController.java,main.controller.GameController,startGame/0,winners,1
C:\projects\hearts-game-java-master\src\main\controller\GameController.java,main.controller.GameController,startGame/0,scoreAccumulatedInTrick,3
C:\projects\hearts-game-java-master\src\main\controller\GameController.java,main.controller.GameController,startGame/0,botPlayer,1
C:\projects\hearts-game-java-master\src\main\controller\GameController.java,main.controller.GameController,startGame/0,ownerOfWinnerCard,5
C:\projects\hearts-game-java-master\src\main\controller\GameController.java,main.controller.GameController,startGame/0,moonShooter,3
C:\projects\hearts-game-java-master\src\main\controller\GameController.java,main.controller.GameController,startGame/0,userPlayedCard,2
C:\projects\hearts-game-java-master\src\main\controller\GameController.java,main.controller.GameController,startGame/0,cardToPlay,2
C:\projects\hearts-game-java-master\src\main\controller\GameController.java,main.controller.GameController,startGame/0,user,0
C:\projects\hearts-game-java-master\src\main\controller\GameController.java,main.controller.GameController,startGame/0,player,5
C:\projects\hearts-game-java-master\src\main\controller\GameController.java,main.controller.GameController,startGame/0,largestPlayedCard,1
C:\projects\hearts-game-java-master\src\main\controller\GameController.java,main.controller.GameController,initiatePassing/0,cards,1
C:\projects\hearts-game-java-master\test\main\model\BotTests.java,main.model.BotTests,passedCards/0,heartBot,7
C:\projects\hearts-game-java-master\test\main\model\BotTests.java,main.model.BotTests,passedCards/0,spadeHand,3
C:\projects\hearts-game-java-master\test\main\model\BotTests.java,main.model.BotTests,passedCards/0,top3Spades,4
C:\projects\hearts-game-java-master\test\main\model\BotTests.java,main.model.BotTests,passedCards/0,spadeBot,9
C:\projects\hearts-game-java-master\test\main\model\BotTests.java,main.model.BotTests,passedCards/0,top3Hearts,4
C:\projects\hearts-game-java-master\test\main\model\BotTests.java,main.model.BotTests,passedCards/0,heartHand,3
C:\projects\hearts-game-java-master\test\main\model\BotTests.java,main.model.BotTests,passedCards/0,rank,3
C:\projects\hearts-game-java-master\test\main\model\BotTests.java,main.model.BotTests,passedCardsForMixedHand/0,botHand2,6
C:\projects\hearts-game-java-master\test\main\model\BotTests.java,main.model.BotTests,passedCardsForMixedHand/0,card1,1
C:\projects\hearts-game-java-master\test\main\model\BotTests.java,main.model.BotTests,passedCardsForMixedHand/0,card2,1
C:\projects\hearts-game-java-master\test\main\model\BotTests.java,main.model.BotTests,passedCardsForMixedHand/0,card3,1
C:\projects\hearts-game-java-master\test\main\model\BotTests.java,main.model.BotTests,passedCardsForMixedHand/0,card4,1
C:\projects\hearts-game-java-master\test\main\model\BotTests.java,main.model.BotTests,passedCardsForMixedHand/0,card5,1
C:\projects\hearts-game-java-master\test\main\model\BotTests.java,main.model.BotTests,passedCardsForMixedHand/0,botHand1,6
C:\projects\hearts-game-java-master\test\main\model\BotTests.java,main.model.BotTests,passedCardsForMixedHand/0,card6,1
C:\projects\hearts-game-java-master\test\main\model\BotTests.java,main.model.BotTests,passedCardsForMixedHand/0,card7,1
C:\projects\hearts-game-java-master\test\main\model\BotTests.java,main.model.BotTests,passedCardsForMixedHand/0,card8,1
C:\projects\hearts-game-java-master\test\main\model\BotTests.java,main.model.BotTests,passedCardsForMixedHand/0,testbot2,7
C:\projects\hearts-game-java-master\test\main\model\BotTests.java,main.model.BotTests,passedCardsForMixedHand/0,testbot1,7
C:\projects\hearts-game-java-master\test\main\model\BotTests.java,main.model.BotTests,passedCardsForMixedHand/0,top3Cards2,4
C:\projects\hearts-game-java-master\test\main\model\BotTests.java,main.model.BotTests,passedCardsForMixedHand/0,top3Cards1,4
C:\projects\hearts-game-java-master\test\main\model\BotTests.java,main.model.BotTests,firstBotThrowSmallestRankTest/0,card1,1
C:\projects\hearts-game-java-master\test\main\model\BotTests.java,main.model.BotTests,firstBotThrowSmallestRankTest/0,card2,1
C:\projects\hearts-game-java-master\test\main\model\BotTests.java,main.model.BotTests,firstBotThrowSmallestRankTest/0,testBot,3
C:\projects\hearts-game-java-master\test\main\model\BotTests.java,main.model.BotTests,firstBotThrowSmallestRankTest/0,card3,1
C:\projects\hearts-game-java-master\test\main\model\BotTests.java,main.model.BotTests,firstBotThrowSmallestRankTest/0,card4,1
C:\projects\hearts-game-java-master\test\main\model\BotTests.java,main.model.BotTests,firstBotThrowSmallestRankTest/0,card5,1
C:\projects\hearts-game-java-master\test\main\model\BotTests.java,main.model.BotTests,firstBotThrowSmallestRankTest/0,card6,1
C:\projects\hearts-game-java-master\test\main\model\BotTests.java,main.model.BotTests,firstBotThrowSmallestRankTest/0,testHand,7
C:\projects\hearts-game-java-master\test\main\model\BotTests.java,main.model.BotTests,firstBotThrowSmallestRankTest/0,playedCards,1
C:\projects\hearts-game-java-master\test\main\model\BotTests.java,main.model.BotTests,lastBotThrowsLargestRank/0,card1,1
C:\projects\hearts-game-java-master\test\main\model\BotTests.java,main.model.BotTests,lastBotThrowsLargestRank/0,card2,1
C:\projects\hearts-game-java-master\test\main\model\BotTests.java,main.model.BotTests,lastBotThrowsLargestRank/0,testBot,3
C:\projects\hearts-game-java-master\test\main\model\BotTests.java,main.model.BotTests,lastBotThrowsLargestRank/0,card3,1
C:\projects\hearts-game-java-master\test\main\model\BotTests.java,main.model.BotTests,lastBotThrowsLargestRank/0,card4,1
C:\projects\hearts-game-java-master\test\main\model\BotTests.java,main.model.BotTests,lastBotThrowsLargestRank/0,thrownCard,1
C:\projects\hearts-game-java-master\test\main\model\BotTests.java,main.model.BotTests,lastBotThrowsLargestRank/0,card5,1
C:\projects\hearts-game-java-master\test\main\model\BotTests.java,main.model.BotTests,lastBotThrowsLargestRank/0,card6,1
C:\projects\hearts-game-java-master\test\main\model\BotTests.java,main.model.BotTests,lastBotThrowsLargestRank/0,card7,1
C:\projects\hearts-game-java-master\test\main\model\BotTests.java,main.model.BotTests,lastBotThrowsLargestRank/0,lastCard,2
C:\projects\hearts-game-java-master\test\main\model\BotTests.java,main.model.BotTests,lastBotThrowsLargestRank/0,testHand,8
C:\projects\hearts-game-java-master\test\main\model\BotTests.java,main.model.BotTests,lastBotThrowsLargestRank/0,playedCards,2
C:\projects\hearts-game-java-master\test\main\model\BotTests.java,main.model.BotTests,secondBotThrowsLargestRankNotFollowingSuit/0,card1,1
C:\projects\hearts-game-java-master\test\main\model\BotTests.java,main.model.BotTests,secondBotThrowsLargestRankNotFollowingSuit/0,card2,1
C:\projects\hearts-game-java-master\test\main\model\BotTests.java,main.model.BotTests,secondBotThrowsLargestRankNotFollowingSuit/0,testBot,3
C:\projects\hearts-game-java-master\test\main\model\BotTests.java,main.model.BotTests,secondBotThrowsLargestRankNotFollowingSuit/0,card3,1
C:\projects\hearts-game-java-master\test\main\model\BotTests.java,main.model.BotTests,secondBotThrowsLargestRankNotFollowingSuit/0,card4,1
C:\projects\hearts-game-java-master\test\main\model\BotTests.java,main.model.BotTests,secondBotThrowsLargestRankNotFollowingSuit/0,thrownCard,1
C:\projects\hearts-game-java-master\test\main\model\BotTests.java,main.model.BotTests,secondBotThrowsLargestRankNotFollowingSuit/0,lastCard,2
C:\projects\hearts-game-java-master\test\main\model\BotTests.java,main.model.BotTests,secondBotThrowsLargestRankNotFollowingSuit/0,testHand,5
C:\projects\hearts-game-java-master\test\main\model\BotTests.java,main.model.BotTests,secondBotThrowsLargestRankNotFollowingSuit/0,playedCards,2
C:\projects\hearts-game-java-master\test\main\model\BotTests.java,main.model.BotTests,checkTop3CardsForSpadesHand/0,testBot,2
C:\projects\hearts-game-java-master\test\main\model\BotTests.java,main.model.BotTests,checkTop3CardsForSpadesHand/0,top3Cards,4
C:\projects\hearts-game-java-master\test\main\model\BotTests.java,main.model.BotTests,checkTop3CardsForSpadesHand/0,rank,1
C:\projects\hearts-game-java-master\test\main\model\BotTests.java,main.model.BotTests,checkTop3CardsForSpadesHand/0,testHand,2
C:\projects\hearts-game-java-master\test\main\model\BotTests.java,main.model.BotTests,checkTop3CardsForMixedHand/0,card1,1
C:\projects\hearts-game-java-master\test\main\model\BotTests.java,main.model.BotTests,checkTop3CardsForMixedHand/0,card2,1
C:\projects\hearts-game-java-master\test\main\model\BotTests.java,main.model.BotTests,checkTop3CardsForMixedHand/0,testBot,2
C:\projects\hearts-game-java-master\test\main\model\BotTests.java,main.model.BotTests,checkTop3CardsForMixedHand/0,card3,1
C:\projects\hearts-game-java-master\test\main\model\BotTests.java,main.model.BotTests,checkTop3CardsForMixedHand/0,card4,1
C:\projects\hearts-game-java-master\test\main\model\BotTests.java,main.model.BotTests,checkTop3CardsForMixedHand/0,card5,1
C:\projects\hearts-game-java-master\test\main\model\BotTests.java,main.model.BotTests,checkTop3CardsForMixedHand/0,top3Cards,4
C:\projects\hearts-game-java-master\test\main\model\BotTests.java,main.model.BotTests,checkTop3CardsForMixedHand/0,card6,1
C:\projects\hearts-game-java-master\test\main\model\BotTests.java,main.model.BotTests,checkTop3CardsForMixedHand/0,card7,1
C:\projects\hearts-game-java-master\test\main\model\BotTests.java,main.model.BotTests,checkTop3CardsForMixedHand/0,card8,1
C:\projects\hearts-game-java-master\test\main\model\BotTests.java,main.model.BotTests,checkTop3CardsForMixedHand/0,testHand,9
C:\projects\hearts-game-java-master\test\main\model\BotTests.java,main.model.BotTests,lastBotThrowsLargestRankNotFollowingSuit/0,card1,1
C:\projects\hearts-game-java-master\test\main\model\BotTests.java,main.model.BotTests,lastBotThrowsLargestRankNotFollowingSuit/0,card2,1
C:\projects\hearts-game-java-master\test\main\model\BotTests.java,main.model.BotTests,lastBotThrowsLargestRankNotFollowingSuit/0,testBot,3
C:\projects\hearts-game-java-master\test\main\model\BotTests.java,main.model.BotTests,lastBotThrowsLargestRankNotFollowingSuit/0,card3,1
C:\projects\hearts-game-java-master\test\main\model\BotTests.java,main.model.BotTests,lastBotThrowsLargestRankNotFollowingSuit/0,card4,1
C:\projects\hearts-game-java-master\test\main\model\BotTests.java,main.model.BotTests,lastBotThrowsLargestRankNotFollowingSuit/0,thrownCard,1
C:\projects\hearts-game-java-master\test\main\model\BotTests.java,main.model.BotTests,lastBotThrowsLargestRankNotFollowingSuit/0,lastCard,2
C:\projects\hearts-game-java-master\test\main\model\BotTests.java,main.model.BotTests,lastBotThrowsLargestRankNotFollowingSuit/0,testHand,5
C:\projects\hearts-game-java-master\test\main\model\BotTests.java,main.model.BotTests,lastBotThrowsLargestRankNotFollowingSuit/0,playedCards,2
C:\projects\hearts-game-java-master\test\main\model\BotTests.java,main.model.BotTests,throwCardFollowSuitHigherThanCardsPlayed/0,card1,1
C:\projects\hearts-game-java-master\test\main\model\BotTests.java,main.model.BotTests,throwCardFollowSuitHigherThanCardsPlayed/0,card2,1
C:\projects\hearts-game-java-master\test\main\model\BotTests.java,main.model.BotTests,throwCardFollowSuitHigherThanCardsPlayed/0,testBot,3
C:\projects\hearts-game-java-master\test\main\model\BotTests.java,main.model.BotTests,throwCardFollowSuitHigherThanCardsPlayed/0,card3,1
C:\projects\hearts-game-java-master\test\main\model\BotTests.java,main.model.BotTests,throwCardFollowSuitHigherThanCardsPlayed/0,card4,1
C:\projects\hearts-game-java-master\test\main\model\BotTests.java,main.model.BotTests,throwCardFollowSuitHigherThanCardsPlayed/0,thrownCard,1
C:\projects\hearts-game-java-master\test\main\model\BotTests.java,main.model.BotTests,throwCardFollowSuitHigherThanCardsPlayed/0,card5,1
C:\projects\hearts-game-java-master\test\main\model\BotTests.java,main.model.BotTests,throwCardFollowSuitHigherThanCardsPlayed/0,lastCard,2
C:\projects\hearts-game-java-master\test\main\model\BotTests.java,main.model.BotTests,throwCardFollowSuitHigherThanCardsPlayed/0,testHand,6
C:\projects\hearts-game-java-master\test\main\model\BotTests.java,main.model.BotTests,throwCardFollowSuitHigherThanCardsPlayed/0,playedCards,2
C:\projects\hearts-game-java-master\test\main\model\BotTests.java,main.model.BotTests,testForThrows2Clubs/0,card1,1
C:\projects\hearts-game-java-master\test\main\model\BotTests.java,main.model.BotTests,testForThrows2Clubs/0,card2,1
C:\projects\hearts-game-java-master\test\main\model\BotTests.java,main.model.BotTests,testForThrows2Clubs/0,testBot,3
C:\projects\hearts-game-java-master\test\main\model\BotTests.java,main.model.BotTests,testForThrows2Clubs/0,card3,1
C:\projects\hearts-game-java-master\test\main\model\BotTests.java,main.model.BotTests,testForThrows2Clubs/0,card4,1
C:\projects\hearts-game-java-master\test\main\model\BotTests.java,main.model.BotTests,testForThrows2Clubs/0,card5,1
C:\projects\hearts-game-java-master\test\main\model\BotTests.java,main.model.BotTests,testForThrows2Clubs/0,card6,1
C:\projects\hearts-game-java-master\test\main\model\BotTests.java,main.model.BotTests,testForThrows2Clubs/0,testHand,7
C:\projects\hearts-game-java-master\test\main\model\BotTests.java,main.model.BotTests,testForThrows2Clubs/0,playedCards,1
C:\projects\hearts-game-java-master\test\main\model\BotTests.java,main.model.BotTests,thirdBotThrowsSecondHighestFollowSuit/0,card1,1
C:\projects\hearts-game-java-master\test\main\model\BotTests.java,main.model.BotTests,thirdBotThrowsSecondHighestFollowSuit/0,card2,1
C:\projects\hearts-game-java-master\test\main\model\BotTests.java,main.model.BotTests,thirdBotThrowsSecondHighestFollowSuit/0,testBot,3
C:\projects\hearts-game-java-master\test\main\model\BotTests.java,main.model.BotTests,thirdBotThrowsSecondHighestFollowSuit/0,card3,1
C:\projects\hearts-game-java-master\test\main\model\BotTests.java,main.model.BotTests,thirdBotThrowsSecondHighestFollowSuit/0,thirdCard,2
C:\projects\hearts-game-java-master\test\main\model\BotTests.java,main.model.BotTests,thirdBotThrowsSecondHighestFollowSuit/0,card4,1
C:\projects\hearts-game-java-master\test\main\model\BotTests.java,main.model.BotTests,thirdBotThrowsSecondHighestFollowSuit/0,thrownCard,1
C:\projects\hearts-game-java-master\test\main\model\BotTests.java,main.model.BotTests,thirdBotThrowsSecondHighestFollowSuit/0,card5,1
C:\projects\hearts-game-java-master\test\main\model\BotTests.java,main.model.BotTests,thirdBotThrowsSecondHighestFollowSuit/0,card6,1
C:\projects\hearts-game-java-master\test\main\model\BotTests.java,main.model.BotTests,thirdBotThrowsSecondHighestFollowSuit/0,testHand,7
C:\projects\hearts-game-java-master\test\main\model\BotTests.java,main.model.BotTests,thirdBotThrowsSecondHighestFollowSuit/0,playedCards,2
C:\projects\hearts-game-java-master\test\main\model\BotTests.java,main.model.BotTests,thirdBotThrowsLargestRankNotFollowingSuit/0,card1,1
C:\projects\hearts-game-java-master\test\main\model\BotTests.java,main.model.BotTests,thirdBotThrowsLargestRankNotFollowingSuit/0,card2,1
C:\projects\hearts-game-java-master\test\main\model\BotTests.java,main.model.BotTests,thirdBotThrowsLargestRankNotFollowingSuit/0,testBot,3
C:\projects\hearts-game-java-master\test\main\model\BotTests.java,main.model.BotTests,thirdBotThrowsLargestRankNotFollowingSuit/0,card3,1
C:\projects\hearts-game-java-master\test\main\model\BotTests.java,main.model.BotTests,thirdBotThrowsLargestRankNotFollowingSuit/0,card4,1
C:\projects\hearts-game-java-master\test\main\model\BotTests.java,main.model.BotTests,thirdBotThrowsLargestRankNotFollowingSuit/0,thrownCard,1
C:\projects\hearts-game-java-master\test\main\model\BotTests.java,main.model.BotTests,thirdBotThrowsLargestRankNotFollowingSuit/0,lastCard,2
C:\projects\hearts-game-java-master\test\main\model\BotTests.java,main.model.BotTests,thirdBotThrowsLargestRankNotFollowingSuit/0,testHand,5
C:\projects\hearts-game-java-master\test\main\model\BotTests.java,main.model.BotTests,thirdBotThrowsLargestRankNotFollowingSuit/0,playedCards,2
C:\projects\hearts-game-java-master\test\main\model\BotTests.java,main.model.BotTests,firstBotThrowSmallestRankTestHeartsBroken/0,card1,1
C:\projects\hearts-game-java-master\test\main\model\BotTests.java,main.model.BotTests,firstBotThrowSmallestRankTestHeartsBroken/0,card2,1
C:\projects\hearts-game-java-master\test\main\model\BotTests.java,main.model.BotTests,firstBotThrowSmallestRankTestHeartsBroken/0,testBot,3
C:\projects\hearts-game-java-master\test\main\model\BotTests.java,main.model.BotTests,firstBotThrowSmallestRankTestHeartsBroken/0,card3,1
C:\projects\hearts-game-java-master\test\main\model\BotTests.java,main.model.BotTests,firstBotThrowSmallestRankTestHeartsBroken/0,card4,1
C:\projects\hearts-game-java-master\test\main\model\BotTests.java,main.model.BotTests,firstBotThrowSmallestRankTestHeartsBroken/0,card5,1
C:\projects\hearts-game-java-master\test\main\model\BotTests.java,main.model.BotTests,firstBotThrowSmallestRankTestHeartsBroken/0,card6,1
C:\projects\hearts-game-java-master\test\main\model\BotTests.java,main.model.BotTests,firstBotThrowSmallestRankTestHeartsBroken/0,testHand,7
C:\projects\hearts-game-java-master\test\main\model\BotTests.java,main.model.BotTests,firstBotThrowSmallestRankTestHeartsBroken/0,playedCards,1
C:\projects\hearts-game-java-master\test\main\model\BotTests.java,main.model.BotTests,secondBotThrowsHighestRankFollowSuit/0,card1,1
C:\projects\hearts-game-java-master\test\main\model\BotTests.java,main.model.BotTests,secondBotThrowsHighestRankFollowSuit/0,card2,1
C:\projects\hearts-game-java-master\test\main\model\BotTests.java,main.model.BotTests,secondBotThrowsHighestRankFollowSuit/0,testBot,3
C:\projects\hearts-game-java-master\test\main\model\BotTests.java,main.model.BotTests,secondBotThrowsHighestRankFollowSuit/0,card3,1
C:\projects\hearts-game-java-master\test\main\model\BotTests.java,main.model.BotTests,secondBotThrowsHighestRankFollowSuit/0,card4,1
C:\projects\hearts-game-java-master\test\main\model\BotTests.java,main.model.BotTests,secondBotThrowsHighestRankFollowSuit/0,thrownCard,1
C:\projects\hearts-game-java-master\test\main\model\BotTests.java,main.model.BotTests,secondBotThrowsHighestRankFollowSuit/0,card5,1
C:\projects\hearts-game-java-master\test\main\model\BotTests.java,main.model.BotTests,secondBotThrowsHighestRankFollowSuit/0,firstCard,2
C:\projects\hearts-game-java-master\test\main\model\BotTests.java,main.model.BotTests,secondBotThrowsHighestRankFollowSuit/0,card6,1
C:\projects\hearts-game-java-master\test\main\model\BotTests.java,main.model.BotTests,secondBotThrowsHighestRankFollowSuit/0,card7,1
C:\projects\hearts-game-java-master\test\main\model\BotTests.java,main.model.BotTests,secondBotThrowsHighestRankFollowSuit/0,testHand,8
C:\projects\hearts-game-java-master\test\main\model\BotTests.java,main.model.BotTests,secondBotThrowsHighestRankFollowSuit/0,playedCards,2
C:\projects\hearts-game-java-master\src\main\model\Player.java,main.model.Player,hasTwoOfClubs/0,card,1
C:\projects\hearts-game-java-master\src\main\model\Player.java,main.model.Player,getSmallestRankCard/0,cards,1
C:\projects\hearts-game-java-master\src\main\model\Player.java,main.model.Player,getSmallestRankCard/0,smallest,5
C:\projects\hearts-game-java-master\src\main\model\Player.java,main.model.Player,getSmallestRankCard/0,card,4
C:\projects\hearts-game-java-master\src\main\model\Player.java,main.model.Player,removeHand/1[java.util.List<main.model.Card>],cards,1
C:\projects\hearts-game-java-master\src\main\model\Player.java,main.model.Player,removeHand/1[java.util.List<main.model.Card>],cardToRemove,1
C:\projects\hearts-game-java-master\src\main\model\Player.java,main.model.Player,setId/1[java.lang.String],id,2
C:\projects\hearts-game-java-master\src\main\model\Player.java,main.model.Player,"updateCardPickability/3[java.util.List<main.model.Card>,boolean,boolean]",pickableCount,3
C:\projects\hearts-game-java-master\src\main\model\Player.java,main.model.Player,"updateCardPickability/3[java.util.List<main.model.Card>,boolean,boolean]",leadCard,1
C:\projects\hearts-game-java-master\src\main\model\Player.java,main.model.Player,"updateCardPickability/3[java.util.List<main.model.Card>,boolean,boolean]",isNotFirstTrick,2
C:\projects\hearts-game-java-master\src\main\model\Player.java,main.model.Player,"updateCardPickability/3[java.util.List<main.model.Card>,boolean,boolean]",isHeartsBroken,2
C:\projects\hearts-game-java-master\src\main\model\Player.java,main.model.Player,"updateCardPickability/3[java.util.List<main.model.Card>,boolean,boolean]",playedCards,2
C:\projects\hearts-game-java-master\src\main\model\Player.java,main.model.Player,"updateCardPickability/3[java.util.List<main.model.Card>,boolean,boolean]",card,18
C:\projects\hearts-game-java-master\src\main\model\Player.java,main.model.Player,playCard/1[main.model.Card],chosenCard,1
C:\projects\hearts-game-java-master\src\main\model\Player.java,main.model.Player,fillHandCards/1[java.util.List<main.model.Card>],cards,2
C:\projects\hearts-game-java-master\src\main\model\Player.java,main.model.Player,fillHandCards/1[java.util.List<main.model.Card>],card,1
C:\projects\hearts-game-java-master\src\main\model\Player.java,main.model.Player,removeHand/1[main.model.Card],i,4
C:\projects\hearts-game-java-master\src\main\model\Player.java,main.model.Player,removeHand/1[main.model.Card],card,1
C:\projects\hearts-game-java-master\src\main\model\Player.java,main.model.Player,addCardsToHand/1[java.util.List<main.model.Card>],cards,2
C:\projects\hearts-game-java-master\src\main\model\Player.java,main.model.Player,addCardsToHand/1[java.util.List<main.model.Card>],card,1
C:\projects\hearts-game-java-master\src\main\model\Player.java,main.model.Player,checkAllPointCards/1[java.util.List<main.model.Card>],cards,1
C:\projects\hearts-game-java-master\src\main\model\Player.java,main.model.Player,checkAllPointCards/1[java.util.List<main.model.Card>],card,3
C:\projects\hearts-game-java-master\src\main\model\Player.java,main.model.Player,getLargestRankCard/0,largest,5
C:\projects\hearts-game-java-master\src\main\model\Player.java,main.model.Player,getLargestRankCard/0,cards,1
C:\projects\hearts-game-java-master\src\main\model\Player.java,main.model.Player,getLargestRankCard/0,card,4
C:\projects\hearts-game-java-master\src\main\model\Card.java,main.model.Card,"Card/3[main.constant.Suit,main.constant.Rank,boolean]",pickable,2
C:\projects\hearts-game-java-master\src\main\model\Card.java,main.model.Card,"Card/3[main.constant.Suit,main.constant.Rank,boolean]",rank,2
C:\projects\hearts-game-java-master\src\main\model\Card.java,main.model.Card,"Card/3[main.constant.Suit,main.constant.Rank,boolean]",suit,2
C:\projects\hearts-game-java-master\src\main\model\Card.java,main.model.Card,toString/0,playable,2
C:\projects\hearts-game-java-master\src\main\model\Card.java,main.model.Card,setPickable/1[boolean],pickable,2
C:\projects\hearts-game-java-master\src\main\model\Card.java,main.model.Card,setSuit/1[main.constant.Suit],suit,2
C:\projects\hearts-game-java-master\src\main\model\Card.java,main.model.Card,setRank/1[main.constant.Rank],rank,2
C:\projects\hearts-game-java-master\src\main\model\Card.java,main.model.Card,setOwnerOfCard/1[java.lang.String],owner,1
C:\projects\hearts-game-java-master\src\main\model\Dealer.java,main.model.Dealer,getLargestCardFromTrick/0,largest,6
C:\projects\hearts-game-java-master\src\main\model\Dealer.java,main.model.Dealer,getLargestCardFromTrick/0,size,4
C:\projects\hearts-game-java-master\src\main\model\Dealer.java,main.model.Dealer,getLargestCardFromTrick/0,i,3
C:\projects\hearts-game-java-master\src\main\model\Dealer.java,main.model.Dealer,getLargestCardFromTrick/0,card,3
C:\projects\hearts-game-java-master\src\main\model\Dealer.java,main.model.Dealer,calculatePlayedCardsPoints/1[java.util.List<main.model.Card>],score,3
C:\projects\hearts-game-java-master\src\main\model\Dealer.java,main.model.Dealer,calculatePlayedCardsPoints/1[java.util.List<main.model.Card>],cards,1
C:\projects\hearts-game-java-master\src\main\model\Dealer.java,main.model.Dealer,calculatePlayedCardsPoints/1[java.util.List<main.model.Card>],card,3
C:\projects\hearts-game-java-master\src\main\model\Dealer.java,main.model.Dealer,setNextPlayer/1[java.lang.String],id,1
C:\projects\hearts-game-java-master\src\main\model\Dealer.java,main.model.Dealer,setRoundCount/1[int],roundCount,2
C:\projects\hearts-game-java-master\src\main\model\Dealer.java,main.model.Dealer,"addRoundScore/2[java.lang.String,int]",score,4
C:\projects\hearts-game-java-master\src\main\model\Dealer.java,main.model.Dealer,"addRoundScore/2[java.lang.String,int]",id,4
C:\projects\hearts-game-java-master\src\main\model\Dealer.java,main.model.Dealer,"addTotalScore/2[java.lang.String,int]",score,4
C:\projects\hearts-game-java-master\src\main\model\Dealer.java,main.model.Dealer,"addTotalScore/2[java.lang.String,int]",id,4
C:\projects\hearts-game-java-master\src\main\model\Dealer.java,main.model.Dealer,distributePassedCards/1[java.util.List<main.model.Card>],roundCount,4
C:\projects\hearts-game-java-master\src\main\model\Dealer.java,main.model.Dealer,distributePassedCards/1[java.util.List<main.model.Card>],botCPassCards,6
C:\projects\hearts-game-java-master\src\main\model\Dealer.java,main.model.Dealer,distributePassedCards/1[java.util.List<main.model.Card>],botAPassCards,6
C:\projects\hearts-game-java-master\src\main\model\Dealer.java,main.model.Dealer,distributePassedCards/1[java.util.List<main.model.Card>],botBPassCards,6
C:\projects\hearts-game-java-master\src\main\model\Dealer.java,main.model.Dealer,distributePassedCards/1[java.util.List<main.model.Card>],userPassCards,4
C:\projects\hearts-game-java-master\src\main\model\Dealer.java,main.model.Dealer,newRound/0,botBCard,2
C:\projects\hearts-game-java-master\src\main\model\Dealer.java,main.model.Dealer,newRound/0,shuffledCards,5
C:\projects\hearts-game-java-master\src\main\model\Dealer.java,main.model.Dealer,newRound/0,botCHandCards,2
C:\projects\hearts-game-java-master\src\main\model\Dealer.java,main.model.Dealer,newRound/0,botCCard,2
C:\projects\hearts-game-java-master\src\main\model\Dealer.java,main.model.Dealer,newRound/0,userHandCards,2
C:\projects\hearts-game-java-master\src\main\model\Dealer.java,main.model.Dealer,newRound/0,botACard,2
C:\projects\hearts-game-java-master\src\main\model\Dealer.java,main.model.Dealer,newRound/0,deck,1
C:\projects\hearts-game-java-master\src\main\model\Dealer.java,main.model.Dealer,newRound/0,botBHandCards,2
C:\projects\hearts-game-java-master\src\main\model\Dealer.java,main.model.Dealer,newRound/0,botAHandCards,2
C:\projects\hearts-game-java-master\src\main\model\Dealer.java,main.model.Dealer,newRound/0,userCard,2
C:\projects\hearts-game-java-master\src\main\model\Dealer.java,main.model.Dealer,setNotFirstTrick/1[boolean],notFirst,1
C:\projects\hearts-game-java-master\src\main\model\Dealer.java,main.model.Dealer,getLowestScorePlayerId/0,minScore,3
C:\projects\hearts-game-java-master\src\main\model\Dealer.java,main.model.Dealer,getLowestScorePlayerId/0,targetId,6
C:\projects\hearts-game-java-master\src\main\model\Dealer.java,main.model.Dealer,getLowestScorePlayerId/0,playerDetails,9
C:\projects\hearts-game-java-master\src\main\model\Dealer.java,main.model.Dealer,getLowestScorePlayerId/0,id,6
C:\projects\hearts-game-java-master\src\main\model\Dealer.java,main.model.Dealer,getPlayer/1[java.lang.String],id,4
C:\projects\hearts-game-java-master\src\main\model\Dealer.java,main.model.Dealer,getTotalScore/1[java.lang.String],id,4
C:\projects\hearts-game-java-master\src\main\model\Dealer.java,main.model.Dealer,getRoundScore/1[java.lang.String],id,4
C:\projects\hearts-game-java-master\src\main\model\Dealer.java,main.model.Dealer,getWinnerOfTrick/1[java.util.List<main.model.Card>],cards,1
C:\projects\hearts-game-java-master\src\main\model\Dealer.java,main.model.Dealer,getWinnerOfTrick/1[java.util.List<main.model.Card>],largestCard,1
C:\projects\hearts-game-java-master\src\main\model\Dealer.java,main.model.Dealer,addToPlayedCards/1[main.model.Card],card,3
C:\projects\hearts-game-java-master\src\main\model\Dealer.java,main.model.Dealer,handleMoonShooter/1[java.lang.String],players,5
C:\projects\hearts-game-java-master\src\main\model\Dealer.java,main.model.Dealer,handleMoonShooter/1[java.lang.String],pid,2
C:\projects\hearts-game-java-master\src\main\model\Dealer.java,main.model.Dealer,handleMoonShooter/1[java.lang.String],id,2
C:\projects\hearts-game-java-master\src\main\model\Bot.java,main.model.Bot$Anonymous1,"compare/2[main.model.Card,main.model.Card]",card1,1
C:\projects\hearts-game-java-master\src\main\model\Bot.java,main.model.Bot$Anonymous1,"compare/2[main.model.Card,main.model.Card]",card2,1
