file,class,type,cbo,cboModified,fanin,fanout,wmc,dit,noc,rfc,lcom,lcom*,tcc,lcc,totalMethodsQty,staticMethodsQty,publicMethodsQty,privateMethodsQty,protectedMethodsQty,defaultMethodsQty,visibleMethodsQty,abstractMethodsQty,finalMethodsQty,synchronizedMethodsQty,totalFieldsQty,staticFieldsQty,publicFieldsQty,privateFieldsQty,protectedFieldsQty,defaultFieldsQty,finalFieldsQty,synchronizedFieldsQty,nosi,loc,returnQty,loopQty,comparisonsQty,tryCatchQty,parenthesizedExpsQty,stringLiteralsQty,numbersQty,assignmentsQty,mathOperationsQty,variablesQty,maxNestedBlocksQty,anonymousClassesQty,innerClassesQty,lambdasQty,uniqueWordsQty,modifiers,logStatementsQty
C:\projects\ChipperGame-master\Chipper-android\gen\com\kyrutech\chipper\R.java,com.kyrutech.chipper.R$attr,innerclass,0,0,0,0,0,1,0,0,0,0.0,-1.0,-1.0,0,0,0,0,0,0,0,0,0,0,0,0,0,0,0,0,0,0,0,2,0,0,0,0,0,0,0,0,0,0,0,0,0,0,1,25,0
C:\projects\ChipperGame-master\Chipper\src\com\kyrutech\chipper\screens\InstructionsScreen.java,com.kyrutech.chipper.screens.InstructionsScreen,class,19,20,1,19,19,1,0,24,112,0.9182692,0.033333335,0.033333335,16,0,16,0,0,0,16,0,0,0,9,0,0,9,0,0,0,0,0,181,8,0,1,0,2,58,67,57,21,43,1,0,0,0,236,1,0
C:\projects\ChipperGame-master\Chipper\src\com\kyrutech\chipper\screens\GameScreen3.java,com.kyrutech.chipper.screens.GameScreen3$Anonymous3,anonymous,2,2,0,2,1,1,0,4,0,0.0,NaN,NaN,1,0,1,0,0,0,1,0,0,0,0,0,0,0,0,0,0,0,0,8,0,0,0,0,0,0,2,1,0,0,0,0,0,0,7,-1,0
C:\projects\ChipperGame-master\Chipper\src\com\kyrutech\chipper\screens\GameScreen3.java,com.kyrutech.chipper.screens.GameScreen3$Anonymous2,anonymous,2,2,0,2,1,1,0,2,0,0.0,NaN,NaN,1,0,1,0,0,0,1,0,0,0,0,0,0,0,0,0,0,0,0,7,0,0,0,0,0,0,3,1,0,0,0,0,0,0,4,-1,0
C:\projects\ChipperGame-master\Chipper\src\com\kyrutech\chipper\screens\GameScreen3.java,com.kyrutech.chipper.screens.GameScreen3$Anonymous1,anonymous,2,2,0,2,1,1,0,2,0,0.0,NaN,NaN,1,0,1,0,0,0,1,0,0,0,0,0,0,0,0,0,0,0,0,6,0,0,0,0,0,0,1,0,0,0,0,0,0,0,4,-1,0
C:\projects\ChipperGame-master\Chipper-desktop\src\com\kyrutech\chipper\Main.java,com.kyrutech.chipper.Main,class,3,3,0,3,1,1,0,0,0,0.0,NaN,NaN,1,1,1,0,0,0,1,0,0,0,0,0,0,0,0,0,0,0,0,10,0,0,0,0,0,1,2,5,0,1,0,0,0,0,10,1,0
C:\projects\ChipperGame-master\Chipper\src\com\kyrutech\chipper\aiagent\AIAgent.java,com.kyrutech.chipper.aiagent.AIAgent,class,9,13,4,9,290,1,0,51,182,0.84236443,0.23636363,0.4,29,2,11,18,0,0,11,0,0,0,7,0,0,0,0,7,0,0,22,992,33,42,118,1,1,52,279,325,16,142,6,0,0,0,181,1,0
C:\projects\ChipperGame-master\Chipper\src\com\kyrutech\chipper\gameobjects\Player.java,com.kyrutech.chipper.gameobjects.Player,class,4,10,6,4,40,1,0,11,273,0.8624339,0.0997151,0.0997151,27,0,27,0,0,0,27,0,0,0,7,0,0,7,0,0,0,0,1,134,9,1,0,0,0,4,22,34,0,10,3,0,0,0,62,1,0
C:\projects\ChipperGame-master\Chipper-android\gen\com\kyrutech\chipper\R.java,com.kyrutech.chipper.R$string,innerclass,0,0,0,0,0,1,0,0,0,NaN,-1.0,-1.0,0,0,0,0,0,0,0,0,0,0,2,2,2,0,0,0,2,0,0,4,0,0,0,0,0,0,2,2,0,2,0,0,0,0,6,25,0
C:\projects\ChipperGame-master\Chipper\src\com\kyrutech\chipper\gameobjects\Hand.java,com.kyrutech.chipper.gameobjects.Hand,class,1,7,6,1,5,1,0,3,0,0.2,0.6,0.6,5,0,5,0,0,0,5,0,0,0,1,0,0,1,0,0,0,0,0,20,1,0,0,0,0,0,0,4,0,3,0,0,0,0,22,1,0
C:\projects\ChipperGame-master\Chipper\src\com\kyrutech\chipper\Constants.java,com.kyrutech.chipper.Constants,class,1,1,0,1,0,1,0,0,0,NaN,-1.0,-1.0,0,0,0,0,0,0,0,0,0,0,35,35,35,0,0,0,35,0,0,37,0,0,0,0,0,0,38,35,1,35,0,0,0,0,26,1,0
C:\projects\ChipperGame-master\Chipper\src\com\kyrutech\chipper\screens\actors\CardActor.java,com.kyrutech.chipper.screens.actors.CardActor,class,6,8,2,6,6,2,0,13,6,0.6666667,0.2,0.2,5,0,5,0,0,0,5,0,0,0,3,0,0,0,0,3,0,0,0,26,3,0,0,0,0,0,4,5,1,4,1,0,0,0,21,1,0
C:\projects\ChipperGame-master\Chipper\src\com\kyrutech\chipper\ChipperEngine.java,com.kyrutech.chipper.ChipperEngine,class,6,18,12,6,198,1,0,70,1549,0.9596776,0.098370925,0.46741855,62,6,57,5,0,0,57,0,0,0,46,22,22,24,0,0,22,0,11,807,38,16,59,0,14,17,218,179,19,88,7,0,0,0,182,1,0
C:\projects\ChipperGame-master\Chipper-android\gen\com\kyrutech\chipper\Manifest.java,com.kyrutech.chipper.Manifest,class,0,0,0,0,0,1,0,0,0,0.0,-1.0,-1.0,0,0,0,0,0,0,0,0,0,0,0,0,0,0,0,0,0,0,0,2,0,0,0,0,0,0,0,0,0,0,0,0,0,0,1,17,0
C:\projects\ChipperGame-master\Chipper\src\com\kyrutech\chipper\screens\SpriteAccessor.java,com.kyrutech.chipper.screens.SpriteAccessor,class,3,5,2,3,8,1,0,4,0,0.0,1.0,1.0,2,0,2,0,0,0,2,0,0,0,3,3,3,0,0,0,3,0,0,39,4,0,0,0,0,0,15,7,0,3,1,0,0,0,20,1,0
C:\projects\ChipperGame-master\Chipper-android\src\com\kyrutech\chipper\MainActivity.java,com.kyrutech.chipper.MainActivity,class,4,4,0,4,1,2,0,2,0,0.0,NaN,NaN,1,0,1,0,0,0,1,0,0,0,0,0,0,0,0,0,0,0,0,8,0,0,0,0,0,0,0,2,0,1,0,0,0,0,16,1,0
C:\projects\ChipperGame-master\Chipper\src\com\kyrutech\chipper\screens\MenuScreen.java,com.kyrutech.chipper.screens.MenuScreen$Anonymous1,anonymous,2,2,0,2,2,1,0,1,1,0.0,0.0,0.0,2,0,2,0,0,0,2,0,0,0,0,0,0,0,0,0,0,0,0,8,1,0,0,0,0,0,0,0,0,0,0,0,0,0,7,-1,0
C:\projects\ChipperGame-master\Chipper-android\gen\com\kyrutech\chipper\R.java,com.kyrutech.chipper.R$drawable,innerclass,0,0,0,0,0,1,0,0,0,NaN,-1.0,-1.0,0,0,0,0,0,0,0,0,0,0,1,1,1,0,0,0,1,0,0,3,0,0,0,0,0,0,1,1,0,1,0,0,0,0,4,25,0
C:\projects\ChipperGame-master\Chipper\src\com\kyrutech\chipper\screens\MenuScreen.java,com.kyrutech.chipper.screens.MenuScreen$Anonymous3,anonymous,2,2,0,2,2,1,0,1,1,0.0,0.0,0.0,2,0,2,0,0,0,2,0,0,0,0,0,0,0,0,0,0,0,0,8,1,0,0,0,0,0,0,0,0,0,0,0,0,0,7,-1,0
C:\projects\ChipperGame-master\Chipper\src\com\kyrutech\chipper\screens\MenuScreen.java,com.kyrutech.chipper.screens.MenuScreen$Anonymous2,anonymous,2,2,0,2,2,1,0,1,1,0.0,0.0,0.0,2,0,2,0,0,0,2,0,0,0,0,0,0,0,0,0,0,0,0,8,1,0,0,0,0,0,0,0,0,0,0,0,0,0,7,-1,0
C:\projects\ChipperGame-master\Chipper\src\com\kyrutech\chipper\gameobjects\Trick.java,com.kyrutech.chipper.gameobjects.Trick,class,4,10,6,4,70,1,0,12,9,0.6103896,0.4181818,0.8181818,11,0,11,0,0,0,11,0,0,0,7,0,0,0,0,7,0,0,5,196,17,3,31,0,0,9,81,61,3,23,5,0,0,0,57,1,0
C:\projects\ChipperGame-master\Chipper-android\gen\com\kyrutech\chipper\R.java,com.kyrutech.chipper.R$layout,innerclass,0,0,0,0,0,1,0,0,0,NaN,-1.0,-1.0,0,0,0,0,0,0,0,0,0,0,1,1,1,0,0,0,1,0,0,3,0,0,0,0,0,0,1,1,0,1,0,0,0,0,3,25,0
C:\projects\ChipperGame-master\Chipper\src\com\kyrutech\chipper\ChipperGame.java,com.kyrutech.chipper.ChipperGame,class,10,24,14,10,20,2,0,8,103,0.8849207,0.1633987,0.18300654,18,0,18,0,0,0,18,0,0,0,14,6,7,7,0,0,6,0,0,90,8,0,2,0,0,1,6,22,0,17,1,0,0,0,83,1,0
C:\projects\ChipperGame-master\Chipper\src\com\kyrutech\chipper\screens\GameScreen.java,com.kyrutech.chipper.screens.GameScreen$Anonymous1,anonymous,2,2,0,2,1,1,0,3,0,0.0,NaN,NaN,1,0,1,0,0,0,1,0,0,0,0,0,0,0,0,0,0,0,0,6,0,0,0,0,0,0,1,0,0,0,0,0,0,0,3,-1,0
C:\projects\ChipperGame-master\Chipper-android\gen\com\kyrutech\chipper\BuildConfig.java,com.kyrutech.chipper.BuildConfig,class,0,0,0,0,0,1,0,1,0,NaN,-1.0,-1.0,0,0,0,0,0,0,0,0,0,0,1,1,1,0,0,0,1,0,1,3,0,0,0,0,0,0,0,1,0,1,0,0,0,0,8,17,0
C:\projects\ChipperGame-master\Chipper\src\com\kyrutech\chipper\screens\GameOverScreen.java,com.kyrutech.chipper.screens.GameOverScreen,class,22,24,2,22,53,1,0,40,198,0.93121696,0.01754386,0.01754386,21,0,19,2,0,0,19,0,0,0,7,0,0,7,0,0,1,0,3,290,13,4,1,0,1,42,107,74,9,53,3,1,0,0,121,1,0
C:\projects\ChipperGame-master\Chipper\src\com\kyrutech\chipper\screens\MenuScreen.java,com.kyrutech.chipper.screens.MenuScreen,class,25,26,1,25,19,1,0,22,114,0.92410713,0.025,0.025,16,0,16,0,0,0,16,0,0,0,11,0,0,10,0,1,0,0,0,156,8,0,1,0,2,11,35,38,14,29,1,3,0,0,89,1,0
C:\projects\ChipperGame-master\Chipper\src\com\kyrutech\chipper\screens\BettingScreen.java,com.kyrutech.chipper.screens.BettingScreen,class,19,21,2,19,71,1,0,26,131,0.86388403,0.075,0.125,19,0,16,3,0,0,16,0,0,0,24,3,0,23,0,1,3,0,1,342,12,5,7,0,59,19,136,110,129,71,5,0,0,0,136,1,0
C:\projects\ChipperGame-master\Chipper-html\src\com\kyrutech\chipper\client\GwtLauncher.java,com.kyrutech.chipper.client.GwtLauncher,class,4,4,0,4,2,2,0,0,1,0.0,0.0,0.0,2,0,2,0,0,0,2,0,0,0,0,0,0,0,0,0,0,0,0,9,2,0,0,0,0,0,2,1,0,1,0,0,0,0,10,1,0
C:\projects\ChipperGame-master\Chipper\src\com\kyrutech\chipper\screens\GameScreen2.java,com.kyrutech.chipper.screens.GameScreen2,class,8,8,0,8,10,1,0,17,14,0.8125,0.21428572,0.21428572,8,0,8,0,0,0,8,0,0,0,7,0,0,6,0,1,0,0,0,54,0,2,0,0,3,4,18,16,5,15,2,0,0,0,36,1,0
C:\projects\ChipperGame-master\Chipper\src\com\kyrutech\chipper\CardPlayer.java,com.kyrutech.chipper.CardPlayer,interface,0,1,1,0,4,1,0,0,6,0.0,0.0,0.0,4,0,4,0,0,0,4,4,0,0,0,0,0,0,0,0,0,0,0,6,0,0,0,0,0,0,0,0,0,0,0,0,0,0,31,1,0
C:\projects\ChipperGame-master\Chipper\src\com\kyrutech\chipper\screens\GameScreen3.java,com.kyrutech.chipper.screens.GameScreen3,class,25,27,2,25,317,1,0,110,120,0.89367104,0.13333334,0.30333334,40,0,25,15,0,0,25,0,0,0,29,0,0,28,0,1,0,0,5,1454,13,18,89,0,204,111,668,430,595,242,5,3,0,0,244,1,0
C:\projects\ChipperGame-master\Chipper-android\gen\com\kyrutech\chipper\R.java,com.kyrutech.chipper.R,class,0,0,0,0,0,1,0,0,0,0.0,-1.0,-1.0,0,0,0,0,0,0,0,0,0,0,0,0,0,0,0,0,0,0,0,14,0,0,0,0,0,0,0,0,0,0,0,0,4,0,1,17,0
C:\projects\ChipperGame-master\Chipper\src\com\kyrutech\chipper\screens\GameOverScreen.java,com.kyrutech.chipper.screens.GameOverScreen$Anonymous1,anonymous,2,2,0,2,2,1,0,1,1,0.0,0.0,0.0,2,0,2,0,0,0,2,0,0,0,0,0,0,0,0,0,0,0,0,8,1,0,0,0,0,0,0,0,0,0,0,0,0,0,7,-1,0
C:\projects\ChipperGame-master\Chipper\src\com\kyrutech\chipper\screens\GameScreen.java,com.kyrutech.chipper.screens.GameScreen,class,21,22,1,21,181,1,0,82,150,0.86133534,0.04411765,0.04411765,29,0,17,12,0,0,17,0,0,0,19,0,0,17,0,2,0,0,0,916,9,13,65,0,109,86,503,229,432,166,4,1,0,0,180,1,0
