file,class,method,constructor,line,cbo,cboModified,fanin,fanout,wmc,rfc,loc,returnsQty,variablesQty,parametersQty,methodsInvokedQty,methodsInvokedLocalQty,methodsInvokedIndirectLocalQty,loopQty,comparisonsQty,tryCatchQty,parenthesizedExpsQty,stringLiteralsQty,numbersQty,assignmentsQty,mathOperationsQty,maxNestedBlocksQty,anonymousClassesQty,innerClassesQty,lambdasQty,uniqueWordsQty,modifiers,logStatementsQty,hasJavaDoc
C:\projects\ChipperGame-master\Chipper\src\com\kyrutech\chipper\screens\InstructionsScreen.java,com.kyrutech.chipper.screens.InstructionsScreen,"touchDown/4[int,int,int,int]",false,332,0,0,0,0,1,0,3,1,0,4,0,0,0,0,0,0,0,0,0,0,0,0,0,0,0,4,1,0,false
C:\projects\ChipperGame-master\Chipper\src\com\kyrutech\chipper\screens\InstructionsScreen.java,com.kyrutech.chipper.screens.InstructionsScreen,"touchUp/4[int,int,int,int]",false,338,0,0,0,0,1,0,3,1,0,4,0,0,0,0,0,0,0,0,0,0,0,0,0,0,0,4,1,0,false
C:\projects\ChipperGame-master\Chipper\src\com\kyrutech\chipper\screens\InstructionsScreen.java,com.kyrutech.chipper.screens.InstructionsScreen,keyDown/1[int],false,312,1,1,0,1,2,1,6,1,0,1,1,0,0,0,1,0,0,0,0,0,0,1,0,0,0,4,1,0,false
C:\projects\ChipperGame-master\Chipper\src\com\kyrutech\chipper\screens\InstructionsScreen.java,com.kyrutech.chipper.screens.InstructionsScreen,keyUp/1[int],false,320,0,0,0,0,1,0,3,1,0,1,0,0,0,0,0,0,0,0,0,0,0,0,0,0,0,4,1,0,false
C:\projects\ChipperGame-master\Chipper\src\com\kyrutech\chipper\screens\InstructionsScreen.java,com.kyrutech.chipper.screens.InstructionsScreen,show/0,false,92,14,0,0,0,1,16,105,0,25,0,16,0,0,0,0,0,0,58,58,45,9,0,0,0,0,195,1,0,false
C:\projects\ChipperGame-master\Chipper\src\com\kyrutech\chipper\screens\InstructionsScreen.java,com.kyrutech.chipper.screens.InstructionsScreen,scrolled/1[int],false,356,0,0,0,0,1,0,3,1,0,1,0,0,0,0,0,0,0,0,0,0,0,0,0,0,0,3,1,0,false
C:\projects\ChipperGame-master\Chipper\src\com\kyrutech\chipper\screens\InstructionsScreen.java,com.kyrutech.chipper.screens.InstructionsScreen,InstructionsScreen/1[com.kyrutech.chipper.ChipperGame],true,44,1,1,1,0,1,0,3,0,0,1,0,0,0,0,0,0,0,0,0,1,0,0,0,0,0,5,1,0,false
C:\projects\ChipperGame-master\Chipper\src\com\kyrutech\chipper\screens\InstructionsScreen.java,com.kyrutech.chipper.screens.InstructionsScreen,resume/0,false,300,0,0,0,0,1,0,2,0,0,0,0,0,0,0,0,0,0,0,0,0,0,0,0,0,0,1,1,0,false
C:\projects\ChipperGame-master\Chipper\src\com\kyrutech\chipper\screens\InstructionsScreen.java,com.kyrutech.chipper.screens.InstructionsScreen,"touchDragged/3[int,int,int]",false,344,0,0,0,0,1,0,3,1,0,3,0,0,0,0,0,0,0,0,0,0,0,0,0,0,0,4,1,0,false
C:\projects\ChipperGame-master\Chipper\src\com\kyrutech\chipper\screens\InstructionsScreen.java,com.kyrutech.chipper.screens.InstructionsScreen,"resize/2[int,int]",false,59,2,0,0,0,3,2,21,0,5,2,2,0,0,0,0,0,2,0,5,11,12,1,0,0,0,15,1,0,false
C:\projects\ChipperGame-master\Chipper\src\com\kyrutech\chipper\screens\InstructionsScreen.java,com.kyrutech.chipper.screens.InstructionsScreen,render/1[float],false,49,0,0,0,0,1,5,6,0,0,1,5,0,0,0,0,0,0,0,4,0,0,0,0,0,0,2,1,0,false
C:\projects\ChipperGame-master\Chipper\src\com\kyrutech\chipper\screens\InstructionsScreen.java,com.kyrutech.chipper.screens.InstructionsScreen,hide/0,false,288,0,0,0,0,1,0,2,0,0,0,0,0,0,0,0,0,0,0,0,0,0,0,0,0,0,1,1,0,false
C:\projects\ChipperGame-master\Chipper\src\com\kyrutech\chipper\screens\InstructionsScreen.java,com.kyrutech.chipper.screens.InstructionsScreen,pause/0,false,294,0,0,0,0,1,0,2,0,0,0,0,0,0,0,0,0,0,0,0,0,0,0,0,0,0,1,1,0,false
C:\projects\ChipperGame-master\Chipper\src\com\kyrutech\chipper\screens\InstructionsScreen.java,com.kyrutech.chipper.screens.InstructionsScreen,dispose/0,false,306,0,0,0,0,1,0,2,0,0,0,0,0,0,0,0,0,0,0,0,0,0,0,0,0,0,1,1,0,false
C:\projects\ChipperGame-master\Chipper\src\com\kyrutech\chipper\screens\InstructionsScreen.java,com.kyrutech.chipper.screens.InstructionsScreen,"mouseMoved/2[int,int]",false,350,0,0,0,0,1,0,3,1,0,2,0,0,0,0,0,0,0,0,0,0,0,0,0,0,0,5,1,0,false
C:\projects\ChipperGame-master\Chipper\src\com\kyrutech\chipper\screens\InstructionsScreen.java,com.kyrutech.chipper.screens.InstructionsScreen,keyTyped/1[char],false,326,0,0,0,0,1,0,3,1,0,1,0,0,0,0,0,0,0,0,0,0,0,0,0,0,0,4,1,0,false
C:\projects\ChipperGame-master\Chipper\src\com\kyrutech\chipper\screens\GameScreen3.java,com.kyrutech.chipper.screens.GameScreen3$Anonymous3,"onEvent/2[int,com.kyrutech.chipper.screens.BaseTween<?>]",false,839,2,6,0,6,1,4,6,0,0,2,4,0,0,0,0,0,0,0,2,1,0,0,0,0,0,7,1,0,false
C:\projects\ChipperGame-master\Chipper\src\com\kyrutech\chipper\screens\GameScreen3.java,com.kyrutech.chipper.screens.GameScreen3$Anonymous2,"onEvent/2[int,com.kyrutech.chipper.screens.BaseTween<?>]",false,406,2,6,0,6,1,2,5,0,0,2,2,0,0,0,0,0,0,0,3,1,0,0,0,0,0,4,1,0,false
C:\projects\ChipperGame-master\Chipper\src\com\kyrutech\chipper\screens\GameScreen3.java,com.kyrutech.chipper.screens.GameScreen3$Anonymous1,"onEvent/2[int,com.kyrutech.chipper.screens.BaseTween<?>]",false,361,2,6,0,6,1,2,4,0,0,2,2,0,0,0,0,0,0,0,1,0,0,0,0,0,0,4,1,0,false
C:\projects\ChipperGame-master\Chipper-desktop\src\com\kyrutech\chipper\Main.java,com.kyrutech.chipper.Main,main/1[java.lang.String[]],false,7,3,1,0,1,1,0,8,0,1,1,0,0,0,0,0,0,0,1,2,5,0,0,0,0,0,9,9,0,false
C:\projects\ChipperGame-master\Chipper\src\com\kyrutech\chipper\aiagent\AIAgent.java,com.kyrutech.chipper.aiagent.AIAgent,"getHighestNonTrump/2[java.util.ArrayList<int[]>,java.util.ArrayList<int[]>]",false,790,2,2,1,1,7,2,20,1,5,2,2,0,0,2,3,0,0,0,7,8,0,4,0,0,0,18,2,0,true
C:\projects\ChipperGame-master\Chipper\src\com\kyrutech\chipper\aiagent\AIAgent.java,com.kyrutech.chipper.aiagent.AIAgent,"getCardIndex/2[int[],java.util.ArrayList<int[]>]",false,1195,1,9,9,0,4,2,10,1,3,2,2,0,0,1,2,0,0,0,6,4,0,2,0,0,0,18,1,0,true
C:\projects\ChipperGame-master\Chipper\src\com\kyrutech\chipper\aiagent\AIAgent.java,com.kyrutech.chipper.aiagent.AIAgent,"getCardToPlayIndex/3[int,int[],int[]]",false,921,5,14,1,13,21,15,85,1,10,3,15,7,5,2,12,0,0,0,14,28,0,6,0,0,0,38,2,0,true
C:\projects\ChipperGame-master\Chipper\src\com\kyrutech\chipper\aiagent\AIAgent.java,com.kyrutech.chipper.aiagent.AIAgent,debug/1[java.lang.String],false,1210,0,2,2,0,2,1,5,0,0,1,1,0,0,0,0,0,0,1,0,0,0,1,0,0,0,4,2,0,true
C:\projects\ChipperGame-master\Chipper\src\com\kyrutech\chipper\aiagent\AIAgent.java,com.kyrutech.chipper.aiagent.AIAgent,getLowestValueCardIndex/1[java.util.ArrayList<int[]>],false,1169,5,5,1,4,5,4,18,1,5,1,4,1,1,2,1,0,0,0,5,8,0,3,0,0,0,23,2,0,true
C:\projects\ChipperGame-master\Chipper\src\com\kyrutech\chipper\aiagent\AIAgent.java,com.kyrutech.chipper.aiagent.AIAgent,"AIAgent/2[com.kyrutech.chipper.ChipperEngine,com.kyrutech.chipper.gameobjects.Player]",true,28,2,1,1,0,1,0,4,0,0,2,0,0,0,0,0,0,0,0,0,2,0,0,0,0,0,9,1,0,false
C:\projects\ChipperGame-master\Chipper\src\com\kyrutech\chipper\aiagent\AIAgent.java,com.kyrutech.chipper.aiagent.AIAgent,"getLowestWinningTrumpIndex/3[java.util.ArrayList<int[]>,int,java.util.ArrayList<int[]>]",false,1110,4,4,1,3,4,5,11,1,2,3,5,1,1,1,0,0,0,0,2,4,0,2,0,0,0,20,2,0,true
C:\projects\ChipperGame-master\Chipper\src\com\kyrutech\chipper\aiagent\AIAgent.java,com.kyrutech.chipper.aiagent.AIAgent,isSeenCard/1[int[]],false,38,1,2,2,0,7,0,26,1,2,1,0,0,0,0,0,0,0,0,10,9,0,1,0,0,0,13,2,0,true
C:\projects\ChipperGame-master\Chipper\src\com\kyrutech\chipper\aiagent\AIAgent.java,com.kyrutech.chipper.aiagent.AIAgent,getBids/1[com.kyrutech.chipper.gameobjects.Hand],false,259,4,5,3,2,50,4,176,1,20,1,4,1,1,5,5,0,0,0,90,76,14,4,0,0,0,32,9,0,true
C:\projects\ChipperGame-master\Chipper\src\com\kyrutech\chipper\aiagent\AIAgent.java,com.kyrutech.chipper.aiagent.AIAgent,getCardToPlay/0,false,881,6,13,1,12,7,16,33,1,6,0,16,4,6,0,6,0,0,0,4,13,0,2,0,0,0,30,1,0,true
C:\projects\ChipperGame-master\Chipper\src\com\kyrutech\chipper\aiagent\AIAgent.java,com.kyrutech.chipper.aiagent.AIAgent,getCardToLead/0,false,490,5,13,1,12,22,16,91,1,14,0,16,7,7,5,13,1,0,9,14,28,1,6,0,0,0,51,1,0,true
C:\projects\ChipperGame-master\Chipper\src\com\kyrutech\chipper\aiagent\AIAgent.java,com.kyrutech.chipper.aiagent.AIAgent,"isHighestUnplayedTrump/2[int[],java.util.ArrayList<int[]>]",false,817,2,3,1,2,3,3,10,1,3,2,3,2,1,1,0,0,0,0,1,4,0,2,0,0,0,23,2,0,true
C:\projects\ChipperGame-master\Chipper\src\com\kyrutech\chipper\aiagent\AIAgent.java,com.kyrutech.chipper.aiagent.AIAgent,"trumpInHand/2[com.kyrutech.chipper.gameobjects.Hand,int]",false,172,2,3,2,1,18,1,42,1,1,2,1,0,0,1,10,0,0,0,18,11,0,3,0,0,0,16,10,0,true
C:\projects\ChipperGame-master\Chipper\src\com\kyrutech\chipper\aiagent\AIAgent.java,com.kyrutech.chipper.aiagent.AIAgent,getSuit/0,false,481,0,1,1,0,1,0,3,1,0,0,0,0,0,0,0,0,0,0,0,0,0,0,0,0,0,7,1,0,true
C:\projects\ChipperGame-master\Chipper\src\com\kyrutech\chipper\aiagent\AIAgent.java,com.kyrutech.chipper.aiagent.AIAgent,getCardsMatchingSuitInHand/1[int[]],false,1003,3,3,1,2,3,3,9,1,1,1,3,0,0,1,1,0,0,0,2,1,0,2,0,0,0,19,2,0,true
C:\projects\ChipperGame-master\Chipper\src\com\kyrutech\chipper\aiagent\AIAgent.java,com.kyrutech.chipper.aiagent.AIAgent,getDoubleSuit/1[java.util.ArrayList<int[]>],false,768,1,1,1,0,4,0,12,2,2,1,0,0,0,2,0,0,0,0,5,2,0,2,0,0,0,14,2,0,true
C:\projects\ChipperGame-master\Chipper\src\com\kyrutech\chipper\aiagent\AIAgent.java,com.kyrutech.chipper.aiagent.AIAgent,addSeenCard/1[int[]],false,82,1,1,1,0,7,0,26,0,2,1,0,0,0,0,0,0,0,0,10,10,0,1,0,0,0,14,1,0,true
C:\projects\ChipperGame-master\Chipper\src\com\kyrutech\chipper\aiagent\AIAgent.java,com.kyrutech.chipper.aiagent.AIAgent,determineBid/0,false,217,4,3,1,2,8,5,31,0,5,0,5,1,2,1,0,0,0,5,6,8,0,2,0,0,0,21,1,0,true
C:\projects\ChipperGame-master\Chipper\src\com\kyrutech\chipper\aiagent\AIAgent.java,com.kyrutech.chipper.aiagent.AIAgent,"getLowestTrumpCardIndex/2[java.util.ArrayList<int[]>,java.util.ArrayList<int[]>]",false,1128,4,5,2,3,3,5,11,1,2,2,5,1,1,1,0,0,0,0,2,4,0,2,0,0,0,19,2,0,true
C:\projects\ChipperGame-master\Chipper\src\com\kyrutech\chipper\aiagent\AIAgent.java,com.kyrutech.chipper.aiagent.AIAgent,"getTrumpCardsInHand/2[java.util.ArrayList<int[]>,java.util.ArrayList<int[]>]",false,1092,2,3,2,1,3,2,9,1,1,2,2,1,1,1,0,0,0,0,1,1,0,2,0,0,0,19,2,0,true
C:\projects\ChipperGame-master\Chipper\src\com\kyrutech\chipper\aiagent\AIAgent.java,com.kyrutech.chipper.aiagent.AIAgent,resetSeenCards/0,false,70,0,1,1,0,3,0,7,0,2,0,0,0,0,2,0,0,0,0,2,3,0,2,0,0,0,11,1,0,true
C:\projects\ChipperGame-master\Chipper\src\com\kyrutech\chipper\aiagent\AIAgent.java,com.kyrutech.chipper.aiagent.AIAgent,"getCardsMatchingSuitInHand/2[int[],java.util.ArrayList<int[]>]",false,1020,4,4,1,3,4,4,9,1,1,2,4,1,1,1,2,0,0,0,3,1,0,2,0,0,0,30,2,0,true
C:\projects\ChipperGame-master\Chipper\src\com\kyrutech\chipper\aiagent\AIAgent.java,com.kyrutech.chipper.aiagent.AIAgent,getBid/0,false,473,0,1,1,0,1,0,3,1,0,0,0,0,0,0,0,0,0,0,0,0,0,0,0,0,0,7,1,0,true
C:\projects\ChipperGame-master\Chipper\src\com\kyrutech\chipper\aiagent\AIAgent.java,com.kyrutech.chipper.aiagent.AIAgent,"getNonTrumpPlayableIndex/2[int[],java.util.ArrayList<int[]>]",false,1037,4,5,2,3,17,5,47,1,9,2,5,0,0,7,4,0,0,0,12,16,0,5,0,0,0,23,2,0,true
C:\projects\ChipperGame-master\Chipper\src\com\kyrutech\chipper\aiagent\AIAgent.java,com.kyrutech.chipper.aiagent.AIAgent,"findHighestTrumpInCards/2[java.util.ArrayList<int[]>,java.util.ArrayList<int[]>]",false,834,2,2,1,1,4,3,14,1,1,2,3,1,1,1,1,0,0,0,2,3,0,3,0,0,0,21,2,0,true
C:\projects\ChipperGame-master\Chipper\src\com\kyrutech\chipper\aiagent\AIAgent.java,com.kyrutech.chipper.aiagent.AIAgent,"staying/2[int,int]",false,113,4,4,1,3,19,3,48,9,3,2,3,1,1,2,9,0,0,0,9,3,0,2,0,0,0,16,1,0,true
C:\projects\ChipperGame-master\Chipper\src\com\kyrutech\chipper\aiagent\AIAgent.java,com.kyrutech.chipper.aiagent.AIAgent,getLeadCardIndex/1[int],false,586,5,19,1,18,49,24,183,1,28,1,24,8,5,0,42,0,1,37,40,58,1,6,0,0,0,53,2,0,true
C:\projects\ChipperGame-master\Chipper\src\com\kyrutech\chipper\aiagent\AIAgent.java,com.kyrutech.chipper.aiagent.AIAgent,getLowestValueCardIndex/0,false,1145,4,6,3,3,5,4,18,1,5,0,4,0,0,2,1,0,0,0,5,8,0,3,0,0,0,26,2,0,true
C:\projects\ChipperGame-master\Chipper\src\com\kyrutech\chipper\aiagent\AIAgent.java,com.kyrutech.chipper.aiagent.AIAgent,"getCardIndexInHand/2[int,int]",false,854,4,8,2,6,8,8,22,1,2,2,8,0,0,1,6,0,0,0,5,7,0,2,0,0,0,28,2,0,true
C:\projects\ChipperGame-master\Chipper\src\com\kyrutech\chipper\gameobjects\Player.java,com.kyrutech.chipper.gameobjects.Player,updateScoreHistory/1[java.lang.String],false,67,0,1,1,0,1,1,3,0,0,1,1,0,0,0,0,0,0,0,0,0,0,0,0,0,0,9,1,0,true
C:\projects\ChipperGame-master\Chipper\src\com\kyrutech\chipper\gameobjects\Player.java,com.kyrutech.chipper.gameobjects.Player,getHand/0,false,154,1,24,24,0,1,0,3,1,0,0,0,0,0,0,0,0,0,0,0,0,0,0,0,0,0,3,1,0,false
C:\projects\ChipperGame-master\Chipper\src\com\kyrutech\chipper\gameobjects\Player.java,com.kyrutech.chipper.gameobjects.Player,getScoreHistory/0,false,202,0,4,4,0,1,0,3,1,0,0,0,0,0,0,0,0,0,0,0,0,0,0,0,0,0,4,1,0,false
C:\projects\ChipperGame-master\Chipper\src\com\kyrutech\chipper\gameobjects\Player.java,com.kyrutech.chipper.gameobjects.Player,addWonTrick/1[com.kyrutech.chipper.gameobjects.Trick],false,90,1,1,1,0,1,1,3,0,0,1,1,0,0,0,0,0,0,0,0,0,0,0,0,0,0,7,1,0,true
C:\projects\ChipperGame-master\Chipper\src\com\kyrutech\chipper\gameobjects\Player.java,com.kyrutech.chipper.gameobjects.Player,setScore/1[int],false,151,0,0,0,0,1,0,3,0,0,1,0,0,0,0,0,0,0,0,0,1,0,0,0,0,0,3,1,0,false
C:\projects\ChipperGame-master\Chipper\src\com\kyrutech\chipper\gameobjects\Player.java,com.kyrutech.chipper.gameobjects.Player,increaseScore/1[int],false,113,0,1,1,0,1,0,3,0,0,1,0,0,0,0,0,0,0,0,0,1,0,0,0,0,0,6,1,0,true
C:\projects\ChipperGame-master\Chipper\src\com\kyrutech\chipper\gameobjects\Player.java,com.kyrutech.chipper.gameobjects.Player,newHand/0,false,193,0,0,0,0,1,0,2,0,0,0,0,0,0,0,0,0,0,0,0,0,0,0,0,0,0,2,1,0,false
C:\projects\ChipperGame-master\Chipper\src\com\kyrutech\chipper\gameobjects\Player.java,com.kyrutech.chipper.gameobjects.Player,getScore/0,false,148,0,6,6,0,1,0,3,1,0,0,0,0,0,0,0,0,0,0,0,0,0,0,0,0,0,3,1,0,false
C:\projects\ChipperGame-master\Chipper\src\com\kyrutech\chipper\gameobjects\Player.java,com.kyrutech.chipper.gameobjects.Player,resetBid/0,false,74,1,3,1,2,1,2,4,0,0,0,2,2,1,0,0,0,0,0,2,0,0,0,0,0,0,8,1,0,true
C:\projects\ChipperGame-master\Chipper\src\com\kyrutech\chipper\gameobjects\Player.java,com.kyrutech.chipper.gameobjects.Player,clearHand/0,false,105,1,2,1,1,1,0,3,0,0,0,0,0,0,0,0,0,0,0,0,1,0,0,0,0,0,7,1,0,true
C:\projects\ChipperGame-master\Chipper\src\com\kyrutech\chipper\gameobjects\Player.java,com.kyrutech.chipper.gameobjects.Player,getBidSuit/0,false,173,0,9,9,0,1,0,3,1,0,0,0,0,0,0,0,0,0,0,0,0,0,0,0,0,0,4,1,0,false
C:\projects\ChipperGame-master\Chipper\src\com\kyrutech\chipper\gameobjects\Player.java,com.kyrutech.chipper.gameobjects.Player,setBidValueInterpreted/1[float],false,132,0,1,1,0,6,0,20,0,0,1,0,0,0,0,0,0,0,0,5,6,0,1,0,0,0,11,1,0,true
C:\projects\ChipperGame-master\Chipper\src\com\kyrutech\chipper\gameobjects\Player.java,com.kyrutech.chipper.gameobjects.Player,getWonTricks/0,false,181,1,7,7,0,1,0,3,1,0,0,0,0,0,0,0,0,0,0,0,0,0,0,0,0,0,4,1,0,false
C:\projects\ChipperGame-master\Chipper\src\com\kyrutech\chipper\gameobjects\Player.java,com.kyrutech.chipper.gameobjects.Player,addCardToHand/1[int[]],false,98,2,2,1,1,1,1,3,0,0,1,1,0,0,0,0,0,0,0,0,0,0,0,0,0,0,9,1,0,true
C:\projects\ChipperGame-master\Chipper\src\com\kyrutech\chipper\gameobjects\Player.java,com.kyrutech.chipper.gameobjects.Player,setId/1[int],false,185,0,1,1,0,1,0,3,0,0,1,0,0,0,0,0,0,0,0,0,1,0,0,0,0,0,3,1,0,false
C:\projects\ChipperGame-master\Chipper\src\com\kyrutech\chipper\gameobjects\Player.java,com.kyrutech.chipper.gameobjects.Player,setScoreHistory/1[java.util.ArrayList<java.lang.String>],false,198,0,0,0,0,1,0,3,0,0,1,0,0,0,0,0,0,0,0,0,1,0,0,0,0,0,4,1,0,false
C:\projects\ChipperGame-master\Chipper\src\com\kyrutech\chipper\gameobjects\Player.java,com.kyrutech.chipper.gameobjects.Player,getId/0,false,189,0,1,1,0,1,0,3,1,0,0,0,0,0,0,0,0,0,0,0,0,0,0,0,0,0,3,1,0,false
C:\projects\ChipperGame-master\Chipper\src\com\kyrutech\chipper\gameobjects\Player.java,com.kyrutech.chipper.gameobjects.Player,decreaseScore/1[int],false,121,0,1,1,0,2,0,6,0,0,1,0,0,0,0,0,0,0,0,2,2,0,1,0,0,0,6,1,0,true
C:\projects\ChipperGame-master\Chipper\src\com\kyrutech\chipper\gameobjects\Player.java,com.kyrutech.chipper.gameobjects.Player,setWonTricks/1[java.util.ArrayList<com.kyrutech.chipper.gameobjects.Trick>],false,177,1,0,0,0,1,0,3,0,0,1,0,0,0,0,0,0,0,0,0,1,0,0,0,0,0,4,1,0,false
C:\projects\ChipperGame-master\Chipper\src\com\kyrutech\chipper\gameobjects\Player.java,com.kyrutech.chipper.gameobjects.Player,resetWonTricks/0,false,82,1,1,1,0,1,0,3,0,0,0,0,0,0,0,0,0,0,0,0,1,0,0,0,0,0,7,1,0,true
C:\projects\ChipperGame-master\Chipper\src\com\kyrutech\chipper\gameobjects\Player.java,com.kyrutech.chipper.gameobjects.Player,setBidSuit/1[int],false,169,0,4,4,0,1,0,3,0,0,1,0,0,0,0,0,0,0,0,0,1,0,0,0,0,0,4,1,0,false
C:\projects\ChipperGame-master\Chipper\src\com\kyrutech\chipper\gameobjects\Player.java,com.kyrutech.chipper.gameobjects.Player,setBidValue/1[int],false,161,0,4,4,0,1,0,3,0,0,1,0,0,0,0,0,0,0,0,0,1,0,0,0,0,0,4,1,0,false
C:\projects\ChipperGame-master\Chipper\src\com\kyrutech\chipper\gameobjects\Player.java,com.kyrutech.chipper.gameobjects.Player,getFullHistoryScore/0,false,26,1,3,2,1,1,2,3,1,0,0,2,1,1,0,0,0,0,0,0,0,0,0,0,0,0,10,1,0,true
C:\projects\ChipperGame-master\Chipper\src\com\kyrutech\chipper\gameobjects\Player.java,com.kyrutech.chipper.gameobjects.Player,Player/1[int],true,18,1,2,1,1,1,1,3,0,0,1,1,1,1,0,0,0,0,0,0,0,0,0,0,0,0,2,1,0,false
C:\projects\ChipperGame-master\Chipper\src\com\kyrutech\chipper\gameobjects\Player.java,com.kyrutech.chipper.gameobjects.Player,getBidValue/0,false,165,0,17,17,0,1,0,3,1,0,0,0,0,0,0,0,0,0,0,0,0,0,0,0,0,0,4,1,0,false
C:\projects\ChipperGame-master\Chipper\src\com\kyrutech\chipper\gameobjects\Player.java,com.kyrutech.chipper.gameobjects.Player,setHand/1[com.kyrutech.chipper.gameobjects.Hand],false,157,1,0,0,0,1,0,3,0,0,1,0,0,0,0,0,0,0,0,0,1,0,0,0,0,0,3,1,0,false
C:\projects\ChipperGame-master\Chipper\src\com\kyrutech\chipper\gameobjects\Player.java,com.kyrutech.chipper.gameobjects.Player,getHistoryScoreToPoint/1[int],false,35,0,4,4,0,8,3,27,1,3,1,3,0,0,1,0,0,0,4,9,9,0,3,0,0,0,18,1,0,true
C:\projects\ChipperGame-master\Chipper\src\com\kyrutech\chipper\gameobjects\Hand.java,com.kyrutech.chipper.gameobjects.Hand,addCard/1[int[]],false,19,1,2,2,0,1,1,3,0,0,1,1,0,0,0,0,0,0,0,0,0,0,0,0,0,0,9,1,0,true
C:\projects\ChipperGame-master\Chipper\src\com\kyrutech\chipper\gameobjects\Hand.java,com.kyrutech.chipper.gameobjects.Hand,"swapCards/2[int,int]",false,28,1,1,1,0,1,2,6,0,2,2,2,0,0,0,0,0,0,0,0,2,0,0,0,0,0,13,1,0,true
C:\projects\ChipperGame-master\Chipper\src\com\kyrutech\chipper\gameobjects\Hand.java,com.kyrutech.chipper.gameobjects.Hand,getCards/0,false,38,1,24,24,0,1,0,3,1,0,0,0,0,0,0,0,0,0,0,0,0,0,0,0,0,0,3,1,0,false
C:\projects\ChipperGame-master\Chipper\src\com\kyrutech\chipper\gameobjects\Hand.java,com.kyrutech.chipper.gameobjects.Hand,setCards/1[java.util.ArrayList<int[]>],false,42,1,0,0,0,1,0,3,0,0,1,0,0,0,0,0,0,0,0,0,1,0,0,0,0,0,3,1,0,false
C:\projects\ChipperGame-master\Chipper\src\com\kyrutech\chipper\gameobjects\Hand.java,com.kyrutech.chipper.gameobjects.Hand,Hand/0,true,11,0,2,2,0,1,0,2,0,0,0,0,0,0,0,0,0,0,0,0,0,0,0,0,0,0,1,1,0,false
C:\projects\ChipperGame-master\Chipper\src\com\kyrutech\chipper\screens\actors\CardActor.java,com.kyrutech.chipper.screens.actors.CardActor,isSelected/0,false,16,0,1,1,0,1,0,3,1,0,0,0,0,0,0,0,0,0,0,0,0,0,0,0,0,0,3,1,0,false
C:\projects\ChipperGame-master\Chipper\src\com\kyrutech\chipper\screens\actors\CardActor.java,com.kyrutech.chipper.screens.actors.CardActor,"CardActor/2[com.kyrutech.chipper.screens.actors.TextureRegion,com.kyrutech.chipper.ChipperEngine]",true,24,2,1,1,0,1,0,4,0,0,2,0,0,0,0,0,0,0,0,0,2,0,0,0,0,0,6,1,0,false
C:\projects\ChipperGame-master\Chipper\src\com\kyrutech\chipper\screens\actors\CardActor.java,com.kyrutech.chipper.screens.actors.CardActor,getColor/0,false,38,2,2,1,1,2,1,6,2,0,0,1,1,1,0,0,0,0,0,4,0,0,1,0,0,0,4,1,0,false
C:\projects\ChipperGame-master\Chipper\src\com\kyrutech\chipper\screens\actors\CardActor.java,com.kyrutech.chipper.screens.actors.CardActor,"draw/2[com.kyrutech.chipper.screens.actors.SpriteBatch,float]",false,30,3,1,0,1,1,12,5,0,1,2,12,1,2,0,0,0,0,0,0,1,1,0,0,0,0,8,1,0,false
C:\projects\ChipperGame-master\Chipper\src\com\kyrutech\chipper\screens\actors\CardActor.java,com.kyrutech.chipper.screens.actors.CardActor,setSelected/1[boolean],false,20,0,0,0,0,1,0,3,0,0,1,0,0,0,0,0,0,0,0,0,1,0,0,0,0,0,3,1,0,false
C:\projects\ChipperGame-master\Chipper\src\com\kyrutech\chipper\ChipperEngine.java,com.kyrutech.chipper.ChipperEngine,getClubsTrump/0,false,787,1,6,6,0,1,1,11,1,1,0,1,0,0,0,0,0,0,0,0,1,0,0,0,0,0,7,9,0,true
C:\projects\ChipperGame-master\Chipper\src\com\kyrutech\chipper\ChipperEngine.java,com.kyrutech.chipper.ChipperEngine,"getCardsMatchingSuitInHand/2[int,java.util.ArrayList<int[]>]",false,1007,1,1,1,0,3,1,9,1,1,2,1,0,0,1,1,0,0,0,1,1,0,2,0,0,0,20,2,0,true
C:\projects\ChipperGame-master\Chipper\src\com\kyrutech\chipper\ChipperEngine.java,com.kyrutech.chipper.ChipperEngine,dealCards/0,false,501,2,4,2,2,2,3,9,0,1,0,3,1,1,1,0,0,4,0,14,1,8,1,0,0,0,25,1,0,true
C:\projects\ChipperGame-master\Chipper\src\com\kyrutech\chipper\ChipperEngine.java,com.kyrutech.chipper.ChipperEngine,isFollowingSuit/1[int[]],false,1040,4,9,1,8,7,8,30,3,3,1,8,5,1,0,3,0,0,0,5,7,0,2,0,0,0,18,1,0,true
C:\projects\ChipperGame-master\Chipper\src\com\kyrutech\chipper\ChipperEngine.java,com.kyrutech.chipper.ChipperEngine,"swapPlayerCards/2[int,int]",false,571,2,4,2,2,1,2,3,0,0,2,2,0,0,0,0,0,0,0,1,0,0,0,0,0,0,15,1,0,true
C:\projects\ChipperGame-master\Chipper\src\com\kyrutech\chipper\ChipperEngine.java,com.kyrutech.chipper.ChipperEngine,setAnimateTrickCard/1[int],false,898,0,2,2,0,1,0,3,0,0,1,0,0,0,0,0,0,0,0,0,1,0,0,0,0,0,5,1,0,false
C:\projects\ChipperGame-master\Chipper\src\com\kyrutech\chipper\ChipperEngine.java,com.kyrutech.chipper.ChipperEngine,setQuickPlay/1[boolean],false,1072,0,2,2,0,1,0,3,0,0,1,0,0,0,0,0,0,0,0,0,1,0,0,0,0,0,4,1,0,false
C:\projects\ChipperGame-master\Chipper\src\com\kyrutech\chipper\ChipperEngine.java,com.kyrutech.chipper.ChipperEngine,isQuickPlay/0,false,1077,0,3,3,0,1,0,3,1,0,0,0,0,0,0,0,0,0,0,0,0,0,0,0,0,0,4,1,0,false
C:\projects\ChipperGame-master\Chipper\src\com\kyrutech\chipper\ChipperEngine.java,com.kyrutech.chipper.ChipperEngine,getPlayLead/0,false,712,0,2,2,0,1,0,3,1,0,0,0,0,0,0,0,0,0,0,0,0,0,0,0,0,0,4,1,0,false
C:\projects\ChipperGame-master\Chipper\src\com\kyrutech\chipper\ChipperEngine.java,com.kyrutech.chipper.ChipperEngine,getCurrentTrick/0,false,730,1,3,3,0,1,0,3,1,0,0,0,0,0,0,0,0,0,0,0,0,0,0,0,0,0,4,1,0,false
C:\projects\ChipperGame-master\Chipper\src\com\kyrutech\chipper\ChipperEngine.java,com.kyrutech.chipper.ChipperEngine,"getCardsMatchingSuitInHand/3[int,java.util.ArrayList<int[]>,java.util.ArrayList<int[]>]",false,1024,2,2,1,1,4,2,9,1,1,3,2,1,1,1,2,0,0,0,2,1,0,2,0,0,0,31,2,0,true
C:\projects\ChipperGame-master\Chipper\src\com\kyrutech\chipper\ChipperEngine.java,com.kyrutech.chipper.ChipperEngine,setWinningBidder/1[int],false,678,0,1,1,0,1,0,3,0,0,1,0,0,0,0,0,0,0,0,0,1,0,0,0,0,0,5,1,0,false
C:\projects\ChipperGame-master\Chipper\src\com\kyrutech\chipper\ChipperEngine.java,com.kyrutech.chipper.ChipperEngine,playPlayerCard/1[int],false,416,4,5,1,4,2,6,7,0,0,1,6,1,1,0,1,0,0,0,5,1,0,1,0,0,0,17,1,0,true
C:\projects\ChipperGame-master\Chipper\src\com\kyrutech\chipper\ChipperEngine.java,com.kyrutech.chipper.ChipperEngine,getCurrentBidder/0,false,687,0,3,3,0,1,0,3,1,0,0,0,0,0,0,0,0,0,0,0,0,0,0,0,0,0,4,1,0,false
C:\projects\ChipperGame-master\Chipper\src\com\kyrutech\chipper\ChipperEngine.java,com.kyrutech.chipper.ChipperEngine,getNoTrumpTrump/0,false,738,1,6,6,0,1,0,10,1,1,0,0,0,0,0,0,0,0,0,7,7,0,0,0,0,0,7,9,0,true
C:\projects\ChipperGame-master\Chipper\src\com\kyrutech\chipper\ChipperEngine.java,com.kyrutech.chipper.ChipperEngine,nextStayingPlayer/1[int],false,444,0,2,2,0,4,0,14,1,2,1,0,0,0,1,1,0,0,0,2,4,0,2,0,0,0,21,2,0,true
C:\projects\ChipperGame-master\Chipper\src\com\kyrutech\chipper\ChipperEngine.java,com.kyrutech.chipper.ChipperEngine,nextHand/0,false,819,3,10,2,8,2,8,15,0,1,0,8,4,1,1,0,0,0,0,3,2,0,1,0,0,0,29,1,0,true
C:\projects\ChipperGame-master\Chipper\src\com\kyrutech\chipper\ChipperEngine.java,com.kyrutech.chipper.ChipperEngine,isAnimating/0,false,893,0,2,2,0,1,0,3,1,0,0,0,0,0,0,0,0,0,0,0,0,0,0,0,0,0,3,1,0,false
C:\projects\ChipperGame-master\Chipper\src\com\kyrutech\chipper\ChipperEngine.java,com.kyrutech.chipper.ChipperEngine,setLastTrick/1[com.kyrutech.chipper.gameobjects.Trick],false,918,1,1,1,0,1,0,3,0,0,1,0,0,0,0,0,0,0,0,0,1,0,0,0,0,0,4,1,0,false
C:\projects\ChipperGame-master\Chipper\src\com\kyrutech\chipper\ChipperEngine.java,com.kyrutech.chipper.ChipperEngine,setPlaystate/1[int],false,649,0,4,4,0,7,0,17,0,0,1,0,0,0,0,0,0,0,0,0,1,0,1,0,0,0,3,1,0,false
C:\projects\ChipperGame-master\Chipper\src\com\kyrutech\chipper\ChipperEngine.java,com.kyrutech.chipper.ChipperEngine,setCurrentPlayer/1[int],false,717,0,1,1,0,1,0,3,0,0,1,0,0,0,0,0,0,0,0,0,1,0,0,0,0,0,4,1,0,false
C:\projects\ChipperGame-master\Chipper\src\com\kyrutech\chipper\ChipperEngine.java,com.kyrutech.chipper.ChipperEngine,"getCardIndex/2[int[],java.util.ArrayList<int[]>]",false,991,1,4,4,0,4,2,10,1,3,2,2,0,0,1,2,0,0,0,6,4,0,2,0,0,0,18,1,0,true
C:\projects\ChipperGame-master\Chipper\src\com\kyrutech\chipper\ChipperEngine.java,com.kyrutech.chipper.ChipperEngine,getSelectedCard/0,false,878,0,5,5,0,1,0,3,1,0,0,0,0,0,0,0,0,0,0,0,0,0,0,0,0,0,4,1,0,false
C:\projects\ChipperGame-master\Chipper\src\com\kyrutech\chipper\ChipperEngine.java,com.kyrutech.chipper.ChipperEngine,getWinningBidder/0,false,682,0,7,7,0,1,0,3,1,0,0,0,0,0,0,0,0,0,0,0,0,0,0,0,0,0,4,1,0,false
C:\projects\ChipperGame-master\Chipper\src\com\kyrutech\chipper\ChipperEngine.java,com.kyrutech.chipper.ChipperEngine,setPlayers/1[com.kyrutech.chipper.gameobjects.Player[]],false,615,1,0,0,0,1,0,3,0,0,1,0,0,0,0,0,0,0,0,0,1,0,0,0,0,0,4,1,0,false
C:\projects\ChipperGame-master\Chipper\src\com\kyrutech\chipper\ChipperEngine.java,com.kyrutech.chipper.ChipperEngine,setSelectedCard/1[int],false,883,0,3,3,0,1,0,3,0,0,1,0,0,0,0,0,0,0,0,0,1,0,0,0,0,0,4,1,0,false
C:\projects\ChipperGame-master\Chipper\src\com\kyrutech\chipper\ChipperEngine.java,com.kyrutech.chipper.ChipperEngine,setAnimating/1[boolean],false,888,0,3,3,0,1,0,3,0,0,1,0,0,0,0,0,0,0,0,0,1,0,0,0,0,0,3,1,0,false
C:\projects\ChipperGame-master\Chipper\src\com\kyrutech\chipper\ChipperEngine.java,com.kyrutech.chipper.ChipperEngine,update/1[float],false,79,5,37,2,35,78,37,302,1,7,1,37,15,2,3,40,0,8,0,97,58,6,7,0,0,0,64,1,0,true
C:\projects\ChipperGame-master\Chipper\src\com\kyrutech\chipper\ChipperEngine.java,com.kyrutech.chipper.ChipperEngine,getDealer/0,false,637,0,2,2,0,1,0,3,1,0,0,0,0,0,0,0,0,0,0,0,0,0,0,0,0,0,3,1,0,false
C:\projects\ChipperGame-master\Chipper\src\com\kyrutech\chipper\ChipperEngine.java,com.kyrutech.chipper.ChipperEngine,nextDealer/0,false,470,0,1,1,0,1,0,4,0,0,0,0,0,0,0,0,0,2,0,4,2,4,0,0,0,0,8,1,0,true
C:\projects\ChipperGame-master\Chipper\src\com\kyrutech\chipper\ChipperEngine.java,com.kyrutech.chipper.ChipperEngine,playerStaying/1[int],false,598,0,2,2,0,1,0,4,0,0,1,0,0,0,0,0,0,0,0,2,2,0,0,0,0,0,8,1,0,true
C:\projects\ChipperGame-master\Chipper\src\com\kyrutech\chipper\ChipperEngine.java,com.kyrutech.chipper.ChipperEngine,setCurrentTrick/1[com.kyrutech.chipper.gameobjects.Trick],false,726,1,1,1,0,1,0,3,0,0,1,0,0,0,0,0,0,0,0,0,1,0,0,0,0,0,4,1,0,false
C:\projects\ChipperGame-master\Chipper\src\com\kyrutech\chipper\ChipperEngine.java,com.kyrutech.chipper.ChipperEngine,shuffleDeck/0,false,514,0,2,2,0,1,1,3,0,0,0,1,0,0,0,0,0,0,0,0,0,0,0,0,0,0,7,1,0,true
C:\projects\ChipperGame-master\Chipper\src\com\kyrutech\chipper\ChipperEngine.java,com.kyrutech.chipper.ChipperEngine,handlePlayerBid/0,false,578,1,3,2,1,2,1,6,0,0,0,1,0,0,0,1,0,0,0,3,2,0,1,0,0,0,19,1,0,true
C:\projects\ChipperGame-master\Chipper\src\com\kyrutech\chipper\ChipperEngine.java,com.kyrutech.chipper.ChipperEngine,setAnimateTakenTrick/1[int],false,908,0,2,2,0,1,0,3,0,0,1,0,0,0,0,0,0,0,0,0,1,0,0,0,0,0,5,1,0,false
C:\projects\ChipperGame-master\Chipper\src\com\kyrutech\chipper\ChipperEngine.java,com.kyrutech.chipper.ChipperEngine,main/1[java.lang.String[]],false,619,3,8,0,8,3,9,11,0,3,1,9,5,2,2,0,0,0,1,4,3,1,2,0,0,0,6,9,0,false
C:\projects\ChipperGame-master\Chipper\src\com\kyrutech\chipper\ChipperEngine.java,com.kyrutech.chipper.ChipperEngine,setCurrentBidder/1[int],false,692,0,0,0,0,1,0,3,0,0,1,0,0,0,0,0,0,0,0,0,1,0,0,0,0,0,4,1,0,false
C:\projects\ChipperGame-master\Chipper\src\com\kyrutech\chipper\ChipperEngine.java,com.kyrutech.chipper.ChipperEngine,getCurrentStayer/0,false,702,0,3,3,0,1,0,3,1,0,0,0,0,0,0,0,0,0,0,0,0,0,0,0,0,0,4,1,0,false
C:\projects\ChipperGame-master\Chipper\src\com\kyrutech\chipper\ChipperEngine.java,com.kyrutech.chipper.ChipperEngine,getHeartsTrump/0,false,755,1,6,6,0,1,1,11,1,1,0,1,0,0,0,0,0,0,0,0,1,0,0,0,0,0,7,9,0,true
C:\projects\ChipperGame-master\Chipper\src\com\kyrutech\chipper\ChipperEngine.java,com.kyrutech.chipper.ChipperEngine,getLastTrick/0,false,923,1,1,1,0,1,0,3,1,0,0,0,0,0,0,0,0,0,0,0,0,0,0,0,0,0,4,1,0,false
C:\projects\ChipperGame-master\Chipper\src\com\kyrutech\chipper\ChipperEngine.java,com.kyrutech.chipper.ChipperEngine,getGamestate/0,false,645,0,0,0,0,1,0,3,1,0,0,0,0,0,0,0,0,0,0,0,0,0,0,0,0,0,3,1,0,false
C:\projects\ChipperGame-master\Chipper\src\com\kyrutech\chipper\ChipperEngine.java,com.kyrutech.chipper.ChipperEngine,canFollowSuit/1[int],false,932,5,14,1,13,7,14,34,3,7,1,14,8,3,0,1,0,0,0,6,11,0,2,0,0,0,21,1,0,true
C:\projects\ChipperGame-master\Chipper\src\com\kyrutech\chipper\ChipperEngine.java,com.kyrutech.chipper.ChipperEngine,getCardString/1[int[]],false,523,1,1,1,0,11,2,39,1,1,1,2,0,0,0,0,0,0,11,2,1,0,1,0,0,0,11,1,0,true
C:\projects\ChipperGame-master\Chipper\src\com\kyrutech\chipper\ChipperEngine.java,com.kyrutech.chipper.ChipperEngine,getPlayers/0,false,611,1,21,21,0,1,0,3,1,0,0,0,0,0,0,0,0,0,0,0,0,0,0,0,0,0,3,1,0,false
C:\projects\ChipperGame-master\Chipper\src\com\kyrutech\chipper\ChipperEngine.java,com.kyrutech.chipper.ChipperEngine,getWinningBidderPlayer/0,false,463,1,6,6,0,1,0,3,1,0,0,0,0,0,0,0,0,0,0,0,0,0,0,0,0,0,10,1,0,true
C:\projects\ChipperGame-master\Chipper\src\com\kyrutech\chipper\ChipperEngine.java,com.kyrutech.chipper.ChipperEngine,countStayingPlayers/0,false,429,0,1,1,0,3,0,9,1,2,0,0,0,0,1,1,0,0,0,2,2,0,2,0,0,0,18,2,0,true
C:\projects\ChipperGame-master\Chipper\src\com\kyrutech\chipper\ChipperEngine.java,com.kyrutech.chipper.ChipperEngine,getSpadesTrump/0,false,803,1,6,6,0,1,1,11,1,1,0,1,0,0,0,0,0,0,0,0,1,0,0,0,0,0,7,9,0,true
C:\projects\ChipperGame-master\Chipper\src\com\kyrutech\chipper\ChipperEngine.java,com.kyrutech.chipper.ChipperEngine,setDealer/1[int],false,633,0,0,0,0,1,0,3,0,0,1,0,0,0,0,0,0,0,0,0,1,0,0,0,0,0,3,1,0,false
C:\projects\ChipperGame-master\Chipper\src\com\kyrutech\chipper\ChipperEngine.java,com.kyrutech.chipper.ChipperEngine,getDeck/0,false,603,1,0,0,0,1,0,3,1,0,0,0,0,0,0,0,0,0,0,0,0,0,0,0,0,0,3,1,0,false
C:\projects\ChipperGame-master\Chipper\src\com\kyrutech\chipper\ChipperEngine.java,com.kyrutech.chipper.ChipperEngine,getStaying/0,false,697,1,14,14,0,1,0,3,1,0,0,0,0,0,0,0,0,0,0,0,0,0,0,0,0,0,3,1,0,false
C:\projects\ChipperGame-master\Chipper\src\com\kyrutech\chipper\ChipperEngine.java,com.kyrutech.chipper.ChipperEngine,getCurrentPlayer/0,false,722,0,4,4,0,1,0,3,1,0,0,0,0,0,0,0,0,0,0,0,0,0,0,0,0,0,4,1,0,false
C:\projects\ChipperGame-master\Chipper\src\com\kyrutech\chipper\ChipperEngine.java,com.kyrutech.chipper.ChipperEngine,setPlayLead/1[int],false,707,0,1,1,0,1,0,3,0,0,1,0,0,0,0,0,0,0,0,0,1,0,0,0,0,0,4,1,0,false
C:\projects\ChipperGame-master\Chipper\src\com\kyrutech\chipper\ChipperEngine.java,com.kyrutech.chipper.ChipperEngine,handlePlayerSuit/0,false,589,1,3,2,1,1,1,3,0,0,0,1,1,1,0,0,0,0,0,0,0,0,0,0,0,0,20,1,0,true
C:\projects\ChipperGame-master\Chipper\src\com\kyrutech\chipper\ChipperEngine.java,com.kyrutech.chipper.ChipperEngine,initialize/0,false,478,3,4,2,2,3,1,16,0,2,0,1,0,0,2,0,0,0,0,7,6,0,1,0,0,0,13,1,0,true
C:\projects\ChipperGame-master\Chipper\src\com\kyrutech\chipper\ChipperEngine.java,com.kyrutech.chipper.ChipperEngine,setGamestate/1[int],false,641,0,0,0,0,1,0,3,0,0,1,0,0,0,0,0,0,0,0,0,1,0,0,0,0,0,3,1,0,false
C:\projects\ChipperGame-master\Chipper\src\com\kyrutech\chipper\ChipperEngine.java,com.kyrutech.chipper.ChipperEngine,getAnimateTrickCard/0,false,903,0,1,1,0,1,0,3,1,0,0,0,0,0,0,0,0,0,0,0,0,0,0,0,0,0,5,1,0,false
C:\projects\ChipperGame-master\Chipper\src\com\kyrutech\chipper\ChipperEngine.java,com.kyrutech.chipper.ChipperEngine,getAnimateTakenTrick/0,false,913,0,1,1,0,1,0,3,1,0,0,0,0,0,0,0,0,0,0,0,0,0,0,0,0,0,5,1,0,false
C:\projects\ChipperGame-master\Chipper\src\com\kyrutech\chipper\ChipperEngine.java,com.kyrutech.chipper.ChipperEngine,handleScores/0,false,842,1,6,1,5,9,7,40,0,2,0,7,0,0,1,6,0,0,5,8,2,0,6,0,0,0,18,1,0,true
C:\projects\ChipperGame-master\Chipper\src\com\kyrutech\chipper\ChipperEngine.java,com.kyrutech.chipper.ChipperEngine,setDeck/1[java.util.ArrayList<int[]>],false,607,1,0,0,0,1,0,3,0,0,1,0,0,0,0,0,0,0,0,0,1,0,0,0,0,0,3,1,0,false
C:\projects\ChipperGame-master\Chipper\src\com\kyrutech\chipper\ChipperEngine.java,com.kyrutech.chipper.ChipperEngine,"getTrumpCardsInHand/2[java.util.ArrayList<int[]>,java.util.ArrayList<int[]>]",false,973,2,2,1,1,3,2,9,1,1,2,2,1,1,1,0,0,0,0,1,1,0,2,0,0,0,19,2,0,true
C:\projects\ChipperGame-master\Chipper\src\com\kyrutech\chipper\ChipperEngine.java,com.kyrutech.chipper.ChipperEngine,getDiamondsTrump/0,false,771,1,6,6,0,1,1,11,1,1,0,1,0,0,0,0,0,0,0,0,1,0,0,0,0,0,7,9,0,true
C:\projects\ChipperGame-master\Chipper\src\com\kyrutech\chipper\ChipperEngine.java,com.kyrutech.chipper.ChipperEngine,getPlaystate/0,false,674,0,6,6,0,1,0,3,1,0,0,0,0,0,0,0,0,0,0,0,0,0,0,0,0,0,3,1,0,false
C:\projects\ChipperGame-master\Chipper\src\com\kyrutech\chipper\screens\SpriteAccessor.java,com.kyrutech.chipper.screens.SpriteAccessor,"getValues/3[com.kyrutech.chipper.screens.Sprite,int,float[]]",false,14,2,0,0,0,4,2,17,4,0,3,2,0,0,0,0,0,0,0,8,4,0,1,0,0,0,8,1,0,false
C:\projects\ChipperGame-master\Chipper\src\com\kyrutech\chipper\screens\SpriteAccessor.java,com.kyrutech.chipper.screens.SpriteAccessor,"setValues/3[com.kyrutech.chipper.screens.Sprite,int,float[]]",false,27,2,0,0,0,4,2,17,0,0,3,2,0,0,0,0,0,0,0,4,0,0,1,0,0,0,8,1,0,false
C:\projects\ChipperGame-master\Chipper-android\src\com\kyrutech\chipper\MainActivity.java,com.kyrutech.chipper.MainActivity,onCreate/1[com.kyrutech.chipper.Bundle],false,10,3,1,0,1,1,2,6,0,1,1,2,0,0,0,0,0,0,0,0,2,0,0,0,0,0,14,1,0,false
C:\projects\ChipperGame-master\Chipper\src\com\kyrutech\chipper\screens\MenuScreen.java,com.kyrutech.chipper.screens.MenuScreen$Anonymous1,"touchDown/5[com.kyrutech.chipper.screens.InputEvent,float,float,int,int]",false,160,1,0,0,0,1,0,3,1,0,5,0,0,0,0,0,0,0,0,0,0,0,0,0,0,0,6,1,0,false
C:\projects\ChipperGame-master\Chipper\src\com\kyrutech\chipper\screens\MenuScreen.java,com.kyrutech.chipper.screens.MenuScreen$Anonymous1,"touchUp/5[com.kyrutech.chipper.screens.InputEvent,float,float,int,int]",false,155,2,4,0,4,1,1,3,0,0,5,1,0,0,0,0,0,0,0,0,0,0,0,0,0,0,5,1,0,false
C:\projects\ChipperGame-master\Chipper\src\com\kyrutech\chipper\screens\MenuScreen.java,com.kyrutech.chipper.screens.MenuScreen$Anonymous3,"touchUp/5[com.kyrutech.chipper.screens.InputEvent,float,float,int,int]",false,198,2,4,0,4,1,1,3,0,0,5,1,0,0,0,0,0,0,0,0,0,0,0,0,0,0,5,1,0,false
C:\projects\ChipperGame-master\Chipper\src\com\kyrutech\chipper\screens\MenuScreen.java,com.kyrutech.chipper.screens.MenuScreen$Anonymous3,"touchDown/5[com.kyrutech.chipper.screens.InputEvent,float,float,int,int]",false,193,1,0,0,0,1,0,3,1,0,5,0,0,0,0,0,0,0,0,0,0,0,0,0,0,0,6,1,0,false
C:\projects\ChipperGame-master\Chipper\src\com\kyrutech\chipper\screens\MenuScreen.java,com.kyrutech.chipper.screens.MenuScreen$Anonymous2,"touchUp/5[com.kyrutech.chipper.screens.InputEvent,float,float,int,int]",false,179,2,4,0,4,1,1,3,0,0,5,1,0,0,0,0,0,0,0,0,0,0,0,0,0,0,5,1,0,false
C:\projects\ChipperGame-master\Chipper\src\com\kyrutech\chipper\screens\MenuScreen.java,com.kyrutech.chipper.screens.MenuScreen$Anonymous2,"touchDown/5[com.kyrutech.chipper.screens.InputEvent,float,float,int,int]",false,174,1,0,0,0,1,0,3,1,0,5,0,0,0,0,0,0,0,0,0,0,0,0,0,0,0,6,1,0,false
C:\projects\ChipperGame-master\Chipper\src\com\kyrutech\chipper\gameobjects\Trick.java,com.kyrutech.chipper.gameobjects.Trick,"getCardIndex/2[int[],java.util.ArrayList<int[]>]",false,255,1,1,1,0,4,2,10,1,3,2,2,0,0,1,2,0,0,0,6,4,0,2,0,0,0,14,1,0,true
C:\projects\ChipperGame-master\Chipper\src\com\kyrutech\chipper\gameobjects\Trick.java,com.kyrutech.chipper.gameobjects.Trick,completedTrick/0,false,218,0,1,1,0,9,0,16,1,1,0,0,0,0,0,4,0,0,0,12,5,0,1,0,0,0,13,1,0,true
C:\projects\ChipperGame-master\Chipper\src\com\kyrutech\chipper\gameobjects\Trick.java,com.kyrutech.chipper.gameobjects.Trick,getWinningPlayer/1[int],false,62,2,4,1,3,9,3,27,1,2,1,3,3,2,0,4,0,0,6,12,10,2,1,0,0,0,18,1,0,true
C:\projects\ChipperGame-master\Chipper\src\com\kyrutech\chipper\gameobjects\Trick.java,com.kyrutech.chipper.gameobjects.Trick,getLeadPlayer/0,false,235,0,3,3,0,1,0,3,1,0,0,0,0,0,0,0,0,0,0,0,0,0,0,0,0,0,4,1,0,false
C:\projects\ChipperGame-master\Chipper\src\com\kyrutech\chipper\gameobjects\Trick.java,com.kyrutech.chipper.gameobjects.Trick,setLeadPlayer/1[int],false,239,0,0,0,0,1,0,3,0,0,1,0,0,0,0,0,0,0,0,0,1,0,0,0,0,0,4,1,0,false
C:\projects\ChipperGame-master\Chipper\src\com\kyrutech\chipper\gameobjects\Trick.java,com.kyrutech.chipper.gameobjects.Trick,"Trick/2[int,int[]]",true,22,1,1,1,0,5,0,7,0,0,2,0,0,0,0,4,0,0,0,8,5,0,0,0,0,0,5,1,0,false
C:\projects\ChipperGame-master\Chipper\src\com\kyrutech\chipper\gameobjects\Trick.java,com.kyrutech.chipper.gameobjects.Trick,"setPlayerCard/2[int,int[]]",false,197,1,2,2,0,5,0,16,0,0,2,0,0,0,0,0,0,0,0,4,4,0,1,0,0,0,14,1,0,true
C:\projects\ChipperGame-master\Chipper\src\com\kyrutech\chipper\gameobjects\Trick.java,com.kyrutech.chipper.gameobjects.Trick,getPlayerCard/1[int],false,178,1,7,7,0,5,0,13,5,0,1,0,0,0,0,0,0,0,0,4,0,0,1,0,0,0,13,1,0,true
C:\projects\ChipperGame-master\Chipper\src\com\kyrutech\chipper\gameobjects\Trick.java,com.kyrutech.chipper.gameobjects.Trick,debug/1[java.lang.String],false,243,0,2,2,0,2,1,5,0,0,1,1,0,0,0,0,0,0,1,0,0,0,1,0,0,0,2,1,0,false
C:\projects\ChipperGame-master\Chipper\src\com\kyrutech\chipper\gameobjects\Trick.java,com.kyrutech.chipper.gameobjects.Trick,"betterCard/3[int[],int[],int]",false,103,3,9,2,7,20,7,71,7,9,3,7,2,1,2,13,0,0,2,18,21,1,5,0,0,0,21,1,0,true
C:\projects\ChipperGame-master\Chipper\src\com\kyrutech\chipper\gameobjects\Trick.java,com.kyrutech.chipper.gameobjects.Trick,getWinningCard/1[int],false,35,2,3,1,2,9,2,16,1,1,1,2,2,2,0,4,0,0,0,8,5,0,1,0,0,0,17,1,0,true
C:\projects\ChipperGame-master\Chipper\src\com\kyrutech\chipper\ChipperGame.java,com.kyrutech.chipper.ChipperGame,create/0,false,37,6,5,0,5,1,3,11,0,2,0,3,0,0,0,0,0,0,0,0,8,0,0,0,0,0,18,1,0,false
C:\projects\ChipperGame-master\Chipper\src\com\kyrutech\chipper\ChipperGame.java,com.kyrutech.chipper.ChipperGame,"touchDown/4[int,int,int,int]",false,141,1,0,0,0,3,1,9,1,1,4,1,0,0,0,2,0,0,0,1,1,0,1,0,0,0,19,1,0,false
C:\projects\ChipperGame-master\Chipper\src\com\kyrutech\chipper\ChipperGame.java,com.kyrutech.chipper.ChipperGame,keyDown/1[int],false,123,0,0,0,0,1,0,3,1,0,1,0,0,0,0,0,0,0,0,0,0,0,0,0,0,0,4,1,0,false
C:\projects\ChipperGame-master\Chipper\src\com\kyrutech\chipper\ChipperGame.java,com.kyrutech.chipper.ChipperGame,keyUp/1[int],false,129,0,0,0,0,1,0,3,1,0,1,0,0,0,0,0,0,0,0,0,0,0,0,0,0,0,4,1,0,false
C:\projects\ChipperGame-master\Chipper\src\com\kyrutech\chipper\ChipperGame.java,com.kyrutech.chipper.ChipperGame,dispose/0,false,102,3,3,0,3,1,3,5,0,0,0,3,0,0,0,0,0,0,0,0,0,0,0,0,0,0,1,1,0,false
C:\projects\ChipperGame-master\Chipper\src\com\kyrutech\chipper\ChipperGame.java,com.kyrutech.chipper.ChipperGame,returnToMenu/0,false,96,0,5,5,0,1,1,4,0,0,0,1,0,0,0,0,0,0,0,0,1,0,0,0,0,0,19,1,0,true
C:\projects\ChipperGame-master\Chipper\src\com\kyrutech\chipper\ChipperGame.java,com.kyrutech.chipper.ChipperGame,initializePlay/0,false,57,1,3,1,2,1,2,6,0,0,0,2,0,0,0,0,0,0,0,0,2,0,0,0,0,0,22,1,0,true
C:\projects\ChipperGame-master\Chipper\src\com\kyrutech\chipper\ChipperGame.java,com.kyrutech.chipper.ChipperGame,endPlay/0,false,88,0,1,1,0,1,1,4,0,0,0,1,0,0,0,0,0,0,0,0,1,0,0,0,0,0,23,1,0,true
C:\projects\ChipperGame-master\Chipper\src\com\kyrutech\chipper\ChipperGame.java,com.kyrutech.chipper.ChipperGame,viewInstructions/0,false,80,0,1,1,0,1,1,4,0,0,0,1,0,0,0,0,0,0,0,0,1,0,0,0,0,0,22,1,0,true
C:\projects\ChipperGame-master\Chipper\src\com\kyrutech\chipper\ChipperGame.java,com.kyrutech.chipper.ChipperGame,"touchUp/4[int,int,int,int]",false,155,0,0,0,0,1,0,3,1,0,4,0,0,0,0,0,0,0,0,0,0,0,0,0,0,0,4,1,0,false
C:\projects\ChipperGame-master\Chipper\src\com\kyrutech\chipper\ChipperGame.java,com.kyrutech.chipper.ChipperGame,"mouseMoved/2[int,int]",false,173,0,0,0,0,1,0,3,1,0,2,0,0,0,0,0,0,0,0,0,0,0,0,0,0,0,5,1,0,false
C:\projects\ChipperGame-master\Chipper\src\com\kyrutech\chipper\ChipperGame.java,com.kyrutech.chipper.ChipperGame,scrolled/1[int],false,167,0,0,0,0,1,0,3,1,0,1,0,0,0,0,0,0,0,0,0,0,0,0,0,0,0,3,1,0,false
C:\projects\ChipperGame-master\Chipper\src\com\kyrutech\chipper\ChipperGame.java,com.kyrutech.chipper.ChipperGame,"touchDragged/3[int,int,int]",false,161,0,0,0,0,1,0,3,1,0,3,0,0,0,0,0,0,0,0,0,0,0,0,0,0,0,4,1,0,false
C:\projects\ChipperGame-master\Chipper\src\com\kyrutech\chipper\ChipperGame.java,com.kyrutech.chipper.ChipperGame,pause/0,false,115,0,0,0,0,1,0,2,0,0,0,0,0,0,0,0,0,0,0,0,0,0,0,0,0,0,1,1,0,false
C:\projects\ChipperGame-master\Chipper\src\com\kyrutech\chipper\ChipperGame.java,com.kyrutech.chipper.ChipperGame,resume/0,false,119,0,0,0,0,1,0,2,0,0,0,0,0,0,0,0,0,0,0,0,0,0,0,0,0,0,1,1,0,false
C:\projects\ChipperGame-master\Chipper\src\com\kyrutech\chipper\ChipperGame.java,com.kyrutech.chipper.ChipperGame,viewBetting/0,false,72,0,1,1,0,1,1,4,0,0,0,1,0,0,0,0,0,0,0,0,1,0,0,0,0,0,20,1,0,true
C:\projects\ChipperGame-master\Chipper\src\com\kyrutech\chipper\ChipperGame.java,com.kyrutech.chipper.ChipperGame,"resize/2[int,int]",false,110,0,0,0,0,1,0,2,0,0,2,0,0,0,0,0,0,0,0,0,0,0,0,0,0,0,2,1,0,false
C:\projects\ChipperGame-master\Chipper\src\com\kyrutech\chipper\ChipperGame.java,com.kyrutech.chipper.ChipperGame,keyTyped/1[char],false,135,0,0,0,0,1,0,3,1,0,1,0,0,0,0,0,0,0,0,0,0,0,0,0,0,0,4,1,0,false
C:\projects\ChipperGame-master\Chipper\src\com\kyrutech\chipper\screens\GameScreen.java,com.kyrutech.chipper.screens.GameScreen$Anonymous1,"onEvent/2[int,com.kyrutech.chipper.screens.BaseTween<?>]",false,1133,2,6,0,6,1,3,4,0,0,2,3,0,0,0,0,0,0,0,1,0,0,0,0,0,0,3,1,0,false
C:\projects\ChipperGame-master\Chipper\src\com\kyrutech\chipper\screens\GameOverScreen.java,com.kyrutech.chipper.screens.GameOverScreen,"touchUp/4[int,int,int,int]",false,407,0,0,0,0,1,0,3,1,0,4,0,0,0,0,0,0,0,0,0,0,0,0,0,0,0,4,1,0,false
C:\projects\ChipperGame-master\Chipper\src\com\kyrutech\chipper\screens\GameOverScreen.java,com.kyrutech.chipper.screens.GameOverScreen,hide/0,false,359,0,0,0,0,1,0,2,0,0,0,0,0,0,0,0,0,0,0,0,0,0,0,0,0,0,1,1,0,false
C:\projects\ChipperGame-master\Chipper\src\com\kyrutech\chipper\screens\GameOverScreen.java,com.kyrutech.chipper.screens.GameOverScreen,keyTyped/1[char],false,395,0,0,0,0,1,0,3,1,0,1,0,0,0,0,0,0,0,0,0,0,0,0,0,0,0,4,1,0,false
C:\projects\ChipperGame-master\Chipper\src\com\kyrutech\chipper\screens\GameOverScreen.java,com.kyrutech.chipper.screens.GameOverScreen,"getScoreString/2[int,com.kyrutech.chipper.gameobjects.Player]",false,249,1,2,0,2,5,7,22,1,2,2,7,0,0,0,0,0,0,8,3,2,3,1,0,0,0,18,2,0,true
C:\projects\ChipperGame-master\Chipper\src\com\kyrutech\chipper\screens\GameOverScreen.java,com.kyrutech.chipper.screens.GameOverScreen,"getHistoryScoreToPoint/2[int,java.util.ArrayList<java.lang.String>]",false,301,0,1,1,0,8,3,27,1,3,2,3,0,0,1,0,0,0,4,9,9,0,3,0,0,0,16,1,0,true
C:\projects\ChipperGame-master\Chipper\src\com\kyrutech\chipper\screens\GameOverScreen.java,com.kyrutech.chipper.screens.GameOverScreen,keyUp/1[int],false,389,0,0,0,0,1,0,3,1,0,1,0,0,0,0,0,0,0,0,0,0,0,0,0,0,0,4,1,0,false
C:\projects\ChipperGame-master\Chipper\src\com\kyrutech\chipper\screens\GameOverScreen.java,com.kyrutech.chipper.screens.GameOverScreen,getTestScoreHistory/0,false,434,0,0,0,0,3,3,15,1,4,0,3,0,0,1,1,0,1,2,4,4,1,2,0,0,0,11,1,0,true
C:\projects\ChipperGame-master\Chipper\src\com\kyrutech\chipper\screens\GameOverScreen.java,com.kyrutech.chipper.screens.GameOverScreen,scrolled/1[int],false,425,0,0,0,0,1,0,3,1,0,1,0,0,0,0,0,0,0,0,0,0,0,0,0,0,0,3,1,0,false
C:\projects\ChipperGame-master\Chipper\src\com\kyrutech\chipper\screens\GameOverScreen.java,com.kyrutech.chipper.screens.GameOverScreen,"getScoreString/2[int,java.util.ArrayList<java.lang.String>]",false,275,1,2,1,1,5,6,22,1,2,2,6,1,1,0,0,0,0,8,3,2,3,1,0,0,0,16,2,0,true
C:\projects\ChipperGame-master\Chipper\src\com\kyrutech\chipper\screens\GameOverScreen.java,com.kyrutech.chipper.screens.GameOverScreen,"touchDown/4[int,int,int,int]",false,401,0,0,0,0,1,0,3,1,0,4,0,0,0,0,0,0,0,0,0,0,0,0,0,0,0,4,1,0,false
C:\projects\ChipperGame-master\Chipper\src\com\kyrutech\chipper\screens\GameOverScreen.java,com.kyrutech.chipper.screens.GameOverScreen,keyDown/1[int],false,383,0,0,0,0,1,0,3,1,0,1,0,0,0,0,0,0,0,0,0,0,0,0,0,0,0,4,1,0,false
C:\projects\ChipperGame-master\Chipper\src\com\kyrutech\chipper\screens\GameOverScreen.java,com.kyrutech.chipper.screens.GameOverScreen,"resize/2[int,int]",false,59,0,0,0,0,1,3,4,0,0,2,3,0,0,0,0,0,0,0,7,0,2,0,0,0,0,2,1,0,false
C:\projects\ChipperGame-master\Chipper\src\com\kyrutech\chipper\screens\GameOverScreen.java,com.kyrutech.chipper.screens.GameOverScreen,show/0,false,66,19,4,0,4,10,19,126,0,30,0,19,2,2,1,0,0,0,16,68,51,0,2,1,0,0,70,1,0,false
C:\projects\ChipperGame-master\Chipper\src\com\kyrutech\chipper\screens\GameOverScreen.java,com.kyrutech.chipper.screens.GameOverScreen,"touchDragged/3[int,int,int]",false,413,0,0,0,0,1,0,3,1,0,3,0,0,0,0,0,0,0,0,0,0,0,0,0,0,0,4,1,0,false
C:\projects\ChipperGame-master\Chipper\src\com\kyrutech\chipper\screens\GameOverScreen.java,com.kyrutech.chipper.screens.GameOverScreen,render/1[float],false,47,0,0,0,0,1,6,7,0,0,1,6,0,0,0,0,0,0,0,4,0,0,0,0,0,0,4,1,0,false
C:\projects\ChipperGame-master\Chipper\src\com\kyrutech\chipper\screens\GameOverScreen.java,com.kyrutech.chipper.screens.GameOverScreen,resume/0,false,371,0,0,0,0,1,0,2,0,0,0,0,0,0,0,0,0,0,0,0,0,0,0,0,0,0,1,1,0,false
C:\projects\ChipperGame-master\Chipper\src\com\kyrutech\chipper\screens\GameOverScreen.java,com.kyrutech.chipper.screens.GameOverScreen,dispose/0,false,377,0,1,1,0,1,0,2,0,0,0,0,0,0,0,0,0,0,0,0,0,0,0,0,0,0,1,1,0,false
C:\projects\ChipperGame-master\Chipper\src\com\kyrutech\chipper\screens\GameOverScreen.java,com.kyrutech.chipper.screens.GameOverScreen,getWinningString/0,false,333,2,3,1,2,7,5,23,1,3,0,5,0,0,1,0,0,0,4,8,4,0,2,0,0,0,12,1,0,true
C:\projects\ChipperGame-master\Chipper\src\com\kyrutech\chipper\screens\GameOverScreen.java,com.kyrutech.chipper.screens.GameOverScreen,GameOverScreen/1[com.kyrutech.chipper.ChipperGame],true,42,1,1,1,0,1,0,3,0,0,1,0,0,0,0,0,0,0,0,0,1,0,0,0,0,0,5,1,0,false
C:\projects\ChipperGame-master\Chipper\src\com\kyrutech\chipper\screens\GameOverScreen.java,com.kyrutech.chipper.screens.GameOverScreen,"mouseMoved/2[int,int]",false,419,0,0,0,0,1,0,3,1,0,2,0,0,0,0,0,0,0,0,0,0,0,0,0,0,0,5,1,0,false
C:\projects\ChipperGame-master\Chipper\src\com\kyrutech\chipper\screens\GameOverScreen.java,com.kyrutech.chipper.screens.GameOverScreen,pause/0,false,365,0,0,0,0,1,0,2,0,0,0,0,0,0,0,0,0,0,0,0,0,0,0,0,0,0,1,1,0,false
C:\projects\ChipperGame-master\Chipper\src\com\kyrutech\chipper\screens\MenuScreen.java,com.kyrutech.chipper.screens.MenuScreen,"touchUp/4[int,int,int,int]",false,279,0,0,0,0,1,0,3,1,0,4,0,0,0,0,0,0,0,0,0,0,0,0,0,0,0,4,1,0,false
C:\projects\ChipperGame-master\Chipper\src\com\kyrutech\chipper\screens\MenuScreen.java,com.kyrutech.chipper.screens.MenuScreen,keyTyped/1[char],false,267,0,0,0,0,1,0,3,1,0,1,0,0,0,0,0,0,0,0,0,0,0,0,0,0,0,4,1,0,false
C:\projects\ChipperGame-master\Chipper\src\com\kyrutech\chipper\screens\MenuScreen.java,com.kyrutech.chipper.screens.MenuScreen,hide/0,false,229,0,0,0,0,1,0,2,0,0,0,0,0,0,0,0,0,0,0,0,0,0,0,0,0,0,1,1,0,false
C:\projects\ChipperGame-master\Chipper\src\com\kyrutech\chipper\screens\MenuScreen.java,com.kyrutech.chipper.screens.MenuScreen,render/1[float],false,58,0,0,0,0,1,5,6,0,0,1,5,0,0,0,0,0,0,0,4,0,0,0,0,0,0,2,1,0,false
C:\projects\ChipperGame-master\Chipper\src\com\kyrutech\chipper\screens\MenuScreen.java,com.kyrutech.chipper.screens.MenuScreen,"resize/2[int,int]",false,68,2,0,0,0,3,2,21,0,5,2,2,0,0,0,0,0,2,0,5,11,12,1,0,0,0,15,1,0,false
C:\projects\ChipperGame-master\Chipper\src\com\kyrutech\chipper\screens\MenuScreen.java,com.kyrutech.chipper.screens.MenuScreen,keyUp/1[int],false,261,0,0,0,0,1,0,3,1,0,1,0,0,0,0,0,0,0,0,0,0,0,0,0,0,0,4,1,0,false
C:\projects\ChipperGame-master\Chipper\src\com\kyrutech\chipper\screens\MenuScreen.java,com.kyrutech.chipper.screens.MenuScreen,scrolled/1[int],false,297,0,0,0,0,1,0,3,1,0,1,0,0,0,0,0,0,0,0,0,0,0,0,0,0,0,3,1,0,false
C:\projects\ChipperGame-master\Chipper\src\com\kyrutech\chipper\screens\MenuScreen.java,com.kyrutech.chipper.screens.MenuScreen,keyDown/1[int],false,253,0,0,0,0,2,1,6,1,0,1,1,0,0,0,1,0,0,0,0,0,0,1,0,0,0,4,1,0,false
C:\projects\ChipperGame-master\Chipper\src\com\kyrutech\chipper\screens\MenuScreen.java,com.kyrutech.chipper.screens.MenuScreen,"touchDown/4[int,int,int,int]",false,273,0,0,0,0,1,0,3,1,0,4,0,0,0,0,0,0,0,0,0,0,0,0,0,0,0,4,1,0,false
C:\projects\ChipperGame-master\Chipper\src\com\kyrutech\chipper\screens\MenuScreen.java,com.kyrutech.chipper.screens.MenuScreen,MenuScreen/1[com.kyrutech.chipper.ChipperGame],true,53,1,1,1,0,1,0,3,0,0,1,0,0,0,0,0,0,0,0,0,1,0,0,0,0,0,5,1,0,false
C:\projects\ChipperGame-master\Chipper\src\com\kyrutech\chipper\screens\MenuScreen.java,com.kyrutech.chipper.screens.MenuScreen,show/0,false,99,20,0,0,0,1,14,78,0,10,0,14,0,0,0,0,0,0,11,26,26,2,0,3,0,0,51,1,0,false
C:\projects\ChipperGame-master\Chipper\src\com\kyrutech\chipper\screens\MenuScreen.java,com.kyrutech.chipper.screens.MenuScreen,"touchDragged/3[int,int,int]",false,285,0,0,0,0,1,0,3,1,0,3,0,0,0,0,0,0,0,0,0,0,0,0,0,0,0,4,1,0,false
C:\projects\ChipperGame-master\Chipper\src\com\kyrutech\chipper\screens\MenuScreen.java,com.kyrutech.chipper.screens.MenuScreen,resume/0,false,241,0,0,0,0,1,0,2,0,0,0,0,0,0,0,0,0,0,0,0,0,0,0,0,0,0,1,1,0,false
C:\projects\ChipperGame-master\Chipper\src\com\kyrutech\chipper\screens\MenuScreen.java,com.kyrutech.chipper.screens.MenuScreen,dispose/0,false,247,0,1,1,0,1,0,2,0,0,0,0,0,0,0,0,0,0,0,0,0,0,0,0,0,0,1,1,0,false
C:\projects\ChipperGame-master\Chipper\src\com\kyrutech\chipper\screens\MenuScreen.java,com.kyrutech.chipper.screens.MenuScreen,"mouseMoved/2[int,int]",false,291,0,0,0,0,1,0,3,1,0,2,0,0,0,0,0,0,0,0,0,0,0,0,0,0,0,5,1,0,false
C:\projects\ChipperGame-master\Chipper\src\com\kyrutech\chipper\screens\MenuScreen.java,com.kyrutech.chipper.screens.MenuScreen,pause/0,false,235,0,0,0,0,1,0,2,0,0,0,0,0,0,0,0,0,0,0,0,0,0,0,0,0,0,1,1,0,false
C:\projects\ChipperGame-master\Chipper\src\com\kyrutech\chipper\screens\BettingScreen.java,com.kyrutech.chipper.screens.BettingScreen,BettingScreen/1[com.kyrutech.chipper.ChipperGame],true,66,1,1,1,0,1,0,3,0,0,1,0,0,0,0,0,0,0,0,0,1,0,0,0,0,0,5,1,0,false
C:\projects\ChipperGame-master\Chipper\src\com\kyrutech\chipper\screens\BettingScreen.java,com.kyrutech.chipper.screens.BettingScreen,drawSelectMoreCards/0,false,430,0,1,1,0,1,2,7,0,3,0,2,0,0,0,0,0,3,1,7,3,9,0,0,0,0,14,2,0,true
C:\projects\ChipperGame-master\Chipper\src\com\kyrutech\chipper\screens\BettingScreen.java,com.kyrutech.chipper.screens.BettingScreen,"touchUp/4[int,int,int,int]",false,368,6,6,0,6,12,7,45,2,7,4,7,2,1,2,3,0,0,0,9,14,0,5,0,0,0,23,1,0,false
C:\projects\ChipperGame-master\Chipper\src\com\kyrutech\chipper\screens\BettingScreen.java,com.kyrutech.chipper.screens.BettingScreen,scrolled/1[int],false,517,0,0,0,0,1,0,3,1,0,1,0,0,0,0,0,0,0,0,0,0,0,0,0,0,0,3,1,0,false
C:\projects\ChipperGame-master\Chipper\src\com\kyrutech\chipper\screens\BettingScreen.java,com.kyrutech.chipper.screens.BettingScreen,show/0,false,251,9,0,0,0,3,5,35,0,6,0,5,0,0,2,0,0,13,7,34,26,25,2,0,0,0,42,1,0,false
C:\projects\ChipperGame-master\Chipper\src\com\kyrutech\chipper\screens\BettingScreen.java,com.kyrutech.chipper.screens.BettingScreen,hide/0,false,303,0,0,0,0,1,0,2,0,0,0,0,0,0,0,0,0,0,0,0,0,0,0,0,0,0,1,1,0,false
C:\projects\ChipperGame-master\Chipper\src\com\kyrutech\chipper\screens\BettingScreen.java,com.kyrutech.chipper.screens.BettingScreen,"resize/2[int,int]",false,223,2,0,0,0,3,0,19,0,5,2,0,0,0,0,0,0,2,0,5,11,12,1,0,0,0,14,1,0,false
C:\projects\ChipperGame-master\Chipper\src\com\kyrutech\chipper\screens\BettingScreen.java,com.kyrutech.chipper.screens.BettingScreen,keyTyped/1[char],false,341,0,0,0,0,1,0,3,1,0,1,0,0,0,0,0,0,0,0,0,0,0,0,0,0,0,4,1,0,false
C:\projects\ChipperGame-master\Chipper\src\com\kyrutech\chipper\screens\BettingScreen.java,com.kyrutech.chipper.screens.BettingScreen,dispose/0,false,321,0,0,0,0,1,0,2,0,0,0,0,0,0,0,0,0,0,0,0,0,0,0,0,0,0,1,1,0,false
C:\projects\ChipperGame-master\Chipper\src\com\kyrutech\chipper\screens\BettingScreen.java,com.kyrutech.chipper.screens.BettingScreen,"touchDragged/3[int,int,int]",false,505,0,0,0,0,1,0,3,1,0,3,0,0,0,0,0,0,0,0,0,0,0,0,0,0,0,4,1,0,false
C:\projects\ChipperGame-master\Chipper\src\com\kyrutech\chipper\screens\BettingScreen.java,com.kyrutech.chipper.screens.BettingScreen,getPressedValue/1[float],false,444,0,1,1,0,13,0,28,1,7,1,0,0,0,0,0,0,14,0,15,13,26,1,0,0,0,23,2,0,true
C:\projects\ChipperGame-master\Chipper\src\com\kyrutech\chipper\screens\BettingScreen.java,com.kyrutech.chipper.screens.BettingScreen,keyUp/1[int],false,333,1,1,0,1,2,1,6,1,0,1,1,0,0,0,1,0,0,0,0,0,0,1,0,0,0,4,1,0,false
C:\projects\ChipperGame-master\Chipper\src\com\kyrutech\chipper\screens\BettingScreen.java,com.kyrutech.chipper.screens.BettingScreen,getPressedSuit/1[float],false,480,0,1,1,0,9,0,20,1,5,1,0,0,0,0,0,0,12,0,13,9,20,1,0,0,0,21,2,0,true
C:\projects\ChipperGame-master\Chipper\src\com\kyrutech\chipper\screens\BettingScreen.java,com.kyrutech.chipper.screens.BettingScreen,"touchDown/4[int,int,int,int]",false,347,1,0,0,0,4,2,14,2,1,4,2,0,0,0,0,0,0,0,1,3,0,1,0,0,0,13,1,0,false
C:\projects\ChipperGame-master\Chipper\src\com\kyrutech\chipper\screens\BettingScreen.java,com.kyrutech.chipper.screens.BettingScreen,pause/0,false,309,0,0,0,0,1,0,2,0,0,0,0,0,0,0,0,0,0,0,0,0,0,0,0,0,0,1,1,0,false
C:\projects\ChipperGame-master\Chipper\src\com\kyrutech\chipper\screens\BettingScreen.java,com.kyrutech.chipper.screens.BettingScreen,keyDown/1[int],false,327,0,0,0,0,1,0,3,1,0,1,0,0,0,0,0,0,0,0,0,0,0,0,0,0,0,4,1,0,false
C:\projects\ChipperGame-master\Chipper\src\com\kyrutech\chipper\screens\BettingScreen.java,com.kyrutech.chipper.screens.BettingScreen,render/1[float],false,71,1,1,0,1,14,14,116,0,8,1,14,1,1,1,3,0,15,11,44,20,37,3,0,0,0,40,1,0,false
C:\projects\ChipperGame-master\Chipper\src\com\kyrutech\chipper\screens\BettingScreen.java,com.kyrutech.chipper.screens.BettingScreen,resume/0,false,315,0,0,0,0,1,0,2,0,0,0,0,0,0,0,0,0,0,0,0,0,0,0,0,0,0,1,1,0,false
C:\projects\ChipperGame-master\Chipper\src\com\kyrutech\chipper\screens\BettingScreen.java,com.kyrutech.chipper.screens.BettingScreen,"mouseMoved/2[int,int]",false,511,0,0,0,0,1,0,3,1,0,2,0,0,0,0,0,0,0,0,0,0,0,0,0,0,0,5,1,0,false
C:\projects\ChipperGame-master\Chipper-html\src\com\kyrutech\chipper\client\GwtLauncher.java,com.kyrutech.chipper.client.GwtLauncher,getApplicationListener/0,false,16,2,1,0,1,1,0,3,1,0,0,0,0,0,0,0,0,0,0,0,0,0,0,0,0,0,5,1,0,false
C:\projects\ChipperGame-master\Chipper-html\src\com\kyrutech\chipper\client\GwtLauncher.java,com.kyrutech.chipper.client.GwtLauncher,getConfig/0,false,10,1,0,0,0,1,0,4,1,1,0,0,0,0,0,0,0,0,0,2,1,0,0,0,0,0,6,1,0,false
C:\projects\ChipperGame-master\Chipper\src\com\kyrutech\chipper\screens\GameScreen2.java,com.kyrutech.chipper.screens.GameScreen2,pause/0,false,97,0,0,0,0,1,0,2,0,0,0,0,0,0,0,0,0,0,0,0,0,0,0,0,0,0,1,1,0,false
C:\projects\ChipperGame-master\Chipper\src\com\kyrutech\chipper\screens\GameScreen2.java,com.kyrutech.chipper.screens.GameScreen2,dispose/0,false,109,0,0,0,0,1,1,3,0,0,0,1,0,0,0,0,0,0,0,0,0,0,0,0,0,0,1,1,0,false
C:\projects\ChipperGame-master\Chipper\src\com\kyrutech\chipper\screens\GameScreen2.java,com.kyrutech.chipper.screens.GameScreen2,resume/0,false,103,0,0,0,0,1,0,2,0,0,0,0,0,0,0,0,0,0,0,0,0,0,0,0,0,0,1,1,0,false
C:\projects\ChipperGame-master\Chipper\src\com\kyrutech\chipper\screens\GameScreen2.java,com.kyrutech.chipper.screens.GameScreen2,render/1[float],false,38,0,0,0,0,1,5,6,0,0,1,5,0,0,0,0,0,0,0,4,0,0,0,0,0,0,2,1,0,false
C:\projects\ChipperGame-master\Chipper\src\com\kyrutech\chipper\screens\GameScreen2.java,com.kyrutech.chipper.screens.GameScreen2,"resize/2[int,int]",false,47,0,0,0,0,1,5,4,0,0,2,5,0,0,0,0,0,0,0,3,0,0,0,0,0,0,2,1,0,false
C:\projects\ChipperGame-master\Chipper\src\com\kyrutech\chipper\screens\GameScreen2.java,com.kyrutech.chipper.screens.GameScreen2,hide/0,false,91,0,0,0,0,1,0,2,0,0,0,0,0,0,0,0,0,0,0,0,0,0,0,0,0,0,1,1,0,false
C:\projects\ChipperGame-master\Chipper\src\com\kyrutech\chipper\screens\GameScreen2.java,com.kyrutech.chipper.screens.GameScreen2,GameScreen2/1[com.kyrutech.chipper.ChipperGame],true,33,1,0,0,0,1,0,3,0,0,1,0,0,0,0,0,0,0,0,0,1,0,0,0,0,0,4,1,0,false
C:\projects\ChipperGame-master\Chipper\src\com\kyrutech\chipper\screens\GameScreen2.java,com.kyrutech.chipper.screens.GameScreen2,show/0,false,54,6,1,0,1,3,6,23,0,3,0,6,0,0,2,0,0,3,4,9,14,5,2,0,0,0,25,1,0,false
C:\projects\ChipperGame-master\Chipper\src\com\kyrutech\chipper\CardPlayer.java,com.kyrutech.chipper.CardPlayer,"staying/2[int,int]",false,5,0,0,0,0,1,0,1,0,0,2,0,0,0,0,0,0,0,0,0,0,0,0,0,0,0,7,1025,0,true
C:\projects\ChipperGame-master\Chipper\src\com\kyrutech\chipper\CardPlayer.java,com.kyrutech.chipper.CardPlayer,getCardToLead/0,false,15,0,0,0,0,1,0,1,0,0,0,0,0,0,0,0,0,0,0,0,0,0,0,0,0,0,14,1025,0,true
C:\projects\ChipperGame-master\Chipper\src\com\kyrutech\chipper\CardPlayer.java,com.kyrutech.chipper.CardPlayer,determineBid/0,false,10,0,0,0,0,1,0,1,0,0,0,0,0,0,0,0,0,0,0,0,0,0,0,0,0,0,9,1025,0,true
C:\projects\ChipperGame-master\Chipper\src\com\kyrutech\chipper\CardPlayer.java,com.kyrutech.chipper.CardPlayer,getCardToPlay/0,false,22,0,0,0,0,1,0,1,0,0,0,0,0,0,0,0,0,0,0,0,0,0,0,0,0,0,13,1025,0,true
C:\projects\ChipperGame-master\Chipper\src\com\kyrutech\chipper\screens\GameScreen3.java,com.kyrutech.chipper.screens.GameScreen3,"drawBidSuit/3[int,float,float]",false,1679,0,1,1,0,6,2,26,0,0,3,2,0,0,0,0,0,0,0,0,0,0,1,0,0,0,10,1,0,true
C:\projects\ChipperGame-master\Chipper\src\com\kyrutech\chipper\screens\GameScreen3.java,com.kyrutech.chipper.screens.GameScreen3,drawDealerIndicator/0,false,935,1,2,1,1,5,4,19,0,1,0,4,0,0,0,0,0,3,0,9,1,15,1,0,0,0,14,2,0,true
C:\projects\ChipperGame-master\Chipper\src\com\kyrutech\chipper\screens\GameScreen3.java,com.kyrutech.chipper.screens.GameScreen3,drawCurrentPlayerArrow/0,false,1265,1,2,1,1,5,5,30,0,3,0,5,0,0,0,0,0,1,0,19,11,13,1,0,0,0,18,2,0,true
C:\projects\ChipperGame-master\Chipper\src\com\kyrutech\chipper\screens\GameScreen3.java,com.kyrutech.chipper.screens.GameScreen3,getResultScoreString/1[int],false,1777,2,10,1,9,8,14,41,1,2,1,14,0,0,0,5,0,0,10,3,2,3,4,0,0,0,18,2,0,true
C:\projects\ChipperGame-master\Chipper\src\com\kyrutech\chipper\screens\GameScreen3.java,com.kyrutech.chipper.screens.GameScreen3,drawPlayedCardsBackground/0,false,1056,1,2,1,1,9,3,18,0,0,0,3,0,0,0,8,0,0,0,12,0,0,1,0,0,0,10,1,0,true
C:\projects\ChipperGame-master\Chipper\src\com\kyrutech\chipper\screens\GameScreen3.java,com.kyrutech.chipper.screens.GameScreen3,GameScreen3/1[com.kyrutech.chipper.ChipperGame],true,83,1,1,1,0,1,0,3,0,0,1,0,0,0,0,0,0,0,0,0,1,0,0,0,0,0,4,1,0,false
C:\projects\ChipperGame-master\Chipper\src\com\kyrutech\chipper\screens\GameScreen3.java,com.kyrutech.chipper.screens.GameScreen3,checkForCardAnimate/0,false,318,3,9,1,8,15,15,88,0,14,0,15,0,0,1,3,0,17,0,50,39,25,5,2,0,0,38,2,0,true
C:\projects\ChipperGame-master\Chipper\src\com\kyrutech\chipper\screens\GameScreen3.java,com.kyrutech.chipper.screens.GameScreen3,drawFollowSuit/0,false,306,0,1,1,0,1,3,7,0,3,0,3,0,0,0,0,0,3,2,7,3,9,0,0,0,0,12,2,0,true
C:\projects\ChipperGame-master\Chipper\src\com\kyrutech\chipper\screens\GameScreen3.java,com.kyrutech.chipper.screens.GameScreen3,"resize/2[int,int]",false,544,2,0,0,0,3,0,19,0,5,2,0,0,0,0,0,0,2,0,5,11,12,1,0,0,0,14,1,0,false
C:\projects\ChipperGame-master\Chipper\src\com\kyrutech\chipper\screens\GameScreen3.java,com.kyrutech.chipper.screens.GameScreen3,drawAICards/0,false,1113,4,5,1,4,10,10,83,0,15,0,10,0,0,3,3,0,17,0,77,18,29,3,0,0,0,23,1,0,true
C:\projects\ChipperGame-master\Chipper\src\com\kyrutech\chipper\screens\GameScreen3.java,com.kyrutech.chipper.screens.GameScreen3,resume/0,false,590,0,0,0,0,1,0,2,0,0,0,0,0,0,0,0,0,0,0,0,0,0,0,0,0,0,1,1,0,false
C:\projects\ChipperGame-master\Chipper\src\com\kyrutech\chipper\screens\GameScreen3.java,com.kyrutech.chipper.screens.GameScreen3,"mouseMoved/2[int,int]",false,917,0,0,0,0,1,0,3,1,0,2,0,0,0,0,0,0,0,0,0,0,0,0,0,0,0,5,1,0,false
C:\projects\ChipperGame-master\Chipper\src\com\kyrutech\chipper\screens\GameScreen3.java,com.kyrutech.chipper.screens.GameScreen3,drawScores/0,false,1106,0,0,0,0,1,0,2,0,0,0,0,0,0,0,0,0,0,0,0,0,0,0,0,0,0,6,1,0,true
C:\projects\ChipperGame-master\Chipper\src\com\kyrutech\chipper\screens\GameScreen3.java,com.kyrutech.chipper.screens.GameScreen3,drawBidWonState/0,false,1493,3,4,1,3,10,8,51,0,4,0,8,1,1,1,1,0,6,8,18,4,18,2,0,0,0,27,2,0,true
C:\projects\ChipperGame-master\Chipper\src\com\kyrutech\chipper\screens\GameScreen3.java,com.kyrutech.chipper.screens.GameScreen3,"touchUp/4[int,int,int,int]",false,695,8,23,0,23,72,33,182,3,11,4,33,2,1,6,11,0,0,0,39,52,0,5,1,0,0,50,1,0,false
C:\projects\ChipperGame-master\Chipper\src\com\kyrutech\chipper\screens\GameScreen3.java,com.kyrutech.chipper.screens.GameScreen3,drawBidStayState/0,false,1560,3,9,1,8,27,13,102,0,27,0,13,2,1,0,24,0,46,26,114,28,124,3,0,0,0,24,2,0,true
C:\projects\ChipperGame-master\Chipper\src\com\kyrutech\chipper\screens\GameScreen3.java,com.kyrutech.chipper.screens.GameScreen3,scrolled/1[int],false,923,0,0,0,0,1,0,3,1,0,1,0,0,0,0,0,0,0,0,0,0,0,0,0,0,0,3,1,0,false
C:\projects\ChipperGame-master\Chipper\src\com\kyrutech\chipper\screens\GameScreen3.java,com.kyrutech.chipper.screens.GameScreen3,isFollowSuit/0,false,1817,0,1,1,0,1,0,3,1,0,0,0,0,0,0,0,0,0,0,0,0,0,0,0,0,0,4,1,0,false
C:\projects\ChipperGame-master\Chipper\src\com\kyrutech\chipper\screens\GameScreen3.java,com.kyrutech.chipper.screens.GameScreen3,hide/0,false,578,0,0,0,0,1,0,2,0,0,0,0,0,0,0,0,0,0,0,0,0,0,0,0,0,0,1,1,0,false
C:\projects\ChipperGame-master\Chipper\src\com\kyrutech\chipper\screens\GameScreen3.java,com.kyrutech.chipper.screens.GameScreen3,"touchDragged/3[int,int,int]",false,911,0,0,0,0,1,0,3,1,0,3,0,0,0,0,0,0,0,0,0,0,0,0,0,0,0,4,1,0,false
C:\projects\ChipperGame-master\Chipper\src\com\kyrutech\chipper\screens\GameScreen3.java,com.kyrutech.chipper.screens.GameScreen3,render/1[float],false,88,3,22,0,22,17,32,67,0,2,1,32,18,5,2,9,0,0,0,8,2,0,3,0,0,0,42,1,0,false
C:\projects\ChipperGame-master\Chipper\src\com\kyrutech\chipper\screens\GameScreen3.java,com.kyrutech.chipper.screens.GameScreen3,drawBidNumberState/0,false,1329,3,5,1,4,22,7,110,0,8,0,7,1,1,1,5,0,28,21,62,16,69,3,0,0,0,30,2,0,true
C:\projects\ChipperGame-master\Chipper\src\com\kyrutech\chipper\screens\GameScreen3.java,com.kyrutech.chipper.screens.GameScreen3,setFollowSuit/1[boolean],false,1813,0,1,1,0,1,0,3,0,0,1,0,0,0,0,0,0,0,0,0,1,0,0,0,0,0,4,1,0,false
C:\projects\ChipperGame-master\Chipper\src\com\kyrutech\chipper\screens\GameScreen3.java,com.kyrutech.chipper.screens.GameScreen3,drawBidHelp/0,false,183,0,1,1,0,1,4,25,0,5,0,4,0,0,0,0,0,1,8,1,11,11,0,0,0,0,21,2,0,true
C:\projects\ChipperGame-master\Chipper\src\com\kyrutech\chipper\screens\GameScreen3.java,com.kyrutech.chipper.screens.GameScreen3,drawUserScores/0,false,1200,2,5,1,4,2,7,14,0,6,0,7,0,0,0,1,0,13,3,14,7,19,1,0,0,0,17,1,0,true
C:\projects\ChipperGame-master\Chipper\src\com\kyrutech\chipper\screens\GameScreen3.java,com.kyrutech.chipper.screens.GameScreen3,drawAIScores/0,false,1220,2,5,1,4,4,7,35,0,6,0,7,0,0,0,3,0,39,9,40,21,57,1,0,0,0,18,1,0,true
C:\projects\ChipperGame-master\Chipper\src\com\kyrutech\chipper\screens\GameScreen3.java,com.kyrutech.chipper.screens.GameScreen3,drawHandOverResults/0,false,1706,2,2,1,1,3,5,59,0,10,0,5,1,1,0,1,0,5,8,22,30,41,1,0,0,0,24,2,0,false
C:\projects\ChipperGame-master\Chipper\src\com\kyrutech\chipper\screens\GameScreen3.java,com.kyrutech.chipper.screens.GameScreen3,drawNoBid/0,false,237,3,3,1,2,3,7,59,0,10,0,7,0,0,0,1,0,5,8,22,30,41,1,0,0,0,27,2,0,true
C:\projects\ChipperGame-master\Chipper\src\com\kyrutech\chipper\screens\GameScreen3.java,com.kyrutech.chipper.screens.GameScreen3,show/0,false,419,10,1,0,1,3,5,89,0,14,0,5,0,0,2,0,0,7,6,83,79,72,2,0,0,0,76,1,0,false
C:\projects\ChipperGame-master\Chipper\src\com\kyrutech\chipper\screens\GameScreen3.java,com.kyrutech.chipper.screens.GameScreen3,dispose/0,false,572,0,1,1,0,1,0,2,0,0,0,0,0,0,0,0,0,0,0,0,0,0,0,0,0,0,1,1,0,false
C:\projects\ChipperGame-master\Chipper\src\com\kyrutech\chipper\screens\GameScreen3.java,com.kyrutech.chipper.screens.GameScreen3,setupUserCards/0,false,1078,5,5,1,4,5,8,20,0,5,0,8,0,0,1,3,0,3,0,16,8,6,2,0,0,0,27,1,0,true
C:\projects\ChipperGame-master\Chipper\src\com\kyrutech\chipper\screens\GameScreen3.java,com.kyrutech.chipper.screens.GameScreen3,"drawBidSprite/3[int,float,float]",false,1456,0,3,3,0,8,2,32,0,0,3,2,0,0,0,0,0,0,0,0,0,0,1,0,0,0,17,2,0,true
C:\projects\ChipperGame-master\Chipper\src\com\kyrutech\chipper\screens\GameScreen3.java,com.kyrutech.chipper.screens.GameScreen3,pause/0,false,584,0,0,0,0,1,0,2,0,0,0,0,0,0,0,0,0,0,0,0,0,0,0,0,0,0,1,1,0,false
C:\projects\ChipperGame-master\Chipper\src\com\kyrutech\chipper\screens\GameScreen3.java,com.kyrutech.chipper.screens.GameScreen3,"touchDown/4[int,int,int,int]",false,616,3,6,0,6,37,8,89,2,5,4,8,0,0,1,9,0,0,0,6,25,0,3,0,0,0,33,1,0,false
C:\projects\ChipperGame-master\Chipper\src\com\kyrutech\chipper\screens\GameScreen3.java,com.kyrutech.chipper.screens.GameScreen3,keyDown/1[int],false,596,0,0,0,0,1,0,3,1,0,1,0,0,0,0,0,0,0,0,0,0,0,0,0,0,0,4,1,0,false
C:\projects\ChipperGame-master\Chipper\src\com\kyrutech\chipper\screens\GameScreen3.java,com.kyrutech.chipper.screens.GameScreen3,drawWinningBid/0,false,968,2,5,1,4,16,6,83,0,5,0,6,0,0,0,0,0,1,0,17,21,15,1,0,0,0,23,2,0,true
C:\projects\ChipperGame-master\Chipper\src\com\kyrutech\chipper\screens\GameScreen3.java,com.kyrutech.chipper.screens.GameScreen3,keyTyped/1[char],false,610,0,0,0,0,1,0,3,1,0,1,0,0,0,0,0,0,0,0,0,0,0,0,0,0,0,4,1,0,false
C:\projects\ChipperGame-master\Chipper\src\com\kyrutech\chipper\screens\GameScreen3.java,com.kyrutech.chipper.screens.GameScreen3,drawQuickPlay/0,false,222,1,3,1,2,5,5,12,0,1,0,5,0,0,0,1,0,4,2,2,1,4,2,0,0,0,10,2,0,true
C:\projects\ChipperGame-master\Chipper\src\com\kyrutech\chipper\screens\GameScreen3.java,com.kyrutech.chipper.screens.GameScreen3,keyUp/1[int],false,602,1,1,0,1,2,1,6,1,0,1,1,0,0,0,1,0,0,0,0,0,0,1,0,0,0,4,1,0,false
C:\projects\ChipperGame-master\Chipper\src\com\kyrutech\chipper\screens\GameScreen3.java,com.kyrutech.chipper.screens.GameScreen3,drawLeadArrow/0,false,1299,1,2,1,1,5,7,23,0,1,0,7,0,0,0,0,0,3,0,17,1,12,1,0,0,0,14,2,0,true
C:\projects\ChipperGame-master\Chipper\src\com\kyrutech\chipper\screens\GameOverScreen.java,com.kyrutech.chipper.screens.GameOverScreen$Anonymous1,"touchUp/5[com.kyrutech.chipper.screens.InputEvent,float,float,int,int]",false,231,2,4,0,4,1,1,3,0,0,5,1,0,0,0,0,0,0,0,0,0,0,0,0,0,0,5,1,0,false
C:\projects\ChipperGame-master\Chipper\src\com\kyrutech\chipper\screens\GameOverScreen.java,com.kyrutech.chipper.screens.GameOverScreen$Anonymous1,"touchDown/5[com.kyrutech.chipper.screens.InputEvent,float,float,int,int]",false,226,1,0,0,0,1,0,3,1,0,5,0,0,0,0,0,0,0,0,0,0,0,0,0,0,0,6,1,0,false
C:\projects\ChipperGame-master\Chipper\src\com\kyrutech\chipper\screens\GameScreen.java,com.kyrutech.chipper.screens.GameScreen,render/1[float],false,65,3,12,0,12,11,24,53,0,1,1,24,9,6,0,6,0,3,0,23,2,15,2,0,0,0,30,1,0,false
C:\projects\ChipperGame-master\Chipper\src\com\kyrutech\chipper\screens\GameScreen.java,com.kyrutech.chipper.screens.GameScreen,"drawPlayedCards/2[float,float]",false,293,4,5,1,4,10,7,50,0,13,2,7,1,1,0,9,0,0,0,43,13,7,2,0,0,0,27,2,0,true
C:\projects\ChipperGame-master\Chipper\src\com\kyrutech\chipper\screens\GameScreen.java,com.kyrutech.chipper.screens.GameScreen,"touchUp/4[int,int,int,int]",false,1171,0,0,0,0,1,0,3,1,0,4,0,0,0,0,0,0,0,0,0,0,0,0,0,0,0,4,1,0,false
C:\projects\ChipperGame-master\Chipper\src\com\kyrutech\chipper\screens\GameScreen.java,com.kyrutech.chipper.screens.GameScreen,"mouseMoved/2[int,int]",false,1189,0,0,0,0,1,0,3,1,0,2,0,0,0,0,0,0,0,0,0,0,0,0,0,0,0,5,1,0,false
C:\projects\ChipperGame-master\Chipper\src\com\kyrutech\chipper\screens\GameScreen.java,com.kyrutech.chipper.screens.GameScreen,show/0,false,924,10,1,0,1,5,8,73,0,10,0,8,0,0,4,0,0,3,6,64,58,44,2,0,0,0,60,1,0,false
C:\projects\ChipperGame-master\Chipper\src\com\kyrutech\chipper\screens\GameScreen.java,com.kyrutech.chipper.screens.GameScreen,"drawBidSprite/5[int,float,float,float,float]",false,882,0,3,3,0,8,2,32,0,0,5,2,0,0,0,0,0,0,0,0,0,0,1,0,0,0,17,2,0,true
C:\projects\ChipperGame-master\Chipper\src\com\kyrutech\chipper\screens\GameScreen.java,com.kyrutech.chipper.screens.GameScreen,"drawBidSuit/5[int,float,float,float,float]",false,846,0,1,1,0,6,2,26,0,0,5,2,0,0,0,0,0,0,0,0,0,0,1,0,0,0,13,1,0,true
C:\projects\ChipperGame-master\Chipper\src\com\kyrutech\chipper\screens\GameScreen.java,com.kyrutech.chipper.screens.GameScreen,"drawBidStayState/3[float,float,float]",false,485,3,9,1,8,25,15,92,0,27,3,15,2,1,0,24,0,46,26,114,28,124,2,0,0,0,22,2,0,true
C:\projects\ChipperGame-master\Chipper\src\com\kyrutech\chipper\screens\GameScreen.java,com.kyrutech.chipper.screens.GameScreen,"resize/2[int,int]",false,918,0,0,0,0,1,0,2,0,0,2,0,0,0,0,0,0,0,0,0,0,0,0,0,0,0,2,1,0,false
C:\projects\ChipperGame-master\Chipper\src\com\kyrutech\chipper\screens\GameScreen.java,com.kyrutech.chipper.screens.GameScreen,"drawDealerIndicator/3[float,float,float]",false,598,1,2,1,1,5,7,20,0,1,3,7,0,0,0,0,0,1,0,15,1,25,1,0,0,0,14,2,0,true
C:\projects\ChipperGame-master\Chipper\src\com\kyrutech\chipper\screens\GameScreen.java,com.kyrutech.chipper.screens.GameScreen,GameScreen/1[com.kyrutech.chipper.ChipperGame],true,60,1,0,0,0,1,0,3,0,0,1,0,0,0,0,0,0,0,0,0,1,0,0,0,0,0,4,1,0,false
C:\projects\ChipperGame-master\Chipper\src\com\kyrutech\chipper\screens\GameScreen.java,com.kyrutech.chipper.screens.GameScreen,"drawPlayerScores/3[float,float,float]",false,231,2,5,1,4,5,13,54,0,12,3,13,0,0,0,4,0,4,14,23,12,26,1,0,0,0,22,2,0,false
C:\projects\ChipperGame-master\Chipper\src\com\kyrutech\chipper\screens\GameScreen.java,com.kyrutech.chipper.screens.GameScreen,hide/0,false,1021,0,0,0,0,1,0,2,0,0,0,0,0,0,0,0,0,0,0,0,0,0,0,0,0,0,1,1,0,false
C:\projects\ChipperGame-master\Chipper\src\com\kyrutech\chipper\screens\GameScreen.java,com.kyrutech.chipper.screens.GameScreen,dispose/0,false,1039,0,0,0,0,1,0,2,0,0,0,0,0,0,0,0,0,0,0,0,0,0,0,0,0,0,1,1,0,false
C:\projects\ChipperGame-master\Chipper\src\com\kyrutech\chipper\screens\GameScreen.java,com.kyrutech.chipper.screens.GameScreen,keyDown/1[int],false,1045,0,0,0,0,1,0,3,1,0,1,0,0,0,0,0,0,0,0,0,0,0,0,0,0,0,4,1,0,false
C:\projects\ChipperGame-master\Chipper\src\com\kyrutech\chipper\screens\GameScreen.java,com.kyrutech.chipper.screens.GameScreen,scrolled/1[int],false,1183,0,0,0,0,1,0,3,1,0,1,0,0,0,0,0,0,0,0,0,0,0,0,0,0,0,3,1,0,false
C:\projects\ChipperGame-master\Chipper\src\com\kyrutech\chipper\screens\GameScreen.java,com.kyrutech.chipper.screens.GameScreen,"drawWinningBid/3[float,float,float]",false,392,2,5,1,4,16,8,83,0,5,3,8,0,0,0,0,0,1,0,17,21,15,1,0,0,0,23,2,0,true
C:\projects\ChipperGame-master\Chipper\src\com\kyrutech\chipper\screens\GameScreen.java,com.kyrutech.chipper.screens.GameScreen,pause/0,false,1027,0,0,0,0,1,0,2,0,0,0,0,0,0,0,0,0,0,0,0,0,0,0,0,0,0,1,1,0,false
C:\projects\ChipperGame-master\Chipper\src\com\kyrutech\chipper\screens\GameScreen.java,com.kyrutech.chipper.screens.GameScreen,drawHandOverResults/1[float],false,132,2,2,1,1,2,7,54,0,10,1,7,1,1,0,1,0,5,8,22,30,41,1,0,0,0,23,2,0,false
C:\projects\ChipperGame-master\Chipper\src\com\kyrutech\chipper\screens\GameScreen.java,com.kyrutech.chipper.screens.GameScreen,"drawBidWonState/3[float,float,float]",false,805,3,4,1,3,3,10,23,0,3,3,10,1,1,1,1,0,4,4,16,3,15,1,0,0,0,19,2,0,true
C:\projects\ChipperGame-master\Chipper\src\com\kyrutech\chipper\screens\GameScreen.java,com.kyrutech.chipper.screens.GameScreen,"drawCurrentPlayerArrow/2[float,float]",false,354,1,2,1,1,5,6,30,0,3,2,6,0,0,0,0,0,1,0,19,11,13,1,0,0,0,18,2,0,true
C:\projects\ChipperGame-master\Chipper\src\com\kyrutech\chipper\screens\GameScreen.java,com.kyrutech.chipper.screens.GameScreen,resume/0,false,1033,0,0,0,0,1,0,2,0,0,0,0,0,0,0,0,0,0,0,0,0,0,0,0,0,0,1,1,0,false
C:\projects\ChipperGame-master\Chipper\src\com\kyrutech\chipper\screens\GameScreen.java,com.kyrutech.chipper.screens.GameScreen,"touchDragged/3[int,int,int]",false,1177,0,0,0,0,1,0,3,1,0,3,0,0,0,0,0,0,0,0,0,0,0,0,0,0,0,4,1,0,false
C:\projects\ChipperGame-master\Chipper\src\com\kyrutech\chipper\screens\GameScreen.java,com.kyrutech.chipper.screens.GameScreen,keyTyped/1[char],false,1057,0,0,0,0,1,0,3,1,0,1,0,0,0,0,0,0,0,0,0,0,0,0,0,0,0,4,1,0,false
C:\projects\ChipperGame-master\Chipper\src\com\kyrutech\chipper\screens\GameScreen.java,com.kyrutech.chipper.screens.GameScreen,"touchDown/4[int,int,int,int]",false,1063,6,15,0,15,35,24,94,1,5,4,24,0,0,2,9,0,1,0,27,6,3,3,1,0,0,18,1,0,false
C:\projects\ChipperGame-master\Chipper\src\com\kyrutech\chipper\screens\GameScreen.java,com.kyrutech.chipper.screens.GameScreen,getResultScoreString/1[int],false,194,2,10,1,9,8,14,41,1,2,1,14,0,0,0,5,0,0,10,3,2,3,4,0,0,0,9,2,0,false
C:\projects\ChipperGame-master\Chipper\src\com\kyrutech\chipper\screens\GameScreen.java,com.kyrutech.chipper.screens.GameScreen,"drawAllPlayerCards/3[float,float,float]",false,633,5,5,1,4,9,12,67,0,20,3,12,0,0,4,1,0,14,0,54,22,36,2,0,0,0,29,2,0,true
C:\projects\ChipperGame-master\Chipper\src\com\kyrutech\chipper\screens\GameScreen.java,com.kyrutech.chipper.screens.GameScreen,keyUp/1[int],false,1051,0,0,0,0,1,0,3,1,0,1,0,0,0,0,0,0,0,0,0,0,0,0,0,0,0,4,1,0,false
C:\projects\ChipperGame-master\Chipper\src\com\kyrutech\chipper\screens\GameScreen.java,com.kyrutech.chipper.screens.GameScreen,"drawBidNumberState/3[float,float,float]",false,719,3,5,1,4,15,10,69,0,7,3,10,1,1,2,5,0,26,18,61,15,65,3,0,0,0,22,2,0,true
