file,class,type,cbo,cboModified,fanin,fanout,wmc,dit,noc,rfc,lcom,lcom*,tcc,lcc,totalMethodsQty,staticMethodsQty,publicMethodsQty,privateMethodsQty,protectedMethodsQty,defaultMethodsQty,visibleMethodsQty,abstractMethodsQty,finalMethodsQty,synchronizedMethodsQty,totalFieldsQty,staticFieldsQty,publicFieldsQty,privateFieldsQty,protectedFieldsQty,defaultFieldsQty,finalFieldsQty,synchronizedFieldsQty,nosi,loc,returnQty,loopQty,comparisonsQty,tryCatchQty,parenthesizedExpsQty,stringLiteralsQty,numbersQty,assignmentsQty,mathOperationsQty,variablesQty,maxNestedBlocksQty,anonymousClassesQty,innerClassesQty,lambdasQty,uniqueWordsQty,modifiers,logStatementsQty
C:\projects\Toss-a-coin-app-master\src\GUI\sprites\spriteSheetProperties\FrameStatePositions.java,GUI.sprites.spriteSheetProperties.FrameStatePositions,class,0,3,3,0,6,1,0,0,7,0.72222227,0.26666668,0.6666667,6,0,4,0,1,1,6,0,0,0,6,0,0,6,0,0,0,0,0,30,4,0,0,0,0,0,0,6,0,6,0,0,0,0,15,1,0
C:\projects\Toss-a-coin-app-master\src\GUI\sprites\spriteProperties\ImageSprite.java,GUI.sprites.spriteProperties.ImageSprite,class,2,4,2,2,3,6,1,2,1,0.33333334,0.0,0.0,3,0,2,1,0,0,2,0,0,0,1,0,0,1,0,0,0,0,0,13,0,0,0,0,0,0,0,1,0,1,0,0,0,0,8,1025,0
C:\projects\Toss-a-coin-app-master\src\GUI\sprites\spriteProperties\Sprite.java,GUI.sprites.spriteProperties.Sprite,class,1,4,3,1,11,5,1,1,31,0.72727275,0.21818182,0.6545454,11,2,9,0,2,0,11,0,0,0,2,0,0,0,2,0,0,0,0,41,6,0,0,0,2,0,0,8,2,4,0,0,0,0,26,1025,0
C:\projects\Toss-a-coin-app-master\src\GUI\sprites\spriteProperties\IAnimatedSpriteGraphic.java,GUI.sprites.spriteProperties.IAnimatedSpriteGraphic,interface,2,3,1,2,1,1,0,0,0,0.0,NaN,NaN,1,0,0,0,0,1,1,0,0,0,0,0,0,0,0,0,0,0,0,3,0,0,0,0,0,0,0,0,0,0,0,0,0,0,11,1,0
C:\projects\Toss-a-coin-app-master\src\GUI\panels\ResultPanel.java,GUI.panels.ResultPanel,class,0,1,1,0,1,5,0,2,0,0.0,NaN,NaN,1,0,1,0,0,0,1,0,0,0,0,0,0,0,0,0,0,0,0,6,0,0,0,0,0,0,0,0,0,0,0,0,0,0,8,1,0
C:\projects\Toss-a-coin-app-master\src\GUI\sprites\spriteProperties\KindOfStateEnum.java,GUI.sprites.spriteProperties.KindOfStateEnum,enum,0,5,5,0,0,1,0,0,0,0.0,-1.0,-1.0,0,0,0,0,0,0,0,0,0,0,0,0,0,0,0,0,0,0,0,1,0,0,0,0,0,0,0,0,0,0,0,0,0,0,15,1,0
C:\projects\Toss-a-coin-app-master\src\logic\observerPattern\IObserver.java,logic.observerPattern.IObserver,interface,1,6,5,1,1,1,0,0,0,0.0,NaN,NaN,1,0,0,0,0,1,1,0,0,0,0,0,0,0,0,0,0,0,0,3,0,0,0,0,0,0,0,0,0,0,0,0,0,0,6,1,0
C:\projects\Toss-a-coin-app-master\src\logic\observerPattern\IObservable.java,logic.observerPattern.IObservable,interface,2,5,3,2,3,1,0,0,3,0.0,0.0,0.0,3,0,0,0,0,3,3,0,0,0,0,0,0,0,0,0,0,0,0,5,0,0,0,0,0,0,0,0,0,0,0,0,0,0,11,1,0
C:\projects\Toss-a-coin-app-master\src\GUI\sprites\CoinSprite.java,GUI.sprites.CoinSprite$ScheduleTask,innerclass,2,2,0,2,2,2,0,6,0,0.0,NaN,NaN,1,0,1,0,0,0,1,0,0,0,0,0,0,0,0,0,0,0,0,14,0,0,0,0,0,0,0,1,0,0,1,0,0,0,20,2,0
C:\projects\Toss-a-coin-app-master\src\GUI\panels\TossButtonPanel.java,GUI.panels.TossButtonPanel,class,0,1,1,0,1,5,0,2,0,0.0,NaN,NaN,1,0,1,0,0,0,1,0,0,0,2,2,0,2,0,0,2,0,0,10,0,0,0,0,2,0,2,4,2,4,0,0,0,0,29,1,0
C:\projects\Toss-a-coin-app-master\src\GUI\sprites\CoinSprite.java,GUI.sprites.CoinSprite,class,10,14,4,10,22,9,0,26,57,0.8619048,0.33333334,0.47619048,15,3,6,8,1,0,7,0,0,0,14,9,0,14,0,0,9,0,12,118,4,1,4,0,10,0,17,26,18,24,1,1,1,0,94,1,0
C:\projects\Toss-a-coin-app-master\src\resources\ResourceTemplateClass.java,resources.ResourceTemplateClass,class,0,4,4,0,0,1,0,0,0,0.0,-1.0,-1.0,0,0,0,0,0,0,0,0,0,0,0,0,0,0,0,0,0,0,0,2,0,0,0,0,0,0,0,0,0,0,0,0,0,0,3,1025,0
C:\projects\Toss-a-coin-app-master\src\logic\CoinTosser.java,logic.CoinTosser,class,4,6,2,4,12,1,0,7,18,0.7222222,0.2857143,0.2857143,9,0,7,2,0,0,7,0,0,0,4,0,0,4,0,0,0,0,0,41,3,1,1,0,0,0,2,4,0,4,1,0,0,0,29,1,0
C:\projects\Toss-a-coin-app-master\src\logic\observerPattern\EventKind.java,logic.observerPattern.EventKind,enum,0,6,6,0,0,1,0,0,0,0.0,-1.0,-1.0,0,0,0,0,0,0,0,0,0,0,0,0,0,0,0,0,0,0,0,1,0,0,0,0,0,0,0,0,0,0,0,0,0,0,15,1,0
C:\projects\Toss-a-coin-app-master\src\GUI\sprites\spriteSheetProperties\ImageSheetProperty.java,GUI.sprites.spriteSheetProperties.ImageSheetProperty,class,4,9,5,4,15,1,0,3,43,0.85227275,0.083333336,0.11111111,11,3,7,2,0,2,9,0,0,0,8,2,0,8,0,0,2,0,1,108,11,0,1,0,1,0,7,10,5,14,1,0,1,0,64,1,0
C:\projects\Toss-a-coin-app-master\src\GUI\sprites\spriteProperties\IDrawingGraphic.java,GUI.sprites.spriteProperties.IDrawingGraphic,interface,0,2,2,0,2,1,0,0,1,0.0,0.0,0.0,2,0,0,0,0,2,2,0,0,0,0,0,0,0,0,0,0,0,0,4,0,0,0,0,0,0,0,0,0,0,0,0,0,0,7,1,0
C:\projects\Toss-a-coin-app-master\src\GUI\buttons\TossButton.java,GUI.buttons.TossButton,class,5,7,2,5,11,6,0,19,18,0.77777773,0.6,0.6,9,0,5,4,0,0,5,0,0,0,7,4,0,7,0,0,4,0,0,53,2,1,1,0,2,2,2,11,2,11,1,0,0,1,59,1,0
C:\projects\Toss-a-coin-app-master\src\GUI\panels\ResultBarField.java,GUI.panels.ResultBarField,class,2,4,2,2,6,5,0,17,4,0.7285715,0.33333334,0.33333334,5,0,2,2,1,0,3,0,0,0,14,9,0,14,0,0,9,0,2,49,1,0,0,0,3,3,12,17,3,15,1,0,0,0,62,1,0
C:\projects\Toss-a-coin-app-master\src\GUI\sprites\spriteProperties\AnimatedSprite.java,GUI.sprites.spriteProperties.AnimatedSprite$ScheduleTask,innerclass,1,1,0,1,3,2,0,3,0,0.0,NaN,NaN,1,0,1,0,0,0,1,0,0,0,0,0,0,0,0,0,0,0,0,6,0,0,0,0,0,0,0,0,0,0,1,0,0,0,13,2,0
C:\projects\Toss-a-coin-app-master\src\GUI\ApplicationMainFrame.java,GUI.ApplicationMainFrame$Anonymous1,anonymous,0,0,0,0,1,1,0,2,0,0.0,NaN,NaN,1,0,1,0,0,0,1,0,0,0,0,0,0,0,0,0,0,0,1,6,0,0,0,0,0,0,1,0,0,0,0,0,0,0,6,-1,0
C:\projects\Toss-a-coin-app-master\src\GUI\panels\Background.java,GUI.panels.Background,class,2,4,2,2,5,5,0,8,0,0.55,0.5,1.0,5,0,4,1,0,0,4,0,0,0,4,1,0,4,0,0,1,0,1,26,2,0,0,0,0,1,2,5,0,5,0,0,0,0,28,1,0
C:\projects\Toss-a-coin-app-master\src\GUI\sprites\spriteSheetProperties\ImageSheetProperty.java,GUI.sprites.spriteSheetProperties.ImageSheetProperty$Builder,innerclass,5,5,0,5,8,1,0,9,2,0.625,0.4,1.0,8,0,0,3,0,5,5,0,0,0,6,0,0,6,0,0,0,0,1,50,7,0,0,0,0,0,2,17,5,10,0,0,0,0,60,25,0
C:\projects\Toss-a-coin-app-master\src\GUI\sprites\CoinSprite.java,GUI.sprites.CoinSprite$Anonymous1,anonymous,2,2,0,2,6,1,0,8,0,0.0,NaN,NaN,1,0,1,0,0,0,1,0,0,0,0,0,0,0,0,0,0,0,0,12,0,0,0,0,0,0,0,2,2,2,2,0,0,0,23,-1,0
C:\projects\Toss-a-coin-app-master\src\GUI\sprites\spriteProperties\AnimatedSprite.java,GUI.sprites.spriteProperties.AnimatedSprite,class,7,11,4,7,21,8,1,21,66,0.8055556,0.15555556,0.24444444,16,0,7,6,3,0,10,1,0,0,9,1,0,8,1,0,1,0,0,97,2,0,0,0,1,0,5,31,4,19,1,0,1,0,77,1025,0
C:\projects\Toss-a-coin-app-master\src\Main.java,Main,class,1,1,0,1,1,1,0,3,0,0.0,NaN,NaN,1,1,1,0,0,0,1,0,0,0,0,0,0,0,0,0,0,0,1,10,0,0,0,0,0,0,0,1,0,1,1,0,0,1,7,1,0
C:\projects\Toss-a-coin-app-master\src\GUI\ApplicationMainFrame.java,GUI.ApplicationMainFrame,class,10,12,2,10,12,6,0,28,3,0.71999997,1.0,1.0,10,0,2,8,0,0,2,0,0,0,10,3,0,10,0,0,3,0,1,90,0,0,0,0,1,1,2,16,1,16,1,1,0,0,78,1,0
C:\projects\Toss-a-coin-app-master\src\GUI\sprites\spriteSheetProperties\SpritesProperties.java,GUI.sprites.spriteSheetProperties.SpritesProperties,class,2,3,1,2,1,1,0,6,0,0.0,NaN,NaN,1,1,1,0,0,0,1,0,0,0,0,0,0,0,0,0,0,0,1,7,1,0,0,0,0,1,9,2,0,2,0,0,0,0,9,1,0
