file,class,method,variable,usage
C:\projects\Toss-a-coin-app-master\src\GUI\sprites\spriteSheetProperties\FrameStatePositions.java,GUI.sprites.spriteSheetProperties.FrameStatePositions,getMaxX/0,maxX,1
C:\projects\Toss-a-coin-app-master\src\GUI\sprites\spriteSheetProperties\FrameStatePositions.java,GUI.sprites.spriteSheetProperties.FrameStatePositions,"setIndexes/2[int,int]",startIndex,3
C:\projects\Toss-a-coin-app-master\src\GUI\sprites\spriteSheetProperties\FrameStatePositions.java,GUI.sprites.spriteSheetProperties.FrameStatePositions,"setIndexes/2[int,int]",endIndex,3
C:\projects\Toss-a-coin-app-master\src\GUI\sprites\spriteSheetProperties\FrameStatePositions.java,GUI.sprites.spriteSheetProperties.FrameStatePositions,getMinY/0,minY,1
C:\projects\Toss-a-coin-app-master\src\GUI\sprites\spriteSheetProperties\FrameStatePositions.java,GUI.sprites.spriteSheetProperties.FrameStatePositions,"FrameStatePositions/4[int,int,int,int]",minY,3
C:\projects\Toss-a-coin-app-master\src\GUI\sprites\spriteSheetProperties\FrameStatePositions.java,GUI.sprites.spriteSheetProperties.FrameStatePositions,"FrameStatePositions/4[int,int,int,int]",minX,3
C:\projects\Toss-a-coin-app-master\src\GUI\sprites\spriteSheetProperties\FrameStatePositions.java,GUI.sprites.spriteSheetProperties.FrameStatePositions,"FrameStatePositions/4[int,int,int,int]",maxY,3
C:\projects\Toss-a-coin-app-master\src\GUI\sprites\spriteSheetProperties\FrameStatePositions.java,GUI.sprites.spriteSheetProperties.FrameStatePositions,"FrameStatePositions/4[int,int,int,int]",maxX,3
C:\projects\Toss-a-coin-app-master\src\GUI\sprites\spriteSheetProperties\FrameStatePositions.java,GUI.sprites.spriteSheetProperties.FrameStatePositions,getMaxY/0,maxY,1
C:\projects\Toss-a-coin-app-master\src\GUI\sprites\spriteSheetProperties\FrameStatePositions.java,GUI.sprites.spriteSheetProperties.FrameStatePositions,getMinX/0,minX,1
C:\projects\Toss-a-coin-app-master\src\GUI\sprites\spriteProperties\ImageSprite.java,GUI.sprites.spriteProperties.ImageSprite,"ImageSprite/5[int,int,java.awt.Image,int,int]",spriteImage,3
C:\projects\Toss-a-coin-app-master\src\GUI\sprites\spriteProperties\ImageSprite.java,GUI.sprites.spriteProperties.ImageSprite,renderSprite/1[java.awt.Graphics],spriteImage,1
C:\projects\Toss-a-coin-app-master\src\GUI\sprites\spriteProperties\Sprite.java,GUI.sprites.spriteProperties.Sprite,setPositionY/1[int],positionY,3
C:\projects\Toss-a-coin-app-master\src\GUI\sprites\spriteProperties\Sprite.java,GUI.sprites.spriteProperties.Sprite,setPositionX/1[int],positionX,3
C:\projects\Toss-a-coin-app-master\src\GUI\sprites\spriteProperties\Sprite.java,GUI.sprites.spriteProperties.Sprite,setWidth/1[int],width,3
C:\projects\Toss-a-coin-app-master\src\GUI\sprites\spriteProperties\Sprite.java,GUI.sprites.spriteProperties.Sprite,getSpriteWidth/0,width,1
C:\projects\Toss-a-coin-app-master\src\GUI\sprites\spriteProperties\Sprite.java,GUI.sprites.spriteProperties.Sprite,"Sprite/4[int,int,int,int]",positionY,3
C:\projects\Toss-a-coin-app-master\src\GUI\sprites\spriteProperties\Sprite.java,GUI.sprites.spriteProperties.Sprite,"Sprite/4[int,int,int,int]",width,3
C:\projects\Toss-a-coin-app-master\src\GUI\sprites\spriteProperties\Sprite.java,GUI.sprites.spriteProperties.Sprite,"Sprite/4[int,int,int,int]",height,3
C:\projects\Toss-a-coin-app-master\src\GUI\sprites\spriteProperties\Sprite.java,GUI.sprites.spriteProperties.Sprite,"Sprite/4[int,int,int,int]",positionX,3
C:\projects\Toss-a-coin-app-master\src\GUI\sprites\spriteProperties\Sprite.java,GUI.sprites.spriteProperties.Sprite,setHeight/1[int],height,3
C:\projects\Toss-a-coin-app-master\src\GUI\sprites\spriteProperties\Sprite.java,GUI.sprites.spriteProperties.Sprite,getPositionX/0,positionX,1
C:\projects\Toss-a-coin-app-master\src\GUI\sprites\spriteProperties\Sprite.java,GUI.sprites.spriteProperties.Sprite,getSpriteHeight/0,height,1
C:\projects\Toss-a-coin-app-master\src\GUI\sprites\spriteProperties\Sprite.java,GUI.sprites.spriteProperties.Sprite,getPositionY/0,positionY,1
C:\projects\Toss-a-coin-app-master\src\GUI\panels\TossButtonPanel.java,GUI.panels.TossButtonPanel,"TossButtonPanel/2[int,int]",VGAP_TO_HEIGHT_PROPORTION,1
C:\projects\Toss-a-coin-app-master\src\GUI\panels\TossButtonPanel.java,GUI.panels.TossButtonPanel,"TossButtonPanel/2[int,int]",HGAP_TO_WIDTH_PROPORTION,1
C:\projects\Toss-a-coin-app-master\src\GUI\sprites\CoinSprite.java,GUI.sprites.CoinSprite,shrinkSize/0,SHRINK_COIN_PROPORTION,1
C:\projects\Toss-a-coin-app-master\src\GUI\sprites\CoinSprite.java,GUI.sprites.CoinSprite,shrinkSize/0,MAX_RANDOM_OFFSET,1
C:\projects\Toss-a-coin-app-master\src\GUI\sprites\CoinSprite.java,GUI.sprites.CoinSprite,shrinkSize/0,MIN_RANDOM_OFFSET,2
C:\projects\Toss-a-coin-app-master\src\GUI\sprites\CoinSprite.java,GUI.sprites.CoinSprite,restoreCoinAnimationLength/0,DEFAULT_COIN_ANIMATION_LENGTH,1
C:\projects\Toss-a-coin-app-master\src\GUI\sprites\CoinSprite.java,GUI.sprites.CoinSprite,restoreCoinAnimationLength/0,actualCoinAnimationLength,1
C:\projects\Toss-a-coin-app-master\src\GUI\sprites\CoinSprite.java,GUI.sprites.CoinSprite,restoreCoinAnimationLength/0,SHRINK_ANIMATION_TIME_FOR_SCALING,1
C:\projects\Toss-a-coin-app-master\src\GUI\sprites\CoinSprite.java,GUI.sprites.CoinSprite,restoreCoinAnimationLength/0,windowWidth,1
C:\projects\Toss-a-coin-app-master\src\GUI\sprites\CoinSprite.java,GUI.sprites.CoinSprite,getCoinNormalSize/1[int],SIZE_TO_FRAME_PROPORTION,1
C:\projects\Toss-a-coin-app-master\src\GUI\sprites\CoinSprite.java,GUI.sprites.CoinSprite,getCoinNormalSize/1[int],windowWidth,2
C:\projects\Toss-a-coin-app-master\src\GUI\sprites\CoinSprite.java,GUI.sprites.CoinSprite,attachObserver/1[logic.observerPattern.IObserver],observers,1
C:\projects\Toss-a-coin-app-master\src\GUI\sprites\CoinSprite.java,GUI.sprites.CoinSprite,getCoinCenterPositionX/1[int],SIZE_TO_FRAME_PROPORTION,1
C:\projects\Toss-a-coin-app-master\src\GUI\sprites\CoinSprite.java,GUI.sprites.CoinSprite,getCoinCenterPositionX/1[int],windowWidth,3
C:\projects\Toss-a-coin-app-master\src\GUI\sprites\CoinSprite.java,GUI.sprites.CoinSprite,notifyObservers/1[logic.observerPattern.EventKind],observers,1
C:\projects\Toss-a-coin-app-master\src\GUI\sprites\CoinSprite.java,GUI.sprites.CoinSprite,"CoinSprite/2[int,int]",SHINING_FRAME_PERIOD_INTERVAL,1
C:\projects\Toss-a-coin-app-master\src\GUI\sprites\CoinSprite.java,GUI.sprites.CoinSprite,"CoinSprite/2[int,int]",windowHeight,4
C:\projects\Toss-a-coin-app-master\src\GUI\sprites\CoinSprite.java,GUI.sprites.CoinSprite,"CoinSprite/2[int,int]",ROTATING_ANIMATION_FRAME_PERIOD_INTERVAL,1
C:\projects\Toss-a-coin-app-master\src\GUI\sprites\CoinSprite.java,GUI.sprites.CoinSprite,"CoinSprite/2[int,int]",windowWidth,6
C:\projects\Toss-a-coin-app-master\src\GUI\sprites\CoinSprite.java,GUI.sprites.CoinSprite,"CoinSprite/2[int,int]",observers,1
C:\projects\Toss-a-coin-app-master\src\GUI\sprites\CoinSprite.java,GUI.sprites.CoinSprite,"CoinSprite/2[int,int]",SHEET_PROPERTY,1
C:\projects\Toss-a-coin-app-master\src\GUI\sprites\CoinSprite.java,GUI.sprites.CoinSprite,detachObserver/1[logic.observerPattern.IObserver],observers,1
C:\projects\Toss-a-coin-app-master\src\GUI\sprites\CoinSprite.java,GUI.sprites.CoinSprite,reduceCoinAnimationLength/0,actualCoinAnimationLength,2
C:\projects\Toss-a-coin-app-master\src\GUI\sprites\CoinSprite.java,GUI.sprites.CoinSprite,updateObserver/1[logic.observerPattern.EventKind],coinIsTossing,1
C:\projects\Toss-a-coin-app-master\src\GUI\sprites\CoinSprite.java,GUI.sprites.CoinSprite,needToStopAnimation/0,actualCoinAnimationLength,1
C:\projects\Toss-a-coin-app-master\src\GUI\sprites\CoinSprite.java,GUI.sprites.CoinSprite,getCoinCenterPositionY/1[int],SIZE_TO_FRAME_PROPORTION,1
C:\projects\Toss-a-coin-app-master\src\GUI\sprites\CoinSprite.java,GUI.sprites.CoinSprite,getCoinCenterPositionY/1[int],windowHeight,3
C:\projects\Toss-a-coin-app-master\src\GUI\sprites\CoinSprite.java,GUI.sprites.CoinSprite,setCoinStartedProperties/0,windowHeight,1
C:\projects\Toss-a-coin-app-master\src\GUI\sprites\CoinSprite.java,GUI.sprites.CoinSprite,setCoinStartedProperties/0,windowWidth,2
C:\projects\Toss-a-coin-app-master\src\GUI\sprites\CoinSprite.java,GUI.sprites.CoinSprite,changeState/1[GUI.sprites.spriteProperties.KindOfStateEnum],SHINING_FRAME_PERIOD_INTERVAL,1
C:\projects\Toss-a-coin-app-master\src\GUI\sprites\CoinSprite.java,GUI.sprites.CoinSprite,changeState/1[GUI.sprites.spriteProperties.KindOfStateEnum],ROTATING_ANIMATION_FRAME_PERIOD_INTERVAL,1
C:\projects\Toss-a-coin-app-master\src\logic\CoinTosser.java,logic.CoinTosser,detachObserver/1[logic.observerPattern.IObserver],observers,1
C:\projects\Toss-a-coin-app-master\src\logic\CoinTosser.java,logic.CoinTosser,tossACoin/0,headsCount,1
C:\projects\Toss-a-coin-app-master\src\logic\CoinTosser.java,logic.CoinTosser,tossACoin/0,tailsCount,1
C:\projects\Toss-a-coin-app-master\src\logic\CoinTosser.java,logic.CoinTosser,CoinTosser/0,randomGenerator,1
C:\projects\Toss-a-coin-app-master\src\logic\CoinTosser.java,logic.CoinTosser,CoinTosser/0,observers,1
C:\projects\Toss-a-coin-app-master\src\logic\CoinTosser.java,logic.CoinTosser,isHeadSide/0,randomGenerator,1
C:\projects\Toss-a-coin-app-master\src\logic\CoinTosser.java,logic.CoinTosser,getTailsCount/0,tailsCount,1
C:\projects\Toss-a-coin-app-master\src\logic\CoinTosser.java,logic.CoinTosser,notifyObservers/1[logic.observerPattern.EventKind],observers,1
C:\projects\Toss-a-coin-app-master\src\logic\CoinTosser.java,logic.CoinTosser,attachObserver/1[logic.observerPattern.IObserver],observers,1
C:\projects\Toss-a-coin-app-master\src\logic\CoinTosser.java,logic.CoinTosser,getHeadsCount/0,headsCount,1
C:\projects\Toss-a-coin-app-master\src\GUI\sprites\spriteSheetProperties\ImageSheetProperty.java,GUI.sprites.spriteSheetProperties.ImageSheetProperty,"getPositionOfIndex/4[int,int,double,double]",heightOfOneFrame,2
C:\projects\Toss-a-coin-app-master\src\GUI\sprites\spriteSheetProperties\ImageSheetProperty.java,GUI.sprites.spriteSheetProperties.ImageSheetProperty,"getPositionOfIndex/4[int,int,double,double]",widthOfOneFrame,2
C:\projects\Toss-a-coin-app-master\src\GUI\sprites\spriteSheetProperties\ImageSheetProperty.java,GUI.sprites.spriteSheetProperties.ImageSheetProperty,"getPositionOfIndex/4[int,int,double,double]",maxAmountOfFramesInRow,5
C:\projects\Toss-a-coin-app-master\src\GUI\sprites\spriteSheetProperties\ImageSheetProperty.java,GUI.sprites.spriteSheetProperties.ImageSheetProperty,getSheet/0,imageSheet,1
C:\projects\Toss-a-coin-app-master\src\GUI\sprites\spriteSheetProperties\ImageSheetProperty.java,GUI.sprites.spriteSheetProperties.ImageSheetProperty,getAction/1[GUI.sprites.spriteProperties.KindOfStateEnum],actionStates,1
C:\projects\Toss-a-coin-app-master\src\GUI\sprites\spriteSheetProperties\ImageSheetProperty.java,GUI.sprites.spriteSheetProperties.ImageSheetProperty,getWidthOfOneFrame/0,widthOfOneFrame,1
C:\projects\Toss-a-coin-app-master\src\GUI\sprites\spriteSheetProperties\ImageSheetProperty.java,GUI.sprites.spriteSheetProperties.ImageSheetProperty,builder/0,DEFAULT_FRAMES_IN_ROW,1
C:\projects\Toss-a-coin-app-master\src\GUI\sprites\spriteSheetProperties\ImageSheetProperty.java,GUI.sprites.spriteSheetProperties.ImageSheetProperty,getSheetWidth/0,imageSheet,1
C:\projects\Toss-a-coin-app-master\src\GUI\sprites\spriteSheetProperties\ImageSheetProperty.java,GUI.sprites.spriteSheetProperties.ImageSheetProperty,getHeightOfOneFrame/0,heightOfOneFrame,1
C:\projects\Toss-a-coin-app-master\src\GUI\sprites\spriteSheetProperties\ImageSheetProperty.java,GUI.sprites.spriteSheetProperties.ImageSheetProperty,getTimeOnFrameInAnimation/0,timeOnFrameInAnimation,1
C:\projects\Toss-a-coin-app-master\src\GUI\sprites\spriteSheetProperties\ImageSheetProperty.java,GUI.sprites.spriteSheetProperties.ImageSheetProperty,getPositionOfIndex/1[int],heightOfOneFrame,1
C:\projects\Toss-a-coin-app-master\src\GUI\sprites\spriteSheetProperties\ImageSheetProperty.java,GUI.sprites.spriteSheetProperties.ImageSheetProperty,getPositionOfIndex/1[int],widthOfOneFrame,1
C:\projects\Toss-a-coin-app-master\src\GUI\sprites\spriteSheetProperties\ImageSheetProperty.java,GUI.sprites.spriteSheetProperties.ImageSheetProperty,getPositionOfIndex/1[int],maxAmountOfFramesInRow,1
C:\projects\Toss-a-coin-app-master\src\GUI\buttons\TossButton.java,GUI.buttons.TossButton,getNewButtonPressedIcon/0,buttonHeight,1
C:\projects\Toss-a-coin-app-master\src\GUI\buttons\TossButton.java,GUI.buttons.TossButton,getNewButtonPressedIcon/0,BUTTON_PRESSED_ICON_PATH,1
C:\projects\Toss-a-coin-app-master\src\GUI\buttons\TossButton.java,GUI.buttons.TossButton,getNewButtonPressedIcon/0,buttonWidth,1
C:\projects\Toss-a-coin-app-master\src\GUI\buttons\TossButton.java,GUI.buttons.TossButton,notifyObservers/1[logic.observerPattern.EventKind],observers,1
C:\projects\Toss-a-coin-app-master\src\GUI\buttons\TossButton.java,GUI.buttons.TossButton,"TossButton/2[int,int]",observers,1
C:\projects\Toss-a-coin-app-master\src\GUI\buttons\TossButton.java,GUI.buttons.TossButton,getNewButtonNormalIcon/0,buttonHeight,1
C:\projects\Toss-a-coin-app-master\src\GUI\buttons\TossButton.java,GUI.buttons.TossButton,getNewButtonNormalIcon/0,BUTTON_ICON_PATH,1
C:\projects\Toss-a-coin-app-master\src\GUI\buttons\TossButton.java,GUI.buttons.TossButton,getNewButtonNormalIcon/0,buttonWidth,1
C:\projects\Toss-a-coin-app-master\src\GUI\buttons\TossButton.java,GUI.buttons.TossButton,attachObserver/1[logic.observerPattern.IObserver],observers,1
C:\projects\Toss-a-coin-app-master\src\GUI\buttons\TossButton.java,GUI.buttons.TossButton,"setDefaultProperty/2[int,int]",buttonHeight,1
C:\projects\Toss-a-coin-app-master\src\GUI\buttons\TossButton.java,GUI.buttons.TossButton,"setDefaultProperty/2[int,int]",BUTTON_HEIGHT_TO_SCREEN_PROPORTION,1
C:\projects\Toss-a-coin-app-master\src\GUI\buttons\TossButton.java,GUI.buttons.TossButton,"setDefaultProperty/2[int,int]",BUTTON_WIDTH_TO_SCREEN_PROPORTION,1
C:\projects\Toss-a-coin-app-master\src\GUI\buttons\TossButton.java,GUI.buttons.TossButton,"setDefaultProperty/2[int,int]",buttonWidth,1
C:\projects\Toss-a-coin-app-master\src\GUI\buttons\TossButton.java,GUI.buttons.TossButton,detachObserver/1[logic.observerPattern.IObserver],observers,1
C:\projects\Toss-a-coin-app-master\src\GUI\panels\ResultBarField.java,GUI.panels.ResultBarField,setLabelImage/1[boolean],labelImage,2
C:\projects\Toss-a-coin-app-master\src\GUI\panels\ResultBarField.java,GUI.panels.ResultBarField,setLabelImage/1[boolean],TAILS_LABEL_IMAGE_PATH,1
C:\projects\Toss-a-coin-app-master\src\GUI\panels\ResultBarField.java,GUI.panels.ResultBarField,setLabelImage/1[boolean],HEADS_LABEL_IMAGE_PATH,1
C:\projects\Toss-a-coin-app-master\src\GUI\panels\ResultBarField.java,GUI.panels.ResultBarField,"ResultBarField/4[boolean,int,int,int]",LABEL_HEIGHT_TO_SCREEN_PROPORTION,1
C:\projects\Toss-a-coin-app-master\src\GUI\panels\ResultBarField.java,GUI.panels.ResultBarField,"ResultBarField/4[boolean,int,int,int]",LABEL_VGAP_TO_SCREEN_PROPORTION,1
C:\projects\Toss-a-coin-app-master\src\GUI\panels\ResultBarField.java,GUI.panels.ResultBarField,"ResultBarField/4[boolean,int,int,int]",FONT_NAME,1
C:\projects\Toss-a-coin-app-master\src\GUI\panels\ResultBarField.java,GUI.panels.ResultBarField,"ResultBarField/4[boolean,int,int,int]",labelWidth,2
C:\projects\Toss-a-coin-app-master\src\GUI\panels\ResultBarField.java,GUI.panels.ResultBarField,"ResultBarField/4[boolean,int,int,int]",LABEL_WIDTH_TO_SCREEN_PROPORTION,1
C:\projects\Toss-a-coin-app-master\src\GUI\panels\ResultBarField.java,GUI.panels.ResultBarField,"ResultBarField/4[boolean,int,int,int]",labelHeight,3
C:\projects\Toss-a-coin-app-master\src\GUI\panels\ResultBarField.java,GUI.panels.ResultBarField,"ResultBarField/4[boolean,int,int,int]",FONT_STYLE,1
C:\projects\Toss-a-coin-app-master\src\GUI\panels\ResultBarField.java,GUI.panels.ResultBarField,getNewCounterField/1[java.awt.Font],actualCount,1
C:\projects\Toss-a-coin-app-master\src\GUI\panels\ResultBarField.java,GUI.panels.ResultBarField,getNewCounterField/1[java.awt.Font],counterTextField,9
C:\projects\Toss-a-coin-app-master\src\GUI\panels\ResultBarField.java,GUI.panels.ResultBarField,getNewCounterField/1[java.awt.Font],DIGIT_NUMBERS,1
C:\projects\Toss-a-coin-app-master\src\GUI\panels\ResultBarField.java,GUI.panels.ResultBarField,paintComponent/1[java.awt.Graphics],labelImage,1
C:\projects\Toss-a-coin-app-master\src\GUI\panels\ResultBarField.java,GUI.panels.ResultBarField,paintComponent/1[java.awt.Graphics],labelWidth,1
C:\projects\Toss-a-coin-app-master\src\GUI\panels\ResultBarField.java,GUI.panels.ResultBarField,paintComponent/1[java.awt.Graphics],labelHeight,1
C:\projects\Toss-a-coin-app-master\src\GUI\panels\ResultBarField.java,GUI.panels.ResultBarField,setActualCount/1[int],actualCount,4
C:\projects\Toss-a-coin-app-master\src\GUI\panels\ResultBarField.java,GUI.panels.ResultBarField,setActualCount/1[int],counterTextField,1
C:\projects\Toss-a-coin-app-master\src\GUI\panels\Background.java,GUI.panels.Background,Background/0,IMAGE_PATH,1
C:\projects\Toss-a-coin-app-master\src\GUI\panels\Background.java,GUI.panels.Background,Background/0,backgroundImage,1
C:\projects\Toss-a-coin-app-master\src\GUI\panels\Background.java,GUI.panels.Background,paintComponent/1[java.awt.Graphics],screenWidth,1
C:\projects\Toss-a-coin-app-master\src\GUI\panels\Background.java,GUI.panels.Background,paintComponent/1[java.awt.Graphics],backgroundImage,1
C:\projects\Toss-a-coin-app-master\src\GUI\panels\Background.java,GUI.panels.Background,paintComponent/1[java.awt.Graphics],screenHeight,1
C:\projects\Toss-a-coin-app-master\src\GUI\panels\Background.java,GUI.panels.Background,setScreenSize/0,screenWidth,1
C:\projects\Toss-a-coin-app-master\src\GUI\panels\Background.java,GUI.panels.Background,setScreenSize/0,screenHeight,1
C:\projects\Toss-a-coin-app-master\src\GUI\panels\Background.java,GUI.panels.Background,getScreenWidth/0,screenWidth,1
C:\projects\Toss-a-coin-app-master\src\GUI\panels\Background.java,GUI.panels.Background,getScreenHeight/0,screenHeight,1
C:\projects\Toss-a-coin-app-master\src\GUI\sprites\spriteSheetProperties\ImageSheetProperty.java,GUI.sprites.spriteSheetProperties.ImageSheetProperty$Builder,"withSizeOfOneFrame/2[int,int]",heightOfOneFrame,3
C:\projects\Toss-a-coin-app-master\src\GUI\sprites\spriteSheetProperties\ImageSheetProperty.java,GUI.sprites.spriteSheetProperties.ImageSheetProperty$Builder,"withSizeOfOneFrame/2[int,int]",widthOfOneFrame,3
C:\projects\Toss-a-coin-app-master\src\GUI\sprites\spriteSheetProperties\ImageSheetProperty.java,GUI.sprites.spriteSheetProperties.ImageSheetProperty$Builder,"getFrameState/2[int,int]",widthOfOneFrame,1
C:\projects\Toss-a-coin-app-master\src\GUI\sprites\spriteSheetProperties\ImageSheetProperty.java,GUI.sprites.spriteSheetProperties.ImageSheetProperty$Builder,withImagePath/1[java.lang.String],imageSheet,1
C:\projects\Toss-a-coin-app-master\src\GUI\sprites\spriteSheetProperties\ImageSheetProperty.java,GUI.sprites.spriteSheetProperties.ImageSheetProperty$Builder,getPositionOfIndex/1[int],heightOfOneFrame,1
C:\projects\Toss-a-coin-app-master\src\GUI\sprites\spriteSheetProperties\ImageSheetProperty.java,GUI.sprites.spriteSheetProperties.ImageSheetProperty$Builder,getPositionOfIndex/1[int],widthOfOneFrame,1
C:\projects\Toss-a-coin-app-master\src\GUI\sprites\spriteSheetProperties\ImageSheetProperty.java,GUI.sprites.spriteSheetProperties.ImageSheetProperty$Builder,getPositionOfIndex/1[int],maxAmountOfFramesInRow,1
C:\projects\Toss-a-coin-app-master\src\GUI\sprites\spriteSheetProperties\ImageSheetProperty.java,GUI.sprites.spriteSheetProperties.ImageSheetProperty$Builder,build/0,timeOnFrameInAnimation,1
C:\projects\Toss-a-coin-app-master\src\GUI\sprites\spriteSheetProperties\ImageSheetProperty.java,GUI.sprites.spriteSheetProperties.ImageSheetProperty$Builder,build/0,actionStates,1
C:\projects\Toss-a-coin-app-master\src\GUI\sprites\spriteSheetProperties\ImageSheetProperty.java,GUI.sprites.spriteSheetProperties.ImageSheetProperty$Builder,build/0,heightOfOneFrame,1
C:\projects\Toss-a-coin-app-master\src\GUI\sprites\spriteSheetProperties\ImageSheetProperty.java,GUI.sprites.spriteSheetProperties.ImageSheetProperty$Builder,build/0,imageSheet,1
C:\projects\Toss-a-coin-app-master\src\GUI\sprites\spriteSheetProperties\ImageSheetProperty.java,GUI.sprites.spriteSheetProperties.ImageSheetProperty$Builder,build/0,widthOfOneFrame,1
C:\projects\Toss-a-coin-app-master\src\GUI\sprites\spriteSheetProperties\ImageSheetProperty.java,GUI.sprites.spriteSheetProperties.ImageSheetProperty$Builder,build/0,maxAmountOfFramesInRow,1
C:\projects\Toss-a-coin-app-master\src\GUI\sprites\spriteSheetProperties\ImageSheetProperty.java,GUI.sprites.spriteSheetProperties.ImageSheetProperty$Builder,Builder/1[int],timeOnFrameInAnimation,1
C:\projects\Toss-a-coin-app-master\src\GUI\sprites\spriteSheetProperties\ImageSheetProperty.java,GUI.sprites.spriteSheetProperties.ImageSheetProperty$Builder,Builder/1[int],actionStates,1
C:\projects\Toss-a-coin-app-master\src\GUI\sprites\spriteSheetProperties\ImageSheetProperty.java,GUI.sprites.spriteSheetProperties.ImageSheetProperty$Builder,Builder/1[int],maxAmountOfFramesInRow,1
C:\projects\Toss-a-coin-app-master\src\GUI\sprites\spriteSheetProperties\ImageSheetProperty.java,GUI.sprites.spriteSheetProperties.ImageSheetProperty$Builder,withDefaultDurationPerOneFrame/1[double],timeOnFrameInAnimation,1
C:\projects\Toss-a-coin-app-master\src\GUI\sprites\spriteSheetProperties\ImageSheetProperty.java,GUI.sprites.spriteSheetProperties.ImageSheetProperty$Builder,"withAddActionState/3[GUI.sprites.spriteProperties.KindOfStateEnum,int,int]",actionStates,1
C:\projects\Toss-a-coin-app-master\src\GUI\sprites\spriteProperties\AnimatedSprite.java,GUI.sprites.spriteProperties.AnimatedSprite,updateSpriteSheetFrame/0,spriteSheetProperty,1
C:\projects\Toss-a-coin-app-master\src\GUI\sprites\spriteProperties\AnimatedSprite.java,GUI.sprites.spriteProperties.AnimatedSprite,updateSpriteSheetFrame/0,actualAnimationStateFrames,4
C:\projects\Toss-a-coin-app-master\src\GUI\sprites\spriteProperties\AnimatedSprite.java,GUI.sprites.spriteProperties.AnimatedSprite,setAnimationPeriodInterval/1[long],timer,3
C:\projects\Toss-a-coin-app-master\src\GUI\sprites\spriteProperties\AnimatedSprite.java,GUI.sprites.spriteProperties.AnimatedSprite,setAnimationPeriodInterval/1[long],ANIMATION_FRAME_TIMER_DELAY,1
C:\projects\Toss-a-coin-app-master\src\GUI\sprites\spriteProperties\AnimatedSprite.java,GUI.sprites.spriteProperties.AnimatedSprite,stopAnimation/0,animationIsRunning,1
C:\projects\Toss-a-coin-app-master\src\GUI\sprites\spriteProperties\AnimatedSprite.java,GUI.sprites.spriteProperties.AnimatedSprite,restoreActualFreezeOnFrame/0,actualFreezeOnFrame,1
C:\projects\Toss-a-coin-app-master\src\GUI\sprites\spriteProperties\AnimatedSprite.java,GUI.sprites.spriteProperties.AnimatedSprite,restoreActualFreezeOnFrame/0,spriteSheetProperty,1
C:\projects\Toss-a-coin-app-master\src\GUI\sprites\spriteProperties\AnimatedSprite.java,GUI.sprites.spriteProperties.AnimatedSprite,"setPositionOfNextFrame/5[int,int,int,int,int]",actualFramePositionX,5
C:\projects\Toss-a-coin-app-master\src\GUI\sprites\spriteProperties\AnimatedSprite.java,GUI.sprites.spriteProperties.AnimatedSprite,"setPositionOfNextFrame/5[int,int,int,int,int]",actualFramePositionY,3
C:\projects\Toss-a-coin-app-master\src\GUI\sprites\spriteProperties\AnimatedSprite.java,GUI.sprites.spriteProperties.AnimatedSprite,"setPositionOfNextFrame/5[int,int,int,int,int]",spriteSheetProperty,2
C:\projects\Toss-a-coin-app-master\src\GUI\sprites\spriteProperties\AnimatedSprite.java,GUI.sprites.spriteProperties.AnimatedSprite,changeState/1[GUI.sprites.spriteProperties.KindOfStateEnum],spriteSheetProperty,1
C:\projects\Toss-a-coin-app-master\src\GUI\sprites\spriteProperties\AnimatedSprite.java,GUI.sprites.spriteProperties.AnimatedSprite,changeState/1[GUI.sprites.spriteProperties.KindOfStateEnum],actualAnimationStateEnum,1
C:\projects\Toss-a-coin-app-master\src\GUI\sprites\spriteProperties\AnimatedSprite.java,GUI.sprites.spriteProperties.AnimatedSprite,changeState/1[GUI.sprites.spriteProperties.KindOfStateEnum],actualAnimationStateFrames,1
C:\projects\Toss-a-coin-app-master\src\GUI\sprites\spriteProperties\AnimatedSprite.java,GUI.sprites.spriteProperties.AnimatedSprite,setActualFramesPositionToMinFromState/0,actualFramePositionX,1
C:\projects\Toss-a-coin-app-master\src\GUI\sprites\spriteProperties\AnimatedSprite.java,GUI.sprites.spriteProperties.AnimatedSprite,setActualFramesPositionToMinFromState/0,actualFramePositionY,1
C:\projects\Toss-a-coin-app-master\src\GUI\sprites\spriteProperties\AnimatedSprite.java,GUI.sprites.spriteProperties.AnimatedSprite,setActualFramesPositionToMinFromState/0,actualAnimationStateFrames,2
C:\projects\Toss-a-coin-app-master\src\GUI\sprites\spriteProperties\AnimatedSprite.java,GUI.sprites.spriteProperties.AnimatedSprite,getActualAnimationStateEnum/0,actualAnimationStateEnum,1
C:\projects\Toss-a-coin-app-master\src\GUI\sprites\spriteProperties\AnimatedSprite.java,GUI.sprites.spriteProperties.AnimatedSprite,"AnimatedSprite/7[int,int,int,int,GUI.sprites.spriteSheetProperties.ImageSheetProperty,GUI.sprites.spriteProperties.KindOfStateEnum,long]",timer,2
C:\projects\Toss-a-coin-app-master\src\GUI\sprites\spriteProperties\AnimatedSprite.java,GUI.sprites.spriteProperties.AnimatedSprite,"AnimatedSprite/7[int,int,int,int,GUI.sprites.spriteSheetProperties.ImageSheetProperty,GUI.sprites.spriteProperties.KindOfStateEnum,long]",spriteSheetProperty,1
C:\projects\Toss-a-coin-app-master\src\GUI\sprites\spriteProperties\AnimatedSprite.java,GUI.sprites.spriteProperties.AnimatedSprite,"AnimatedSprite/7[int,int,int,int,GUI.sprites.spriteSheetProperties.ImageSheetProperty,GUI.sprites.spriteProperties.KindOfStateEnum,long]",actualAnimationStateEnum,2
C:\projects\Toss-a-coin-app-master\src\GUI\sprites\spriteProperties\AnimatedSprite.java,GUI.sprites.spriteProperties.AnimatedSprite,"AnimatedSprite/7[int,int,int,int,GUI.sprites.spriteSheetProperties.ImageSheetProperty,GUI.sprites.spriteProperties.KindOfStateEnum,long]",ANIMATION_FRAME_TIMER_DELAY,1
C:\projects\Toss-a-coin-app-master\src\GUI\sprites\spriteProperties\AnimatedSprite.java,GUI.sprites.spriteProperties.AnimatedSprite,"AnimatedSprite/7[int,int,int,int,GUI.sprites.spriteSheetProperties.ImageSheetProperty,GUI.sprites.spriteProperties.KindOfStateEnum,long]",actualAnimationStateFrames,1
C:\projects\Toss-a-coin-app-master\src\GUI\sprites\spriteProperties\AnimatedSprite.java,GUI.sprites.spriteProperties.AnimatedSprite,needToChangeFrame/0,actualFreezeOnFrame,1
C:\projects\Toss-a-coin-app-master\src\GUI\sprites\spriteProperties\AnimatedSprite.java,GUI.sprites.spriteProperties.AnimatedSprite,render/1[java.awt.Graphics],actualFramePositionX,2
C:\projects\Toss-a-coin-app-master\src\GUI\sprites\spriteProperties\AnimatedSprite.java,GUI.sprites.spriteProperties.AnimatedSprite,render/1[java.awt.Graphics],actualFramePositionY,2
C:\projects\Toss-a-coin-app-master\src\GUI\sprites\spriteProperties\AnimatedSprite.java,GUI.sprites.spriteProperties.AnimatedSprite,render/1[java.awt.Graphics],spriteSheetProperty,3
C:\projects\Toss-a-coin-app-master\src\GUI\sprites\spriteProperties\AnimatedSprite.java,GUI.sprites.spriteProperties.AnimatedSprite,runAnimation/0,animationIsRunning,1
C:\projects\Toss-a-coin-app-master\src\GUI\sprites\spriteProperties\AnimatedSprite.java,GUI.sprites.spriteProperties.AnimatedSprite,updateActualFreezeOnFrame/0,actualFreezeOnFrame,1
C:\projects\Toss-a-coin-app-master\src\GUI\ApplicationMainFrame.java,GUI.ApplicationMainFrame,ApplicationMainFrame/0,coinTosser,1
C:\projects\Toss-a-coin-app-master\src\GUI\ApplicationMainFrame.java,GUI.ApplicationMainFrame,ApplicationMainFrame/0,APPLICATION_NAME,1
C:\projects\Toss-a-coin-app-master\src\GUI\ApplicationMainFrame.java,GUI.ApplicationMainFrame,addResultPanel/0,background,1
C:\projects\Toss-a-coin-app-master\src\GUI\ApplicationMainFrame.java,GUI.ApplicationMainFrame,addResultPanel/0,headsField,1
C:\projects\Toss-a-coin-app-master\src\GUI\ApplicationMainFrame.java,GUI.ApplicationMainFrame,addResultPanel/0,tailsField,1
C:\projects\Toss-a-coin-app-master\src\GUI\ApplicationMainFrame.java,GUI.ApplicationMainFrame,addComponentsToPanels/0,background,1
C:\projects\Toss-a-coin-app-master\src\GUI\ApplicationMainFrame.java,GUI.ApplicationMainFrame,addTossButtonPanel/0,screenWidth,2
C:\projects\Toss-a-coin-app-master\src\GUI\ApplicationMainFrame.java,GUI.ApplicationMainFrame,addTossButtonPanel/0,background,1
C:\projects\Toss-a-coin-app-master\src\GUI\ApplicationMainFrame.java,GUI.ApplicationMainFrame,addTossButtonPanel/0,screenHeight,2
C:\projects\Toss-a-coin-app-master\src\GUI\ApplicationMainFrame.java,GUI.ApplicationMainFrame,addTossButtonPanel/0,coinSprite,2
C:\projects\Toss-a-coin-app-master\src\GUI\ApplicationMainFrame.java,GUI.ApplicationMainFrame,addEndProgramShortcutListener/0,EXIT_SHORTCUT,3
C:\projects\Toss-a-coin-app-master\src\GUI\ApplicationMainFrame.java,GUI.ApplicationMainFrame,setDefaultFrameProperty/0,screenWidth,1
C:\projects\Toss-a-coin-app-master\src\GUI\ApplicationMainFrame.java,GUI.ApplicationMainFrame,setDefaultFrameProperty/0,background,3
C:\projects\Toss-a-coin-app-master\src\GUI\ApplicationMainFrame.java,GUI.ApplicationMainFrame,setDefaultFrameProperty/0,screenHeight,1
C:\projects\Toss-a-coin-app-master\src\GUI\ApplicationMainFrame.java,GUI.ApplicationMainFrame,initializeComponents/0,FONT_SIZE_TO_SCREEN_HEIGHT_PROPORTION,1
C:\projects\Toss-a-coin-app-master\src\GUI\ApplicationMainFrame.java,GUI.ApplicationMainFrame,initializeComponents/0,screenWidth,3
C:\projects\Toss-a-coin-app-master\src\GUI\ApplicationMainFrame.java,GUI.ApplicationMainFrame,initializeComponents/0,screenHeight,4
C:\projects\Toss-a-coin-app-master\src\GUI\ApplicationMainFrame.java,GUI.ApplicationMainFrame,initializeComponents/0,headsField,1
C:\projects\Toss-a-coin-app-master\src\GUI\ApplicationMainFrame.java,GUI.ApplicationMainFrame,initializeComponents/0,coinSprite,1
C:\projects\Toss-a-coin-app-master\src\GUI\ApplicationMainFrame.java,GUI.ApplicationMainFrame,initializeComponents/0,coinTosser,1
C:\projects\Toss-a-coin-app-master\src\GUI\ApplicationMainFrame.java,GUI.ApplicationMainFrame,initializeComponents/0,tailsField,1
C:\projects\Toss-a-coin-app-master\src\GUI\ApplicationMainFrame.java,GUI.ApplicationMainFrame,addCoinSprite/0,background,1
C:\projects\Toss-a-coin-app-master\src\GUI\ApplicationMainFrame.java,GUI.ApplicationMainFrame,addCoinSprite/0,coinSprite,2
C:\projects\Toss-a-coin-app-master\src\GUI\ApplicationMainFrame.java,GUI.ApplicationMainFrame,addCoinSprite/0,coinTosser,1
C:\projects\Toss-a-coin-app-master\src\GUI\ApplicationMainFrame.java,GUI.ApplicationMainFrame,updateObserver/1[logic.observerPattern.EventKind],headsField,1
C:\projects\Toss-a-coin-app-master\src\GUI\ApplicationMainFrame.java,GUI.ApplicationMainFrame,updateObserver/1[logic.observerPattern.EventKind],coinSprite,2
C:\projects\Toss-a-coin-app-master\src\GUI\ApplicationMainFrame.java,GUI.ApplicationMainFrame,updateObserver/1[logic.observerPattern.EventKind],coinTosser,2
C:\projects\Toss-a-coin-app-master\src\GUI\ApplicationMainFrame.java,GUI.ApplicationMainFrame,updateObserver/1[logic.observerPattern.EventKind],tailsField,1
