file,class,method,constructor,line,cbo,cboModified,fanin,fanout,wmc,rfc,loc,returnsQty,variablesQty,parametersQty,methodsInvokedQty,methodsInvokedLocalQty,methodsInvokedIndirectLocalQty,loopQty,comparisonsQty,tryCatchQty,parenthesizedExpsQty,stringLiteralsQty,numbersQty,assignmentsQty,mathOperationsQty,maxNestedBlocksQty,anonymousClassesQty,innerClassesQty,lambdasQty,uniqueWordsQty,modifiers,logStatementsQty,hasJavaDoc
C:\projects\Toss-a-coin-app-master\src\GUI\sprites\spriteSheetProperties\FrameStatePositions.java,GUI.sprites.spriteSheetProperties.FrameStatePositions,getMaxX/0,false,22,0,1,1,0,1,0,3,1,0,0,0,0,0,0,0,0,0,0,0,0,0,0,0,0,0,4,1,0,false
C:\projects\Toss-a-coin-app-master\src\GUI\sprites\spriteSheetProperties\FrameStatePositions.java,GUI.sprites.spriteSheetProperties.FrameStatePositions,"setIndexes/2[int,int]",false,34,0,1,1,0,1,0,4,0,0,2,0,0,0,0,0,0,0,0,0,2,0,0,0,0,0,5,4,0,false
C:\projects\Toss-a-coin-app-master\src\GUI\sprites\spriteSheetProperties\FrameStatePositions.java,GUI.sprites.spriteSheetProperties.FrameStatePositions,getMinY/0,false,26,0,2,2,0,1,0,3,1,0,0,0,0,0,0,0,0,0,0,0,0,0,0,0,0,0,4,1,0,false
C:\projects\Toss-a-coin-app-master\src\GUI\sprites\spriteSheetProperties\FrameStatePositions.java,GUI.sprites.spriteSheetProperties.FrameStatePositions,"FrameStatePositions/4[int,int,int,int]",true,11,0,1,1,0,1,0,6,0,0,4,0,0,0,0,0,0,0,0,0,4,0,0,0,0,0,7,0,0,false
C:\projects\Toss-a-coin-app-master\src\GUI\sprites\spriteSheetProperties\FrameStatePositions.java,GUI.sprites.spriteSheetProperties.FrameStatePositions,getMaxY/0,false,30,0,1,1,0,1,0,3,1,0,0,0,0,0,0,0,0,0,0,0,0,0,0,0,0,0,4,1,0,false
C:\projects\Toss-a-coin-app-master\src\GUI\sprites\spriteSheetProperties\FrameStatePositions.java,GUI.sprites.spriteSheetProperties.FrameStatePositions,getMinX/0,false,18,0,2,2,0,1,0,3,1,0,0,0,0,0,0,0,0,0,0,0,0,0,0,0,0,0,4,1,0,false
C:\projects\Toss-a-coin-app-master\src\GUI\sprites\spriteProperties\ImageSprite.java,GUI.sprites.spriteProperties.ImageSprite,render/1[java.awt.Graphics],false,14,1,1,0,1,1,1,3,0,0,1,1,1,1,0,0,0,0,0,0,0,0,0,0,0,0,4,1,0,false
C:\projects\Toss-a-coin-app-master\src\GUI\sprites\spriteProperties\ImageSprite.java,GUI.sprites.spriteProperties.ImageSprite,"ImageSprite/5[int,int,java.awt.Image,int,int]",true,8,0,0,0,0,1,0,4,0,0,5,0,0,0,0,0,0,0,0,0,1,0,0,0,0,0,5,1,0,false
C:\projects\Toss-a-coin-app-master\src\GUI\sprites\spriteProperties\ImageSprite.java,GUI.sprites.spriteProperties.ImageSprite,renderSprite/1[java.awt.Graphics],false,18,0,1,1,0,1,1,3,0,0,1,1,0,0,0,0,0,0,0,0,0,0,0,0,0,0,4,2,0,false
C:\projects\Toss-a-coin-app-master\src\GUI\sprites\spriteProperties\Sprite.java,GUI.sprites.spriteProperties.Sprite,setPositionY/1[int],false,38,0,2,2,0,1,0,3,0,0,1,0,0,0,0,0,0,0,0,0,1,0,0,0,0,0,4,1,0,false
C:\projects\Toss-a-coin-app-master\src\GUI\sprites\spriteProperties\Sprite.java,GUI.sprites.spriteProperties.Sprite,setPositionX/1[int],false,34,0,2,2,0,1,0,3,0,0,1,0,0,0,0,0,0,0,0,0,1,0,0,0,0,0,4,1,0,false
C:\projects\Toss-a-coin-app-master\src\GUI\sprites\spriteProperties\Sprite.java,GUI.sprites.spriteProperties.Sprite,"getHeightAfterScaling/2[double,int]",false,54,0,1,1,0,1,0,3,1,0,2,0,0,0,0,0,0,1,0,0,0,1,0,0,0,0,9,12,0,false
C:\projects\Toss-a-coin-app-master\src\GUI\sprites\spriteProperties\Sprite.java,GUI.sprites.spriteProperties.Sprite,setWidth/1[int],false,22,0,2,2,0,1,0,3,0,0,1,0,0,0,0,0,0,0,0,0,1,0,0,0,0,0,3,1,0,false
C:\projects\Toss-a-coin-app-master\src\GUI\sprites\spriteProperties\Sprite.java,GUI.sprites.spriteProperties.Sprite,getSpriteWidth/0,false,26,0,2,2,0,1,0,3,1,0,0,0,0,0,0,0,0,0,0,0,0,0,0,0,0,0,4,1,0,false
C:\projects\Toss-a-coin-app-master\src\GUI\sprites\spriteProperties\Sprite.java,GUI.sprites.spriteProperties.Sprite,"Sprite/4[int,int,int,int]",true,10,0,0,0,0,1,1,7,0,0,4,1,0,0,0,0,0,0,0,0,4,0,0,0,0,0,9,1,0,false
C:\projects\Toss-a-coin-app-master\src\GUI\sprites\spriteProperties\Sprite.java,GUI.sprites.spriteProperties.Sprite,"getCoinSizeAfterScaling/2[double,int]",false,50,0,2,2,0,1,0,3,1,0,2,0,0,0,0,0,0,1,0,0,0,1,0,0,0,0,11,12,0,false
C:\projects\Toss-a-coin-app-master\src\GUI\sprites\spriteProperties\Sprite.java,GUI.sprites.spriteProperties.Sprite,setHeight/1[int],false,18,0,2,2,0,1,0,3,0,0,1,0,0,0,0,0,0,0,0,0,1,0,0,0,0,0,3,1,0,false
C:\projects\Toss-a-coin-app-master\src\GUI\sprites\spriteProperties\Sprite.java,GUI.sprites.spriteProperties.Sprite,getPositionX/0,false,42,0,2,2,0,1,0,3,1,0,0,0,0,0,0,0,0,0,0,0,0,0,0,0,0,0,4,1,0,false
C:\projects\Toss-a-coin-app-master\src\GUI\sprites\spriteProperties\Sprite.java,GUI.sprites.spriteProperties.Sprite,getSpriteHeight/0,false,30,0,1,1,0,1,0,3,1,0,0,0,0,0,0,0,0,0,0,0,0,0,0,0,0,0,4,1,0,false
C:\projects\Toss-a-coin-app-master\src\GUI\sprites\spriteProperties\Sprite.java,GUI.sprites.spriteProperties.Sprite,getPositionY/0,false,46,0,2,2,0,1,0,3,1,0,0,0,0,0,0,0,0,0,0,0,0,0,0,0,0,0,4,1,0,false
C:\projects\Toss-a-coin-app-master\src\GUI\sprites\spriteProperties\IAnimatedSpriteGraphic.java,GUI.sprites.spriteProperties.IAnimatedSpriteGraphic,changeState/1[GUI.sprites.spriteProperties.KindOfStateEnum],false,4,1,0,0,0,1,0,1,0,0,1,0,0,0,0,0,0,0,0,0,0,0,0,0,0,0,6,0,0,false
C:\projects\Toss-a-coin-app-master\src\GUI\panels\ResultPanel.java,GUI.panels.ResultPanel,ResultPanel/0,true,7,0,1,1,0,1,2,4,0,0,0,2,0,0,0,0,0,0,0,0,0,0,0,0,0,0,7,1,0,false
C:\projects\Toss-a-coin-app-master\src\logic\observerPattern\IObserver.java,logic.observerPattern.IObserver,updateObserver/1[logic.observerPattern.EventKind],false,4,1,3,3,0,1,0,1,0,0,1,0,0,0,0,0,0,0,0,0,0,0,0,0,0,0,5,0,0,false
C:\projects\Toss-a-coin-app-master\src\logic\observerPattern\IObservable.java,logic.observerPattern.IObservable,attachObserver/1[logic.observerPattern.IObserver],false,4,1,0,0,0,1,0,1,0,0,1,0,0,0,0,0,0,0,0,0,0,0,0,0,0,0,4,0,0,false
C:\projects\Toss-a-coin-app-master\src\logic\observerPattern\IObservable.java,logic.observerPattern.IObservable,detachObserver/1[logic.observerPattern.IObserver],false,5,1,0,0,0,1,0,1,0,0,1,0,0,0,0,0,0,0,0,0,0,0,0,0,0,0,4,0,0,false
C:\projects\Toss-a-coin-app-master\src\logic\observerPattern\IObservable.java,logic.observerPattern.IObservable,notifyObservers/1[logic.observerPattern.EventKind],false,6,1,0,0,0,1,0,1,0,0,1,0,0,0,0,0,0,0,0,0,0,0,0,0,0,0,5,0,0,false
C:\projects\Toss-a-coin-app-master\src\GUI\sprites\CoinSprite.java,GUI.sprites.CoinSprite$ScheduleTask,run/0,false,46,2,6,0,6,2,6,12,0,0,0,6,0,0,0,0,0,0,0,0,1,0,1,0,0,0,17,1,0,false
C:\projects\Toss-a-coin-app-master\src\GUI\panels\TossButtonPanel.java,GUI.panels.TossButtonPanel,"TossButtonPanel/2[int,int]",true,10,0,1,1,0,1,2,6,0,2,2,2,0,0,0,0,0,2,0,0,2,2,0,0,0,0,28,1,0,false
C:\projects\Toss-a-coin-app-master\src\GUI\sprites\CoinSprite.java,GUI.sprites.CoinSprite,shrinkSize/0,false,98,2,9,1,8,2,9,14,0,6,0,9,0,0,0,1,0,5,0,2,6,11,1,0,0,0,37,2,0,false
C:\projects\Toss-a-coin-app-master\src\GUI\sprites\CoinSprite.java,GUI.sprites.CoinSprite,restoreCoinAnimationLength/0,false,133,0,2,2,0,1,0,3,0,0,0,0,0,0,0,0,0,1,0,0,1,1,0,0,0,0,25,2,0,false
C:\projects\Toss-a-coin-app-master\src\GUI\sprites\CoinSprite.java,GUI.sprites.CoinSprite,getCoinNormalSize/1[int],false,59,1,3,2,1,1,1,3,1,0,1,1,0,0,0,0,0,0,0,0,0,0,0,0,0,0,8,10,0,false
C:\projects\Toss-a-coin-app-master\src\GUI\sprites\CoinSprite.java,GUI.sprites.CoinSprite,attachObserver/1[logic.observerPattern.IObserver],false,138,1,2,2,0,1,1,3,0,0,1,1,0,0,0,0,0,0,0,0,0,0,0,0,0,0,4,1,0,false
C:\projects\Toss-a-coin-app-master\src\GUI\sprites\CoinSprite.java,GUI.sprites.CoinSprite,getCoinCenterPositionX/1[int],false,63,1,3,2,1,1,1,3,1,0,1,1,0,0,0,0,0,1,0,2,0,3,0,0,0,0,10,10,0,false
C:\projects\Toss-a-coin-app-master\src\GUI\sprites\CoinSprite.java,GUI.sprites.CoinSprite,notifyObservers/1[logic.observerPattern.EventKind],false,148,2,3,2,1,2,1,3,0,0,1,1,0,0,1,0,0,0,0,0,0,0,1,0,0,0,9,1,0,false
C:\projects\Toss-a-coin-app-master\src\GUI\sprites\CoinSprite.java,GUI.sprites.CoinSprite,"CoinSprite/2[int,int]",true,32,4,7,1,6,1,6,10,0,1,2,6,4,1,0,0,0,0,0,0,4,0,0,0,0,0,18,1,0,false
C:\projects\Toss-a-coin-app-master\src\GUI\sprites\CoinSprite.java,GUI.sprites.CoinSprite,detachObserver/1[logic.observerPattern.IObserver],false,143,1,0,0,0,1,1,3,0,0,1,1,0,0,0,0,0,0,0,0,0,0,0,0,0,0,4,1,0,false
C:\projects\Toss-a-coin-app-master\src\GUI\sprites\CoinSprite.java,GUI.sprites.CoinSprite,reduceCoinAnimationLength/0,false,113,0,1,1,0,2,0,3,0,0,0,0,0,0,0,0,0,0,0,1,0,0,1,0,0,0,5,2,0,false
C:\projects\Toss-a-coin-app-master\src\GUI\sprites\CoinSprite.java,GUI.sprites.CoinSprite,updateObserver/1[logic.observerPattern.EventKind],false,124,3,3,0,3,2,3,8,0,0,1,3,2,1,0,1,0,0,0,0,1,0,1,0,0,0,16,1,0,false
C:\projects\Toss-a-coin-app-master\src\GUI\sprites\CoinSprite.java,GUI.sprites.CoinSprite,needToStopAnimation/0,false,119,1,2,1,1,3,1,3,1,0,0,1,0,0,0,1,0,1,0,1,0,0,0,0,0,0,11,4,0,false
C:\projects\Toss-a-coin-app-master\src\GUI\sprites\CoinSprite.java,GUI.sprites.CoinSprite,getCoinCenterPositionY/1[int],false,67,1,3,2,1,1,1,3,1,0,1,1,0,0,0,0,0,2,0,2,0,3,0,0,0,0,9,10,0,false
C:\projects\Toss-a-coin-app-master\src\GUI\sprites\CoinSprite.java,GUI.sprites.CoinSprite,setCoinStartedProperties/0,false,88,2,8,1,7,1,7,9,0,3,0,7,3,1,0,0,0,0,0,0,3,0,0,0,0,0,17,2,0,false
C:\projects\Toss-a-coin-app-master\src\GUI\sprites\CoinSprite.java,GUI.sprites.CoinSprite,changeState/1[GUI.sprites.spriteProperties.KindOfStateEnum],false,154,2,3,2,1,2,2,5,0,0,1,2,0,0,0,1,0,0,0,0,0,0,1,0,0,0,27,1,0,false
C:\projects\Toss-a-coin-app-master\src\GUI\sprites\CoinSprite.java,GUI.sprites.CoinSprite,addMouseListener/0,false,71,0,2,1,1,1,1,15,0,0,0,1,0,0,0,0,0,0,0,0,0,0,0,1,0,0,26,2,0,false
C:\projects\Toss-a-coin-app-master\src\logic\CoinTosser.java,logic.CoinTosser,detachObserver/1[logic.observerPattern.IObserver],false,48,1,0,0,0,1,1,3,0,0,1,1,0,0,0,0,0,0,0,0,0,0,0,0,0,0,4,1,0,false
C:\projects\Toss-a-coin-app-master\src\logic\CoinTosser.java,logic.CoinTosser,tossACoin/0,false,28,1,3,1,2,2,2,10,0,0,0,2,2,1,0,0,0,0,0,0,0,0,1,0,0,0,11,2,0,false
C:\projects\Toss-a-coin-app-master\src\logic\CoinTosser.java,logic.CoinTosser,updateObserver/1[logic.observerPattern.EventKind],false,23,2,1,0,1,2,1,3,0,0,1,1,1,2,0,1,0,0,0,0,0,0,1,0,0,0,8,1,0,false
C:\projects\Toss-a-coin-app-master\src\logic\CoinTosser.java,logic.CoinTosser,CoinTosser/0,true,17,1,1,1,0,1,0,4,0,0,0,0,0,0,0,0,0,0,0,0,2,0,0,0,0,0,6,1,0,false
C:\projects\Toss-a-coin-app-master\src\logic\CoinTosser.java,logic.CoinTosser,isHeadSide/0,false,38,0,1,1,0,1,1,3,1,0,0,1,0,0,0,0,0,0,0,0,0,0,0,0,0,0,3,2,0,false
C:\projects\Toss-a-coin-app-master\src\logic\CoinTosser.java,logic.CoinTosser,getTailsCount/0,false,58,0,1,1,0,1,0,3,1,0,0,0,0,0,0,0,0,0,0,0,0,0,0,0,0,0,4,1,0,false
C:\projects\Toss-a-coin-app-master\src\logic\CoinTosser.java,logic.CoinTosser,notifyObservers/1[logic.observerPattern.EventKind],false,53,2,2,1,1,2,1,3,0,0,1,1,0,0,1,0,0,0,0,0,0,0,1,0,0,0,9,1,0,false
C:\projects\Toss-a-coin-app-master\src\logic\CoinTosser.java,logic.CoinTosser,attachObserver/1[logic.observerPattern.IObserver],false,43,1,1,1,0,1,1,3,0,0,1,1,0,0,0,0,0,0,0,0,0,0,0,0,0,0,4,1,0,false
C:\projects\Toss-a-coin-app-master\src\logic\CoinTosser.java,logic.CoinTosser,getHeadsCount/0,false,62,0,1,1,0,1,0,3,1,0,0,0,0,0,0,0,0,0,0,0,0,0,0,0,0,0,4,1,0,false
C:\projects\Toss-a-coin-app-master\src\GUI\sprites\spriteSheetProperties\ImageSheetProperty.java,GUI.sprites.spriteSheetProperties.ImageSheetProperty,"getPositionOfIndex/4[int,int,double,double]",false,99,0,2,2,0,5,0,19,2,6,4,0,0,0,0,1,0,1,0,5,8,5,1,0,0,0,28,10,0,false
C:\projects\Toss-a-coin-app-master\src\GUI\sprites\spriteSheetProperties\ImageSheetProperty.java,GUI.sprites.spriteSheetProperties.ImageSheetProperty,getSheet/0,false,124,0,2,2,0,1,0,3,1,0,0,0,0,0,0,0,0,0,0,0,0,0,0,0,0,0,4,1,0,false
C:\projects\Toss-a-coin-app-master\src\GUI\sprites\spriteSheetProperties\ImageSheetProperty.java,GUI.sprites.spriteSheetProperties.ImageSheetProperty,getAction/1[GUI.sprites.spriteProperties.KindOfStateEnum],false,132,2,2,2,0,1,1,3,1,0,1,1,0,0,0,0,0,0,0,0,0,0,0,0,0,0,9,1,0,false
C:\projects\Toss-a-coin-app-master\src\GUI\sprites\spriteSheetProperties\ImageSheetProperty.java,GUI.sprites.spriteSheetProperties.ImageSheetProperty,ImageSheetProperty/0,true,83,0,1,1,0,1,0,2,0,0,0,0,0,0,0,0,0,0,0,0,0,0,0,0,0,0,3,2,0,false
C:\projects\Toss-a-coin-app-master\src\GUI\sprites\spriteSheetProperties\ImageSheetProperty.java,GUI.sprites.spriteSheetProperties.ImageSheetProperty,getWidthOfOneFrame/0,false,136,0,2,2,0,1,0,3,1,0,0,0,0,0,0,0,0,0,0,0,0,0,0,0,0,0,6,1,0,false
C:\projects\Toss-a-coin-app-master\src\GUI\sprites\spriteSheetProperties\ImageSheetProperty.java,GUI.sprites.spriteSheetProperties.ImageSheetProperty,builder/0,false,91,1,2,1,1,1,0,3,1,0,0,0,0,0,0,0,0,0,0,0,0,0,0,0,0,0,17,8,0,false
C:\projects\Toss-a-coin-app-master\src\GUI\sprites\spriteSheetProperties\ImageSheetProperty.java,GUI.sprites.spriteSheetProperties.ImageSheetProperty,getSheetWidth/0,false,144,0,1,1,0,1,1,3,1,0,0,1,0,0,0,0,0,0,0,0,0,0,0,0,0,0,4,1,0,false
C:\projects\Toss-a-coin-app-master\src\GUI\sprites\spriteSheetProperties\ImageSheetProperty.java,GUI.sprites.spriteSheetProperties.ImageSheetProperty,getHeightOfOneFrame/0,false,140,0,2,2,0,1,0,3,1,0,0,0,0,0,0,0,0,0,0,0,0,0,0,0,0,0,6,1,0,false
C:\projects\Toss-a-coin-app-master\src\GUI\sprites\spriteSheetProperties\ImageSheetProperty.java,GUI.sprites.spriteSheetProperties.ImageSheetProperty,getTimeOnFrameInAnimation/0,false,128,0,1,1,0,1,0,3,1,0,0,0,0,0,0,0,0,0,0,0,0,0,0,0,0,0,7,1,0,false
C:\projects\Toss-a-coin-app-master\src\GUI\sprites\spriteSheetProperties\ImageSheetProperty.java,GUI.sprites.spriteSheetProperties.ImageSheetProperty,builder/1[int],false,87,1,1,0,1,1,0,3,1,0,1,0,0,0,0,0,0,0,0,0,0,0,0,0,0,0,7,8,0,false
C:\projects\Toss-a-coin-app-master\src\GUI\sprites\spriteSheetProperties\ImageSheetProperty.java,GUI.sprites.spriteSheetProperties.ImageSheetProperty,getPositionOfIndex/1[int],false,95,1,1,0,1,1,1,3,1,0,1,1,1,1,0,0,0,0,0,0,0,0,0,0,0,0,7,1,0,false
C:\projects\Toss-a-coin-app-master\src\GUI\sprites\spriteProperties\IDrawingGraphic.java,GUI.sprites.spriteProperties.IDrawingGraphic,render/1[java.awt.Graphics],false,6,0,0,0,0,1,0,1,0,0,1,0,0,0,0,0,0,0,0,0,0,0,0,0,0,0,3,0,0,false
C:\projects\Toss-a-coin-app-master\src\GUI\sprites\spriteProperties\IDrawingGraphic.java,GUI.sprites.spriteProperties.IDrawingGraphic,update/0,false,8,0,0,0,0,1,0,1,0,0,0,0,0,0,0,0,0,0,0,0,0,0,0,0,0,0,1,0,0,false
C:\projects\Toss-a-coin-app-master\src\GUI\buttons\TossButton.java,GUI.buttons.TossButton,getNewButtonPressedIcon/0,false,47,1,1,1,0,1,3,5,1,2,0,3,0,0,0,0,0,0,0,0,2,0,0,0,0,0,23,2,0,false
C:\projects\Toss-a-coin-app-master\src\GUI\buttons\TossButton.java,GUI.buttons.TossButton,addActionListener/0,false,53,1,2,1,1,1,3,7,0,0,0,3,1,1,0,0,0,0,0,0,0,0,1,0,0,1,10,2,0,false
C:\projects\Toss-a-coin-app-master\src\GUI\buttons\TossButton.java,GUI.buttons.TossButton,notifyObservers/1[logic.observerPattern.EventKind],false,71,2,2,1,1,2,1,3,0,0,1,1,0,0,1,0,0,0,0,0,0,0,1,0,0,0,9,1,0,false
C:\projects\Toss-a-coin-app-master\src\GUI\buttons\TossButton.java,GUI.buttons.TossButton,updateObserver/1[logic.observerPattern.EventKind],false,77,1,0,0,0,2,1,3,0,0,1,1,0,0,0,1,0,0,0,0,0,0,1,0,0,0,8,1,0,false
C:\projects\Toss-a-coin-app-master\src\GUI\buttons\TossButton.java,GUI.buttons.TossButton,"TossButton/2[int,int]",true,24,2,5,1,4,1,6,7,0,0,2,6,4,2,0,0,0,0,0,0,1,0,0,0,0,0,16,1,0,false
C:\projects\Toss-a-coin-app-master\src\GUI\buttons\TossButton.java,GUI.buttons.TossButton,getNewButtonNormalIcon/0,false,41,1,1,1,0,1,3,5,1,2,0,3,0,0,0,0,0,0,0,0,2,0,0,0,0,0,19,2,0,false
C:\projects\Toss-a-coin-app-master\src\GUI\buttons\TossButton.java,GUI.buttons.TossButton,attachObserver/1[logic.observerPattern.IObserver],false,61,1,1,1,0,1,1,3,0,0,1,1,0,0,0,0,0,0,0,0,0,0,0,0,0,0,4,1,0,false
C:\projects\Toss-a-coin-app-master\src\GUI\buttons\TossButton.java,GUI.buttons.TossButton,"setDefaultProperty/2[int,int]",false,32,0,1,1,0,1,4,8,0,0,2,4,0,0,0,0,0,2,0,0,2,2,0,0,0,0,31,2,0,false
C:\projects\Toss-a-coin-app-master\src\GUI\buttons\TossButton.java,GUI.buttons.TossButton,detachObserver/1[logic.observerPattern.IObserver],false,66,1,0,0,0,1,1,3,0,0,1,1,0,0,0,0,0,0,0,0,0,0,0,0,0,0,4,1,0,false
C:\projects\Toss-a-coin-app-master\src\GUI\panels\ResultBarField.java,GUI.panels.ResultBarField,setLabelImage/1[boolean],false,37,1,1,1,0,2,2,4,0,0,1,2,0,0,0,0,0,0,0,0,2,0,1,0,0,0,20,2,0,false
C:\projects\Toss-a-coin-app-master\src\GUI\panels\ResultBarField.java,GUI.panels.ResultBarField,"ResultBarField/4[boolean,int,int,int]",true,26,1,3,1,2,1,6,10,0,1,4,6,2,1,0,0,0,3,0,1,3,3,0,0,0,0,44,1,0,false
C:\projects\Toss-a-coin-app-master\src\GUI\panels\ResultBarField.java,GUI.panels.ResultBarField,getNewCounterField/1[java.awt.Font],false,50,0,1,1,0,1,8,11,1,0,1,8,0,0,0,0,0,0,0,4,1,0,0,0,0,0,26,2,0,false
C:\projects\Toss-a-coin-app-master\src\GUI\panels\ResultBarField.java,GUI.panels.ResultBarField,paintComponent/1[java.awt.Graphics],false,45,0,0,0,0,1,2,4,0,0,1,2,0,0,0,0,0,0,0,2,0,0,0,0,0,0,4,4,0,false
C:\projects\Toss-a-coin-app-master\src\GUI\panels\ResultBarField.java,GUI.panels.ResultBarField,setActualCount/1[int],false,62,0,1,1,0,1,2,4,0,0,1,2,0,0,0,0,0,0,0,0,1,0,0,0,0,0,4,1,0,false
C:\projects\Toss-a-coin-app-master\src\GUI\sprites\spriteProperties\AnimatedSprite.java,GUI.sprites.spriteProperties.AnimatedSprite$ScheduleTask,run/0,false,35,1,3,0,3,3,3,4,0,0,0,3,0,0,0,0,0,0,0,0,0,0,1,0,0,0,10,1,0,false
C:\projects\Toss-a-coin-app-master\src\GUI\ApplicationMainFrame.java,GUI.ApplicationMainFrame$Anonymous1,actionPerformed/1[java.awt.event.ActionEvent],false,93,0,0,0,0,1,2,4,0,0,1,2,0,0,0,0,0,0,0,1,0,0,0,0,0,0,6,1,0,false
C:\projects\Toss-a-coin-app-master\src\GUI\panels\Background.java,GUI.panels.Background,Background/0,true,15,2,2,1,1,1,4,5,0,0,0,4,1,1,0,0,0,0,0,0,1,0,0,0,0,0,17,1,0,false
C:\projects\Toss-a-coin-app-master\src\GUI\panels\Background.java,GUI.panels.Background,paintComponent/1[java.awt.Graphics],false,28,0,0,0,0,1,2,4,0,0,1,2,0,0,0,0,0,0,0,2,0,0,0,0,0,0,4,1,0,false
C:\projects\Toss-a-coin-app-master\src\GUI\panels\Background.java,GUI.panels.Background,setScreenSize/0,false,21,0,1,1,0,1,2,5,0,1,0,2,0,0,0,0,0,0,0,0,3,0,0,0,0,0,7,2,0,false
C:\projects\Toss-a-coin-app-master\src\GUI\panels\Background.java,GUI.panels.Background,getScreenWidth/0,false,37,0,1,1,0,1,0,3,1,0,0,0,0,0,0,0,0,0,0,0,0,0,0,0,0,0,4,1,0,false
C:\projects\Toss-a-coin-app-master\src\GUI\panels\Background.java,GUI.panels.Background,getScreenHeight/0,false,33,0,1,1,0,1,0,3,1,0,0,0,0,0,0,0,0,0,0,0,0,0,0,0,0,0,4,1,0,false
C:\projects\Toss-a-coin-app-master\src\GUI\sprites\spriteSheetProperties\ImageSheetProperty.java,GUI.sprites.spriteSheetProperties.ImageSheetProperty$Builder,"withSizeOfOneFrame/2[int,int]",false,33,1,1,1,0,1,0,5,1,0,2,0,0,0,0,0,0,0,0,0,2,0,0,0,0,0,8,0,0,false
C:\projects\Toss-a-coin-app-master\src\GUI\sprites\spriteSheetProperties\ImageSheetProperty.java,GUI.sprites.spriteSheetProperties.ImageSheetProperty$Builder,"getFrameState/2[int,int]",false,49,2,4,1,3,1,4,7,1,3,2,4,1,1,0,0,0,0,0,2,3,5,0,0,0,0,17,2,0,false
C:\projects\Toss-a-coin-app-master\src\GUI\sprites\spriteSheetProperties\ImageSheetProperty.java,GUI.sprites.spriteSheetProperties.ImageSheetProperty$Builder,withImagePath/1[java.lang.String],false,28,2,1,1,0,1,2,4,1,0,1,2,0,0,0,0,0,0,0,0,1,0,0,0,0,0,5,0,0,false
C:\projects\Toss-a-coin-app-master\src\GUI\sprites\spriteSheetProperties\ImageSheetProperty.java,GUI.sprites.spriteSheetProperties.ImageSheetProperty$Builder,getPositionOfIndex/1[int],false,57,1,2,1,1,1,1,3,1,0,1,1,0,0,0,0,0,0,0,0,0,0,0,0,0,0,7,2,0,false
C:\projects\Toss-a-coin-app-master\src\GUI\sprites\spriteSheetProperties\ImageSheetProperty.java,GUI.sprites.spriteSheetProperties.ImageSheetProperty$Builder,build/0,false,61,1,2,1,1,1,0,10,1,1,0,0,0,0,0,0,0,0,0,0,7,0,0,0,0,0,5,0,0,false
C:\projects\Toss-a-coin-app-master\src\GUI\sprites\spriteSheetProperties\ImageSheetProperty.java,GUI.sprites.spriteSheetProperties.ImageSheetProperty$Builder,Builder/1[int],true,22,2,2,2,0,1,0,5,0,0,1,0,0,0,0,0,0,0,0,0,3,0,0,0,0,0,28,2,0,false
C:\projects\Toss-a-coin-app-master\src\GUI\sprites\spriteSheetProperties\ImageSheetProperty.java,GUI.sprites.spriteSheetProperties.ImageSheetProperty$Builder,withDefaultDurationPerOneFrame/1[double],false,39,1,1,1,0,1,0,4,1,0,1,0,0,0,0,0,0,0,0,0,1,0,0,0,0,0,8,0,0,false
C:\projects\Toss-a-coin-app-master\src\GUI\sprites\spriteSheetProperties\ImageSheetProperty.java,GUI.sprites.spriteSheetProperties.ImageSheetProperty$Builder,"withAddActionState/3[GUI.sprites.spriteProperties.KindOfStateEnum,int,int]",false,44,2,2,1,1,1,2,4,1,0,3,2,1,2,0,0,0,0,0,0,0,0,0,0,0,0,10,0,0,false
C:\projects\Toss-a-coin-app-master\src\GUI\sprites\CoinSprite.java,GUI.sprites.CoinSprite$Anonymous1,mouseClicked/1[java.awt.event.MouseEvent],false,74,2,6,0,6,6,8,10,0,2,1,8,0,0,0,0,0,0,0,0,2,2,2,0,0,0,23,1,0,false
C:\projects\Toss-a-coin-app-master\src\GUI\sprites\spriteProperties\AnimatedSprite.java,GUI.sprites.spriteProperties.AnimatedSprite,updateSpriteSheetFrame/0,false,48,3,10,1,9,2,9,11,0,4,0,9,4,1,0,0,0,0,0,0,4,0,1,0,0,0,19,2,0,false
C:\projects\Toss-a-coin-app-master\src\GUI\sprites\spriteProperties\AnimatedSprite.java,GUI.sprites.spriteProperties.AnimatedSprite,setAnimationPeriodInterval/1[long],false,131,1,2,1,1,1,2,5,0,0,1,2,0,0,0,0,0,0,0,0,1,0,0,0,0,0,9,4,0,false
C:\projects\Toss-a-coin-app-master\src\GUI\sprites\spriteProperties\AnimatedSprite.java,GUI.sprites.spriteProperties.AnimatedSprite,paintComponent/1[java.awt.Graphics],false,112,1,1,0,1,1,2,4,0,0,1,2,1,1,0,0,0,0,0,0,0,0,0,0,0,0,5,4,0,false
C:\projects\Toss-a-coin-app-master\src\GUI\sprites\spriteProperties\AnimatedSprite.java,GUI.sprites.spriteProperties.AnimatedSprite,stopAnimation/0,false,121,0,1,1,0,1,0,3,0,0,0,0,0,0,0,0,0,0,0,0,1,0,0,0,0,0,6,1,0,false
C:\projects\Toss-a-coin-app-master\src\GUI\sprites\spriteProperties\AnimatedSprite.java,GUI.sprites.spriteProperties.AnimatedSprite,restoreActualFreezeOnFrame/0,false,82,1,2,1,1,1,1,3,0,0,0,1,0,0,0,0,0,0,0,0,1,0,0,0,0,0,6,2,0,false
C:\projects\Toss-a-coin-app-master\src\GUI\sprites\spriteProperties\AnimatedSprite.java,GUI.sprites.spriteProperties.AnimatedSprite,"setPositionOfNextFrame/5[int,int,int,int,int]",false,68,1,3,1,2,4,2,11,0,0,5,2,0,0,0,0,0,0,0,1,5,0,1,0,0,0,12,2,0,false
C:\projects\Toss-a-coin-app-master\src\GUI\sprites\spriteProperties\AnimatedSprite.java,GUI.sprites.spriteProperties.AnimatedSprite,changeState/1[GUI.sprites.spriteProperties.KindOfStateEnum],false,105,3,2,0,2,1,2,5,0,0,1,2,1,1,0,0,0,0,0,0,2,0,0,0,0,0,15,1,0,false
C:\projects\Toss-a-coin-app-master\src\GUI\sprites\spriteProperties\AnimatedSprite.java,GUI.sprites.spriteProperties.AnimatedSprite,update/0,false,100,1,2,1,1,1,1,3,0,0,0,1,1,2,0,0,0,0,0,0,0,0,0,0,0,0,4,1,0,false
C:\projects\Toss-a-coin-app-master\src\GUI\sprites\spriteProperties\AnimatedSprite.java,GUI.sprites.spriteProperties.AnimatedSprite,setActualFramesPositionToMinFromState/0,false,43,1,4,2,2,1,2,4,0,0,0,2,0,0,0,0,0,0,0,0,2,0,0,0,0,0,12,2,0,false
C:\projects\Toss-a-coin-app-master\src\GUI\sprites\spriteProperties\AnimatedSprite.java,GUI.sprites.spriteProperties.AnimatedSprite,getActualAnimationStateEnum/0,false,127,1,2,2,0,1,0,3,1,0,0,0,0,0,0,0,0,0,0,0,0,0,0,0,0,0,8,1,0,false
C:\projects\Toss-a-coin-app-master\src\GUI\sprites\spriteProperties\AnimatedSprite.java,GUI.sprites.spriteProperties.AnimatedSprite,"AnimatedSprite/7[int,int,int,int,GUI.sprites.spriteSheetProperties.ImageSheetProperty,GUI.sprites.spriteProperties.KindOfStateEnum,long]",true,22,4,4,0,4,1,4,9,0,0,7,4,1,1,0,0,0,0,0,0,4,0,0,0,0,0,23,1,0,false
C:\projects\Toss-a-coin-app-master\src\GUI\sprites\spriteProperties\AnimatedSprite.java,GUI.sprites.spriteProperties.AnimatedSprite,needToChangeFrame/0,false,64,0,1,1,0,2,0,3,1,0,0,0,0,0,0,0,0,1,0,1,0,0,0,0,0,0,7,2,0,false
C:\projects\Toss-a-coin-app-master\src\GUI\sprites\spriteProperties\AnimatedSprite.java,GUI.sprites.spriteProperties.AnimatedSprite,render/1[java.awt.Graphics],false,87,1,4,1,3,1,4,9,0,6,1,4,0,0,0,0,0,0,0,0,6,4,0,0,0,0,16,1,0,false
C:\projects\Toss-a-coin-app-master\src\GUI\sprites\spriteProperties\AnimatedSprite.java,GUI.sprites.spriteProperties.AnimatedSprite,runAnimation/0,false,117,0,3,3,0,1,0,3,0,0,0,0,0,0,0,0,0,0,0,0,1,0,0,0,0,0,6,1,0,false
C:\projects\Toss-a-coin-app-master\src\GUI\sprites\spriteProperties\AnimatedSprite.java,GUI.sprites.spriteProperties.AnimatedSprite,updateActualFreezeOnFrame/0,false,60,0,1,1,0,1,0,3,0,0,0,0,0,0,0,0,0,0,0,1,1,0,0,0,0,0,6,2,0,false
C:\projects\Toss-a-coin-app-master\src\GUI\sprites\spriteProperties\AnimatedSprite.java,GUI.sprites.spriteProperties.AnimatedSprite,needToStopAnimation/0,false,125,0,1,1,0,1,0,1,0,0,0,0,0,0,0,0,0,0,0,0,0,0,0,0,0,0,4,1028,0,false
C:\projects\Toss-a-coin-app-master\src\Main.java,Main,main/1[java.lang.String[]],false,7,1,1,0,1,1,3,8,0,1,1,3,0,0,0,0,0,0,0,0,1,0,1,0,0,1,7,9,0,false
C:\projects\Toss-a-coin-app-master\src\GUI\ApplicationMainFrame.java,GUI.ApplicationMainFrame,ApplicationMainFrame/0,true,32,2,6,1,5,1,5,8,0,0,0,5,4,3,0,0,0,0,0,0,0,0,0,0,0,0,26,1,0,false
C:\projects\Toss-a-coin-app-master\src\GUI\ApplicationMainFrame.java,GUI.ApplicationMainFrame,addResultPanel/0,false,78,1,2,1,1,1,2,6,0,1,0,2,0,0,0,0,0,0,0,0,1,0,0,0,0,0,7,2,0,false
C:\projects\Toss-a-coin-app-master\src\GUI\ApplicationMainFrame.java,GUI.ApplicationMainFrame,addComponentsToPanels/0,false,62,1,4,1,3,1,4,6,0,0,0,4,3,1,0,0,0,0,0,0,0,0,0,0,0,0,11,2,0,false
C:\projects\Toss-a-coin-app-master\src\GUI\ApplicationMainFrame.java,GUI.ApplicationMainFrame,addTossButtonPanel/0,false,69,3,5,1,4,1,4,8,0,2,0,4,0,0,0,0,0,0,0,0,2,0,0,0,0,0,7,2,0,false
C:\projects\Toss-a-coin-app-master\src\GUI\ApplicationMainFrame.java,GUI.ApplicationMainFrame,addEndProgramShortcutListener/0,false,90,0,2,1,1,1,6,12,0,2,0,6,0,0,0,0,0,0,0,1,2,0,0,1,0,0,19,2,0,false
C:\projects\Toss-a-coin-app-master\src\GUI\ApplicationMainFrame.java,GUI.ApplicationMainFrame,setDefaultFrameProperty/0,false,41,2,5,1,4,1,4,7,0,0,0,4,1,1,0,0,0,0,0,0,3,0,0,0,0,0,13,2,0,false
C:\projects\Toss-a-coin-app-master\src\GUI\ApplicationMainFrame.java,GUI.ApplicationMainFrame,initializeComponents/0,false,54,3,4,1,3,1,0,7,0,1,0,0,0,0,0,0,0,1,0,0,5,1,0,0,0,0,29,2,0,false
C:\projects\Toss-a-coin-app-master\src\GUI\ApplicationMainFrame.java,GUI.ApplicationMainFrame,setFullScreen/0,false,49,0,1,1,0,1,2,4,0,0,0,2,0,0,0,0,0,0,0,0,0,0,0,0,0,0,7,2,0,false
C:\projects\Toss-a-coin-app-master\src\GUI\ApplicationMainFrame.java,GUI.ApplicationMainFrame,addCoinSprite/0,false,85,1,2,1,1,1,2,4,0,0,0,2,0,0,0,0,0,0,0,0,0,0,0,0,0,0,5,2,0,false
C:\projects\Toss-a-coin-app-master\src\GUI\ApplicationMainFrame.java,GUI.ApplicationMainFrame,updateObserver/1[logic.observerPattern.EventKind],false,104,4,4,0,4,3,4,16,0,0,1,4,0,0,0,0,0,0,0,0,0,0,1,0,0,0,5,1,0,false
C:\projects\Toss-a-coin-app-master\src\GUI\sprites\spriteSheetProperties\SpritesProperties.java,GUI.sprites.spriteSheetProperties.SpritesProperties,coinSheetProperty/0,false,6,2,6,0,6,1,6,5,1,2,0,6,0,0,0,0,0,0,1,9,2,0,0,0,0,0,7,9,0,false
