file,class,method,variable,usage
C:\projects\Toss-a-coin-app-master\src\GUI\sprites\spriteSheetProperties\FrameStatePositions.java,GUI.sprites.spriteSheetProperties.FrameStatePositions,"setIndexes/2[int,int]",startIndex,2
C:\projects\Toss-a-coin-app-master\src\GUI\sprites\spriteSheetProperties\FrameStatePositions.java,GUI.sprites.spriteSheetProperties.FrameStatePositions,"setIndexes/2[int,int]",endIndex,2
C:\projects\Toss-a-coin-app-master\src\GUI\sprites\spriteSheetProperties\FrameStatePositions.java,GUI.sprites.spriteSheetProperties.FrameStatePositions,"FrameStatePositions/4[int,int,int,int]",minY,2
C:\projects\Toss-a-coin-app-master\src\GUI\sprites\spriteSheetProperties\FrameStatePositions.java,GUI.sprites.spriteSheetProperties.FrameStatePositions,"FrameStatePositions/4[int,int,int,int]",minX,2
C:\projects\Toss-a-coin-app-master\src\GUI\sprites\spriteSheetProperties\FrameStatePositions.java,GUI.sprites.spriteSheetProperties.FrameStatePositions,"FrameStatePositions/4[int,int,int,int]",maxY,2
C:\projects\Toss-a-coin-app-master\src\GUI\sprites\spriteSheetProperties\FrameStatePositions.java,GUI.sprites.spriteSheetProperties.FrameStatePositions,"FrameStatePositions/4[int,int,int,int]",maxX,2
C:\projects\Toss-a-coin-app-master\src\GUI\sprites\spriteProperties\ImageSprite.java,GUI.sprites.spriteProperties.ImageSprite,render/1[java.awt.Graphics],g,1
C:\projects\Toss-a-coin-app-master\src\GUI\sprites\spriteProperties\ImageSprite.java,GUI.sprites.spriteProperties.ImageSprite,"ImageSprite/5[int,int,java.awt.Image,int,int]",spriteImage,2
C:\projects\Toss-a-coin-app-master\src\GUI\sprites\spriteProperties\ImageSprite.java,GUI.sprites.spriteProperties.ImageSprite,"ImageSprite/5[int,int,java.awt.Image,int,int]",positionY,1
C:\projects\Toss-a-coin-app-master\src\GUI\sprites\spriteProperties\ImageSprite.java,GUI.sprites.spriteProperties.ImageSprite,"ImageSprite/5[int,int,java.awt.Image,int,int]",width,1
C:\projects\Toss-a-coin-app-master\src\GUI\sprites\spriteProperties\ImageSprite.java,GUI.sprites.spriteProperties.ImageSprite,"ImageSprite/5[int,int,java.awt.Image,int,int]",height,1
C:\projects\Toss-a-coin-app-master\src\GUI\sprites\spriteProperties\ImageSprite.java,GUI.sprites.spriteProperties.ImageSprite,"ImageSprite/5[int,int,java.awt.Image,int,int]",positionX,1
C:\projects\Toss-a-coin-app-master\src\GUI\sprites\spriteProperties\ImageSprite.java,GUI.sprites.spriteProperties.ImageSprite,renderSprite/1[java.awt.Graphics],g,1
C:\projects\Toss-a-coin-app-master\src\GUI\sprites\spriteProperties\Sprite.java,GUI.sprites.spriteProperties.Sprite,setPositionY/1[int],positionY,2
C:\projects\Toss-a-coin-app-master\src\GUI\sprites\spriteProperties\Sprite.java,GUI.sprites.spriteProperties.Sprite,setPositionX/1[int],positionX,2
C:\projects\Toss-a-coin-app-master\src\GUI\sprites\spriteProperties\Sprite.java,GUI.sprites.spriteProperties.Sprite,"getHeightAfterScaling/2[double,int]",windowHeight,1
C:\projects\Toss-a-coin-app-master\src\GUI\sprites\spriteProperties\Sprite.java,GUI.sprites.spriteProperties.Sprite,"getHeightAfterScaling/2[double,int]",heightToScreenProportion,1
C:\projects\Toss-a-coin-app-master\src\GUI\sprites\spriteProperties\Sprite.java,GUI.sprites.spriteProperties.Sprite,setWidth/1[int],width,2
C:\projects\Toss-a-coin-app-master\src\GUI\sprites\spriteProperties\Sprite.java,GUI.sprites.spriteProperties.Sprite,"Sprite/4[int,int,int,int]",positionY,2
C:\projects\Toss-a-coin-app-master\src\GUI\sprites\spriteProperties\Sprite.java,GUI.sprites.spriteProperties.Sprite,"Sprite/4[int,int,int,int]",width,2
C:\projects\Toss-a-coin-app-master\src\GUI\sprites\spriteProperties\Sprite.java,GUI.sprites.spriteProperties.Sprite,"Sprite/4[int,int,int,int]",height,2
C:\projects\Toss-a-coin-app-master\src\GUI\sprites\spriteProperties\Sprite.java,GUI.sprites.spriteProperties.Sprite,"Sprite/4[int,int,int,int]",positionX,2
C:\projects\Toss-a-coin-app-master\src\GUI\sprites\spriteProperties\Sprite.java,GUI.sprites.spriteProperties.Sprite,"getCoinSizeAfterScaling/2[double,int]",widthToScreenProportion,1
C:\projects\Toss-a-coin-app-master\src\GUI\sprites\spriteProperties\Sprite.java,GUI.sprites.spriteProperties.Sprite,"getCoinSizeAfterScaling/2[double,int]",windowWidth,1
C:\projects\Toss-a-coin-app-master\src\GUI\sprites\spriteProperties\Sprite.java,GUI.sprites.spriteProperties.Sprite,setHeight/1[int],height,2
C:\projects\Toss-a-coin-app-master\src\GUI\sprites\spriteProperties\IAnimatedSpriteGraphic.java,GUI.sprites.spriteProperties.IAnimatedSpriteGraphic,changeState/1[GUI.sprites.spriteProperties.KindOfStateEnum],state,0
C:\projects\Toss-a-coin-app-master\src\logic\observerPattern\IObserver.java,logic.observerPattern.IObserver,updateObserver/1[logic.observerPattern.EventKind],eventKind,0
C:\projects\Toss-a-coin-app-master\src\logic\observerPattern\IObservable.java,logic.observerPattern.IObservable,attachObserver/1[logic.observerPattern.IObserver],observer,0
C:\projects\Toss-a-coin-app-master\src\logic\observerPattern\IObservable.java,logic.observerPattern.IObservable,detachObserver/1[logic.observerPattern.IObserver],observer,0
C:\projects\Toss-a-coin-app-master\src\logic\observerPattern\IObservable.java,logic.observerPattern.IObservable,notifyObservers/1[logic.observerPattern.EventKind],eventKind,0
C:\projects\Toss-a-coin-app-master\src\GUI\panels\TossButtonPanel.java,GUI.panels.TossButtonPanel,"TossButtonPanel/2[int,int]",screenWidth,1
C:\projects\Toss-a-coin-app-master\src\GUI\panels\TossButtonPanel.java,GUI.panels.TossButtonPanel,"TossButtonPanel/2[int,int]",vGap,1
C:\projects\Toss-a-coin-app-master\src\GUI\panels\TossButtonPanel.java,GUI.panels.TossButtonPanel,"TossButtonPanel/2[int,int]",screenHeight,1
C:\projects\Toss-a-coin-app-master\src\GUI\panels\TossButtonPanel.java,GUI.panels.TossButtonPanel,"TossButtonPanel/2[int,int]",hGap,1
C:\projects\Toss-a-coin-app-master\src\GUI\sprites\CoinSprite.java,GUI.sprites.CoinSprite,shrinkSize/0,randomOffset,2
C:\projects\Toss-a-coin-app-master\src\GUI\sprites\CoinSprite.java,GUI.sprites.CoinSprite,shrinkSize/0,randomRange,1
C:\projects\Toss-a-coin-app-master\src\GUI\sprites\CoinSprite.java,GUI.sprites.CoinSprite,shrinkSize/0,newSize,3
C:\projects\Toss-a-coin-app-master\src\GUI\sprites\CoinSprite.java,GUI.sprites.CoinSprite,shrinkSize/0,newPosY,1
C:\projects\Toss-a-coin-app-master\src\GUI\sprites\CoinSprite.java,GUI.sprites.CoinSprite,shrinkSize/0,newPosX,1
C:\projects\Toss-a-coin-app-master\src\GUI\sprites\CoinSprite.java,GUI.sprites.CoinSprite,shrinkSize/0,translateDiff,2
C:\projects\Toss-a-coin-app-master\src\GUI\sprites\CoinSprite.java,GUI.sprites.CoinSprite,getCoinNormalSize/1[int],windowWidth,1
C:\projects\Toss-a-coin-app-master\src\GUI\sprites\CoinSprite.java,GUI.sprites.CoinSprite,attachObserver/1[logic.observerPattern.IObserver],observer,1
C:\projects\Toss-a-coin-app-master\src\GUI\sprites\CoinSprite.java,GUI.sprites.CoinSprite,getCoinCenterPositionX/1[int],windowWidth,2
C:\projects\Toss-a-coin-app-master\src\GUI\sprites\CoinSprite.java,GUI.sprites.CoinSprite,notifyObservers/1[logic.observerPattern.EventKind],observer,1
C:\projects\Toss-a-coin-app-master\src\GUI\sprites\CoinSprite.java,GUI.sprites.CoinSprite,notifyObservers/1[logic.observerPattern.EventKind],eventKind,1
C:\projects\Toss-a-coin-app-master\src\GUI\sprites\CoinSprite.java,GUI.sprites.CoinSprite,"CoinSprite/2[int,int]",timer,1
C:\projects\Toss-a-coin-app-master\src\GUI\sprites\CoinSprite.java,GUI.sprites.CoinSprite,"CoinSprite/2[int,int]",windowHeight,3
C:\projects\Toss-a-coin-app-master\src\GUI\sprites\CoinSprite.java,GUI.sprites.CoinSprite,"CoinSprite/2[int,int]",windowWidth,5
C:\projects\Toss-a-coin-app-master\src\GUI\sprites\CoinSprite.java,GUI.sprites.CoinSprite,detachObserver/1[logic.observerPattern.IObserver],observer,1
C:\projects\Toss-a-coin-app-master\src\GUI\sprites\CoinSprite.java,GUI.sprites.CoinSprite,updateObserver/1[logic.observerPattern.EventKind],eventKind,1
C:\projects\Toss-a-coin-app-master\src\GUI\sprites\CoinSprite.java,GUI.sprites.CoinSprite,getCoinCenterPositionY/1[int],windowHeight,2
C:\projects\Toss-a-coin-app-master\src\GUI\sprites\CoinSprite.java,GUI.sprites.CoinSprite,setCoinStartedProperties/0,startedPosY,1
C:\projects\Toss-a-coin-app-master\src\GUI\sprites\CoinSprite.java,GUI.sprites.CoinSprite,setCoinStartedProperties/0,startedPosX,1
C:\projects\Toss-a-coin-app-master\src\GUI\sprites\CoinSprite.java,GUI.sprites.CoinSprite,setCoinStartedProperties/0,normalSize,2
C:\projects\Toss-a-coin-app-master\src\GUI\sprites\CoinSprite.java,GUI.sprites.CoinSprite,changeState/1[GUI.sprites.spriteProperties.KindOfStateEnum],state,2
C:\projects\Toss-a-coin-app-master\src\logic\CoinTosser.java,logic.CoinTosser,detachObserver/1[logic.observerPattern.IObserver],observer,1
C:\projects\Toss-a-coin-app-master\src\logic\CoinTosser.java,logic.CoinTosser,updateObserver/1[logic.observerPattern.EventKind],eventKind,1
C:\projects\Toss-a-coin-app-master\src\logic\CoinTosser.java,logic.CoinTosser,notifyObservers/1[logic.observerPattern.EventKind],observer,1
C:\projects\Toss-a-coin-app-master\src\logic\CoinTosser.java,logic.CoinTosser,notifyObservers/1[logic.observerPattern.EventKind],eventKind,1
C:\projects\Toss-a-coin-app-master\src\logic\CoinTosser.java,logic.CoinTosser,attachObserver/1[logic.observerPattern.IObserver],observer,1
C:\projects\Toss-a-coin-app-master\src\GUI\sprites\spriteSheetProperties\ImageSheetProperty.java,GUI.sprites.spriteSheetProperties.ImageSheetProperty,"getPositionOfIndex/4[int,int,double,double]",heightOfOneFrame,1
C:\projects\Toss-a-coin-app-master\src\GUI\sprites\spriteSheetProperties\ImageSheetProperty.java,GUI.sprites.spriteSheetProperties.ImageSheetProperty,"getPositionOfIndex/4[int,int,double,double]",freeFramesOnStartedRow,2
C:\projects\Toss-a-coin-app-master\src\GUI\sprites\spriteSheetProperties\ImageSheetProperty.java,GUI.sprites.spriteSheetProperties.ImageSheetProperty,"getPositionOfIndex/4[int,int,double,double]",maxXOffset,2
C:\projects\Toss-a-coin-app-master\src\GUI\sprites\spriteSheetProperties\ImageSheetProperty.java,GUI.sprites.spriteSheetProperties.ImageSheetProperty,"getPositionOfIndex/4[int,int,double,double]",restOfFrames,3
C:\projects\Toss-a-coin-app-master\src\GUI\sprites\spriteSheetProperties\ImageSheetProperty.java,GUI.sprites.spriteSheetProperties.ImageSheetProperty,"getPositionOfIndex/4[int,int,double,double]",index,5
C:\projects\Toss-a-coin-app-master\src\GUI\sprites\spriteSheetProperties\ImageSheetProperty.java,GUI.sprites.spriteSheetProperties.ImageSheetProperty,"getPositionOfIndex/4[int,int,double,double]",widthOfOneFrame,1
C:\projects\Toss-a-coin-app-master\src\GUI\sprites\spriteSheetProperties\ImageSheetProperty.java,GUI.sprites.spriteSheetProperties.ImageSheetProperty,"getPositionOfIndex/4[int,int,double,double]",rowsOffset,4
C:\projects\Toss-a-coin-app-master\src\GUI\sprites\spriteSheetProperties\ImageSheetProperty.java,GUI.sprites.spriteSheetProperties.ImageSheetProperty,"getPositionOfIndex/4[int,int,double,double]",maxAmountOfFramesInRow,4
C:\projects\Toss-a-coin-app-master\src\GUI\sprites\spriteSheetProperties\ImageSheetProperty.java,GUI.sprites.spriteSheetProperties.ImageSheetProperty,"getPositionOfIndex/4[int,int,double,double]",columnsOffset,3
C:\projects\Toss-a-coin-app-master\src\GUI\sprites\spriteSheetProperties\ImageSheetProperty.java,GUI.sprites.spriteSheetProperties.ImageSheetProperty,"getPositionOfIndex/4[int,int,double,double]",maxYOffset,2
C:\projects\Toss-a-coin-app-master\src\GUI\sprites\spriteSheetProperties\ImageSheetProperty.java,GUI.sprites.spriteSheetProperties.ImageSheetProperty,getAction/1[GUI.sprites.spriteProperties.KindOfStateEnum],kindOfAction,1
C:\projects\Toss-a-coin-app-master\src\GUI\sprites\spriteSheetProperties\ImageSheetProperty.java,GUI.sprites.spriteSheetProperties.ImageSheetProperty,builder/1[int],amountOfFramesInRow,1
C:\projects\Toss-a-coin-app-master\src\GUI\sprites\spriteSheetProperties\ImageSheetProperty.java,GUI.sprites.spriteSheetProperties.ImageSheetProperty,getPositionOfIndex/1[int],index,1
C:\projects\Toss-a-coin-app-master\src\GUI\sprites\spriteProperties\IDrawingGraphic.java,GUI.sprites.spriteProperties.IDrawingGraphic,render/1[java.awt.Graphics],g,0
C:\projects\Toss-a-coin-app-master\src\GUI\buttons\TossButton.java,GUI.buttons.TossButton,getNewButtonPressedIcon/0,image,1
C:\projects\Toss-a-coin-app-master\src\GUI\buttons\TossButton.java,GUI.buttons.TossButton,getNewButtonPressedIcon/0,resizedImage,1
C:\projects\Toss-a-coin-app-master\src\GUI\buttons\TossButton.java,GUI.buttons.TossButton,addActionListener/0,event,0
C:\projects\Toss-a-coin-app-master\src\GUI\buttons\TossButton.java,GUI.buttons.TossButton,notifyObservers/1[logic.observerPattern.EventKind],observer,1
C:\projects\Toss-a-coin-app-master\src\GUI\buttons\TossButton.java,GUI.buttons.TossButton,notifyObservers/1[logic.observerPattern.EventKind],eventKind,1
C:\projects\Toss-a-coin-app-master\src\GUI\buttons\TossButton.java,GUI.buttons.TossButton,updateObserver/1[logic.observerPattern.EventKind],eventKind,1
C:\projects\Toss-a-coin-app-master\src\GUI\buttons\TossButton.java,GUI.buttons.TossButton,"TossButton/2[int,int]",screenWidth,1
C:\projects\Toss-a-coin-app-master\src\GUI\buttons\TossButton.java,GUI.buttons.TossButton,"TossButton/2[int,int]",screenHeight,1
C:\projects\Toss-a-coin-app-master\src\GUI\buttons\TossButton.java,GUI.buttons.TossButton,getNewButtonNormalIcon/0,image,1
C:\projects\Toss-a-coin-app-master\src\GUI\buttons\TossButton.java,GUI.buttons.TossButton,getNewButtonNormalIcon/0,resizedImage,1
C:\projects\Toss-a-coin-app-master\src\GUI\buttons\TossButton.java,GUI.buttons.TossButton,attachObserver/1[logic.observerPattern.IObserver],observer,1
C:\projects\Toss-a-coin-app-master\src\GUI\buttons\TossButton.java,GUI.buttons.TossButton,"setDefaultProperty/2[int,int]",screenWidth,1
C:\projects\Toss-a-coin-app-master\src\GUI\buttons\TossButton.java,GUI.buttons.TossButton,"setDefaultProperty/2[int,int]",screenHeight,1
C:\projects\Toss-a-coin-app-master\src\GUI\buttons\TossButton.java,GUI.buttons.TossButton,detachObserver/1[logic.observerPattern.IObserver],observer,1
C:\projects\Toss-a-coin-app-master\src\GUI\panels\ResultBarField.java,GUI.panels.ResultBarField,setLabelImage/1[boolean],isTailsSide,1
C:\projects\Toss-a-coin-app-master\src\GUI\panels\ResultBarField.java,GUI.panels.ResultBarField,"ResultBarField/4[boolean,int,int,int]",screenWidth,1
C:\projects\Toss-a-coin-app-master\src\GUI\panels\ResultBarField.java,GUI.panels.ResultBarField,"ResultBarField/4[boolean,int,int,int]",textSize,1
C:\projects\Toss-a-coin-app-master\src\GUI\panels\ResultBarField.java,GUI.panels.ResultBarField,"ResultBarField/4[boolean,int,int,int]",isTailsSide,1
C:\projects\Toss-a-coin-app-master\src\GUI\panels\ResultBarField.java,GUI.panels.ResultBarField,"ResultBarField/4[boolean,int,int,int]",screenHeight,1
C:\projects\Toss-a-coin-app-master\src\GUI\panels\ResultBarField.java,GUI.panels.ResultBarField,"ResultBarField/4[boolean,int,int,int]",font,1
C:\projects\Toss-a-coin-app-master\src\GUI\panels\ResultBarField.java,GUI.panels.ResultBarField,getNewCounterField/1[java.awt.Font],font,1
C:\projects\Toss-a-coin-app-master\src\GUI\panels\ResultBarField.java,GUI.panels.ResultBarField,paintComponent/1[java.awt.Graphics],g,1
C:\projects\Toss-a-coin-app-master\src\GUI\panels\ResultBarField.java,GUI.panels.ResultBarField,setActualCount/1[int],actualCount,3
C:\projects\Toss-a-coin-app-master\src\GUI\ApplicationMainFrame.java,GUI.ApplicationMainFrame$Anonymous1,actionPerformed/1[java.awt.event.ActionEvent],e,0
C:\projects\Toss-a-coin-app-master\src\GUI\panels\Background.java,GUI.panels.Background,paintComponent/1[java.awt.Graphics],g,1
C:\projects\Toss-a-coin-app-master\src\GUI\panels\Background.java,GUI.panels.Background,setScreenSize/0,screenSize,2
C:\projects\Toss-a-coin-app-master\src\GUI\sprites\spriteSheetProperties\ImageSheetProperty.java,GUI.sprites.spriteSheetProperties.ImageSheetProperty$Builder,"withSizeOfOneFrame/2[int,int]",heightOfOneFrame,2
C:\projects\Toss-a-coin-app-master\src\GUI\sprites\spriteSheetProperties\ImageSheetProperty.java,GUI.sprites.spriteSheetProperties.ImageSheetProperty$Builder,"withSizeOfOneFrame/2[int,int]",widthOfOneFrame,2
C:\projects\Toss-a-coin-app-master\src\GUI\sprites\spriteSheetProperties\ImageSheetProperty.java,GUI.sprites.spriteSheetProperties.ImageSheetProperty$Builder,"getFrameState/2[int,int]",frameState,2
C:\projects\Toss-a-coin-app-master\src\GUI\sprites\spriteSheetProperties\ImageSheetProperty.java,GUI.sprites.spriteSheetProperties.ImageSheetProperty$Builder,"getFrameState/2[int,int]",amountOfFrames,2
C:\projects\Toss-a-coin-app-master\src\GUI\sprites\spriteSheetProperties\ImageSheetProperty.java,GUI.sprites.spriteSheetProperties.ImageSheetProperty$Builder,"getFrameState/2[int,int]",startedIndex,4
C:\projects\Toss-a-coin-app-master\src\GUI\sprites\spriteSheetProperties\ImageSheetProperty.java,GUI.sprites.spriteSheetProperties.ImageSheetProperty$Builder,"getFrameState/2[int,int]",startPositionOfLastFrame,2
C:\projects\Toss-a-coin-app-master\src\GUI\sprites\spriteSheetProperties\ImageSheetProperty.java,GUI.sprites.spriteSheetProperties.ImageSheetProperty$Builder,"getFrameState/2[int,int]",startPosOfFirstFrame,2
C:\projects\Toss-a-coin-app-master\src\GUI\sprites\spriteSheetProperties\ImageSheetProperty.java,GUI.sprites.spriteSheetProperties.ImageSheetProperty$Builder,withImagePath/1[java.lang.String],imagePath,1
C:\projects\Toss-a-coin-app-master\src\GUI\sprites\spriteSheetProperties\ImageSheetProperty.java,GUI.sprites.spriteSheetProperties.ImageSheetProperty$Builder,getPositionOfIndex/1[int],index,1
C:\projects\Toss-a-coin-app-master\src\GUI\sprites\spriteSheetProperties\ImageSheetProperty.java,GUI.sprites.spriteSheetProperties.ImageSheetProperty$Builder,build/0,imageSheetProperty,7
C:\projects\Toss-a-coin-app-master\src\GUI\sprites\spriteSheetProperties\ImageSheetProperty.java,GUI.sprites.spriteSheetProperties.ImageSheetProperty$Builder,Builder/1[int],amountOfFramesInRow,1
C:\projects\Toss-a-coin-app-master\src\GUI\sprites\spriteSheetProperties\ImageSheetProperty.java,GUI.sprites.spriteSheetProperties.ImageSheetProperty$Builder,withDefaultDurationPerOneFrame/1[double],defaultDurationPerOneFrame,1
C:\projects\Toss-a-coin-app-master\src\GUI\sprites\spriteSheetProperties\ImageSheetProperty.java,GUI.sprites.spriteSheetProperties.ImageSheetProperty$Builder,"withAddActionState/3[GUI.sprites.spriteProperties.KindOfStateEnum,int,int]",amountOfFrames,1
C:\projects\Toss-a-coin-app-master\src\GUI\sprites\spriteSheetProperties\ImageSheetProperty.java,GUI.sprites.spriteSheetProperties.ImageSheetProperty$Builder,"withAddActionState/3[GUI.sprites.spriteProperties.KindOfStateEnum,int,int]",startedIndex,1
C:\projects\Toss-a-coin-app-master\src\GUI\sprites\spriteSheetProperties\ImageSheetProperty.java,GUI.sprites.spriteSheetProperties.ImageSheetProperty$Builder,"withAddActionState/3[GUI.sprites.spriteProperties.KindOfStateEnum,int,int]",state,1
C:\projects\Toss-a-coin-app-master\src\GUI\sprites\CoinSprite.java,GUI.sprites.CoinSprite$Anonymous1,mouseClicked/1[java.awt.event.MouseEvent],e,2
C:\projects\Toss-a-coin-app-master\src\GUI\sprites\CoinSprite.java,GUI.sprites.CoinSprite$Anonymous1,mouseClicked/1[java.awt.event.MouseEvent],x,2
C:\projects\Toss-a-coin-app-master\src\GUI\sprites\CoinSprite.java,GUI.sprites.CoinSprite$Anonymous1,mouseClicked/1[java.awt.event.MouseEvent],y,2
C:\projects\Toss-a-coin-app-master\src\GUI\sprites\spriteProperties\AnimatedSprite.java,GUI.sprites.spriteProperties.AnimatedSprite,updateSpriteSheetFrame/0,maxPositionX,1
C:\projects\Toss-a-coin-app-master\src\GUI\sprites\spriteProperties\AnimatedSprite.java,GUI.sprites.spriteProperties.AnimatedSprite,updateSpriteSheetFrame/0,maxPositionY,1
C:\projects\Toss-a-coin-app-master\src\GUI\sprites\spriteProperties\AnimatedSprite.java,GUI.sprites.spriteProperties.AnimatedSprite,updateSpriteSheetFrame/0,minPositionY,1
C:\projects\Toss-a-coin-app-master\src\GUI\sprites\spriteProperties\AnimatedSprite.java,GUI.sprites.spriteProperties.AnimatedSprite,updateSpriteSheetFrame/0,minPositionX,1
C:\projects\Toss-a-coin-app-master\src\GUI\sprites\spriteProperties\AnimatedSprite.java,GUI.sprites.spriteProperties.AnimatedSprite,setAnimationPeriodInterval/1[long],animationPeriodInterval,1
C:\projects\Toss-a-coin-app-master\src\GUI\sprites\spriteProperties\AnimatedSprite.java,GUI.sprites.spriteProperties.AnimatedSprite,paintComponent/1[java.awt.Graphics],g,1
C:\projects\Toss-a-coin-app-master\src\GUI\sprites\spriteProperties\AnimatedSprite.java,GUI.sprites.spriteProperties.AnimatedSprite,"setPositionOfNextFrame/5[int,int,int,int,int]",maxYPosition,1
C:\projects\Toss-a-coin-app-master\src\GUI\sprites\spriteProperties\AnimatedSprite.java,GUI.sprites.spriteProperties.AnimatedSprite,"setPositionOfNextFrame/5[int,int,int,int,int]",sheetWidth,1
C:\projects\Toss-a-coin-app-master\src\GUI\sprites\spriteProperties\AnimatedSprite.java,GUI.sprites.spriteProperties.AnimatedSprite,"setPositionOfNextFrame/5[int,int,int,int,int]",maxXPosition,1
C:\projects\Toss-a-coin-app-master\src\GUI\sprites\spriteProperties\AnimatedSprite.java,GUI.sprites.spriteProperties.AnimatedSprite,"setPositionOfNextFrame/5[int,int,int,int,int]",minYPosition,1
C:\projects\Toss-a-coin-app-master\src\GUI\sprites\spriteProperties\AnimatedSprite.java,GUI.sprites.spriteProperties.AnimatedSprite,"setPositionOfNextFrame/5[int,int,int,int,int]",minXPosition,1
C:\projects\Toss-a-coin-app-master\src\GUI\sprites\spriteProperties\AnimatedSprite.java,GUI.sprites.spriteProperties.AnimatedSprite,changeState/1[GUI.sprites.spriteProperties.KindOfStateEnum],state,2
C:\projects\Toss-a-coin-app-master\src\GUI\sprites\spriteProperties\AnimatedSprite.java,GUI.sprites.spriteProperties.AnimatedSprite,"AnimatedSprite/7[int,int,int,int,GUI.sprites.spriteSheetProperties.ImageSheetProperty,GUI.sprites.spriteProperties.KindOfStateEnum,long]",positionY,1
C:\projects\Toss-a-coin-app-master\src\GUI\sprites\spriteProperties\AnimatedSprite.java,GUI.sprites.spriteProperties.AnimatedSprite,"AnimatedSprite/7[int,int,int,int,GUI.sprites.spriteSheetProperties.ImageSheetProperty,GUI.sprites.spriteProperties.KindOfStateEnum,long]",sheetProperty,3
C:\projects\Toss-a-coin-app-master\src\GUI\sprites\spriteProperties\AnimatedSprite.java,GUI.sprites.spriteProperties.AnimatedSprite,"AnimatedSprite/7[int,int,int,int,GUI.sprites.spriteSheetProperties.ImageSheetProperty,GUI.sprites.spriteProperties.KindOfStateEnum,long]",width,1
C:\projects\Toss-a-coin-app-master\src\GUI\sprites\spriteProperties\AnimatedSprite.java,GUI.sprites.spriteProperties.AnimatedSprite,"AnimatedSprite/7[int,int,int,int,GUI.sprites.spriteSheetProperties.ImageSheetProperty,GUI.sprites.spriteProperties.KindOfStateEnum,long]",startedAnimationState,1
C:\projects\Toss-a-coin-app-master\src\GUI\sprites\spriteProperties\AnimatedSprite.java,GUI.sprites.spriteProperties.AnimatedSprite,"AnimatedSprite/7[int,int,int,int,GUI.sprites.spriteSheetProperties.ImageSheetProperty,GUI.sprites.spriteProperties.KindOfStateEnum,long]",animationIntervalPerFrame,1
C:\projects\Toss-a-coin-app-master\src\GUI\sprites\spriteProperties\AnimatedSprite.java,GUI.sprites.spriteProperties.AnimatedSprite,"AnimatedSprite/7[int,int,int,int,GUI.sprites.spriteSheetProperties.ImageSheetProperty,GUI.sprites.spriteProperties.KindOfStateEnum,long]",height,1
C:\projects\Toss-a-coin-app-master\src\GUI\sprites\spriteProperties\AnimatedSprite.java,GUI.sprites.spriteProperties.AnimatedSprite,"AnimatedSprite/7[int,int,int,int,GUI.sprites.spriteSheetProperties.ImageSheetProperty,GUI.sprites.spriteProperties.KindOfStateEnum,long]",positionX,1
C:\projects\Toss-a-coin-app-master\src\GUI\sprites\spriteProperties\AnimatedSprite.java,GUI.sprites.spriteProperties.AnimatedSprite,render/1[java.awt.Graphics],frameEndPositionX,1
C:\projects\Toss-a-coin-app-master\src\GUI\sprites\spriteProperties\AnimatedSprite.java,GUI.sprites.spriteProperties.AnimatedSprite,render/1[java.awt.Graphics],frameEndPositionY,1
C:\projects\Toss-a-coin-app-master\src\GUI\sprites\spriteProperties\AnimatedSprite.java,GUI.sprites.spriteProperties.AnimatedSprite,render/1[java.awt.Graphics],heightOfOneFrame,1
C:\projects\Toss-a-coin-app-master\src\GUI\sprites\spriteProperties\AnimatedSprite.java,GUI.sprites.spriteProperties.AnimatedSprite,render/1[java.awt.Graphics],g,1
C:\projects\Toss-a-coin-app-master\src\GUI\sprites\spriteProperties\AnimatedSprite.java,GUI.sprites.spriteProperties.AnimatedSprite,render/1[java.awt.Graphics],widthOfOneFrame,1
C:\projects\Toss-a-coin-app-master\src\GUI\sprites\spriteProperties\AnimatedSprite.java,GUI.sprites.spriteProperties.AnimatedSprite,render/1[java.awt.Graphics],spriteEndPositionY,1
C:\projects\Toss-a-coin-app-master\src\GUI\sprites\spriteProperties\AnimatedSprite.java,GUI.sprites.spriteProperties.AnimatedSprite,render/1[java.awt.Graphics],spriteEndPositionX,1
C:\projects\Toss-a-coin-app-master\src\Main.java,Main,main/1[java.lang.String[]],args,0
C:\projects\Toss-a-coin-app-master\src\Main.java,Main,main/1[java.lang.String[]],applicationMain,2
C:\projects\Toss-a-coin-app-master\src\GUI\ApplicationMainFrame.java,GUI.ApplicationMainFrame,addResultPanel/0,resultPanel,3
C:\projects\Toss-a-coin-app-master\src\GUI\ApplicationMainFrame.java,GUI.ApplicationMainFrame,addTossButtonPanel/0,tossButton,3
C:\projects\Toss-a-coin-app-master\src\GUI\ApplicationMainFrame.java,GUI.ApplicationMainFrame,addTossButtonPanel/0,tossButtonPanel,2
C:\projects\Toss-a-coin-app-master\src\GUI\ApplicationMainFrame.java,GUI.ApplicationMainFrame,addEndProgramShortcutListener/0,exitKeyAction,1
C:\projects\Toss-a-coin-app-master\src\GUI\ApplicationMainFrame.java,GUI.ApplicationMainFrame,addEndProgramShortcutListener/0,keyStroke,1
C:\projects\Toss-a-coin-app-master\src\GUI\ApplicationMainFrame.java,GUI.ApplicationMainFrame,initializeComponents/0,textSize,2
C:\projects\Toss-a-coin-app-master\src\GUI\ApplicationMainFrame.java,GUI.ApplicationMainFrame,updateObserver/1[logic.observerPattern.EventKind],eventKind,1
C:\projects\Toss-a-coin-app-master\src\GUI\sprites\spriteSheetProperties\SpritesProperties.java,GUI.sprites.spriteSheetProperties.SpritesProperties,coinSheetProperty/0,sheetProperty,1
C:\projects\Toss-a-coin-app-master\src\GUI\sprites\spriteSheetProperties\SpritesProperties.java,GUI.sprites.spriteSheetProperties.SpritesProperties,coinSheetProperty/0,spritePath,1
