file,class,type,cbo,cboModified,fanin,fanout,wmc,dit,noc,rfc,lcom,lcom*,tcc,lcc,totalMethodsQty,staticMethodsQty,publicMethodsQty,privateMethodsQty,protectedMethodsQty,defaultMethodsQty,visibleMethodsQty,abstractMethodsQty,finalMethodsQty,synchronizedMethodsQty,totalFieldsQty,staticFieldsQty,publicFieldsQty,privateFieldsQty,protectedFieldsQty,defaultFieldsQty,finalFieldsQty,synchronizedFieldsQty,nosi,loc,returnQty,loopQty,comparisonsQty,tryCatchQty,parenthesizedExpsQty,stringLiteralsQty,numbersQty,assignmentsQty,mathOperationsQty,variablesQty,maxNestedBlocksQty,anonymousClassesQty,innerClassesQty,lambdasQty,uniqueWordsQty,modifiers,logStatementsQty
C:\projects\songlibs-master\src\gameLogic.java,gameLogic,class,1,7,6,1,29,1,0,34,0,0.6923077,0.6025641,1.0,13,0,13,0,0,0,13,0,0,0,6,0,0,3,0,3,0,0,1,143,1,8,3,6,2,24,8,39,5,24,3,0,0,0,116,1,0
C:\projects\songlibs-master\src\gameGUI.java,gameGUI$Anonymous1,anonymous,1,1,0,1,2,1,0,2,0,0.0,NaN,NaN,1,0,1,0,0,0,1,0,0,0,0,0,0,0,0,0,0,0,0,11,0,0,0,1,0,0,0,1,0,1,1,0,0,0,9,-1,0
C:\projects\songlibs-master\src\gameGUI.java,gameGUI$Anonymous2,anonymous,0,0,0,0,1,1,0,6,0,0.0,NaN,NaN,1,0,1,0,0,0,1,0,0,0,0,0,0,0,0,0,0,0,0,15,0,0,0,0,1,1,1,1,0,1,0,0,0,0,8,-1,0
C:\projects\songlibs-master\src\gameGUI.java,gameGUI$Anonymous3,anonymous,2,2,0,2,1,1,0,8,0,0.0,NaN,NaN,1,0,1,0,0,0,1,0,0,0,0,0,0,0,0,0,0,0,0,17,0,0,0,0,1,1,1,1,0,1,0,0,0,0,9,-1,0
C:\projects\songlibs-master\src\gameGUI.java,gameGUI$Anonymous4,anonymous,2,2,0,2,2,1,0,7,0,0.0,NaN,NaN,1,0,1,0,0,0,1,0,0,0,0,0,0,0,0,0,0,0,0,12,1,0,0,0,2,2,0,1,0,1,1,0,0,0,9,-1,0
C:\projects\songlibs-master\src\gameGUI.java,gameGUI$submitActions,innerclass,2,2,0,2,2,1,0,11,0,0.0,NaN,NaN,1,0,1,0,0,0,1,0,0,0,0,0,0,0,0,0,0,0,0,16,0,1,0,0,1,0,0,3,0,3,1,0,0,0,38,1,0
C:\projects\songlibs-master\src\gameGUI.java,gameGUI,class,3,9,6,3,16,1,0,40,63,0.8444445,0.0,0.0,15,1,3,12,0,0,3,0,0,0,9,0,0,9,0,0,0,0,3,221,1,1,0,0,0,12,63,27,1,26,1,5,1,0,158,1,0
C:\projects\songlibs-master\src\gameGUI.java,gameGUI$Anonymous5,anonymous,2,2,0,2,1,1,0,5,0,0.0,NaN,NaN,1,0,1,0,0,0,1,0,0,0,0,0,0,0,0,0,0,0,0,9,0,0,0,0,1,1,0,1,0,1,0,0,0,0,9,-1,0
