file,class,method,variable,usage
C:\projects\songlibs-master\src\gameLogic.java,gameLogic,createTest/0,songChoices,4
C:\projects\songlibs-master\src\gameLogic.java,gameLogic,initializeLib/0,song,3
C:\projects\songlibs-master\src\gameLogic.java,gameLogic,initializeLib/0,reader,2
C:\projects\songlibs-master\src\gameLogic.java,gameLogic,initializeLib/0,replaceWords,2
C:\projects\songlibs-master\src\gameLogic.java,gameLogic,initializeLib/0,origSong,1
C:\projects\songlibs-master\src\gameLogic.java,gameLogic,gameLogic/0,song,1
C:\projects\songlibs-master\src\gameLogic.java,gameLogic,gameLogic/0,songChoices,1
C:\projects\songlibs-master\src\gameLogic.java,gameLogic,getUserWords/0,song,2
C:\projects\songlibs-master\src\gameLogic.java,gameLogic,getUserWords/0,replaceWords,2
C:\projects\songlibs-master\src\gameLogic.java,gameLogic,load/0,songChoices,1
C:\projects\songlibs-master\src\gameLogic.java,gameLogic,getOptions/0,songChoices,2
C:\projects\songlibs-master\src\gameLogic.java,gameLogic,randomize/0,songChoices,2
C:\projects\songlibs-master\src\gameLogic.java,gameLogic,reset/0,song,1
C:\projects\songlibs-master\src\gameLogic.java,gameLogic,reset/0,origSong,1
C:\projects\songlibs-master\src\gameLogic.java,gameLogic,"replaceWord/2[java.lang.String,java.lang.String]",song,2
C:\projects\songlibs-master\src\gameLogic.java,gameLogic,printResult/0,songName,1
C:\projects\songlibs-master\src\gameLogic.java,gameLogic,printResult/0,song,1
C:\projects\songlibs-master\src\gameLogic.java,gameLogic,create/0,songChoices,1
C:\projects\songlibs-master\src\gameLogic.java,gameLogic,listOptions/0,songName,1
C:\projects\songlibs-master\src\gameLogic.java,gameLogic,listOptions/0,songChoices,2
C:\projects\songlibs-master\src\gameLogic.java,gameLogic,listOptions/0,reader,1
C:\projects\songlibs-master\src\gameLogic.java,gameLogic,choose/1[java.lang.String],songName,1
C:\projects\songlibs-master\src\gameLogic.java,gameLogic,choose/1[java.lang.String],songChoices,1
C:\projects\songlibs-master\src\gameLogic.java,gameLogic,choose/1[java.lang.String],reader,1
C:\projects\songlibs-master\src\gameGUI.java,gameGUI,makeFinishedPage/0,finishedPage,3
C:\projects\songlibs-master\src\gameGUI.java,gameGUI,makeFinishedPage/0,frmSonglibs,1
C:\projects\songlibs-master\src\gameGUI.java,gameGUI,showSong/0,finishedPage,2
C:\projects\songlibs-master\src\gameGUI.java,gameGUI,redoAction/0,finishedPage,1
C:\projects\songlibs-master\src\gameGUI.java,gameGUI,makeMadLibPage/0,madlibPage,1
C:\projects\songlibs-master\src\gameGUI.java,gameGUI,makeMadLibPage/0,frmSonglibs,2
C:\projects\songlibs-master\src\gameGUI.java,gameGUI,makeMadLibPage/0,scroller,2
C:\projects\songlibs-master\src\gameGUI.java,gameGUI,makeSongOptions/0,startPage,1
C:\projects\songlibs-master\src\gameGUI.java,gameGUI,makeSongOptions/0,chosenSong,2
C:\projects\songlibs-master\src\gameGUI.java,gameGUI,makeSongOptions/0,comboBox,5
C:\projects\songlibs-master\src\gameGUI.java,gameGUI,makePlayScreen/0,madlibPage,6
C:\projects\songlibs-master\src\gameGUI.java,gameGUI,makePlayScreen/0,toGet,2
C:\projects\songlibs-master\src\gameGUI.java,gameGUI,makeSubmit/1[int],madlibPage,4
C:\projects\songlibs-master\src\gameGUI.java,gameGUI,restartAction/0,finishedPage,1
C:\projects\songlibs-master\src\gameGUI.java,gameGUI,makeStartPage/0,startPage,3
C:\projects\songlibs-master\src\gameGUI.java,gameGUI,makeStartPage/0,cards,1
C:\projects\songlibs-master\src\gameGUI.java,gameGUI,makeStartPage/0,frmSonglibs,7
C:\projects\songlibs-master\src\gameGUI.java,gameGUI,makeRandomButton/0,startPage,1
C:\projects\songlibs-master\src\gameGUI.java,gameGUI,makestartPageText/0,startPage,3
