file,class,method,constructor,line,cbo,cboModified,fanin,fanout,wmc,rfc,loc,returnsQty,variablesQty,parametersQty,methodsInvokedQty,methodsInvokedLocalQty,methodsInvokedIndirectLocalQty,loopQty,comparisonsQty,tryCatchQty,parenthesizedExpsQty,stringLiteralsQty,numbersQty,assignmentsQty,mathOperationsQty,maxNestedBlocksQty,anonymousClassesQty,innerClassesQty,lambdasQty,uniqueWordsQty,modifiers,logStatementsQty,hasJavaDoc
C:\projects\songlibs-master\src\gameLogic.java,gameLogic,createTest/0,false,43,0,0,0,0,2,3,11,0,0,0,3,0,0,0,0,1,0,8,0,0,0,1,0,0,0,19,1,0,true
C:\projects\songlibs-master\src\gameLogic.java,gameLogic,initializeLib/0,false,129,0,1,1,0,4,6,17,0,2,0,6,0,0,2,1,1,2,4,2,7,2,2,0,0,0,19,1,0,true
C:\projects\songlibs-master\src\gameLogic.java,gameLogic,gameLogic/0,true,25,1,2,1,1,1,1,5,0,0,0,1,1,2,0,0,0,0,1,0,2,0,0,0,0,0,8,1,0,true
C:\projects\songlibs-master\src\gameLogic.java,gameLogic,getUserWords/0,false,169,0,0,0,0,2,7,11,0,2,0,7,0,0,1,0,0,0,2,0,3,1,1,0,0,0,20,1,0,true
C:\projects\songlibs-master\src\gameLogic.java,gameLogic,load/0,false,33,1,2,1,1,2,2,8,0,0,0,2,1,1,0,0,1,0,1,0,0,0,1,0,0,0,15,1,0,true
C:\projects\songlibs-master\src\gameLogic.java,gameLogic,getOptions/0,false,104,0,1,1,0,2,5,11,1,3,0,5,0,0,1,0,0,0,1,3,5,1,1,0,0,0,17,1,0,true
C:\projects\songlibs-master\src\gameLogic.java,gameLogic,randomize/0,false,149,1,2,1,1,2,6,10,0,5,0,6,1,1,1,0,0,0,1,1,6,0,1,0,0,0,12,1,0,true
C:\projects\songlibs-master\src\gameLogic.java,gameLogic,reset/0,false,162,0,1,1,0,1,0,3,0,0,0,0,0,0,0,0,0,0,0,0,1,0,0,0,0,0,10,1,0,true
C:\projects\songlibs-master\src\gameLogic.java,gameLogic,"replaceWord/2[java.lang.String,java.lang.String]",false,184,0,1,1,0,1,1,3,0,0,2,1,0,0,0,0,0,0,0,0,1,0,0,0,0,0,12,1,0,true
C:\projects\songlibs-master\src\gameLogic.java,gameLogic,printResult/0,false,190,0,0,0,0,1,2,5,0,0,0,2,0,0,0,0,0,0,0,0,0,0,0,0,0,0,11,1,0,true
C:\projects\songlibs-master\src\gameLogic.java,gameLogic,create/0,false,56,0,1,1,0,4,9,16,0,3,0,9,0,0,1,0,1,0,3,2,4,1,3,0,0,0,14,1,0,true
C:\projects\songlibs-master\src\gameLogic.java,gameLogic,listOptions/0,false,77,0,0,0,0,5,9,26,0,3,0,9,0,0,2,2,1,0,3,0,7,0,3,0,0,0,37,1,0,true
C:\projects\songlibs-master\src\gameLogic.java,gameLogic,choose/1[java.lang.String],false,118,0,2,2,0,2,1,9,0,0,1,1,0,0,0,0,1,0,0,0,3,0,1,0,0,0,16,1,0,true
C:\projects\songlibs-master\src\gameGUI.java,gameGUI$Anonymous1,run/0,false,48,1,1,0,1,2,2,9,0,1,0,2,0,0,0,0,1,0,0,0,1,0,1,0,0,0,9,1,0,false
C:\projects\songlibs-master\src\gameGUI.java,gameGUI$Anonymous2,actionPerformed/1[java.awt.event.ActionEvent],false,170,0,5,0,5,1,6,13,0,1,1,6,0,0,0,0,0,1,1,1,1,0,0,0,0,0,8,1,0,false
C:\projects\songlibs-master\src\gameGUI.java,gameGUI$Anonymous3,actionPerformed/1[java.awt.event.ActionEvent],false,193,2,5,0,5,1,8,15,0,1,1,8,0,0,0,0,0,1,1,1,1,0,0,0,0,0,9,1,0,false
C:\projects\songlibs-master\src\gameGUI.java,gameGUI$Anonymous4,actionPerformed/1[java.awt.event.ActionEvent],false,252,2,5,0,5,2,7,10,1,1,1,7,0,0,0,0,0,2,2,0,1,0,1,0,0,0,9,1,0,false
C:\projects\songlibs-master\src\gameGUI.java,gameGUI$submitActions,actionPerformed/1[java.awt.event.ActionEvent],false,127,2,4,0,4,2,11,14,0,3,1,11,0,0,1,0,0,1,0,0,3,0,1,0,0,0,20,1,0,false
C:\projects\songlibs-master\src\gameGUI.java,gameGUI,makeFinishedPage/0,false,296,0,1,1,0,1,3,5,0,0,0,3,0,0,0,0,0,0,1,0,1,0,0,0,0,0,11,2,0,true
C:\projects\songlibs-master\src\gameGUI.java,gameGUI,main/1[java.lang.String[]],false,46,0,1,0,1,1,1,14,0,0,1,1,0,0,0,0,0,0,0,0,0,0,0,1,0,0,14,9,0,true
C:\projects\songlibs-master\src\gameGUI.java,gameGUI,game/0,false,39,1,3,1,2,1,2,4,0,1,0,2,2,1,0,0,0,0,0,0,1,0,0,0,0,0,17,1,0,true
C:\projects\songlibs-master\src\gameGUI.java,gameGUI,showSong/0,false,145,0,1,1,0,1,9,17,0,3,0,9,0,0,0,0,0,0,0,12,3,0,0,0,0,0,18,2,0,true
C:\projects\songlibs-master\src\gameGUI.java,gameGUI,redoAction/0,false,189,0,2,1,1,1,3,23,0,1,0,3,0,0,0,0,0,0,1,4,1,0,0,1,0,0,23,2,0,true
C:\projects\songlibs-master\src\gameGUI.java,gameGUI,makeMadLibPage/0,false,285,0,1,1,0,1,4,8,0,1,0,4,0,0,0,0,0,0,1,2,3,0,0,0,0,0,16,2,0,true
C:\projects\songlibs-master\src\gameGUI.java,gameGUI,initialize/0,false,69,1,7,1,6,1,6,8,0,0,0,6,6,1,0,0,0,0,0,0,0,0,0,0,0,0,17,2,0,true
C:\projects\songlibs-master\src\gameGUI.java,gameGUI,makeSongOptions/0,false,244,1,4,1,3,1,5,21,0,1,0,5,0,0,0,0,0,0,0,4,3,0,0,1,0,0,30,2,0,true
C:\projects\songlibs-master\src\gameGUI.java,gameGUI,makePlayScreen/0,false,84,0,1,1,0,2,9,22,1,4,0,9,0,0,1,0,0,0,0,9,6,0,1,0,0,0,42,2,0,true
C:\projects\songlibs-master\src\gameGUI.java,gameGUI,gameGUI/0,true,62,1,2,1,1,1,1,3,0,0,0,1,1,2,0,0,0,0,0,0,0,0,0,0,0,0,7,1,0,true
C:\projects\songlibs-master\src\gameGUI.java,gameGUI,makeSubmit/1[int],false,110,1,2,1,1,1,6,9,0,1,1,6,0,0,0,0,0,0,1,5,1,1,0,0,0,0,12,2,0,true
C:\projects\songlibs-master\src\gameGUI.java,gameGUI,restartAction/0,false,166,0,2,1,1,1,3,21,0,1,0,3,0,0,0,0,0,0,1,4,1,0,0,1,0,0,24,2,0,true
C:\projects\songlibs-master\src\gameGUI.java,gameGUI,makeStartPage/0,false,214,0,1,1,0,1,6,11,0,0,0,6,0,0,0,0,0,0,2,6,3,0,0,0,0,0,22,2,0,true
C:\projects\songlibs-master\src\gameGUI.java,gameGUI,makeRandomButton/0,false,268,0,2,1,1,1,3,15,0,1,0,3,0,0,0,0,0,0,1,4,1,0,0,1,0,0,22,2,0,true
C:\projects\songlibs-master\src\gameGUI.java,gameGUI,makestartPageText/0,false,228,0,1,1,0,1,4,13,0,3,0,4,0,0,0,0,0,0,4,13,3,0,0,0,0,0,49,2,0,true
C:\projects\songlibs-master\src\gameGUI.java,gameGUI$Anonymous5,actionPerformed/1[java.awt.event.ActionEvent],false,272,2,5,0,5,1,5,7,0,1,1,5,0,0,0,0,0,1,1,0,1,0,0,0,0,0,9,1,0,false
