file,class,method,variable,usage
C:\projects\songlibs-master\src\gameLogic.java,gameLogic,createTest/0,e,0
C:\projects\songlibs-master\src\gameLogic.java,gameLogic,initializeLib/0,e,0
C:\projects\songlibs-master\src\gameLogic.java,gameLogic,initializeLib/0,line,6
C:\projects\songlibs-master\src\gameLogic.java,gameLogic,initializeLib/0,space,2
C:\projects\songlibs-master\src\gameLogic.java,gameLogic,getUserWords/0,in,2
C:\projects\songlibs-master\src\gameLogic.java,gameLogic,getUserWords/0,userWord,2
C:\projects\songlibs-master\src\gameLogic.java,gameLogic,getUserWords/0,word,2
C:\projects\songlibs-master\src\gameLogic.java,gameLogic,load/0,e,0
C:\projects\songlibs-master\src\gameLogic.java,gameLogic,getOptions/0,toRtn,3
C:\projects\songlibs-master\src\gameLogic.java,gameLogic,getOptions/0,i,2
C:\projects\songlibs-master\src\gameLogic.java,gameLogic,getOptions/0,list,2
C:\projects\songlibs-master\src\gameLogic.java,gameLogic,randomize/0,i,1
C:\projects\songlibs-master\src\gameLogic.java,gameLogic,randomize/0,z,2
C:\projects\songlibs-master\src\gameLogic.java,gameLogic,randomize/0,list,1
C:\projects\songlibs-master\src\gameLogic.java,gameLogic,randomize/0,rn,1
C:\projects\songlibs-master\src\gameLogic.java,gameLogic,randomize/0,choice,2
C:\projects\songlibs-master\src\gameLogic.java,gameLogic,"replaceWord/2[java.lang.String,java.lang.String]",userWord,1
C:\projects\songlibs-master\src\gameLogic.java,gameLogic,"replaceWord/2[java.lang.String,java.lang.String]",word,1
C:\projects\songlibs-master\src\gameLogic.java,gameLogic,create/0,cd,2
C:\projects\songlibs-master\src\gameLogic.java,gameLogic,create/0,folder,1
C:\projects\songlibs-master\src\gameLogic.java,gameLogic,create/0,file,4
C:\projects\songlibs-master\src\gameLogic.java,gameLogic,create/0,e,0
C:\projects\songlibs-master\src\gameLogic.java,gameLogic,create/0,songs,1
C:\projects\songlibs-master\src\gameLogic.java,gameLogic,listOptions/0,in,2
C:\projects\songlibs-master\src\gameLogic.java,gameLogic,listOptions/0,e,0
C:\projects\songlibs-master\src\gameLogic.java,gameLogic,listOptions/0,list,2
C:\projects\songlibs-master\src\gameLogic.java,gameLogic,listOptions/0,choice,7
C:\projects\songlibs-master\src\gameLogic.java,gameLogic,choose/1[java.lang.String],e,0
C:\projects\songlibs-master\src\gameLogic.java,gameLogic,choose/1[java.lang.String],choice,4
C:\projects\songlibs-master\src\gameGUI.java,gameGUI$Anonymous1,run/0,e,1
C:\projects\songlibs-master\src\gameGUI.java,gameGUI$Anonymous1,run/0,window,1
C:\projects\songlibs-master\src\gameGUI.java,gameGUI$Anonymous2,actionPerformed/1[java.awt.event.ActionEvent],e,0
C:\projects\songlibs-master\src\gameGUI.java,gameGUI$Anonymous2,actionPerformed/1[java.awt.event.ActionEvent],cl,1
C:\projects\songlibs-master\src\gameGUI.java,gameGUI$Anonymous3,actionPerformed/1[java.awt.event.ActionEvent],e,0
C:\projects\songlibs-master\src\gameGUI.java,gameGUI$Anonymous3,actionPerformed/1[java.awt.event.ActionEvent],cl,1
C:\projects\songlibs-master\src\gameGUI.java,gameGUI$Anonymous4,actionPerformed/1[java.awt.event.ActionEvent],e,0
C:\projects\songlibs-master\src\gameGUI.java,gameGUI$Anonymous4,actionPerformed/1[java.awt.event.ActionEvent],cl,1
C:\projects\songlibs-master\src\gameGUI.java,gameGUI$submitActions,actionPerformed/1[java.awt.event.ActionEvent],txt,2
C:\projects\songlibs-master\src\gameGUI.java,gameGUI$submitActions,actionPerformed/1[java.awt.event.ActionEvent],e,0
C:\projects\songlibs-master\src\gameGUI.java,gameGUI$submitActions,actionPerformed/1[java.awt.event.ActionEvent],cl,1
C:\projects\songlibs-master\src\gameGUI.java,gameGUI$submitActions,actionPerformed/1[java.awt.event.ActionEvent],userWord,1
C:\projects\songlibs-master\src\gameGUI.java,gameGUI$submitActions,actionPerformed/1[java.awt.event.ActionEvent],word,1
C:\projects\songlibs-master\src\gameGUI.java,gameGUI,main/1[java.lang.String[]],args,0
C:\projects\songlibs-master\src\gameGUI.java,gameGUI,game/0,i,1
C:\projects\songlibs-master\src\gameGUI.java,gameGUI,showSong/0,madlibsongName,2
C:\projects\songlibs-master\src\gameGUI.java,gameGUI,showSong/0,scrollPane,5
C:\projects\songlibs-master\src\gameGUI.java,gameGUI,showSong/0,finishedmadlibsong,6
C:\projects\songlibs-master\src\gameGUI.java,gameGUI,redoAction/0,redo,3
C:\projects\songlibs-master\src\gameGUI.java,gameGUI,makeMadLibPage/0,panel2,3
C:\projects\songlibs-master\src\gameGUI.java,gameGUI,makeSongOptions/0,options,1
C:\projects\songlibs-master\src\gameGUI.java,gameGUI,makePlayScreen/0,valuesList,2
C:\projects\songlibs-master\src\gameGUI.java,gameGUI,makePlayScreen/0,txt1,4
C:\projects\songlibs-master\src\gameGUI.java,gameGUI,makePlayScreen/0,i,4
C:\projects\songlibs-master\src\gameGUI.java,gameGUI,makePlayScreen/0,word,2
C:\projects\songlibs-master\src\gameGUI.java,gameGUI,makePlayScreen/0,lblNewLabel_1,2
C:\projects\songlibs-master\src\gameGUI.java,gameGUI,makeSubmit/1[int],jb,3
C:\projects\songlibs-master\src\gameGUI.java,gameGUI,makeSubmit/1[int],i,2
C:\projects\songlibs-master\src\gameGUI.java,gameGUI,restartAction/0,restart,3
C:\projects\songlibs-master\src\gameGUI.java,gameGUI,makeRandomButton/0,btnRandom,3
C:\projects\songlibs-master\src\gameGUI.java,gameGUI,makestartPageText/0,lblOr,2
C:\projects\songlibs-master\src\gameGUI.java,gameGUI,makestartPageText/0,lblmadlibsonglibs,3
C:\projects\songlibs-master\src\gameGUI.java,gameGUI,makestartPageText/0,lblNewLabel,3
C:\projects\songlibs-master\src\gameGUI.java,gameGUI$Anonymous5,actionPerformed/1[java.awt.event.ActionEvent],e,0
C:\projects\songlibs-master\src\gameGUI.java,gameGUI$Anonymous5,actionPerformed/1[java.awt.event.ActionEvent],cl,1
