file,class,type,cbo,cboModified,fanin,fanout,wmc,dit,noc,rfc,lcom,lcom*,tcc,lcc,totalMethodsQty,staticMethodsQty,publicMethodsQty,privateMethodsQty,protectedMethodsQty,defaultMethodsQty,visibleMethodsQty,abstractMethodsQty,finalMethodsQty,synchronizedMethodsQty,totalFieldsQty,staticFieldsQty,publicFieldsQty,privateFieldsQty,protectedFieldsQty,defaultFieldsQty,finalFieldsQty,synchronizedFieldsQty,nosi,loc,returnQty,loopQty,comparisonsQty,tryCatchQty,parenthesizedExpsQty,stringLiteralsQty,numbersQty,assignmentsQty,mathOperationsQty,variablesQty,maxNestedBlocksQty,anonymousClassesQty,innerClassesQty,lambdasQty,uniqueWordsQty,modifiers,logStatementsQty
C:\projects\AppleEater-master\AppleEater\src\ca\jm\gameObject\Handler.java,ca.jm.gameObject.Handler,class,1,2,1,1,6,1,0,6,0,0.0,1.0,1.0,4,0,4,0,0,0,4,0,0,0,1,0,0,1,0,0,0,0,0,21,0,2,0,0,0,0,2,5,0,5,1,0,0,0,16,1,0
C:\projects\AppleEater-master\AppleEater\src\ca\jm\gameObject\Player.java,ca.jm.gameObject.Player,class,5,7,2,5,13,1,0,3,8,0.6,0.0,0.0,5,0,4,1,0,0,4,0,0,0,1,0,0,1,0,0,0,0,0,52,0,0,0,0,0,1,22,20,4,2,1,0,0,0,29,1,0
C:\projects\AppleEater-master\AppleEater\src\ca\jm\gameObject\ObjectId.java,ca.jm.gameObject.ObjectId,enum,0,2,2,0,0,1,0,0,0,0.0,-1.0,-1.0,0,0,0,0,0,0,0,0,0,0,0,0,0,0,0,0,0,0,0,1,0,0,0,0,0,0,0,0,0,0,0,0,0,0,6,1,0
C:\projects\AppleEater-master\AppleEater\src\ca\jm\gameState\GameState.java,ca.jm.gameState.GameState,class,2,4,2,2,4,1,1,0,6,0.0,0.0,0.0,4,0,1,0,3,0,4,3,0,0,0,0,0,0,0,0,0,0,0,7,0,0,0,0,0,0,0,0,0,0,0,0,0,0,13,1025,0
C:\projects\AppleEater-master\AppleEater\src\ca\jm\main\GameWindow.java,ca.jm.main.GameWindow,class,1,2,1,1,4,6,0,15,1,1.0,0.0,0.0,2,0,2,0,0,0,2,0,0,0,1,1,0,1,0,0,1,0,4,45,0,0,0,2,0,0,1,3,6,3,1,0,0,0,24,1,0
C:\projects\AppleEater-master\AppleEater\src\ca\jm\main\Screen.java,ca.jm.main.Screen,class,1,6,5,1,7,1,0,1,0,0.46666664,0.6666667,1.0,3,0,3,0,0,0,3,0,0,0,4,0,2,2,0,0,0,0,0,26,0,4,0,0,2,0,13,12,7,10,2,0,0,0,16,1,0
C:\projects\AppleEater-master\AppleEater\src\ca\jm\gameState\TestState.java,ca.jm.gameState.TestState,class,5,6,1,5,4,2,0,3,0,0.25,0.5,0.5,4,0,1,0,3,0,4,0,0,0,1,0,0,1,0,0,0,0,0,16,0,0,0,0,0,0,2,1,0,1,0,0,0,0,18,1,0
C:\projects\AppleEater-master\AppleEater\src\ca\jm\gameObject\GameObject.java,ca.jm.gameObject.GameObject,class,3,5,2,3,5,1,1,0,8,0.7666667,0.1,0.1,5,0,5,0,0,0,5,3,0,0,3,0,0,0,3,0,0,0,0,19,0,0,0,0,0,0,2,9,0,6,0,0,0,0,19,1025,0
C:\projects\AppleEater-master\AppleEater\src\ca\jm\main\KeyInput.java,ca.jm.main.KeyInput,class,1,4,3,1,4,1,0,1,0,0.6,1.0,1.0,4,0,4,0,0,0,4,0,0,0,2,0,1,1,0,0,0,0,0,19,0,0,0,0,0,0,1,8,0,5,0,0,0,0,19,1,0
C:\projects\AppleEater-master\AppleEater\src\ca\jm\main\Game.java,ca.jm.main.Game,class,5,8,3,5,18,3,0,26,22,0.83760685,0.19444445,0.41666666,9,2,9,0,0,0,9,0,0,2,13,6,7,6,0,0,5,0,4,102,2,2,2,1,2,5,17,33,6,24,2,0,0,0,77,1,0
C:\projects\AppleEater-master\AppleEater\src\ca\jm\gameState\GameStateManager.java,ca.jm.gameState.GameStateManager,class,4,8,4,4,7,1,0,6,0,0.5,1.0,1.0,6,0,6,0,0,0,6,0,0,0,5,0,2,3,0,0,2,0,0,33,0,0,1,0,0,0,2,8,0,5,1,0,0,0,27,1,0
