file,class,method,variable,usage
C:\projects\AppleEater-master\AppleEater\src\ca\jm\gameObject\Handler.java,ca.jm.gameObject.Handler,tick/0,objectList,2
C:\projects\AppleEater-master\AppleEater\src\ca\jm\gameObject\Handler.java,ca.jm.gameObject.Handler,render/1[java.awt.Graphics2D],objectList,2
C:\projects\AppleEater-master\AppleEater\src\ca\jm\gameObject\Handler.java,ca.jm.gameObject.Handler,removeObject/1[ca.jm.gameObject.GameObject],objectList,1
C:\projects\AppleEater-master\AppleEater\src\ca\jm\gameObject\Handler.java,ca.jm.gameObject.Handler,addObject/1[ca.jm.gameObject.GameObject],objectList,1
C:\projects\AppleEater-master\AppleEater\src\ca\jm\gameObject\Player.java,ca.jm.gameObject.Player,tick/0,velY,2
C:\projects\AppleEater-master\AppleEater\src\ca\jm\gameObject\Player.java,ca.jm.gameObject.Player,tick/0,velX,2
C:\projects\AppleEater-master\AppleEater\src\ca\jm\gameObject\Player.java,ca.jm.gameObject.Player,movement/0,velY,5
C:\projects\AppleEater-master\AppleEater\src\ca\jm\gameObject\Player.java,ca.jm.gameObject.Player,movement/0,velX,5
C:\projects\AppleEater-master\AppleEater\src\ca\jm\main\Screen.java,ca.jm.main.Screen,"Screen/2[int,int]",tiles,1
C:\projects\AppleEater-master\AppleEater\src\ca\jm\main\Screen.java,ca.jm.main.Screen,"Screen/2[int,int]",random,1
C:\projects\AppleEater-master\AppleEater\src\ca\jm\main\Screen.java,ca.jm.main.Screen,"Screen/2[int,int]",pixels,1
C:\projects\AppleEater-master\AppleEater\src\ca\jm\main\Screen.java,ca.jm.main.Screen,"Screen/2[int,int]",width,4
C:\projects\AppleEater-master\AppleEater\src\ca\jm\main\Screen.java,ca.jm.main.Screen,"Screen/2[int,int]",height,4
C:\projects\AppleEater-master\AppleEater\src\ca\jm\main\Screen.java,ca.jm.main.Screen,render/0,width,1
C:\projects\AppleEater-master\AppleEater\src\ca\jm\main\Screen.java,ca.jm.main.Screen,render/0,height,1
C:\projects\AppleEater-master\AppleEater\src\ca\jm\main\Screen.java,ca.jm.main.Screen,clear/0,pixels,1
C:\projects\AppleEater-master\AppleEater\src\ca\jm\gameState\TestState.java,ca.jm.gameState.TestState,"render/2[java.awt.Graphics2D,ca.jm.main.Screen]",handler,1
C:\projects\AppleEater-master\AppleEater\src\ca\jm\gameState\TestState.java,ca.jm.gameState.TestState,TestState/1[ca.jm.gameState.GameStateManager],handler,2
C:\projects\AppleEater-master\AppleEater\src\ca\jm\gameState\TestState.java,ca.jm.gameState.TestState,tick/0,handler,1
C:\projects\AppleEater-master\AppleEater\src\ca\jm\gameObject\GameObject.java,ca.jm.gameObject.GameObject,"GameObject/3[int,int,ca.jm.gameObject.ObjectId]",x,3
C:\projects\AppleEater-master\AppleEater\src\ca\jm\gameObject\GameObject.java,ca.jm.gameObject.GameObject,"GameObject/3[int,int,ca.jm.gameObject.ObjectId]",y,3
C:\projects\AppleEater-master\AppleEater\src\ca\jm\gameObject\GameObject.java,ca.jm.gameObject.GameObject,"GameObject/3[int,int,ca.jm.gameObject.ObjectId]",id,3
C:\projects\AppleEater-master\AppleEater\src\ca\jm\gameObject\GameObject.java,ca.jm.gameObject.GameObject,"GameObject/4[int,int,ca.jm.main.KeyInput,ca.jm.gameObject.ObjectId]",x,3
C:\projects\AppleEater-master\AppleEater\src\ca\jm\gameObject\GameObject.java,ca.jm.gameObject.GameObject,"GameObject/4[int,int,ca.jm.main.KeyInput,ca.jm.gameObject.ObjectId]",y,3
C:\projects\AppleEater-master\AppleEater\src\ca\jm\gameObject\GameObject.java,ca.jm.gameObject.GameObject,"GameObject/4[int,int,ca.jm.main.KeyInput,ca.jm.gameObject.ObjectId]",id,3
C:\projects\AppleEater-master\AppleEater\src\ca\jm\gameObject\GameObject.java,ca.jm.gameObject.GameObject,"GameObject/4[int,int,ca.jm.main.KeyInput,ca.jm.gameObject.ObjectId]",key,3
C:\projects\AppleEater-master\AppleEater\src\ca\jm\main\KeyInput.java,ca.jm.main.KeyInput,keyPressed/1[java.awt.event.KeyEvent],keys,1
C:\projects\AppleEater-master\AppleEater\src\ca\jm\main\KeyInput.java,ca.jm.main.KeyInput,keyReleased/1[java.awt.event.KeyEvent],keys,1
C:\projects\AppleEater-master\AppleEater\src\ca\jm\main\KeyInput.java,ca.jm.main.KeyInput,update/0,left,1
C:\projects\AppleEater-master\AppleEater\src\ca\jm\main\KeyInput.java,ca.jm.main.KeyInput,update/0,keys,8
C:\projects\AppleEater-master\AppleEater\src\ca\jm\main\KeyInput.java,ca.jm.main.KeyInput,update/0,up,1
C:\projects\AppleEater-master\AppleEater\src\ca\jm\main\KeyInput.java,ca.jm.main.KeyInput,update/0,right,1
C:\projects\AppleEater-master\AppleEater\src\ca\jm\main\KeyInput.java,ca.jm.main.KeyInput,update/0,down,1
C:\projects\AppleEater-master\AppleEater\src\ca\jm\main\KeyInput.java,ca.jm.main.KeyInput,keyTyped/1[java.awt.event.KeyEvent],keys,1
C:\projects\AppleEater-master\AppleEater\src\ca\jm\main\Game.java,ca.jm.main.Game,tick/0,gsm,1
C:\projects\AppleEater-master\AppleEater\src\ca\jm\main\Game.java,ca.jm.main.Game,tick/0,key,1
C:\projects\AppleEater-master\AppleEater\src\ca\jm\main\Game.java,ca.jm.main.Game,run/0,running,1
C:\projects\AppleEater-master\AppleEater\src\ca\jm\main\Game.java,ca.jm.main.Game,run/0,FPS,1
C:\projects\AppleEater-master\AppleEater\src\ca\jm\main\Game.java,ca.jm.main.Game,render/0,gsm,1
C:\projects\AppleEater-master\AppleEater\src\ca\jm\main\Game.java,ca.jm.main.Game,render/0,image,1
C:\projects\AppleEater-master\AppleEater\src\ca\jm\main\Game.java,ca.jm.main.Game,start/0,running,2
C:\projects\AppleEater-master\AppleEater\src\ca\jm\main\Game.java,ca.jm.main.Game,start/0,screen,1
C:\projects\AppleEater-master\AppleEater\src\ca\jm\main\Game.java,ca.jm.main.Game,start/0,WIDTH,1
C:\projects\AppleEater-master\AppleEater\src\ca\jm\main\Game.java,ca.jm.main.Game,start/0,thread,2
C:\projects\AppleEater-master\AppleEater\src\ca\jm\main\Game.java,ca.jm.main.Game,start/0,HEIGHT,1
C:\projects\AppleEater-master\AppleEater\src\ca\jm\main\Game.java,ca.jm.main.Game,stop/0,running,1
C:\projects\AppleEater-master\AppleEater\src\ca\jm\main\Game.java,ca.jm.main.Game,stop/0,thread,2
C:\projects\AppleEater-master\AppleEater\src\ca\jm\main\Game.java,ca.jm.main.Game,Game/0,gsm,1
C:\projects\AppleEater-master\AppleEater\src\ca\jm\main\Game.java,ca.jm.main.Game,Game/0,WIDTH,1
C:\projects\AppleEater-master\AppleEater\src\ca\jm\main\Game.java,ca.jm.main.Game,Game/0,TITLE,1
C:\projects\AppleEater-master\AppleEater\src\ca\jm\main\Game.java,ca.jm.main.Game,Game/0,SCALE,1
C:\projects\AppleEater-master\AppleEater\src\ca\jm\main\Game.java,ca.jm.main.Game,Game/0,HEIGHT,1
C:\projects\AppleEater-master\AppleEater\src\ca\jm\main\Game.java,ca.jm.main.Game,Game/0,key,2
C:\projects\AppleEater-master\AppleEater\src\ca\jm\gameState\GameStateManager.java,ca.jm.gameState.GameStateManager,unloadState/1[int],gameStates,1
C:\projects\AppleEater-master\AppleEater\src\ca\jm\gameState\GameStateManager.java,ca.jm.gameState.GameStateManager,loadState/1[int],gameStates,1
C:\projects\AppleEater-master\AppleEater\src\ca\jm\gameState\GameStateManager.java,ca.jm.gameState.GameStateManager,loadState/1[int],TEST_STATE,1
C:\projects\AppleEater-master\AppleEater\src\ca\jm\gameState\GameStateManager.java,ca.jm.gameState.GameStateManager,render/1[java.awt.Graphics2D],gameStates,1
C:\projects\AppleEater-master\AppleEater\src\ca\jm\gameState\GameStateManager.java,ca.jm.gameState.GameStateManager,render/1[java.awt.Graphics2D],currentState,1
C:\projects\AppleEater-master\AppleEater\src\ca\jm\gameState\GameStateManager.java,ca.jm.gameState.GameStateManager,GameStateManager/1[ca.jm.main.Game],game,3
C:\projects\AppleEater-master\AppleEater\src\ca\jm\gameState\GameStateManager.java,ca.jm.gameState.GameStateManager,GameStateManager/1[ca.jm.main.Game],gameStates,1
C:\projects\AppleEater-master\AppleEater\src\ca\jm\gameState\GameStateManager.java,ca.jm.gameState.GameStateManager,GameStateManager/1[ca.jm.main.Game],TEST_STATE,1
C:\projects\AppleEater-master\AppleEater\src\ca\jm\gameState\GameStateManager.java,ca.jm.gameState.GameStateManager,GameStateManager/1[ca.jm.main.Game],currentState,2
C:\projects\AppleEater-master\AppleEater\src\ca\jm\gameState\GameStateManager.java,ca.jm.gameState.GameStateManager,GameStateManager/1[ca.jm.main.Game],NUM_STATES,1
C:\projects\AppleEater-master\AppleEater\src\ca\jm\gameState\GameStateManager.java,ca.jm.gameState.GameStateManager,tick/0,gameStates,1
C:\projects\AppleEater-master\AppleEater\src\ca\jm\gameState\GameStateManager.java,ca.jm.gameState.GameStateManager,tick/0,currentState,1
C:\projects\AppleEater-master\AppleEater\src\ca\jm\gameState\GameStateManager.java,ca.jm.gameState.GameStateManager,setState/1[int],gameStates,1
C:\projects\AppleEater-master\AppleEater\src\ca\jm\gameState\GameStateManager.java,ca.jm.gameState.GameStateManager,setState/1[int],currentState,4
