file,class,method,constructor,line,cbo,cboModified,fanin,fanout,wmc,rfc,loc,returnsQty,variablesQty,parametersQty,methodsInvokedQty,methodsInvokedLocalQty,methodsInvokedIndirectLocalQty,loopQty,comparisonsQty,tryCatchQty,parenthesizedExpsQty,stringLiteralsQty,numbersQty,assignmentsQty,mathOperationsQty,maxNestedBlocksQty,anonymousClassesQty,innerClassesQty,lambdasQty,uniqueWordsQty,modifiers,logStatementsQty,hasJavaDoc
C:\projects\AppleEater-master\AppleEater\src\ca\jm\gameObject\Handler.java,ca.jm.gameObject.Handler,tick/0,false,19,1,2,1,1,2,3,6,0,2,0,3,0,0,1,0,0,0,0,1,2,0,1,0,0,0,5,1,0,false
C:\projects\AppleEater-master\AppleEater\src\ca\jm\gameObject\Handler.java,ca.jm.gameObject.Handler,render/1[java.awt.Graphics2D],false,26,1,2,1,1,2,3,6,0,2,1,3,0,0,1,0,0,0,0,1,2,0,1,0,0,0,8,1,0,false
C:\projects\AppleEater-master\AppleEater\src\ca\jm\gameObject\Handler.java,ca.jm.gameObject.Handler,removeObject/1[ca.jm.gameObject.GameObject],false,37,1,0,0,0,1,1,3,0,0,1,1,0,0,0,0,0,0,0,0,0,0,0,0,0,0,4,1,0,false
C:\projects\AppleEater-master\AppleEater\src\ca\jm\gameObject\Handler.java,ca.jm.gameObject.Handler,addObject/1[ca.jm.gameObject.GameObject],false,33,1,1,1,0,1,1,3,0,0,1,1,0,0,0,0,0,0,0,0,0,0,0,0,0,0,4,1,0,false
C:\projects\AppleEater-master\AppleEater\src\ca\jm\gameObject\Player.java,ca.jm.gameObject.Player,tick/0,false,49,1,1,0,1,5,1,19,0,0,0,1,1,1,0,0,0,0,0,12,8,4,1,0,0,0,9,1,0,false
C:\projects\AppleEater-master\AppleEater\src\ca\jm\gameObject\Player.java,ca.jm.gameObject.Player,"Player/4[int,int,ca.jm.main.KeyInput,ca.jm.gameObject.ObjectId]",true,20,2,1,1,0,1,0,3,0,0,4,0,0,0,0,0,0,0,0,0,0,0,0,0,0,0,2,1,0,false
C:\projects\AppleEater-master\AppleEater\src\ca\jm\gameObject\Player.java,ca.jm.gameObject.Player,render/1[java.awt.Graphics2D],false,71,0,0,0,0,1,2,4,0,0,1,2,0,0,0,0,0,0,0,0,0,0,0,0,0,0,4,1,0,false
C:\projects\AppleEater-master\AppleEater\src\ca\jm\gameObject\Player.java,ca.jm.gameObject.Player,movement/0,false,24,0,1,1,0,5,0,20,0,0,0,0,0,0,0,0,0,0,0,8,10,0,1,0,0,0,6,2,0,false
C:\projects\AppleEater-master\AppleEater\src\ca\jm\gameObject\Player.java,ca.jm.gameObject.Player,renderPixels/1[ca.jm.main.Screen],false,76,1,0,0,0,1,0,3,0,0,1,0,0,0,0,0,0,0,1,0,0,0,0,0,0,0,8,1,0,false
C:\projects\AppleEater-master\AppleEater\src\ca\jm\gameState\GameState.java,ca.jm.gameState.GameState,"render/2[java.awt.Graphics2D,ca.jm.main.Screen]",false,26,1,1,1,0,1,0,1,0,0,2,0,0,0,0,0,0,0,0,0,0,0,0,0,0,0,4,1028,0,false
C:\projects\AppleEater-master\AppleEater\src\ca\jm\gameState\GameState.java,ca.jm.gameState.GameState,init/0,false,23,0,1,1,0,1,0,1,0,0,0,0,0,0,0,0,0,0,0,0,0,0,0,0,0,0,1,1028,0,false
C:\projects\AppleEater-master\AppleEater\src\ca\jm\gameState\GameState.java,ca.jm.gameState.GameState,GameState/1[ca.jm.gameState.GameStateManager],true,19,1,0,0,0,1,0,2,0,0,1,0,0,0,0,0,0,0,0,0,0,0,0,0,0,0,4,1,0,false
C:\projects\AppleEater-master\AppleEater\src\ca\jm\gameState\GameState.java,ca.jm.gameState.GameState,tick/0,false,24,0,1,1,0,1,0,1,0,0,0,0,0,0,0,0,0,0,0,0,0,0,0,0,0,0,1,1028,0,false
C:\projects\AppleEater-master\AppleEater\src\ca\jm\main\GameWindow.java,ca.jm.main.GameWindow,"GameWindow/4[int,int,java.lang.String,ca.jm.main.Game]",true,35,1,0,0,0,2,15,21,0,1,4,15,0,0,0,0,1,0,0,0,1,0,1,0,0,0,15,1,0,false
C:\projects\AppleEater-master\AppleEater\src\ca\jm\main\GameWindow.java,ca.jm.main.GameWindow,"GameWindow/5[int,int,int,java.lang.String,ca.jm.main.Game]",true,13,1,1,1,0,2,15,21,0,1,5,15,0,0,0,0,1,0,0,0,1,6,1,0,0,0,17,1,0,false
C:\projects\AppleEater-master\AppleEater\src\ca\jm\main\Screen.java,ca.jm.main.Screen,"Screen/2[int,int]",true,21,1,1,1,0,2,1,8,0,1,2,1,0,0,1,0,0,0,0,4,5,2,1,0,0,0,6,1,0,false
C:\projects\AppleEater-master\AppleEater\src\ca\jm\main\Screen.java,ca.jm.main.Screen,render/0,false,36,0,0,0,0,3,0,7,0,3,0,0,0,0,2,0,0,2,0,5,3,4,2,0,0,0,7,1,0,false
C:\projects\AppleEater-master\AppleEater\src\ca\jm\main\Screen.java,ca.jm.main.Screen,clear/0,false,30,0,0,0,0,2,0,5,0,1,0,0,0,0,1,0,0,0,0,2,2,0,1,0,0,0,2,1,0,false
C:\projects\AppleEater-master\AppleEater\src\ca\jm\gameState\TestState.java,ca.jm.gameState.TestState,"render/2[java.awt.Graphics2D,ca.jm.main.Screen]",false,36,2,1,0,1,1,1,3,0,0,2,1,0,0,0,0,0,0,0,0,0,0,0,0,0,0,5,4,0,false
C:\projects\AppleEater-master\AppleEater\src\ca\jm\gameState\TestState.java,ca.jm.gameState.TestState,TestState/1[ca.jm.gameState.GameStateManager],true,23,3,4,1,3,1,1,5,0,0,1,1,0,0,0,0,0,0,0,2,1,0,0,0,0,0,8,1,0,false
C:\projects\AppleEater-master\AppleEater\src\ca\jm\gameState\TestState.java,ca.jm.gameState.TestState,tick/0,false,32,1,1,0,1,1,1,3,0,0,0,1,0,0,0,0,0,0,0,0,0,0,0,0,0,0,1,4,0,false
C:\projects\AppleEater-master\AppleEater\src\ca\jm\gameState\TestState.java,ca.jm.gameState.TestState,init/0,false,29,0,0,0,0,1,0,2,0,0,0,0,0,0,0,0,0,0,0,0,0,0,0,0,0,0,1,4,0,false
C:\projects\AppleEater-master\AppleEater\src\ca\jm\gameObject\GameObject.java,ca.jm.gameObject.GameObject,tick/0,false,34,0,1,1,0,1,0,1,0,0,0,0,0,0,0,0,0,0,0,0,0,0,0,0,0,0,1,1025,0,false
C:\projects\AppleEater-master\AppleEater\src\ca\jm\gameObject\GameObject.java,ca.jm.gameObject.GameObject,renderPixels/1[ca.jm.main.Screen],false,37,1,0,0,0,1,0,1,0,0,1,0,0,0,0,0,0,0,0,0,0,0,0,0,0,0,4,1025,0,false
C:\projects\AppleEater-master\AppleEater\src\ca\jm\gameObject\GameObject.java,ca.jm.gameObject.GameObject,"GameObject/3[int,int,ca.jm.gameObject.ObjectId]",true,28,1,0,0,0,1,0,5,0,0,3,0,0,0,0,0,0,0,0,0,3,0,0,0,0,0,5,1,0,false
C:\projects\AppleEater-master\AppleEater\src\ca\jm\gameObject\GameObject.java,ca.jm.gameObject.GameObject,render/1[java.awt.Graphics2D],false,36,0,1,1,0,1,0,1,0,0,1,0,0,0,0,0,0,0,0,0,0,0,0,0,0,0,2,1025,0,false
C:\projects\AppleEater-master\AppleEater\src\ca\jm\gameObject\GameObject.java,ca.jm.gameObject.GameObject,"GameObject/4[int,int,ca.jm.main.KeyInput,ca.jm.gameObject.ObjectId]",true,21,2,0,0,0,1,0,6,0,0,4,0,0,0,0,0,0,0,0,0,4,0,0,0,0,0,6,1,0,false
C:\projects\AppleEater-master\AppleEater\src\ca\jm\main\KeyInput.java,ca.jm.main.KeyInput,keyPressed/1[java.awt.event.KeyEvent],false,33,0,0,0,0,1,1,3,0,0,1,1,0,0,0,0,0,0,0,0,1,0,0,0,0,0,6,1,0,false
C:\projects\AppleEater-master\AppleEater\src\ca\jm\main\KeyInput.java,ca.jm.main.KeyInput,keyReleased/1[java.awt.event.KeyEvent],false,37,0,0,0,0,1,1,3,0,0,1,1,0,0,0,0,0,0,0,0,1,0,0,0,0,0,6,1,0,false
C:\projects\AppleEater-master\AppleEater\src\ca\jm\main\KeyInput.java,ca.jm.main.KeyInput,update/0,false,20,0,1,1,0,1,0,6,0,0,0,0,0,0,0,0,0,0,0,0,4,0,0,0,0,0,5,1,0,false
C:\projects\AppleEater-master\AppleEater\src\ca\jm\main\KeyInput.java,ca.jm.main.KeyInput,keyTyped/1[java.awt.event.KeyEvent],false,29,0,0,0,0,1,1,3,0,0,1,1,0,0,0,0,0,0,0,0,1,0,0,0,0,0,6,1,0,false
C:\projects\AppleEater-master\AppleEater\src\ca\jm\main\Game.java,ca.jm.main.Game,tick/0,false,99,2,3,1,2,1,2,4,0,0,0,2,0,0,0,0,0,0,0,0,0,0,0,0,0,0,1,1,0,false
C:\projects\AppleEater-master\AppleEater\src\ca\jm\main\Game.java,ca.jm.main.Game,run/0,false,67,1,3,0,3,4,6,29,0,8,0,6,3,1,2,0,0,1,2,10,14,5,2,0,0,0,19,1,0,false
C:\projects\AppleEater-master\AppleEater\src\ca\jm\main\Game.java,ca.jm.main.Game,render/0,false,104,1,2,1,1,2,9,12,1,2,0,9,0,0,0,1,0,0,0,3,2,0,1,0,0,0,8,1,0,false
C:\projects\AppleEater-master\AppleEater\src\ca\jm\main\Game.java,ca.jm.main.Game,"clamp/3[int,int,int]",false,128,0,0,0,0,3,0,8,0,0,3,0,0,0,0,0,0,0,0,0,2,0,1,0,0,0,4,9,0,false
C:\projects\AppleEater-master\AppleEater\src\ca\jm\main\Game.java,ca.jm.main.Game,start/0,false,45,1,2,1,1,2,1,9,1,0,0,1,0,0,0,0,0,0,0,0,3,0,1,0,0,0,7,33,0,false
C:\projects\AppleEater-master\AppleEater\src\ca\jm\main\Game.java,ca.jm.main.Game,stop/0,false,56,0,0,0,0,3,2,11,0,0,0,2,0,0,0,1,1,0,0,0,1,0,2,0,0,0,8,33,0,false
C:\projects\AppleEater-master\AppleEater\src\ca\jm\main\Game.java,ca.jm.main.Game,init/0,false,42,0,1,1,0,1,0,2,0,0,0,0,0,0,0,0,0,0,0,0,0,0,0,0,0,0,1,1,0,false
C:\projects\AppleEater-master\AppleEater\src\ca\jm\main\Game.java,ca.jm.main.Game,main/1[java.lang.String[]],false,138,1,2,0,2,1,5,6,0,1,1,5,1,1,0,0,0,0,2,0,1,1,0,0,0,0,3,9,0,false
C:\projects\AppleEater-master\AppleEater\src\ca\jm\main\Game.java,ca.jm.main.Game,Game/0,true,35,3,4,1,3,1,1,6,0,0,0,1,0,0,0,0,0,0,0,0,2,0,0,0,0,0,10,1,0,false
C:\projects\AppleEater-master\AppleEater\src\ca\jm\gameState\GameStateManager.java,ca.jm.gameState.GameStateManager,unloadState/1[int],false,38,0,1,1,0,1,0,3,0,0,1,0,0,0,0,0,0,0,0,0,1,0,0,0,0,0,4,1,0,false
C:\projects\AppleEater-master\AppleEater\src\ca\jm\gameState\GameStateManager.java,ca.jm.gameState.GameStateManager,loadState/1[int],false,32,1,2,1,1,2,0,5,0,0,1,0,0,0,0,1,0,0,0,0,1,0,1,0,0,0,9,1,0,false
C:\projects\AppleEater-master\AppleEater\src\ca\jm\gameState\GameStateManager.java,ca.jm.gameState.GameStateManager,render/1[java.awt.Graphics2D],false,59,1,2,1,1,1,1,3,0,0,1,1,0,0,0,0,0,0,0,0,0,0,0,0,0,0,4,1,0,false
C:\projects\AppleEater-master\AppleEater\src\ca\jm\gameState\GameStateManager.java,ca.jm.gameState.GameStateManager,GameStateManager/1[ca.jm.main.Game],true,25,3,2,1,1,1,1,6,0,0,1,1,1,2,0,0,0,0,0,0,3,0,0,0,0,0,12,1,0,false
C:\projects\AppleEater-master\AppleEater\src\ca\jm\gameState\GameStateManager.java,ca.jm.gameState.GameStateManager,tick/0,false,55,1,2,1,1,1,1,3,0,0,0,1,0,0,0,0,0,0,0,0,0,0,0,0,0,0,1,1,0,false
C:\projects\AppleEater-master\AppleEater\src\ca\jm\gameState\GameStateManager.java,ca.jm.gameState.GameStateManager,setState/1[int],false,42,2,4,1,3,1,3,6,0,0,1,3,2,1,0,0,0,0,0,0,1,0,0,0,0,0,6,1,0,false
