file,class,method,variable,usage
C:\projects\AppleEater-master\AppleEater\src\ca\jm\gameObject\Handler.java,ca.jm.gameObject.Handler,tick/0,tempObject,1
C:\projects\AppleEater-master\AppleEater\src\ca\jm\gameObject\Handler.java,ca.jm.gameObject.Handler,tick/0,i,3
C:\projects\AppleEater-master\AppleEater\src\ca\jm\gameObject\Handler.java,ca.jm.gameObject.Handler,render/1[java.awt.Graphics2D],tempObject,1
C:\projects\AppleEater-master\AppleEater\src\ca\jm\gameObject\Handler.java,ca.jm.gameObject.Handler,render/1[java.awt.Graphics2D],g,1
C:\projects\AppleEater-master\AppleEater\src\ca\jm\gameObject\Handler.java,ca.jm.gameObject.Handler,render/1[java.awt.Graphics2D],i,3
C:\projects\AppleEater-master\AppleEater\src\ca\jm\gameObject\Handler.java,ca.jm.gameObject.Handler,removeObject/1[ca.jm.gameObject.GameObject],object,1
C:\projects\AppleEater-master\AppleEater\src\ca\jm\gameObject\Handler.java,ca.jm.gameObject.Handler,addObject/1[ca.jm.gameObject.GameObject],object,1
C:\projects\AppleEater-master\AppleEater\src\ca\jm\gameObject\Player.java,ca.jm.gameObject.Player,"Player/4[int,int,ca.jm.main.KeyInput,ca.jm.gameObject.ObjectId]",x,1
C:\projects\AppleEater-master\AppleEater\src\ca\jm\gameObject\Player.java,ca.jm.gameObject.Player,"Player/4[int,int,ca.jm.main.KeyInput,ca.jm.gameObject.ObjectId]",y,1
C:\projects\AppleEater-master\AppleEater\src\ca\jm\gameObject\Player.java,ca.jm.gameObject.Player,"Player/4[int,int,ca.jm.main.KeyInput,ca.jm.gameObject.ObjectId]",id,1
C:\projects\AppleEater-master\AppleEater\src\ca\jm\gameObject\Player.java,ca.jm.gameObject.Player,"Player/4[int,int,ca.jm.main.KeyInput,ca.jm.gameObject.ObjectId]",key,1
C:\projects\AppleEater-master\AppleEater\src\ca\jm\gameObject\Player.java,ca.jm.gameObject.Player,render/1[java.awt.Graphics2D],g,2
C:\projects\AppleEater-master\AppleEater\src\ca\jm\gameObject\Player.java,ca.jm.gameObject.Player,renderPixels/1[ca.jm.main.Screen],screen,0
C:\projects\AppleEater-master\AppleEater\src\ca\jm\gameState\GameState.java,ca.jm.gameState.GameState,"render/2[java.awt.Graphics2D,ca.jm.main.Screen]",g,0
C:\projects\AppleEater-master\AppleEater\src\ca\jm\gameState\GameState.java,ca.jm.gameState.GameState,"render/2[java.awt.Graphics2D,ca.jm.main.Screen]",screen,0
C:\projects\AppleEater-master\AppleEater\src\ca\jm\gameState\GameState.java,ca.jm.gameState.GameState,GameState/1[ca.jm.gameState.GameStateManager],gsm,0
C:\projects\AppleEater-master\AppleEater\src\ca\jm\main\GameWindow.java,ca.jm.main.GameWindow,"GameWindow/4[int,int,java.lang.String,ca.jm.main.Game]",game,1
C:\projects\AppleEater-master\AppleEater\src\ca\jm\main\GameWindow.java,ca.jm.main.GameWindow,"GameWindow/4[int,int,java.lang.String,ca.jm.main.Game]",e,1
C:\projects\AppleEater-master\AppleEater\src\ca\jm\main\GameWindow.java,ca.jm.main.GameWindow,"GameWindow/4[int,int,java.lang.String,ca.jm.main.Game]",width,3
C:\projects\AppleEater-master\AppleEater\src\ca\jm\main\GameWindow.java,ca.jm.main.GameWindow,"GameWindow/4[int,int,java.lang.String,ca.jm.main.Game]",title,1
C:\projects\AppleEater-master\AppleEater\src\ca\jm\main\GameWindow.java,ca.jm.main.GameWindow,"GameWindow/4[int,int,java.lang.String,ca.jm.main.Game]",height,3
C:\projects\AppleEater-master\AppleEater\src\ca\jm\main\GameWindow.java,ca.jm.main.GameWindow,"GameWindow/4[int,int,java.lang.String,ca.jm.main.Game]",frame,12
C:\projects\AppleEater-master\AppleEater\src\ca\jm\main\GameWindow.java,ca.jm.main.GameWindow,"GameWindow/5[int,int,int,java.lang.String,ca.jm.main.Game]",game,1
C:\projects\AppleEater-master\AppleEater\src\ca\jm\main\GameWindow.java,ca.jm.main.GameWindow,"GameWindow/5[int,int,int,java.lang.String,ca.jm.main.Game]",e,1
C:\projects\AppleEater-master\AppleEater\src\ca\jm\main\GameWindow.java,ca.jm.main.GameWindow,"GameWindow/5[int,int,int,java.lang.String,ca.jm.main.Game]",width,3
C:\projects\AppleEater-master\AppleEater\src\ca\jm\main\GameWindow.java,ca.jm.main.GameWindow,"GameWindow/5[int,int,int,java.lang.String,ca.jm.main.Game]",scale,6
C:\projects\AppleEater-master\AppleEater\src\ca\jm\main\GameWindow.java,ca.jm.main.GameWindow,"GameWindow/5[int,int,int,java.lang.String,ca.jm.main.Game]",title,1
C:\projects\AppleEater-master\AppleEater\src\ca\jm\main\GameWindow.java,ca.jm.main.GameWindow,"GameWindow/5[int,int,int,java.lang.String,ca.jm.main.Game]",height,3
C:\projects\AppleEater-master\AppleEater\src\ca\jm\main\GameWindow.java,ca.jm.main.GameWindow,"GameWindow/5[int,int,int,java.lang.String,ca.jm.main.Game]",frame,12
C:\projects\AppleEater-master\AppleEater\src\ca\jm\main\Screen.java,ca.jm.main.Screen,"Screen/2[int,int]",width,3
C:\projects\AppleEater-master\AppleEater\src\ca\jm\main\Screen.java,ca.jm.main.Screen,"Screen/2[int,int]",i,3
C:\projects\AppleEater-master\AppleEater\src\ca\jm\main\Screen.java,ca.jm.main.Screen,"Screen/2[int,int]",height,3
C:\projects\AppleEater-master\AppleEater\src\ca\jm\main\Screen.java,ca.jm.main.Screen,render/0,x,3
C:\projects\AppleEater-master\AppleEater\src\ca\jm\main\Screen.java,ca.jm.main.Screen,render/0,y,3
C:\projects\AppleEater-master\AppleEater\src\ca\jm\main\Screen.java,ca.jm.main.Screen,render/0,tilesIndex,0
C:\projects\AppleEater-master\AppleEater\src\ca\jm\main\Screen.java,ca.jm.main.Screen,clear/0,i,3
C:\projects\AppleEater-master\AppleEater\src\ca\jm\gameState\TestState.java,ca.jm.gameState.TestState,"render/2[java.awt.Graphics2D,ca.jm.main.Screen]",g,1
C:\projects\AppleEater-master\AppleEater\src\ca\jm\gameState\TestState.java,ca.jm.gameState.TestState,"render/2[java.awt.Graphics2D,ca.jm.main.Screen]",screen,0
C:\projects\AppleEater-master\AppleEater\src\ca\jm\gameState\TestState.java,ca.jm.gameState.TestState,TestState/1[ca.jm.gameState.GameStateManager],gsm,2
C:\projects\AppleEater-master\AppleEater\src\ca\jm\gameObject\GameObject.java,ca.jm.gameObject.GameObject,renderPixels/1[ca.jm.main.Screen],screen,0
C:\projects\AppleEater-master\AppleEater\src\ca\jm\gameObject\GameObject.java,ca.jm.gameObject.GameObject,"GameObject/3[int,int,ca.jm.gameObject.ObjectId]",x,2
C:\projects\AppleEater-master\AppleEater\src\ca\jm\gameObject\GameObject.java,ca.jm.gameObject.GameObject,"GameObject/3[int,int,ca.jm.gameObject.ObjectId]",y,2
C:\projects\AppleEater-master\AppleEater\src\ca\jm\gameObject\GameObject.java,ca.jm.gameObject.GameObject,"GameObject/3[int,int,ca.jm.gameObject.ObjectId]",id,2
C:\projects\AppleEater-master\AppleEater\src\ca\jm\gameObject\GameObject.java,ca.jm.gameObject.GameObject,render/1[java.awt.Graphics2D],g,0
C:\projects\AppleEater-master\AppleEater\src\ca\jm\gameObject\GameObject.java,ca.jm.gameObject.GameObject,"GameObject/4[int,int,ca.jm.main.KeyInput,ca.jm.gameObject.ObjectId]",x,2
C:\projects\AppleEater-master\AppleEater\src\ca\jm\gameObject\GameObject.java,ca.jm.gameObject.GameObject,"GameObject/4[int,int,ca.jm.main.KeyInput,ca.jm.gameObject.ObjectId]",y,2
C:\projects\AppleEater-master\AppleEater\src\ca\jm\gameObject\GameObject.java,ca.jm.gameObject.GameObject,"GameObject/4[int,int,ca.jm.main.KeyInput,ca.jm.gameObject.ObjectId]",id,2
C:\projects\AppleEater-master\AppleEater\src\ca\jm\gameObject\GameObject.java,ca.jm.gameObject.GameObject,"GameObject/4[int,int,ca.jm.main.KeyInput,ca.jm.gameObject.ObjectId]",key,2
C:\projects\AppleEater-master\AppleEater\src\ca\jm\main\KeyInput.java,ca.jm.main.KeyInput,keyPressed/1[java.awt.event.KeyEvent],e,1
C:\projects\AppleEater-master\AppleEater\src\ca\jm\main\KeyInput.java,ca.jm.main.KeyInput,keyReleased/1[java.awt.event.KeyEvent],e,1
C:\projects\AppleEater-master\AppleEater\src\ca\jm\main\KeyInput.java,ca.jm.main.KeyInput,keyTyped/1[java.awt.event.KeyEvent],e,1
C:\projects\AppleEater-master\AppleEater\src\ca\jm\main\Game.java,ca.jm.main.Game,run/0,lastTime,2
C:\projects\AppleEater-master\AppleEater\src\ca\jm\main\Game.java,ca.jm.main.Game,run/0,timer,2
C:\projects\AppleEater-master\AppleEater\src\ca\jm\main\Game.java,ca.jm.main.Game,run/0,frames,4
C:\projects\AppleEater-master\AppleEater\src\ca\jm\main\Game.java,ca.jm.main.Game,run/0,ns,1
C:\projects\AppleEater-master\AppleEater\src\ca\jm\main\Game.java,ca.jm.main.Game,run/0,now,2
C:\projects\AppleEater-master\AppleEater\src\ca\jm\main\Game.java,ca.jm.main.Game,run/0,delta,3
C:\projects\AppleEater-master\AppleEater\src\ca\jm\main\Game.java,ca.jm.main.Game,run/0,amountOfTicks,1
C:\projects\AppleEater-master\AppleEater\src\ca\jm\main\Game.java,ca.jm.main.Game,run/0,updates,3
C:\projects\AppleEater-master\AppleEater\src\ca\jm\main\Game.java,ca.jm.main.Game,render/0,bs,3
C:\projects\AppleEater-master\AppleEater\src\ca\jm\main\Game.java,ca.jm.main.Game,render/0,g,3
C:\projects\AppleEater-master\AppleEater\src\ca\jm\main\Game.java,ca.jm.main.Game,"clamp/3[int,int,int]",min,2
C:\projects\AppleEater-master\AppleEater\src\ca\jm\main\Game.java,ca.jm.main.Game,"clamp/3[int,int,int]",max,2
C:\projects\AppleEater-master\AppleEater\src\ca\jm\main\Game.java,ca.jm.main.Game,"clamp/3[int,int,int]",value,4
C:\projects\AppleEater-master\AppleEater\src\ca\jm\main\Game.java,ca.jm.main.Game,stop/0,e,1
C:\projects\AppleEater-master\AppleEater\src\ca\jm\main\Game.java,ca.jm.main.Game,main/1[java.lang.String[]],args,0
C:\projects\AppleEater-master\AppleEater\src\ca\jm\main\Game.java,ca.jm.main.Game,main/1[java.lang.String[]],game,4
C:\projects\AppleEater-master\AppleEater\src\ca\jm\gameState\GameStateManager.java,ca.jm.gameState.GameStateManager,unloadState/1[int],state,1
C:\projects\AppleEater-master\AppleEater\src\ca\jm\gameState\GameStateManager.java,ca.jm.gameState.GameStateManager,loadState/1[int],state,2
C:\projects\AppleEater-master\AppleEater\src\ca\jm\gameState\GameStateManager.java,ca.jm.gameState.GameStateManager,render/1[java.awt.Graphics2D],g,1
C:\projects\AppleEater-master\AppleEater\src\ca\jm\gameState\GameStateManager.java,ca.jm.gameState.GameStateManager,GameStateManager/1[ca.jm.main.Game],game,2
C:\projects\AppleEater-master\AppleEater\src\ca\jm\gameState\GameStateManager.java,ca.jm.gameState.GameStateManager,setState/1[int],state,1
