file,class,type,cbo,cboModified,fanin,fanout,wmc,dit,noc,rfc,lcom,lcom*,tcc,lcc,totalMethodsQty,staticMethodsQty,publicMethodsQty,privateMethodsQty,protectedMethodsQty,defaultMethodsQty,visibleMethodsQty,abstractMethodsQty,finalMethodsQty,synchronizedMethodsQty,totalFieldsQty,staticFieldsQty,publicFieldsQty,privateFieldsQty,protectedFieldsQty,defaultFieldsQty,finalFieldsQty,synchronizedFieldsQty,nosi,loc,returnQty,loopQty,comparisonsQty,tryCatchQty,parenthesizedExpsQty,stringLiteralsQty,numbersQty,assignmentsQty,mathOperationsQty,variablesQty,maxNestedBlocksQty,anonymousClassesQty,innerClassesQty,lambdasQty,uniqueWordsQty,modifiers,logStatementsQty
C:\projects\WordBrainSolver-master\src\WordBrainSolver\Tester.java,WordBrainSolver.Tester,class,4,4,0,4,3,1,0,6,0,0.0,NaN,NaN,1,1,1,0,0,0,1,0,0,0,0,0,0,0,0,0,0,0,2,22,0,1,0,1,0,8,9,7,2,7,2,0,0,0,29,1,0
C:\projects\WordBrainSolver-master\src\WordBrainSolver\Logger.java,WordBrainSolver.Logger,class,1,4,3,1,5,1,0,7,0,0.25,0.5,0.5,4,1,4,0,0,0,4,0,0,0,1,0,0,1,0,0,0,0,1,24,0,0,0,1,0,4,0,3,0,3,1,0,0,0,20,1,0
C:\projects\WordBrainSolver-master\src\WordBrainSolver\Solver.java,WordBrainSolver.Solver,class,8,10,2,8,10,1,0,12,0,0.33333334,1.0,1.0,3,0,3,0,0,0,3,0,0,0,3,0,0,3,0,0,0,0,2,37,1,2,1,0,0,2,3,11,6,7,4,0,0,0,28,1,0
C:\projects\WordBrainSolver-master\src\WordBrainSolver\WordCube.java,WordBrainSolver.WordCube$Anonymous1,anonymous,1,1,0,1,1,1,0,0,0,0.0,NaN,NaN,1,0,1,0,0,0,1,0,0,0,0,0,0,0,0,0,0,0,0,5,1,0,0,0,0,0,0,0,1,0,0,0,0,0,3,-1,0
C:\projects\WordBrainSolver-master\src\WordBrainSolver\ListCellHelp.java,WordBrainSolver.ListCellHelp,class,1,3,2,1,2,1,0,2,0,0.0,NaN,NaN,1,1,1,0,0,0,1,0,0,0,0,0,0,0,0,0,0,0,0,9,1,1,0,0,0,0,0,1,0,1,1,0,0,0,10,1,0
C:\projects\WordBrainSolver-master\src\WordBrainSolver\Cell.java,WordBrainSolver.Cell,class,0,4,4,0,1,1,0,0,0,0.0,NaN,NaN,1,0,1,0,0,0,1,0,0,0,3,0,3,0,0,0,0,0,0,10,0,0,0,0,0,0,0,3,0,3,0,0,0,0,4,1,0
C:\projects\WordBrainSolver-master\src\WordBrainSolver\Language.java,WordBrainSolver.Language,class,2,5,3,2,28,1,0,30,0,0.5714286,0.6,0.6,7,1,5,2,0,0,5,0,0,0,3,1,1,2,0,0,0,0,7,98,7,6,1,1,1,13,10,15,1,14,4,0,0,0,70,1,0
C:\projects\WordBrainSolver-master\src\WordBrainSolver\WordCube.java,WordBrainSolver.WordCube,class,5,8,3,5,46,1,0,28,4,0.5555556,0.7619048,1.0,9,0,7,2,0,0,7,0,0,0,2,0,2,0,0,0,0,0,12,127,9,20,11,1,2,4,29,40,11,35,4,1,0,0,68,1,0
