file,class,method,variable,usage
C:\projects\WordBrainSolver-master\src\WordBrainSolver\Logger.java,WordBrainSolver.Logger,log/1[java.lang.String],sw,1
C:\projects\WordBrainSolver-master\src\WordBrainSolver\Logger.java,WordBrainSolver.Logger,close/0,sw,1
C:\projects\WordBrainSolver-master\src\WordBrainSolver\Logger.java,WordBrainSolver.Logger,Logger/0,sw,1
C:\projects\WordBrainSolver-master\src\WordBrainSolver\Solver.java,WordBrainSolver.Solver,"Solver/2[WordBrainSolver.Logger,int[]]",English,1
C:\projects\WordBrainSolver-master\src\WordBrainSolver\Solver.java,WordBrainSolver.Solver,"Solver/2[WordBrainSolver.Logger,int[]]",l,1
C:\projects\WordBrainSolver-master\src\WordBrainSolver\Solver.java,WordBrainSolver.Solver,"GetPermutations/5[int[],WordBrainSolver.WordCube,java.lang.String,int,java.lang.String]",English,4
C:\projects\WordBrainSolver-master\src\WordBrainSolver\Solver.java,WordBrainSolver.Solver,"GetPermutations/5[int[],WordBrainSolver.WordCube,java.lang.String,int,java.lang.String]",potentialSolutions,4
C:\projects\WordBrainSolver-master\src\WordBrainSolver\Solver.java,WordBrainSolver.Solver,"GetPermutations/5[int[],WordBrainSolver.WordCube,java.lang.String,int,java.lang.String]",l,1
C:\projects\WordBrainSolver-master\src\WordBrainSolver\Solver.java,WordBrainSolver.Solver,"Solver/3[WordBrainSolver.Logger,int[],char[][]]",l,1
C:\projects\WordBrainSolver-master\src\WordBrainSolver\Cell.java,WordBrainSolver.Cell,"Cell/3[char,int,int]",val,3
C:\projects\WordBrainSolver-master\src\WordBrainSolver\Cell.java,WordBrainSolver.Cell,"Cell/3[char,int,int]",ycord,3
C:\projects\WordBrainSolver-master\src\WordBrainSolver\Cell.java,WordBrainSolver.Cell,"Cell/3[char,int,int]",xcord,3
C:\projects\WordBrainSolver-master\src\WordBrainSolver\Language.java,WordBrainSolver.Language,"Contains/2[java.lang.String,int]",presolved_words,3
C:\projects\WordBrainSolver-master\src\WordBrainSolver\Language.java,WordBrainSolver.Language,"Contains/2[java.lang.String,int]",words,1
C:\projects\WordBrainSolver-master\src\WordBrainSolver\Language.java,WordBrainSolver.Language,hasWords/0,words,1
C:\projects\WordBrainSolver-master\src\WordBrainSolver\Language.java,WordBrainSolver.Language,"Language/2[int[],java.lang.String]",presolved_words,2
C:\projects\WordBrainSolver-master\src\WordBrainSolver\Language.java,WordBrainSolver.Language,"Language/2[int[],java.lang.String]",words,4
C:\projects\WordBrainSolver-master\src\WordBrainSolver\Language.java,WordBrainSolver.Language,basecase/1[int[]],words,3
C:\projects\WordBrainSolver-master\src\WordBrainSolver\Language.java,WordBrainSolver.Language,"SubstringFound/2[java.lang.String,int]",words,1
C:\projects\WordBrainSolver-master\src\WordBrainSolver\Language.java,WordBrainSolver.Language,LoadAWordSize/1[int],words,1
C:\projects\WordBrainSolver-master\src\WordBrainSolver\WordCube.java,WordBrainSolver.WordCube,takeOut/1[java.util.ArrayList<WordBrainSolver.Cell>],Dict,1
C:\projects\WordBrainSolver-master\src\WordBrainSolver\WordCube.java,WordBrainSolver.WordCube,takeOut/1[java.util.ArrayList<WordBrainSolver.Cell>],theBoard,1
C:\projects\WordBrainSolver-master\src\WordBrainSolver\WordCube.java,WordBrainSolver.WordCube,WordCube/1[java.lang.String],theBoard,2
C:\projects\WordBrainSolver-master\src\WordBrainSolver\WordCube.java,WordBrainSolver.WordCube,printBoard/0,theBoard,2
C:\projects\WordBrainSolver-master\src\WordBrainSolver\WordCube.java,WordBrainSolver.WordCube,SlideEmDown/0,theBoard,3
C:\projects\WordBrainSolver-master\src\WordBrainSolver\WordCube.java,WordBrainSolver.WordCube,WordCube/1[char[][]],theBoard,2
C:\projects\WordBrainSolver-master\src\WordBrainSolver\WordCube.java,WordBrainSolver.WordCube,"allPerms/3[java.util.ArrayList<WordBrainSolver.Cell>,int,java.util.Map<java.lang.Integer,java.util.ArrayList<WordBrainSolver.Cell>>]",Dict,1
C:\projects\WordBrainSolver-master\src\WordBrainSolver\WordCube.java,WordBrainSolver.WordCube,GetNeighbors/1[java.util.ArrayList<WordBrainSolver.Cell>],theBoard,2
