file,class,method,constructor,line,cbo,cboModified,fanin,fanout,wmc,rfc,loc,returnsQty,variablesQty,parametersQty,methodsInvokedQty,methodsInvokedLocalQty,methodsInvokedIndirectLocalQty,loopQty,comparisonsQty,tryCatchQty,parenthesizedExpsQty,stringLiteralsQty,numbersQty,assignmentsQty,mathOperationsQty,maxNestedBlocksQty,anonymousClassesQty,innerClassesQty,lambdasQty,uniqueWordsQty,modifiers,logStatementsQty,hasJavaDoc
C:\projects\WordBrainSolver-master\src\WordBrainSolver\Tester.java,WordBrainSolver.Tester,main/1[java.lang.String[]],false,8,4,5,0,5,3,6,20,0,7,1,6,0,0,1,0,1,0,8,9,7,2,2,0,0,0,28,9,0,false
C:\projects\WordBrainSolver-master\src\WordBrainSolver\Logger.java,WordBrainSolver.Logger,log/1[java.lang.String],false,38,0,3,3,0,1,2,4,0,0,1,2,0,0,0,0,0,0,0,0,0,0,0,0,0,0,2,1,0,false
C:\projects\WordBrainSolver-master\src\WordBrainSolver\Logger.java,WordBrainSolver.Logger,close/0,false,33,0,1,1,0,1,1,3,0,0,0,1,0,0,0,0,0,0,0,0,0,0,0,0,0,0,1,1,0,false
C:\projects\WordBrainSolver-master\src\WordBrainSolver\Logger.java,WordBrainSolver.Logger,main/1[java.lang.String[]],false,12,1,3,0,3,1,2,5,0,1,1,2,2,1,0,0,0,0,1,0,1,0,0,0,0,0,6,9,0,false
C:\projects\WordBrainSolver-master\src\WordBrainSolver\Logger.java,WordBrainSolver.Logger,Logger/0,true,19,0,2,2,0,2,3,9,0,1,0,3,0,0,0,0,1,0,3,0,2,0,1,0,0,0,12,1,0,false
C:\projects\WordBrainSolver-master\src\WordBrainSolver\Solver.java,WordBrainSolver.Solver,"Solver/2[WordBrainSolver.Logger,int[]]",true,12,3,2,1,1,1,0,4,0,0,2,0,0,0,0,0,0,0,1,0,2,0,0,0,0,0,7,1,0,false
C:\projects\WordBrainSolver-master\src\WordBrainSolver\Solver.java,WordBrainSolver.Solver,"GetPermutations/5[int[],WordBrainSolver.WordCube,java.lang.String,int,java.lang.String]",false,23,7,10,2,8,8,12,25,1,4,5,12,1,0,2,1,0,0,1,3,8,6,4,0,0,0,21,1,0,false
C:\projects\WordBrainSolver-master\src\WordBrainSolver\Solver.java,WordBrainSolver.Solver,"Solver/3[WordBrainSolver.Logger,int[],char[][]]",true,18,3,0,0,0,1,0,3,0,0,3,0,0,0,0,0,0,0,0,0,1,0,0,0,0,0,4,1,0,false
C:\projects\WordBrainSolver-master\src\WordBrainSolver\WordCube.java,WordBrainSolver.WordCube$Anonymous1,"compare/2[WordBrainSolver.Cell,WordBrainSolver.Cell]",false,194,1,0,0,0,1,0,3,1,0,2,0,0,0,0,0,0,0,0,0,0,1,0,0,0,0,3,1,0,false
C:\projects\WordBrainSolver-master\src\WordBrainSolver\ListCellHelp.java,WordBrainSolver.ListCellHelp,ToWord/1[java.util.ArrayList<WordBrainSolver.Cell>],false,8,1,2,2,0,2,2,7,1,1,1,2,0,0,1,0,0,0,0,0,1,0,1,0,0,0,8,9,0,false
C:\projects\WordBrainSolver-master\src\WordBrainSolver\Cell.java,WordBrainSolver.Cell,"Cell/3[char,int,int]",true,9,0,5,5,0,1,0,5,0,0,3,0,0,0,0,0,0,0,0,0,3,0,0,0,0,0,4,1,0,false
C:\projects\WordBrainSolver-master\src\WordBrainSolver\Language.java,WordBrainSolver.Language,main/1[java.lang.String[]],false,16,2,2,0,2,2,2,9,0,1,1,2,1,1,0,0,0,0,4,3,1,0,1,0,0,0,4,9,0,false
C:\projects\WordBrainSolver-master\src\WordBrainSolver\Language.java,WordBrainSolver.Language,"Contains/2[java.lang.String,int]",false,120,0,1,1,0,4,7,11,3,0,2,7,0,0,0,0,0,0,0,1,0,0,2,0,0,0,5,1,0,false
C:\projects\WordBrainSolver-master\src\WordBrainSolver\Language.java,WordBrainSolver.Language,hasWords/0,false,165,0,1,1,0,2,1,3,1,0,0,1,0,0,0,0,0,1,0,1,0,0,0,0,0,0,2,1,0,false
C:\projects\WordBrainSolver-master\src\WordBrainSolver\Language.java,WordBrainSolver.Language,"Language/2[int[],java.lang.String]",true,30,2,4,3,1,5,9,20,0,2,2,9,1,2,1,0,0,0,3,2,4,0,4,0,0,0,14,1,0,false
C:\projects\WordBrainSolver-master\src\WordBrainSolver\Language.java,WordBrainSolver.Language,basecase/1[int[]],false,60,2,2,1,1,5,9,15,0,2,1,9,1,1,2,0,0,0,1,1,3,0,2,0,0,0,20,2,0,false
C:\projects\WordBrainSolver-master\src\WordBrainSolver\Language.java,WordBrainSolver.Language,"SubstringFound/2[java.lang.String,int]",false,137,0,2,2,0,3,4,8,2,0,2,4,0,0,1,0,0,0,0,1,0,0,2,0,0,0,7,1,0,false
C:\projects\WordBrainSolver-master\src\WordBrainSolver\Language.java,WordBrainSolver.Language,LoadAWordSize/1[int],false,85,0,1,1,0,7,15,27,1,6,1,15,0,0,2,1,1,0,4,1,6,1,4,0,0,0,29,2,0,false
C:\projects\WordBrainSolver-master\src\WordBrainSolver\WordCube.java,WordBrainSolver.WordCube,takeOut/1[java.util.ArrayList<WordBrainSolver.Cell>],false,157,2,6,1,5,4,5,18,2,2,1,5,3,3,1,1,1,0,1,0,4,0,3,0,0,0,19,1,0,false
C:\projects\WordBrainSolver-master\src\WordBrainSolver\WordCube.java,WordBrainSolver.WordCube,WordCube/1[java.lang.String],true,22,2,3,2,1,9,7,17,0,9,1,7,0,0,6,2,0,0,2,10,12,2,3,0,0,0,15,1,0,false
C:\projects\WordBrainSolver-master\src\WordBrainSolver\WordCube.java,WordBrainSolver.WordCube,printBoard/0,false,116,2,2,1,1,4,6,12,1,5,0,6,1,1,2,1,0,0,1,2,5,0,3,0,0,0,11,1,0,false
C:\projects\WordBrainSolver-master\src\WordBrainSolver\WordCube.java,WordBrainSolver.WordCube,"getCells/2[java.util.ArrayList<WordBrainSolver.Cell>,int]",false,183,1,2,1,1,4,2,13,1,1,2,2,0,0,1,2,0,0,0,0,1,0,2,1,0,0,10,2,0,false
C:\projects\WordBrainSolver-master\src\WordBrainSolver\WordCube.java,WordBrainSolver.WordCube,SlideEmDown/0,false,134,2,3,1,2,4,4,17,0,5,0,4,1,1,3,0,0,0,0,3,6,1,2,0,0,0,14,1,0,false
C:\projects\WordBrainSolver-master\src\WordBrainSolver\WordCube.java,WordBrainSolver.WordCube,WordCube/1[char[][]],true,11,2,1,0,1,3,1,6,0,2,1,1,0,0,2,0,0,0,0,2,3,0,2,0,0,0,6,1,0,false
C:\projects\WordBrainSolver-master\src\WordBrainSolver\WordCube.java,WordBrainSolver.WordCube,"allPerms/3[java.util.ArrayList<WordBrainSolver.Cell>,int,java.util.Map<java.lang.Integer,java.util.ArrayList<WordBrainSolver.Cell>>]",false,91,4,6,2,4,5,10,15,2,2,3,10,2,2,2,1,0,0,0,1,2,1,2,0,0,0,14,1,0,false
C:\projects\WordBrainSolver-master\src\WordBrainSolver\WordCube.java,WordBrainSolver.WordCube,GetNeighbors/1[java.util.ArrayList<WordBrainSolver.Cell>],false,58,2,2,1,1,9,7,19,1,7,1,7,1,1,2,2,0,2,0,9,7,7,4,0,0,0,18,1,0,false
C:\projects\WordBrainSolver-master\src\WordBrainSolver\WordCube.java,WordBrainSolver.WordCube,"getCell/3[java.util.ArrayList<WordBrainSolver.Cell>,int,int]",false,203,1,4,3,1,4,0,6,2,0,3,0,0,0,1,2,0,0,0,2,0,0,2,0,0,0,7,2,0,false
