file,class,method,variable,usage
C:\projects\WordBrainSolver-master\src\WordBrainSolver\Tester.java,WordBrainSolver.Tester,main/1[java.lang.String[]],potentials,1
C:\projects\WordBrainSolver-master\src\WordBrainSolver\Tester.java,WordBrainSolver.Tester,main/1[java.lang.String[]],s,1
C:\projects\WordBrainSolver-master\src\WordBrainSolver\Tester.java,WordBrainSolver.Tester,main/1[java.lang.String[]],e,1
C:\projects\WordBrainSolver-master\src\WordBrainSolver\Tester.java,WordBrainSolver.Tester,main/1[java.lang.String[]],arg,0
C:\projects\WordBrainSolver-master\src\WordBrainSolver\Tester.java,WordBrainSolver.Tester,main/1[java.lang.String[]],start,2
C:\projects\WordBrainSolver-master\src\WordBrainSolver\Tester.java,WordBrainSolver.Tester,main/1[java.lang.String[]],ended,2
C:\projects\WordBrainSolver-master\src\WordBrainSolver\Tester.java,WordBrainSolver.Tester,main/1[java.lang.String[]],dtFmt,2
C:\projects\WordBrainSolver-master\src\WordBrainSolver\Tester.java,WordBrainSolver.Tester,main/1[java.lang.String[]],l,6
C:\projects\WordBrainSolver-master\src\WordBrainSolver\Tester.java,WordBrainSolver.Tester,main/1[java.lang.String[]],slv,1
C:\projects\WordBrainSolver-master\src\WordBrainSolver\Tester.java,WordBrainSolver.Tester,main/1[java.lang.String[]],msDiff,1
C:\projects\WordBrainSolver-master\src\WordBrainSolver\Logger.java,WordBrainSolver.Logger,log/1[java.lang.String],msg,2
C:\projects\WordBrainSolver-master\src\WordBrainSolver\Logger.java,WordBrainSolver.Logger,main/1[java.lang.String[]],arg,0
C:\projects\WordBrainSolver-master\src\WordBrainSolver\Logger.java,WordBrainSolver.Logger,main/1[java.lang.String[]],l,2
C:\projects\WordBrainSolver-master\src\WordBrainSolver\Logger.java,WordBrainSolver.Logger,Logger/0,dt1,1
C:\projects\WordBrainSolver-master\src\WordBrainSolver\Logger.java,WordBrainSolver.Logger,Logger/0,e,0
C:\projects\WordBrainSolver-master\src\WordBrainSolver\Solver.java,WordBrainSolver.Solver,"Solver/2[WordBrainSolver.Logger,int[]]",lgr,1
C:\projects\WordBrainSolver-master\src\WordBrainSolver\Solver.java,WordBrainSolver.Solver,"Solver/2[WordBrainSolver.Logger,int[]]",validLengths,1
C:\projects\WordBrainSolver-master\src\WordBrainSolver\Solver.java,WordBrainSolver.Solver,"GetPermutations/5[int[],WordBrainSolver.WordCube,java.lang.String,int,java.lang.String]",c,1
C:\projects\WordBrainSolver-master\src\WordBrainSolver\Solver.java,WordBrainSolver.Solver,"GetPermutations/5[int[],WordBrainSolver.WordCube,java.lang.String,int,java.lang.String]",s,5
C:\projects\WordBrainSolver-master\src\WordBrainSolver\Solver.java,WordBrainSolver.Solver,"GetPermutations/5[int[],WordBrainSolver.WordCube,java.lang.String,int,java.lang.String]",len,4
C:\projects\WordBrainSolver-master\src\WordBrainSolver\Solver.java,WordBrainSolver.Solver,"GetPermutations/5[int[],WordBrainSolver.WordCube,java.lang.String,int,java.lang.String]",PresolvedWords,1
C:\projects\WordBrainSolver-master\src\WordBrainSolver\Solver.java,WordBrainSolver.Solver,"GetPermutations/5[int[],WordBrainSolver.WordCube,java.lang.String,int,java.lang.String]",allCombos,2
C:\projects\WordBrainSolver-master\src\WordBrainSolver\Solver.java,WordBrainSolver.Solver,"GetPermutations/5[int[],WordBrainSolver.WordCube,java.lang.String,int,java.lang.String]",lc,2
C:\projects\WordBrainSolver-master\src\WordBrainSolver\Solver.java,WordBrainSolver.Solver,"GetPermutations/5[int[],WordBrainSolver.WordCube,java.lang.String,int,java.lang.String]",w,2
C:\projects\WordBrainSolver-master\src\WordBrainSolver\Solver.java,WordBrainSolver.Solver,"GetPermutations/5[int[],WordBrainSolver.WordCube,java.lang.String,int,java.lang.String]",dimptr,5
C:\projects\WordBrainSolver-master\src\WordBrainSolver\Solver.java,WordBrainSolver.Solver,"GetPermutations/5[int[],WordBrainSolver.WordCube,java.lang.String,int,java.lang.String]",answersofar,4
C:\projects\WordBrainSolver-master\src\WordBrainSolver\Solver.java,WordBrainSolver.Solver,"GetPermutations/5[int[],WordBrainSolver.WordCube,java.lang.String,int,java.lang.String]",board,5
C:\projects\WordBrainSolver-master\src\WordBrainSolver\Solver.java,WordBrainSolver.Solver,"GetPermutations/5[int[],WordBrainSolver.WordCube,java.lang.String,int,java.lang.String]",thislen,1
C:\projects\WordBrainSolver-master\src\WordBrainSolver\Solver.java,WordBrainSolver.Solver,"Solver/3[WordBrainSolver.Logger,int[],char[][]]",gameboard,0
C:\projects\WordBrainSolver-master\src\WordBrainSolver\Solver.java,WordBrainSolver.Solver,"Solver/3[WordBrainSolver.Logger,int[],char[][]]",lgr,1
C:\projects\WordBrainSolver-master\src\WordBrainSolver\Solver.java,WordBrainSolver.Solver,"Solver/3[WordBrainSolver.Logger,int[],char[][]]",validLengths,0
C:\projects\WordBrainSolver-master\src\WordBrainSolver\WordCube.java,WordBrainSolver.WordCube$Anonymous1,"compare/2[WordBrainSolver.Cell,WordBrainSolver.Cell]",cell2,1
C:\projects\WordBrainSolver-master\src\WordBrainSolver\WordCube.java,WordBrainSolver.WordCube$Anonymous1,"compare/2[WordBrainSolver.Cell,WordBrainSolver.Cell]",cell1,1
C:\projects\WordBrainSolver-master\src\WordBrainSolver\ListCellHelp.java,WordBrainSolver.ListCellHelp,ToWord/1[java.util.ArrayList<WordBrainSolver.Cell>],s,2
C:\projects\WordBrainSolver-master\src\WordBrainSolver\ListCellHelp.java,WordBrainSolver.ListCellHelp,ToWord/1[java.util.ArrayList<WordBrainSolver.Cell>],c,1
C:\projects\WordBrainSolver-master\src\WordBrainSolver\ListCellHelp.java,WordBrainSolver.ListCellHelp,ToWord/1[java.util.ArrayList<WordBrainSolver.Cell>],word,1
C:\projects\WordBrainSolver-master\src\WordBrainSolver\Cell.java,WordBrainSolver.Cell,"Cell/3[char,int,int]",val,2
C:\projects\WordBrainSolver-master\src\WordBrainSolver\Cell.java,WordBrainSolver.Cell,"Cell/3[char,int,int]",ycord,2
C:\projects\WordBrainSolver-master\src\WordBrainSolver\Cell.java,WordBrainSolver.Cell,"Cell/3[char,int,int]",xcord,2
C:\projects\WordBrainSolver-master\src\WordBrainSolver\Language.java,WordBrainSolver.Language,main/1[java.lang.String[]],args,0
C:\projects\WordBrainSolver-master\src\WordBrainSolver\Language.java,WordBrainSolver.Language,main/1[java.lang.String[]],l,1
C:\projects\WordBrainSolver-master\src\WordBrainSolver\Language.java,WordBrainSolver.Language,"Contains/2[java.lang.String,int]",candidate,3
C:\projects\WordBrainSolver-master\src\WordBrainSolver\Language.java,WordBrainSolver.Language,"Contains/2[java.lang.String,int]",dimptr,2
C:\projects\WordBrainSolver-master\src\WordBrainSolver\Language.java,WordBrainSolver.Language,"Language/2[int[],java.lang.String]",prewords,9
C:\projects\WordBrainSolver-master\src\WordBrainSolver\Language.java,WordBrainSolver.Language,"Language/2[int[],java.lang.String]",PresolvedWords,2
C:\projects\WordBrainSolver-master\src\WordBrainSolver\Language.java,WordBrainSolver.Language,"Language/2[int[],java.lang.String]",i,10
C:\projects\WordBrainSolver-master\src\WordBrainSolver\Language.java,WordBrainSolver.Language,"Language/2[int[],java.lang.String]",validLengths,1
C:\projects\WordBrainSolver-master\src\WordBrainSolver\Language.java,WordBrainSolver.Language,basecase/1[int[]],i,5
C:\projects\WordBrainSolver-master\src\WordBrainSolver\Language.java,WordBrainSolver.Language,basecase/1[int[]],kv,2
C:\projects\WordBrainSolver-master\src\WordBrainSolver\Language.java,WordBrainSolver.Language,basecase/1[int[]],validLengths,4
C:\projects\WordBrainSolver-master\src\WordBrainSolver\Language.java,WordBrainSolver.Language,basecase/1[int[]],givereport,2
C:\projects\WordBrainSolver-master\src\WordBrainSolver\Language.java,WordBrainSolver.Language,"SubstringFound/2[java.lang.String,int]",fragment,2
C:\projects\WordBrainSolver-master\src\WordBrainSolver\Language.java,WordBrainSolver.Language,"SubstringFound/2[java.lang.String,int]",frag,1
C:\projects\WordBrainSolver-master\src\WordBrainSolver\Language.java,WordBrainSolver.Language,"SubstringFound/2[java.lang.String,int]",targetlen,1
C:\projects\WordBrainSolver-master\src\WordBrainSolver\Language.java,WordBrainSolver.Language,LoadAWordSize/1[int],fileName,3
C:\projects\WordBrainSolver-master\src\WordBrainSolver\Language.java,WordBrainSolver.Language,LoadAWordSize/1[int],s,1
C:\projects\WordBrainSolver-master\src\WordBrainSolver\Language.java,WordBrainSolver.Language,LoadAWordSize/1[int],in,3
C:\projects\WordBrainSolver-master\src\WordBrainSolver\Language.java,WordBrainSolver.Language,LoadAWordSize/1[int],e,1
C:\projects\WordBrainSolver-master\src\WordBrainSolver\Language.java,WordBrainSolver.Language,LoadAWordSize/1[int],f,2
C:\projects\WordBrainSolver-master\src\WordBrainSolver\Language.java,WordBrainSolver.Language,LoadAWordSize/1[int],x,6
C:\projects\WordBrainSolver-master\src\WordBrainSolver\Language.java,WordBrainSolver.Language,LoadAWordSize/1[int],i,4
C:\projects\WordBrainSolver-master\src\WordBrainSolver\Language.java,WordBrainSolver.Language,LoadAWordSize/1[int],elv,5
C:\projects\WordBrainSolver-master\src\WordBrainSolver\WordCube.java,WordBrainSolver.WordCube,takeOut/1[java.util.ArrayList<WordBrainSolver.Cell>],c,5
C:\projects\WordBrainSolver-master\src\WordBrainSolver\WordCube.java,WordBrainSolver.WordCube,takeOut/1[java.util.ArrayList<WordBrainSolver.Cell>],ex,0
C:\projects\WordBrainSolver-master\src\WordBrainSolver\WordCube.java,WordBrainSolver.WordCube,takeOut/1[java.util.ArrayList<WordBrainSolver.Cell>],w,6
C:\projects\WordBrainSolver-master\src\WordBrainSolver\WordCube.java,WordBrainSolver.WordCube,takeOut/1[java.util.ArrayList<WordBrainSolver.Cell>],exclusions,1
C:\projects\WordBrainSolver-master\src\WordBrainSolver\WordCube.java,WordBrainSolver.WordCube,takeOut/1[java.util.ArrayList<WordBrainSolver.Cell>],toInclude,1
C:\projects\WordBrainSolver-master\src\WordBrainSolver\WordCube.java,WordBrainSolver.WordCube,WordCube/1[java.lang.String],loc,5
C:\projects\WordBrainSolver-master\src\WordBrainSolver\WordCube.java,WordBrainSolver.WordCube,WordCube/1[java.lang.String],tempboard,3
C:\projects\WordBrainSolver-master\src\WordBrainSolver\WordCube.java,WordBrainSolver.WordCube,WordCube/1[java.lang.String],sizer,8
C:\projects\WordBrainSolver-master\src\WordBrainSolver\WordCube.java,WordBrainSolver.WordCube,WordCube/1[java.lang.String],x,12
C:\projects\WordBrainSolver-master\src\WordBrainSolver\WordCube.java,WordBrainSolver.WordCube,WordCube/1[java.lang.String],y,12
C:\projects\WordBrainSolver-master\src\WordBrainSolver\WordCube.java,WordBrainSolver.WordCube,WordCube/1[java.lang.String],board,6
C:\projects\WordBrainSolver-master\src\WordBrainSolver\WordCube.java,WordBrainSolver.WordCube,printBoard/0,s,3
C:\projects\WordBrainSolver-master\src\WordBrainSolver\WordCube.java,WordBrainSolver.WordCube,printBoard/0,c,2
C:\projects\WordBrainSolver-master\src\WordBrainSolver\WordCube.java,WordBrainSolver.WordCube,printBoard/0,sizer,2
C:\projects\WordBrainSolver-master\src\WordBrainSolver\WordCube.java,WordBrainSolver.WordCube,printBoard/0,x,3
C:\projects\WordBrainSolver-master\src\WordBrainSolver\WordCube.java,WordBrainSolver.WordCube,printBoard/0,y,3
C:\projects\WordBrainSolver-master\src\WordBrainSolver\WordCube.java,WordBrainSolver.WordCube,"getCells/2[java.util.ArrayList<WordBrainSolver.Cell>,int]",returnValue,3
C:\projects\WordBrainSolver-master\src\WordBrainSolver\WordCube.java,WordBrainSolver.WordCube,"getCells/2[java.util.ArrayList<WordBrainSolver.Cell>,int]",c,3
C:\projects\WordBrainSolver-master\src\WordBrainSolver\WordCube.java,WordBrainSolver.WordCube,"getCells/2[java.util.ArrayList<WordBrainSolver.Cell>,int]",board,1
C:\projects\WordBrainSolver-master\src\WordBrainSolver\WordCube.java,WordBrainSolver.WordCube,"getCells/2[java.util.ArrayList<WordBrainSolver.Cell>,int]",xcord,2
C:\projects\WordBrainSolver-master\src\WordBrainSolver\WordCube.java,WordBrainSolver.WordCube,SlideEmDown/0,yval,5
C:\projects\WordBrainSolver-master\src\WordBrainSolver\WordCube.java,WordBrainSolver.WordCube,SlideEmDown/0,c,1
C:\projects\WordBrainSolver-master\src\WordBrainSolver\WordCube.java,WordBrainSolver.WordCube,SlideEmDown/0,sizer,2
C:\projects\WordBrainSolver-master\src\WordBrainSolver\WordCube.java,WordBrainSolver.WordCube,SlideEmDown/0,x,5
C:\projects\WordBrainSolver-master\src\WordBrainSolver\WordCube.java,WordBrainSolver.WordCube,SlideEmDown/0,column,1
C:\projects\WordBrainSolver-master\src\WordBrainSolver\WordCube.java,WordBrainSolver.WordCube,SlideEmDown/0,newBoard,3
C:\projects\WordBrainSolver-master\src\WordBrainSolver\WordCube.java,WordBrainSolver.WordCube,WordCube/1[char[][]],x,4
C:\projects\WordBrainSolver-master\src\WordBrainSolver\WordCube.java,WordBrainSolver.WordCube,WordCube/1[char[][]],y,5
C:\projects\WordBrainSolver-master\src\WordBrainSolver\WordCube.java,WordBrainSolver.WordCube,WordCube/1[char[][]],board,3
C:\projects\WordBrainSolver-master\src\WordBrainSolver\WordCube.java,WordBrainSolver.WordCube,"allPerms/3[java.util.ArrayList<WordBrainSolver.Cell>,int,java.util.Map<java.lang.Integer,java.util.ArrayList<WordBrainSolver.Cell>>]",newindex,2
C:\projects\WordBrainSolver-master\src\WordBrainSolver\WordCube.java,WordBrainSolver.WordCube,"allPerms/3[java.util.ArrayList<WordBrainSolver.Cell>,int,java.util.Map<java.lang.Integer,java.util.ArrayList<WordBrainSolver.Cell>>]",depth,3
C:\projects\WordBrainSolver-master\src\WordBrainSolver\WordCube.java,WordBrainSolver.WordCube,"allPerms/3[java.util.ArrayList<WordBrainSolver.Cell>,int,java.util.Map<java.lang.Integer,java.util.ArrayList<WordBrainSolver.Cell>>]",s,1
C:\projects\WordBrainSolver-master\src\WordBrainSolver\WordCube.java,WordBrainSolver.WordCube,"allPerms/3[java.util.ArrayList<WordBrainSolver.Cell>,int,java.util.Map<java.lang.Integer,java.util.ArrayList<WordBrainSolver.Cell>>]",c,3
C:\projects\WordBrainSolver-master\src\WordBrainSolver\WordCube.java,WordBrainSolver.WordCube,"allPerms/3[java.util.ArrayList<WordBrainSolver.Cell>,int,java.util.Map<java.lang.Integer,java.util.ArrayList<WordBrainSolver.Cell>>]",word,8
C:\projects\WordBrainSolver-master\src\WordBrainSolver\WordCube.java,WordBrainSolver.WordCube,"allPerms/3[java.util.ArrayList<WordBrainSolver.Cell>,int,java.util.Map<java.lang.Integer,java.util.ArrayList<WordBrainSolver.Cell>>]",theListSoFar,4
C:\projects\WordBrainSolver-master\src\WordBrainSolver\WordCube.java,WordBrainSolver.WordCube,GetNeighbors/1[java.util.ArrayList<WordBrainSolver.Cell>],toAdd,2
C:\projects\WordBrainSolver-master\src\WordBrainSolver\WordCube.java,WordBrainSolver.WordCube,GetNeighbors/1[java.util.ArrayList<WordBrainSolver.Cell>],valid_xvals,3
C:\projects\WordBrainSolver-master\src\WordBrainSolver\WordCube.java,WordBrainSolver.WordCube,GetNeighbors/1[java.util.ArrayList<WordBrainSolver.Cell>],last_cell,10
C:\projects\WordBrainSolver-master\src\WordBrainSolver\WordCube.java,WordBrainSolver.WordCube,GetNeighbors/1[java.util.ArrayList<WordBrainSolver.Cell>],isitthere,1
C:\projects\WordBrainSolver-master\src\WordBrainSolver\WordCube.java,WordBrainSolver.WordCube,GetNeighbors/1[java.util.ArrayList<WordBrainSolver.Cell>],sizer,2
C:\projects\WordBrainSolver-master\src\WordBrainSolver\WordCube.java,WordBrainSolver.WordCube,GetNeighbors/1[java.util.ArrayList<WordBrainSolver.Cell>],i,2
C:\projects\WordBrainSolver-master\src\WordBrainSolver\WordCube.java,WordBrainSolver.WordCube,GetNeighbors/1[java.util.ArrayList<WordBrainSolver.Cell>],j,2
C:\projects\WordBrainSolver-master\src\WordBrainSolver\WordCube.java,WordBrainSolver.WordCube,GetNeighbors/1[java.util.ArrayList<WordBrainSolver.Cell>],valid_yvals,3
C:\projects\WordBrainSolver-master\src\WordBrainSolver\WordCube.java,WordBrainSolver.WordCube,GetNeighbors/1[java.util.ArrayList<WordBrainSolver.Cell>],selected,3
C:\projects\WordBrainSolver-master\src\WordBrainSolver\WordCube.java,WordBrainSolver.WordCube,GetNeighbors/1[java.util.ArrayList<WordBrainSolver.Cell>],retval,2
C:\projects\WordBrainSolver-master\src\WordBrainSolver\WordCube.java,WordBrainSolver.WordCube,"getCell/3[java.util.ArrayList<WordBrainSolver.Cell>,int,int]",c,3
C:\projects\WordBrainSolver-master\src\WordBrainSolver\WordCube.java,WordBrainSolver.WordCube,"getCell/3[java.util.ArrayList<WordBrainSolver.Cell>,int,int]",x,1
C:\projects\WordBrainSolver-master\src\WordBrainSolver\WordCube.java,WordBrainSolver.WordCube,"getCell/3[java.util.ArrayList<WordBrainSolver.Cell>,int,int]",y,1
C:\projects\WordBrainSolver-master\src\WordBrainSolver\WordCube.java,WordBrainSolver.WordCube,"getCell/3[java.util.ArrayList<WordBrainSolver.Cell>,int,int]",cellList,1
