file,class,method,variable,usage
C:\projects\Poker_Game-master\src\Deck.java,Deck,Deck/0,names,2
C:\projects\Poker_Game-master\src\Deck.java,Deck,Deck/0,_cards,1
C:\projects\Poker_Game-master\src\Deck.java,Deck,Deck/0,suits,2
C:\projects\Poker_Game-master\src\Deck.java,Deck,withdrawCard/0,_cards,2
C:\projects\Poker_Game-master\src\Deck.java,Deck,ShuffleDeck/0,_cards,9
C:\projects\Poker_Game-master\src\Card.java,Card,getSuit/0,_suit,1
C:\projects\Poker_Game-master\src\Card.java,Card,"Card/3[java.lang.String,java.lang.String,int]",_name,1
C:\projects\Poker_Game-master\src\Card.java,Card,"Card/3[java.lang.String,java.lang.String,int]",_rank,1
C:\projects\Poker_Game-master\src\Card.java,Card,"Card/3[java.lang.String,java.lang.String,int]",_suit,1
C:\projects\Poker_Game-master\src\Card.java,Card,getName/0,_name,1
C:\projects\Poker_Game-master\src\Card.java,Card,getRank/0,_rank,1
