file,class,method,constructor,line,cbo,cboModified,fanin,fanout,wmc,rfc,loc,returnsQty,variablesQty,parametersQty,methodsInvokedQty,methodsInvokedLocalQty,methodsInvokedIndirectLocalQty,loopQty,comparisonsQty,tryCatchQty,parenthesizedExpsQty,stringLiteralsQty,numbersQty,assignmentsQty,mathOperationsQty,maxNestedBlocksQty,anonymousClassesQty,innerClassesQty,lambdasQty,uniqueWordsQty,modifiers,logStatementsQty,hasJavaDoc
C:\projects\Poker_Game-master\src\Deck.java,Deck,Deck/0,true,15,1,2,1,1,3,3,9,0,3,0,3,0,0,2,0,0,0,0,2,4,0,2,0,0,0,10,1,0,true
C:\projects\Poker_Game-master\src\Deck.java,Deck,withdrawCard/0,false,32,1,1,1,0,1,2,5,1,1,0,2,0,0,0,0,0,0,0,2,1,0,0,0,0,0,11,1,0,true
C:\projects\Poker_Game-master\src\Deck.java,Deck,ShuffleDeck/0,false,41,1,3,1,2,3,7,14,0,5,0,7,0,0,2,0,0,0,4,2,5,2,1,0,0,0,15,1,0,true
C:\projects\Poker_Game-master\src\Main.java,Main,compareCards/1[java.util.ArrayList<Card>],false,236,3,5,1,4,30,7,40,10,8,1,7,1,1,3,23,0,1,4,58,11,15,9,0,0,0,34,9,0,true
C:\projects\Poker_Game-master\src\Main.java,Main,sortCards/1[java.util.ArrayList<Card>],false,295,1,2,1,1,3,4,11,1,2,1,4,0,0,1,0,0,0,0,5,2,4,2,0,0,0,12,9,0,true
C:\projects\Poker_Game-master\src\Main.java,Main,main/1[java.lang.String[]],false,17,3,7,0,7,23,31,166,0,28,1,31,1,2,7,1,2,0,151,90,41,14,4,0,0,0,86,9,0,false
C:\projects\Poker_Game-master\src\Card.java,Card,getSuit/0,false,32,0,3,3,0,1,0,3,1,0,0,0,0,0,0,0,0,0,0,0,0,0,0,0,0,0,10,1,0,true
C:\projects\Poker_Game-master\src\Card.java,Card,"Card/3[java.lang.String,java.lang.String,int]",true,13,0,2,2,0,1,0,5,0,0,3,0,0,0,0,0,0,0,0,0,3,0,0,0,0,0,12,1,0,true
C:\projects\Poker_Game-master\src\Card.java,Card,getName/0,false,24,0,3,3,0,1,0,3,1,0,0,0,0,0,0,0,0,0,0,0,0,0,0,0,0,0,9,1,0,true
C:\projects\Poker_Game-master\src\Card.java,Card,getRank/0,false,40,0,2,2,0,1,0,3,1,0,0,0,0,0,0,0,0,0,0,0,0,0,0,0,0,0,10,1,0,true
