file,class,method,variable,usage
C:\projects\Poker_Game-master\src\Deck.java,Deck,Deck/0,i,4
C:\projects\Poker_Game-master\src\Deck.java,Deck,Deck/0,j,3
C:\projects\Poker_Game-master\src\Deck.java,Deck,Deck/0,card,2
C:\projects\Poker_Game-master\src\Deck.java,Deck,withdrawCard/0,card,1
C:\projects\Poker_Game-master\src\Deck.java,Deck,ShuffleDeck/0,rnd,1
C:\projects\Poker_Game-master\src\Deck.java,Deck,ShuffleDeck/0,i,4
C:\projects\Poker_Game-master\src\Deck.java,Deck,ShuffleDeck/0,k,2
C:\projects\Poker_Game-master\src\Deck.java,Deck,ShuffleDeck/0,value,1
C:\projects\Poker_Game-master\src\Deck.java,Deck,ShuffleDeck/0,n,5
C:\projects\Poker_Game-master\src\Main.java,Main,compareCards/1[java.util.ArrayList<Card>],cards,20
C:\projects\Poker_Game-master\src\Main.java,Main,compareCards/1[java.util.ArrayList<Card>],i,20
C:\projects\Poker_Game-master\src\Main.java,Main,compareCards/1[java.util.ArrayList<Card>],suitMatches,4
C:\projects\Poker_Game-master\src\Main.java,Main,compareCards/1[java.util.ArrayList<Card>],foundStraight,4
C:\projects\Poker_Game-master\src\Main.java,Main,compareCards/1[java.util.ArrayList<Card>],matchedRanks,17
C:\projects\Poker_Game-master\src\Main.java,Main,compareCards/1[java.util.ArrayList<Card>],straightMatch,3
C:\projects\Poker_Game-master\src\Main.java,Main,compareCards/1[java.util.ArrayList<Card>],rankMatches,7
C:\projects\Poker_Game-master\src\Main.java,Main,sortCards/1[java.util.ArrayList<Card>],cards,8
C:\projects\Poker_Game-master\src\Main.java,Main,sortCards/1[java.util.ArrayList<Card>],i,8
C:\projects\Poker_Game-master\src\Main.java,Main,sortCards/1[java.util.ArrayList<Card>],tempCard,2
C:\projects\Poker_Game-master\src\Main.java,Main,main/1[java.lang.String[]],testCardsOnHandsStraight,5
C:\projects\Poker_Game-master\src\Main.java,Main,main/1[java.lang.String[]],strNum,1
C:\projects\Poker_Game-master\src\Main.java,Main,main/1[java.lang.String[]],testCardsOnHandsFour,5
C:\projects\Poker_Game-master\src\Main.java,Main,main/1[java.lang.String[]],deck,3
C:\projects\Poker_Game-master\src\Main.java,Main,main/1[java.lang.String[]],intList,10
C:\projects\Poker_Game-master\src\Main.java,Main,main/1[java.lang.String[]],testCardsOnHandsTwoPlusThree2,5
C:\projects\Poker_Game-master\src\Main.java,Main,main/1[java.lang.String[]],payout,13
C:\projects\Poker_Game-master\src\Main.java,Main,main/1[java.lang.String[]],testCardsOnHandsStraightFlush,5
C:\projects\Poker_Game-master\src\Main.java,Main,main/1[java.lang.String[]],testCardsOnHandsTwoPlusThree1,5
C:\projects\Poker_Game-master\src\Main.java,Main,main/1[java.lang.String[]],testCardsOnHandsThree,5
C:\projects\Poker_Game-master\src\Main.java,Main,main/1[java.lang.String[]],out,22
C:\projects\Poker_Game-master\src\Main.java,Main,main/1[java.lang.String[]],dtf,1
C:\projects\Poker_Game-master\src\Main.java,Main,main/1[java.lang.String[]],now,2
C:\projects\Poker_Game-master\src\Main.java,Main,main/1[java.lang.String[]],e,2
C:\projects\Poker_Game-master\src\Main.java,Main,main/1[java.lang.String[]],i,26
C:\projects\Poker_Game-master\src\Main.java,Main,main/1[java.lang.String[]],j,4
C:\projects\Poker_Game-master\src\Main.java,Main,main/1[java.lang.String[]],args,0
C:\projects\Poker_Game-master\src\Main.java,Main,main/1[java.lang.String[]],testCardsOnHandsTwo,5
C:\projects\Poker_Game-master\src\Main.java,Main,main/1[java.lang.String[]],input,4
C:\projects\Poker_Game-master\src\Main.java,Main,main/1[java.lang.String[]],r,0
C:\projects\Poker_Game-master\src\Main.java,Main,main/1[java.lang.String[]],testCardsOnHandsFlush,5
C:\projects\Poker_Game-master\src\Main.java,Main,main/1[java.lang.String[]],strNums,2
C:\projects\Poker_Game-master\src\Main.java,Main,main/1[java.lang.String[]],cardsOnHands,30
C:\projects\Poker_Game-master\src\Main.java,Main,main/1[java.lang.String[]],testCardsOnHandsRoyalFlush,5
C:\projects\Poker_Game-master\src\Main.java,Main,main/1[java.lang.String[]],card,8
C:\projects\Poker_Game-master\src\Main.java,Main,main/1[java.lang.String[]],cardIterator,0
C:\projects\Poker_Game-master\src\Main.java,Main,main/1[java.lang.String[]],frame,5
C:\projects\Poker_Game-master\src\Card.java,Card,"Card/3[java.lang.String,java.lang.String,int]",name,1
C:\projects\Poker_Game-master\src\Card.java,Card,"Card/3[java.lang.String,java.lang.String,int]",rank,1
C:\projects\Poker_Game-master\src\Card.java,Card,"Card/3[java.lang.String,java.lang.String,int]",suit,1
