file,class,type,cbo,cboModified,fanin,fanout,wmc,dit,noc,rfc,lcom,lcom*,tcc,lcc,totalMethodsQty,staticMethodsQty,publicMethodsQty,privateMethodsQty,protectedMethodsQty,defaultMethodsQty,visibleMethodsQty,abstractMethodsQty,finalMethodsQty,synchronizedMethodsQty,totalFieldsQty,staticFieldsQty,publicFieldsQty,privateFieldsQty,protectedFieldsQty,defaultFieldsQty,finalFieldsQty,synchronizedFieldsQty,nosi,loc,returnQty,loopQty,comparisonsQty,tryCatchQty,parenthesizedExpsQty,stringLiteralsQty,numbersQty,assignmentsQty,mathOperationsQty,variablesQty,maxNestedBlocksQty,anonymousClassesQty,innerClassesQty,lambdasQty,uniqueWordsQty,modifiers,logStatementsQty
C:\projects\SudokuGame-main\src\ChangedValueListener.java,ChangedValueListener,class,4,6,2,4,9,1,0,13,4,0.4,0.16666667,0.16666667,5,0,3,1,0,1,4,0,0,0,1,0,0,1,0,0,0,0,3,43,1,2,0,0,0,2,4,10,1,9,3,0,0,1,64,1,0
C:\projects\SudokuGame-main\src\GridGenerator.java,GridGenerator,class,3,5,2,3,38,1,0,11,0,0.52,0.6666667,1.0,10,0,0,6,0,4,4,0,0,0,4,0,0,4,0,0,0,0,3,99,8,12,7,0,4,1,25,35,23,21,3,0,0,0,117,0,0
C:\projects\SudokuGame-main\src\Timer.java,Timer,class,3,7,4,3,8,1,0,7,5,0.61111116,0.33333334,0.33333334,6,0,1,2,0,3,4,0,0,0,3,0,0,3,0,0,0,0,8,31,3,1,0,0,0,0,0,9,0,6,2,0,0,0,33,1,0
C:\projects\SudokuGame-main\src\Sudoku.java,Sudoku,class,9,13,4,9,11,1,0,10,0,0.6111111,0.5,0.5,4,3,2,0,0,2,4,0,0,0,9,9,0,2,0,7,1,0,0,50,1,2,4,0,1,2,5,17,0,14,2,0,0,0,102,1,0
C:\projects\SudokuGame-main\src\GUI.java,GUI,class,6,8,2,6,26,6,0,31,1,0.625,NaN,NaN,2,1,0,1,0,1,1,0,0,0,4,4,0,4,0,0,4,0,13,124,1,7,13,1,0,11,77,38,8,27,8,0,0,3,105,0,0
C:\projects\SudokuGame-main\src\RankingManager.java,RankingManager,class,2,5,3,2,11,1,0,8,0,0.0,1.0,1.0,4,0,0,0,0,4,4,0,0,0,1,0,0,0,0,1,0,0,0,47,1,4,1,1,0,7,5,14,2,8,2,0,0,0,23,0,0
C:\projects\SudokuGame-main\src\winPopup.java,winPopup,class,4,5,1,4,2,6,0,19,0,0.0,NaN,NaN,1,0,0,0,0,1,1,0,0,0,0,0,0,0,0,0,0,0,2,45,0,0,0,1,0,7,10,10,1,11,2,0,0,1,86,0,0
C:\projects\SudokuGame-main\src\Cell.java,Cell,class,1,5,4,1,5,6,0,4,0,0.53333336,0.5,1.0,5,0,0,0,0,5,5,0,0,0,2,0,0,2,0,0,0,0,1,23,3,0,0,0,0,0,0,4,0,3,0,0,0,0,60,0,0
C:\projects\SudokuGame-main\src\Validator.java,Validator,class,3,8,5,3,28,1,0,5,10,0.0,0.0,0.0,5,0,0,0,0,5,5,0,0,0,0,0,0,0,0,0,0,0,0,83,11,9,9,0,2,16,19,14,15,10,6,0,0,0,80,0,0
C:\projects\SudokuGame-main\src\RankingEntry.java,RankingEntry,class,0,2,2,0,1,1,0,0,0,0.0,NaN,NaN,1,0,0,0,0,1,1,0,0,0,2,0,0,0,0,2,0,0,0,8,0,0,0,0,0,0,0,2,0,2,0,0,0,0,4,1,0
