file,class,method,variable,usage
C:\projects\SudokuGame-main\src\ChangedValueListener.java,ChangedValueListener,changeText/0,listenedCell,8
C:\projects\SudokuGame-main\src\ChangedValueListener.java,ChangedValueListener,removeUpdate/1[javax.swing.event.DocumentEvent],listenedCell,1
C:\projects\SudokuGame-main\src\ChangedValueListener.java,ChangedValueListener,ChangedValueListener/1[Cell],listenedCell,3
C:\projects\SudokuGame-main\src\GridGenerator.java,GridGenerator,"isUsedInBox/3[int,int,int]",squareSize,2
C:\projects\SudokuGame-main\src\GridGenerator.java,GridGenerator,"isUsedInBox/3[int,int,int]",solvedGrid,1
C:\projects\SudokuGame-main\src\GridGenerator.java,GridGenerator,GridGenerator/1[int],size,5
C:\projects\SudokuGame-main\src\GridGenerator.java,GridGenerator,GridGenerator/1[int],readyGrid,1
C:\projects\SudokuGame-main\src\GridGenerator.java,GridGenerator,GridGenerator/1[int],squareSize,1
C:\projects\SudokuGame-main\src\GridGenerator.java,GridGenerator,GridGenerator/1[int],howManyMissing,1
C:\projects\SudokuGame-main\src\GridGenerator.java,GridGenerator,GridGenerator/1[int],solvedGrid,1
C:\projects\SudokuGame-main\src\GridGenerator.java,GridGenerator,"fillSquare/2[int,int]",size,1
C:\projects\SudokuGame-main\src\GridGenerator.java,GridGenerator,"fillSquare/2[int,int]",squareSize,2
C:\projects\SudokuGame-main\src\GridGenerator.java,GridGenerator,"fillSquare/2[int,int]",solvedGrid,1
C:\projects\SudokuGame-main\src\GridGenerator.java,GridGenerator,"fillRemaining/2[int,int]",size,8
C:\projects\SudokuGame-main\src\GridGenerator.java,GridGenerator,"fillRemaining/2[int,int]",squareSize,8
C:\projects\SudokuGame-main\src\GridGenerator.java,GridGenerator,"fillRemaining/2[int,int]",solvedGrid,3
C:\projects\SudokuGame-main\src\GridGenerator.java,GridGenerator,removeKDigits/0,size,8
C:\projects\SudokuGame-main\src\GridGenerator.java,GridGenerator,removeKDigits/0,readyGrid,3
C:\projects\SudokuGame-main\src\GridGenerator.java,GridGenerator,removeKDigits/0,howManyMissing,1
C:\projects\SudokuGame-main\src\GridGenerator.java,GridGenerator,removeKDigits/0,solvedGrid,1
C:\projects\SudokuGame-main\src\GridGenerator.java,GridGenerator,fillDiagonal/0,size,1
C:\projects\SudokuGame-main\src\GridGenerator.java,GridGenerator,fillDiagonal/0,squareSize,1
C:\projects\SudokuGame-main\src\GridGenerator.java,GridGenerator,getReadyGrid/0,readyGrid,1
C:\projects\SudokuGame-main\src\GridGenerator.java,GridGenerator,printSudoku/0,size,2
C:\projects\SudokuGame-main\src\GridGenerator.java,GridGenerator,printSudoku/0,readyGrid,1
C:\projects\SudokuGame-main\src\GridGenerator.java,GridGenerator,generateGrid/0,squareSize,1
C:\projects\SudokuGame-main\src\GridGenerator.java,GridGenerator,getSolvedGrid/0,solvedGrid,1
C:\projects\SudokuGame-main\src\Timer.java,Timer,stop/0,exit,1
C:\projects\SudokuGame-main\src\Timer.java,Timer,startTimer/0,startTime,1
C:\projects\SudokuGame-main\src\Timer.java,Timer,stopTimer/0,stopTime,1
C:\projects\SudokuGame-main\src\Timer.java,Timer,getFinalTimeDiff/0,startTime,1
C:\projects\SudokuGame-main\src\Timer.java,Timer,getFinalTimeDiff/0,stopTime,1
C:\projects\SudokuGame-main\src\Timer.java,Timer,getTimeDiff/0,startTime,1
C:\projects\SudokuGame-main\src\Timer.java,Timer,run/0,exit,1
C:\projects\SudokuGame-main\src\Sudoku.java,Sudoku,restart/0,timer,1
C:\projects\SudokuGame-main\src\Sudoku.java,Sudoku,restart/0,writerToFile,1
C:\projects\SudokuGame-main\src\Sudoku.java,Sudoku,restart/0,popupFrame,1
C:\projects\SudokuGame-main\src\Sudoku.java,Sudoku,restart/0,gui,1
C:\projects\SudokuGame-main\src\Sudoku.java,Sudoku,finish/0,popupFrame,2
C:\projects\SudokuGame-main\src\Sudoku.java,Sudoku,finish/0,gui,1
C:\projects\SudokuGame-main\src\Sudoku.java,Sudoku,Sudoku/0,timer,2
C:\projects\SudokuGame-main\src\Sudoku.java,Sudoku,Sudoku/0,generatedGrid,3
C:\projects\SudokuGame-main\src\Sudoku.java,Sudoku,Sudoku/0,gridMask,1
C:\projects\SudokuGame-main\src\Sudoku.java,Sudoku,Sudoku/0,writerToFile,1
C:\projects\SudokuGame-main\src\Sudoku.java,Sudoku,Sudoku/0,solutionGrid,1
C:\projects\SudokuGame-main\src\Sudoku.java,Sudoku,Sudoku/0,Size,2
C:\projects\SudokuGame-main\src\Sudoku.java,Sudoku,Sudoku/0,grid,1
C:\projects\SudokuGame-main\src\Sudoku.java,Sudoku,Sudoku/0,gui,1
C:\projects\SudokuGame-main\src\GUI.java,GUI,"setCellAttributes/3[javax.swing.JTextField,int,int]",SQUARE_SIZE,6
C:\projects\SudokuGame-main\src\GUI.java,GUI,GUI/0,SIZE,4
C:\projects\SudokuGame-main\src\GUI.java,GUI,GUI/0,SUDOKU_SIZE,2
C:\projects\SudokuGame-main\src\RankingManager.java,RankingManager,save/0,ranking,1
C:\projects\SudokuGame-main\src\RankingManager.java,RankingManager,load/0,ranking,2
C:\projects\SudokuGame-main\src\RankingManager.java,RankingManager,RankingManager/0,ranking,1
C:\projects\SudokuGame-main\src\RankingManager.java,RankingManager,addEntry/1[RankingEntry],ranking,1
C:\projects\SudokuGame-main\src\Cell.java,Cell,setContent/1[int],content,3
C:\projects\SudokuGame-main\src\Cell.java,Cell,getContent/0,content,1
C:\projects\SudokuGame-main\src\Cell.java,Cell,"Cell/3[int,int,int]",column,4
C:\projects\SudokuGame-main\src\Cell.java,Cell,"Cell/3[int,int,int]",row,4
C:\projects\SudokuGame-main\src\Cell.java,Cell,"Cell/3[int,int,int]",content,5
C:\projects\SudokuGame-main\src\Cell.java,Cell,getRow/0,row,1
C:\projects\SudokuGame-main\src\Cell.java,Cell,getColumn/0,column,1
C:\projects\SudokuGame-main\src\RankingEntry.java,RankingEntry,"RankingEntry/2[long,java.lang.String]",name,3
C:\projects\SudokuGame-main\src\RankingEntry.java,RankingEntry,"RankingEntry/2[long,java.lang.String]",time,3
