file,class,method,constructor,line,cbo,cboModified,fanin,fanout,wmc,rfc,loc,returnsQty,variablesQty,parametersQty,methodsInvokedQty,methodsInvokedLocalQty,methodsInvokedIndirectLocalQty,loopQty,comparisonsQty,tryCatchQty,parenthesizedExpsQty,stringLiteralsQty,numbersQty,assignmentsQty,mathOperationsQty,maxNestedBlocksQty,anonymousClassesQty,innerClassesQty,lambdasQty,uniqueWordsQty,modifiers,logStatementsQty,hasJavaDoc
C:\projects\SudokuGame-main\src\ChangedValueListener.java,ChangedValueListener,changeText/0,false,29,3,8,1,7,5,12,29,1,8,0,12,0,0,2,0,0,0,2,3,9,1,3,0,0,1,44,2,0,true
C:\projects\SudokuGame-main\src\ChangedValueListener.java,ChangedValueListener,removeUpdate/1[javax.swing.event.DocumentEvent],false,71,1,1,0,1,1,1,3,0,0,1,1,0,0,0,0,0,0,0,1,0,0,0,0,0,0,5,1,0,false
C:\projects\SudokuGame-main\src\ChangedValueListener.java,ChangedValueListener,changedUpdate/1[javax.swing.event.DocumentEvent],false,76,0,0,0,0,1,0,2,0,0,1,0,0,0,0,0,0,0,0,0,0,0,0,0,0,0,5,1,0,false
C:\projects\SudokuGame-main\src\ChangedValueListener.java,ChangedValueListener,insertUpdate/1[javax.swing.event.DocumentEvent],false,66,1,1,0,1,1,1,3,0,0,1,1,1,1,0,0,0,0,0,0,0,0,0,0,0,0,7,1,0,false
C:\projects\SudokuGame-main\src\ChangedValueListener.java,ChangedValueListener,ChangedValueListener/1[Cell],true,18,1,1,1,0,1,0,3,0,0,1,0,0,0,0,0,0,0,0,0,1,0,0,0,0,0,5,0,0,false
C:\projects\SudokuGame-main\src\GridGenerator.java,GridGenerator,"isUsedInBox/3[int,int,int]",false,77,0,1,1,0,4,0,4,2,2,3,0,0,0,2,1,0,0,0,2,2,2,3,0,0,0,31,2,0,true
C:\projects\SudokuGame-main\src\GridGenerator.java,GridGenerator,GridGenerator/1[int],true,16,2,3,1,2,1,3,9,0,0,1,3,2,4,0,0,0,0,0,0,5,0,0,0,0,0,29,0,0,true
C:\projects\SudokuGame-main\src\GridGenerator.java,GridGenerator,"fillSquare/2[int,int]",false,52,1,2,1,1,4,2,12,0,3,2,2,1,1,3,0,0,1,0,3,4,4,3,0,0,0,26,2,0,true
C:\projects\SudokuGame-main\src\GridGenerator.java,GridGenerator,"fillRemaining/2[int,int]",false,93,2,5,2,3,14,2,29,4,2,2,2,1,0,1,2,0,1,0,8,10,9,3,0,0,0,30,2,0,true
C:\projects\SudokuGame-main\src\GridGenerator.java,GridGenerator,removeKDigits/0,false,141,0,1,1,0,7,1,19,0,6,0,1,0,0,3,4,0,2,0,8,10,6,2,0,0,0,17,2,0,true
C:\projects\SudokuGame-main\src\GridGenerator.java,GridGenerator,fillDiagonal/0,false,41,1,2,1,1,2,1,3,0,1,0,1,1,2,1,0,0,0,0,1,2,1,1,0,0,0,15,2,0,true
C:\projects\SudokuGame-main\src\GridGenerator.java,GridGenerator,getReadyGrid/0,false,167,1,1,1,0,1,0,3,1,0,0,0,0,0,0,0,0,0,0,0,0,0,0,0,0,0,4,0,0,false
C:\projects\SudokuGame-main\src\GridGenerator.java,GridGenerator,printSudoku/0,false,176,0,1,1,0,3,2,7,0,2,0,2,0,0,2,0,0,0,1,2,2,1,2,0,0,0,5,0,0,false
C:\projects\SudokuGame-main\src\GridGenerator.java,GridGenerator,generateGrid/0,false,32,1,3,1,2,1,2,4,0,0,0,2,2,3,0,0,0,0,0,1,0,0,0,0,0,0,37,2,0,true
C:\projects\SudokuGame-main\src\GridGenerator.java,GridGenerator,getSolvedGrid/0,false,171,1,1,1,0,1,0,3,1,0,0,0,0,0,0,0,0,0,0,0,0,0,0,0,0,0,4,0,0,false
C:\projects\SudokuGame-main\src\Timer.java,Timer,stop/0,false,45,0,1,1,0,1,0,3,0,0,0,0,0,0,0,0,0,0,0,0,1,0,0,0,0,0,3,0,0,false
C:\projects\SudokuGame-main\src\Timer.java,Timer,startTimer/0,false,27,0,1,1,0,1,1,3,0,0,0,1,0,0,0,0,0,0,0,0,1,0,0,0,0,0,3,2,0,false
C:\projects\SudokuGame-main\src\Timer.java,Timer,stopTimer/0,false,31,0,1,1,0,1,1,3,0,0,0,1,0,0,0,0,0,0,0,0,1,0,0,0,0,0,3,2,0,false
C:\projects\SudokuGame-main\src\Timer.java,Timer,getFinalTimeDiff/0,false,40,0,1,1,0,1,2,4,1,1,0,2,0,0,0,0,0,0,0,0,1,0,0,0,0,0,6,0,0,false
C:\projects\SudokuGame-main\src\Timer.java,Timer,getTimeDiff/0,false,35,0,1,1,0,1,3,4,1,1,0,3,0,0,0,0,0,0,0,0,1,0,0,0,0,0,5,0,0,false
C:\projects\SudokuGame-main\src\Timer.java,Timer,run/0,false,16,3,5,0,5,3,4,9,1,1,0,4,2,1,1,0,0,0,0,0,1,0,2,0,0,0,18,1,0,true
C:\projects\SudokuGame-main\src\Sudoku.java,Sudoku,restart/0,false,80,3,5,2,3,3,3,10,0,0,0,3,0,0,0,2,0,0,0,0,1,0,1,0,0,0,16,8,0,true
C:\projects\SudokuGame-main\src\Sudoku.java,Sudoku,finish/0,false,95,1,2,1,1,2,1,4,0,0,0,1,0,0,0,1,0,0,0,0,1,0,1,0,0,0,13,8,0,true
C:\projects\SudokuGame-main\src\Sudoku.java,Sudoku,Sudoku/0,true,48,5,10,2,8,3,4,17,0,4,0,4,0,0,2,1,0,1,0,4,11,0,2,0,0,0,26,1,0,false
C:\projects\SudokuGame-main\src\Sudoku.java,Sudoku,main/1[java.lang.String[]],false,66,1,1,0,1,3,3,8,1,1,1,3,0,0,0,0,0,0,2,0,1,0,2,0,0,0,10,9,0,false
C:\projects\SudokuGame-main\src\GUI.java,GUI,"setCellAttributes/3[javax.swing.JTextField,int,int]",false,131,0,1,1,0,14,6,28,0,0,3,6,0,0,0,12,0,0,3,50,0,6,5,0,0,0,27,10,0,true
C:\projects\SudokuGame-main\src\GUI.java,GUI,GUI/0,true,21,6,9,1,8,12,25,90,1,23,0,25,1,1,7,1,1,0,8,26,34,1,8,0,0,3,81,0,0,true
C:\projects\SudokuGame-main\src\RankingManager.java,RankingManager,save/0,false,49,0,1,1,0,3,4,14,0,2,0,4,0,0,1,0,1,0,5,0,2,2,2,0,0,0,12,0,0,false
C:\projects\SudokuGame-main\src\RankingManager.java,RankingManager,load/0,false,31,1,2,1,1,4,3,14,1,3,0,3,0,0,2,1,0,0,2,4,5,0,2,0,0,0,11,0,0,false
C:\projects\SudokuGame-main\src\RankingManager.java,RankingManager,RankingManager/0,true,10,2,2,1,1,1,1,4,0,0,0,1,1,1,0,0,0,0,0,1,1,0,0,0,0,0,8,0,0,false
C:\projects\SudokuGame-main\src\RankingManager.java,RankingManager,addEntry/1[RankingEntry],false,16,1,2,1,1,3,0,12,0,2,1,0,0,0,1,0,0,0,0,0,6,0,2,0,0,0,9,0,0,false
C:\projects\SudokuGame-main\src\winPopup.java,winPopup,winPopup/0,true,12,4,5,1,4,2,19,43,0,11,0,19,0,0,0,0,1,0,7,10,10,1,2,0,0,1,67,0,0,false
C:\projects\SudokuGame-main\src\Cell.java,Cell,setContent/1[int],false,34,0,3,3,0,1,0,3,0,0,1,0,0,0,0,0,0,0,0,0,1,0,0,0,0,0,3,0,0,false
C:\projects\SudokuGame-main\src\Cell.java,Cell,getContent/0,false,38,0,3,3,0,1,0,3,1,0,0,0,0,0,0,0,0,0,0,0,0,0,0,0,0,0,3,0,0,false
C:\projects\SudokuGame-main\src\Cell.java,Cell,"Cell/3[int,int,int]",true,26,1,2,1,1,1,4,7,0,0,3,4,0,0,0,0,0,0,0,0,3,0,0,0,0,0,19,0,0,true
C:\projects\SudokuGame-main\src\Cell.java,Cell,getRow/0,false,46,0,1,1,0,1,0,3,1,0,0,0,0,0,0,0,0,0,0,0,0,0,0,0,0,0,3,0,0,false
C:\projects\SudokuGame-main\src\Cell.java,Cell,getColumn/0,false,42,0,1,1,0,1,0,3,1,0,0,0,0,0,0,0,0,0,0,0,0,0,0,0,0,0,3,0,0,false
C:\projects\SudokuGame-main\src\Validator.java,Validator,isSolvable/1[int[][]],false,132,2,4,2,2,7,2,20,3,3,1,2,2,1,3,1,0,0,0,8,5,0,5,0,0,0,29,0,0,true
C:\projects\SudokuGame-main\src\Validator.java,Validator,isSudokuSolved/0,false,111,1,2,1,1,4,1,8,2,0,0,1,0,0,2,1,0,0,0,1,0,0,3,0,0,0,13,0,0,true
C:\projects\SudokuGame-main\src\Validator.java,Validator,"isNumberCorrect/5[int,int,int[][],int,boolean]",false,38,1,4,4,0,15,1,47,4,7,5,1,0,0,4,7,0,2,15,10,9,15,6,0,0,0,43,0,0,true
C:\projects\SudokuGame-main\src\Validator.java,Validator,isInputValid/1[java.lang.String],false,11,0,1,1,0,1,1,3,1,0,1,1,0,0,0,0,0,0,1,0,0,0,0,0,0,0,12,0,0,true
C:\projects\SudokuGame-main\src\Validator.java,Validator,"isNumberCorrect/4[int,int,int[][],int]",false,24,2,2,1,1,1,1,3,1,0,4,1,1,1,0,0,0,0,0,0,0,0,0,0,0,0,14,0,0,true
C:\projects\SudokuGame-main\src\RankingEntry.java,RankingEntry,"RankingEntry/2[long,java.lang.String]",true,6,0,3,3,0,1,0,4,0,0,2,0,0,0,0,0,0,0,0,0,2,0,0,0,0,0,4,0,0,false
