file,class,method,variable,usage
C:\projects\SudokuGame-main\src\ChangedValueListener.java,ChangedValueListener,changeText/0,valid,2
C:\projects\SudokuGame-main\src\ChangedValueListener.java,ChangedValueListener,changeText/0,input,3
C:\projects\SudokuGame-main\src\ChangedValueListener.java,ChangedValueListener,changeText/0,grid,3
C:\projects\SudokuGame-main\src\ChangedValueListener.java,ChangedValueListener,changeText/0,column,2
C:\projects\SudokuGame-main\src\ChangedValueListener.java,ChangedValueListener,changeText/0,assist,1
C:\projects\SudokuGame-main\src\ChangedValueListener.java,ChangedValueListener,changeText/0,i,4
C:\projects\SudokuGame-main\src\ChangedValueListener.java,ChangedValueListener,changeText/0,j,4
C:\projects\SudokuGame-main\src\ChangedValueListener.java,ChangedValueListener,changeText/0,row,2
C:\projects\SudokuGame-main\src\ChangedValueListener.java,ChangedValueListener,removeUpdate/1[javax.swing.event.DocumentEvent],e,0
C:\projects\SudokuGame-main\src\ChangedValueListener.java,ChangedValueListener,changedUpdate/1[javax.swing.event.DocumentEvent],e,0
C:\projects\SudokuGame-main\src\ChangedValueListener.java,ChangedValueListener,insertUpdate/1[javax.swing.event.DocumentEvent],e,0
C:\projects\SudokuGame-main\src\ChangedValueListener.java,ChangedValueListener,ChangedValueListener/1[Cell],listenedCell,2
C:\projects\SudokuGame-main\src\GridGenerator.java,GridGenerator,"isUsedInBox/3[int,int,int]",num,1
C:\projects\SudokuGame-main\src\GridGenerator.java,GridGenerator,"isUsedInBox/3[int,int,int]",colStart,1
C:\projects\SudokuGame-main\src\GridGenerator.java,GridGenerator,"isUsedInBox/3[int,int,int]",i,3
C:\projects\SudokuGame-main\src\GridGenerator.java,GridGenerator,"isUsedInBox/3[int,int,int]",rowStart,1
C:\projects\SudokuGame-main\src\GridGenerator.java,GridGenerator,"isUsedInBox/3[int,int,int]",j,3
C:\projects\SudokuGame-main\src\GridGenerator.java,GridGenerator,GridGenerator/1[int],nums,1
C:\projects\SudokuGame-main\src\GridGenerator.java,GridGenerator,"fillSquare/2[int,int]",num,3
C:\projects\SudokuGame-main\src\GridGenerator.java,GridGenerator,"fillSquare/2[int,int]",column,2
C:\projects\SudokuGame-main\src\GridGenerator.java,GridGenerator,"fillSquare/2[int,int]",i,3
C:\projects\SudokuGame-main\src\GridGenerator.java,GridGenerator,"fillSquare/2[int,int]",j,3
C:\projects\SudokuGame-main\src\GridGenerator.java,GridGenerator,"fillSquare/2[int,int]",row,2
C:\projects\SudokuGame-main\src\GridGenerator.java,GridGenerator,"fillRemaining/2[int,int]",valid,1
C:\projects\SudokuGame-main\src\GridGenerator.java,GridGenerator,"fillRemaining/2[int,int]",num,4
C:\projects\SudokuGame-main\src\GridGenerator.java,GridGenerator,"fillRemaining/2[int,int]",i,14
C:\projects\SudokuGame-main\src\GridGenerator.java,GridGenerator,"fillRemaining/2[int,int]",j,14
C:\projects\SudokuGame-main\src\GridGenerator.java,GridGenerator,removeKDigits/0,count,2
C:\projects\SudokuGame-main\src\GridGenerator.java,GridGenerator,removeKDigits/0,i,10
C:\projects\SudokuGame-main\src\GridGenerator.java,GridGenerator,removeKDigits/0,j,10
C:\projects\SudokuGame-main\src\GridGenerator.java,GridGenerator,removeKDigits/0,cellId,2
C:\projects\SudokuGame-main\src\GridGenerator.java,GridGenerator,fillDiagonal/0,i,5
C:\projects\SudokuGame-main\src\GridGenerator.java,GridGenerator,printSudoku/0,i,3
C:\projects\SudokuGame-main\src\GridGenerator.java,GridGenerator,printSudoku/0,j,3
C:\projects\SudokuGame-main\src\Timer.java,Timer,getFinalTimeDiff/0,duration,1
C:\projects\SudokuGame-main\src\Timer.java,Timer,getTimeDiff/0,duration,1
C:\projects\SudokuGame-main\src\Timer.java,Timer,run/0,valid,1
C:\projects\SudokuGame-main\src\Sudoku.java,Sudoku,Sudoku/0,generator,3
C:\projects\SudokuGame-main\src\Sudoku.java,Sudoku,Sudoku/0,i,7
C:\projects\SudokuGame-main\src\Sudoku.java,Sudoku,Sudoku/0,j,7
C:\projects\SudokuGame-main\src\Sudoku.java,Sudoku,Sudoku/0,thread,1
C:\projects\SudokuGame-main\src\Sudoku.java,Sudoku,main/1[java.lang.String[]],args,0
C:\projects\SudokuGame-main\src\Sudoku.java,Sudoku,main/1[java.lang.String[]],ranking,2
C:\projects\SudokuGame-main\src\GUI.java,GUI,"setCellAttributes/3[javax.swing.JTextField,int,int]",column,7
C:\projects\SudokuGame-main\src\GUI.java,GUI,"setCellAttributes/3[javax.swing.JTextField,int,int]",row,7
C:\projects\SudokuGame-main\src\GUI.java,GUI,"setCellAttributes/3[javax.swing.JTextField,int,int]",textField,14
C:\projects\SudokuGame-main\src\GUI.java,GUI,GUI/0,e,2
C:\projects\SudokuGame-main\src\GUI.java,GUI,GUI/0,menuPanel,6
C:\projects\SudokuGame-main\src\GUI.java,GUI,GUI/0,newGame,2
C:\projects\SudokuGame-main\src\GUI.java,GUI,GUI/0,column,5
C:\projects\SudokuGame-main\src\GUI.java,GUI,GUI/0,validator,2
C:\projects\SudokuGame-main\src\GUI.java,GUI,GUI/0,i,8
C:\projects\SudokuGame-main\src\GUI.java,GUI,GUI/0,gbc,15
C:\projects\SudokuGame-main\src\GUI.java,GUI,GUI/0,refresh,1
C:\projects\SudokuGame-main\src\GUI.java,GUI,GUI/0,j,8
C:\projects\SudokuGame-main\src\GUI.java,GUI,GUI/0,k,11
C:\projects\SudokuGame-main\src\GUI.java,GUI,GUI/0,actRestart,1
C:\projects\SudokuGame-main\src\GUI.java,GUI,GUI/0,sudokuPanel,4
C:\projects\SudokuGame-main\src\GUI.java,GUI,GUI/0,l,4
C:\projects\SudokuGame-main\src\GUI.java,GUI,GUI/0,title,2
C:\projects\SudokuGame-main\src\GUI.java,GUI,GUI/0,ex,1
C:\projects\SudokuGame-main\src\GUI.java,GUI,GUI/0,refreshTimer,1
C:\projects\SudokuGame-main\src\GUI.java,GUI,GUI/0,grid,8
C:\projects\SudokuGame-main\src\GUI.java,GUI,GUI/0,solve,2
C:\projects\SudokuGame-main\src\GUI.java,GUI,GUI/0,row,5
C:\projects\SudokuGame-main\src\GUI.java,GUI,GUI/0,time,4
C:\projects\SudokuGame-main\src\GUI.java,GUI,GUI/0,actSolve,1
C:\projects\SudokuGame-main\src\RankingManager.java,RankingManager,save/0,file,1
C:\projects\SudokuGame-main\src\RankingManager.java,RankingManager,save/0,ex,1
C:\projects\SudokuGame-main\src\RankingManager.java,RankingManager,save/0,bw,2
C:\projects\SudokuGame-main\src\RankingManager.java,RankingManager,save/0,i,4
C:\projects\SudokuGame-main\src\RankingManager.java,RankingManager,load/0,sc,3
C:\projects\SudokuGame-main\src\RankingManager.java,RankingManager,load/0,file,1
C:\projects\SudokuGame-main\src\RankingManager.java,RankingManager,load/0,i,6
C:\projects\SudokuGame-main\src\RankingManager.java,RankingManager,addEntry/1[RankingEntry],tempEntry,4
C:\projects\SudokuGame-main\src\RankingManager.java,RankingManager,addEntry/1[RankingEntry],newEntry,3
C:\projects\SudokuGame-main\src\RankingManager.java,RankingManager,addEntry/1[RankingEntry],helpHand,2
C:\projects\SudokuGame-main\src\RankingManager.java,RankingManager,addEntry/1[RankingEntry],i,5
C:\projects\SudokuGame-main\src\winPopup.java,winPopup,winPopup/0,nameInstruction,2
C:\projects\SudokuGame-main\src\winPopup.java,winPopup,winPopup/0,entry,1
C:\projects\SudokuGame-main\src\winPopup.java,winPopup,winPopup/0,winLabel,4
C:\projects\SudokuGame-main\src\winPopup.java,winPopup,winPopup/0,ex,1
C:\projects\SudokuGame-main\src\winPopup.java,winPopup,winPopup/0,e,0
C:\projects\SudokuGame-main\src\winPopup.java,winPopup,winPopup/0,name,1
C:\projects\SudokuGame-main\src\winPopup.java,winPopup,winPopup/0,nameField,2
C:\projects\SudokuGame-main\src\winPopup.java,winPopup,winPopup/0,actRestart,1
C:\projects\SudokuGame-main\src\winPopup.java,winPopup,winPopup/0,time,1
C:\projects\SudokuGame-main\src\winPopup.java,winPopup,winPopup/0,panel,8
C:\projects\SudokuGame-main\src\winPopup.java,winPopup,winPopup/0,timeLabel,4
C:\projects\SudokuGame-main\src\winPopup.java,winPopup,winPopup/0,retry,2
C:\projects\SudokuGame-main\src\Cell.java,Cell,setContent/1[int],content,2
C:\projects\SudokuGame-main\src\Cell.java,Cell,"Cell/3[int,int,int]",column,2
C:\projects\SudokuGame-main\src\Cell.java,Cell,"Cell/3[int,int,int]",row,2
C:\projects\SudokuGame-main\src\Cell.java,Cell,"Cell/3[int,int,int]",content,3
C:\projects\SudokuGame-main\src\Validator.java,Validator,isSolvable/1[int[][]],i,6
C:\projects\SudokuGame-main\src\Validator.java,Validator,isSolvable/1[int[][]],j,6
C:\projects\SudokuGame-main\src\Validator.java,Validator,isSolvable/1[int[][]],k,4
C:\projects\SudokuGame-main\src\Validator.java,Validator,isSolvable/1[int[][]],board,5
C:\projects\SudokuGame-main\src\Validator.java,Validator,isSudokuSolved/0,x,1
C:\projects\SudokuGame-main\src\Validator.java,Validator,isSudokuSolved/0,row,1
C:\projects\SudokuGame-main\src\Validator.java,Validator,"isNumberCorrect/5[int,int,int[][],int,boolean]",isItUserInput,3
C:\projects\SudokuGame-main\src\Validator.java,Validator,"isNumberCorrect/5[int,int,int[][],int,boolean]",anotherField,9
C:\projects\SudokuGame-main\src\Validator.java,Validator,"isNumberCorrect/5[int,int,int[][],int,boolean]",grid,3
C:\projects\SudokuGame-main\src\Validator.java,Validator,"isNumberCorrect/5[int,int,int[][],int,boolean]",column,5
C:\projects\SudokuGame-main\src\Validator.java,Validator,"isNumberCorrect/5[int,int,int[][],int,boolean]",squareBeginningColumn,2
C:\projects\SudokuGame-main\src\Validator.java,Validator,"isNumberCorrect/5[int,int,int[][],int,boolean]",i,17
C:\projects\SudokuGame-main\src\Validator.java,Validator,"isNumberCorrect/5[int,int,int[][],int,boolean]",j,5
C:\projects\SudokuGame-main\src\Validator.java,Validator,"isNumberCorrect/5[int,int,int[][],int,boolean]",row,5
C:\projects\SudokuGame-main\src\Validator.java,Validator,"isNumberCorrect/5[int,int,int[][],int,boolean]",checkedField,6
C:\projects\SudokuGame-main\src\Validator.java,Validator,"isNumberCorrect/5[int,int,int[][],int,boolean]",squareBeginningRow,2
C:\projects\SudokuGame-main\src\Validator.java,Validator,isInputValid/1[java.lang.String],input,1
C:\projects\SudokuGame-main\src\Validator.java,Validator,"isNumberCorrect/4[int,int,int[][],int]",grid,1
C:\projects\SudokuGame-main\src\Validator.java,Validator,"isNumberCorrect/4[int,int,int[][],int]",column,1
C:\projects\SudokuGame-main\src\Validator.java,Validator,"isNumberCorrect/4[int,int,int[][],int]",row,1
C:\projects\SudokuGame-main\src\Validator.java,Validator,"isNumberCorrect/4[int,int,int[][],int]",checkedField,1
C:\projects\SudokuGame-main\src\RankingEntry.java,RankingEntry,"RankingEntry/2[long,java.lang.String]",name,2
C:\projects\SudokuGame-main\src\RankingEntry.java,RankingEntry,"RankingEntry/2[long,java.lang.String]",time,2
