file,class,type,cbo,cboModified,fanin,fanout,wmc,dit,noc,rfc,lcom,lcom*,tcc,lcc,totalMethodsQty,staticMethodsQty,publicMethodsQty,privateMethodsQty,protectedMethodsQty,defaultMethodsQty,visibleMethodsQty,abstractMethodsQty,finalMethodsQty,synchronizedMethodsQty,totalFieldsQty,staticFieldsQty,publicFieldsQty,privateFieldsQty,protectedFieldsQty,defaultFieldsQty,finalFieldsQty,synchronizedFieldsQty,nosi,loc,returnQty,loopQty,comparisonsQty,tryCatchQty,parenthesizedExpsQty,stringLiteralsQty,numbersQty,assignmentsQty,mathOperationsQty,variablesQty,maxNestedBlocksQty,anonymousClassesQty,innerClassesQty,lambdasQty,uniqueWordsQty,modifiers,logStatementsQty
C:\projects\Buzzer-Game-master\src\com\ginasprint\buzzer\client\ClientGUI.java,com.ginasprint.buzzer.client.ClientGUI$Anonymous1,anonymous,1,1,0,1,1,1,0,2,0,0.0,NaN,NaN,1,0,1,0,0,0,1,0,0,0,0,0,0,0,0,0,0,0,0,6,0,0,0,0,0,0,0,0,0,0,0,0,0,0,5,-1,0
C:\projects\Buzzer-Game-master\src\com\ginasprint\buzzer\server\ServerController.java,com.ginasprint.buzzer.server.ServerController$Anonymous1,anonymous,2,2,0,2,1,1,0,2,0,0.0,NaN,NaN,1,0,1,0,0,0,1,0,0,0,0,0,0,0,0,0,0,0,0,7,0,0,0,0,0,1,0,1,0,0,0,0,0,0,11,-1,0
C:\projects\Buzzer-Game-master\src\com\ginasprint\buzzer\server\Participant.java,com.ginasprint.buzzer.server.Participant,class,1,5,4,1,11,1,0,6,11,0.6,0.37777779,0.8,10,0,10,0,0,0,10,0,0,0,3,0,3,0,0,0,0,0,0,40,7,0,1,0,0,2,1,6,2,3,1,0,0,0,18,1,0
C:\projects\Buzzer-Game-master\src\com\ginasprint\buzzer\client\ClientGUI.java,com.ginasprint.buzzer.client.ClientGUI,class,2,5,3,2,3,6,0,13,0,0.44444445,1.0,1.0,3,0,2,1,0,0,2,0,0,0,3,1,0,1,2,0,1,0,0,39,0,0,0,0,0,6,2,8,0,8,0,1,0,0,41,1,0
C:\projects\Buzzer-Game-master\src\com\ginasprint\buzzer\client\Client.java,com.ginasprint.buzzer.client.Client,class,2,5,3,2,19,1,0,13,0,0.57142866,0.2,0.2,6,1,5,1,0,0,5,0,0,0,7,0,0,7,0,0,0,0,0,83,0,2,5,3,1,3,0,14,0,14,6,0,0,1,43,1,0
C:\projects\Buzzer-Game-master\src\com\ginasprint\buzzer\server\ServerController.java,com.ginasprint.buzzer.server.ServerController,class,4,10,6,4,18,1,0,27,0,0.35,0.3,0.3,10,0,5,5,0,0,5,0,0,0,2,0,0,0,2,0,0,0,2,82,0,2,6,0,0,11,4,6,3,7,1,1,0,0,41,1,0
C:\projects\Buzzer-Game-master\src\com\ginasprint\buzzer\server\Server.java,com.ginasprint.buzzer.server.Server,class,4,9,5,4,28,1,0,30,0,0.77777785,0.58181816,1.0,11,0,11,0,0,0,11,0,0,0,9,4,1,0,8,0,2,0,2,124,4,7,2,4,2,6,6,26,4,20,4,0,0,1,61,1,0
C:\projects\Buzzer-Game-master\src\com\ginasprint\buzzer\client\MainClient.java,com.ginasprint.buzzer.client.MainClient,class,2,2,0,2,3,1,0,3,0,0.0,NaN,NaN,1,1,1,0,0,0,1,0,0,0,1,1,0,0,0,1,0,0,2,23,0,0,1,0,0,4,4,7,2,5,1,0,0,0,16,1,0
C:\projects\Buzzer-Game-master\src\com\ginasprint\buzzer\client\ClientController.java,com.ginasprint.buzzer.client.ClientController,class,2,6,4,2,4,1,0,6,0,0.5,0.5,0.5,4,0,4,0,0,0,4,0,0,0,2,0,0,2,0,0,0,0,3,24,0,0,0,0,0,2,1,1,0,2,0,1,0,0,19,1,0
C:\projects\Buzzer-Game-master\src\com\ginasprint\buzzer\client\ClientController.java,com.ginasprint.buzzer.client.ClientController$Anonymous1,anonymous,1,1,0,1,1,1,0,0,0,0.0,NaN,NaN,1,0,1,0,0,0,1,0,0,0,0,0,0,0,0,0,0,0,0,5,0,0,0,0,0,0,0,1,0,0,0,0,0,0,6,-1,0
C:\projects\Buzzer-Game-master\src\com\ginasprint\buzzer\server\MainServer.java,com.ginasprint.buzzer.server.MainServer,class,2,2,0,2,2,1,0,2,0,0.0,NaN,NaN,1,1,1,0,0,0,1,0,0,0,0,0,0,0,0,0,0,0,1,14,0,0,1,0,0,2,3,4,1,3,1,0,0,0,10,1,0
C:\projects\Buzzer-Game-master\src\com\ginasprint\buzzer\server\ServerGUI.java,com.ginasprint.buzzer.server.ServerGUI,class,2,5,3,2,8,6,0,31,0,0.7857143,NaN,NaN,7,0,1,6,0,0,1,0,0,0,10,2,0,0,10,0,1,0,4,134,5,0,0,1,0,24,23,30,1,30,1,1,0,0,63,1,0
C:\projects\Buzzer-Game-master\src\com\ginasprint\buzzer\server\Server.java,com.ginasprint.buzzer.server.ClientConnectionThread,class,4,6,2,4,16,2,0,25,0,0.5,1.0,1.0,5,0,2,3,0,0,2,0,0,0,4,0,0,4,0,0,0,0,3,75,1,1,1,2,1,6,3,9,4,8,6,0,0,3,33,0,0
C:\projects\Buzzer-Game-master\src\com\ginasprint\buzzer\server\ServerGUI.java,com.ginasprint.buzzer.server.ServerGUI$Anonymous1,anonymous,1,1,0,1,1,1,0,2,0,0.0,NaN,NaN,1,0,1,0,0,0,1,0,0,0,0,0,0,0,0,0,0,0,0,6,0,0,0,0,0,0,0,0,0,0,0,0,0,0,5,-1,0
