file,class,method,variable,usage
C:\projects\Buzzer-Game-master\src\com\ginasprint\buzzer\server\Participant.java,com.ginasprint.buzzer.server.Participant,getName/0,name,1
C:\projects\Buzzer-Game-master\src\com\ginasprint\buzzer\server\Participant.java,com.ginasprint.buzzer.server.Participant,setName/1[java.lang.String],name,3
C:\projects\Buzzer-Game-master\src\com\ginasprint\buzzer\server\Participant.java,com.ginasprint.buzzer.server.Participant,getScore/0,score,1
C:\projects\Buzzer-Game-master\src\com\ginasprint\buzzer\server\Participant.java,com.ginasprint.buzzer.server.Participant,setScore/1[int],score,3
C:\projects\Buzzer-Game-master\src\com\ginasprint\buzzer\server\Participant.java,com.ginasprint.buzzer.server.Participant,compareTo/1[com.ginasprint.buzzer.server.Participant],score,2
C:\projects\Buzzer-Game-master\src\com\ginasprint\buzzer\server\Participant.java,com.ginasprint.buzzer.server.Participant,compareTo/1[com.ginasprint.buzzer.server.Participant],name,1
C:\projects\Buzzer-Game-master\src\com\ginasprint\buzzer\server\Participant.java,com.ginasprint.buzzer.server.Participant,setClientSocket/1[java.net.Socket],clientSocket,3
C:\projects\Buzzer-Game-master\src\com\ginasprint\buzzer\server\Participant.java,com.ginasprint.buzzer.server.Participant,getClientSocket/0,clientSocket,1
C:\projects\Buzzer-Game-master\src\com\ginasprint\buzzer\server\Participant.java,com.ginasprint.buzzer.server.Participant,isClosed/0,clientSocket,1
C:\projects\Buzzer-Game-master\src\com\ginasprint\buzzer\server\Participant.java,com.ginasprint.buzzer.server.Participant,Participant/1[java.net.Socket],clientSocket,1
C:\projects\Buzzer-Game-master\src\com\ginasprint\buzzer\server\Participant.java,com.ginasprint.buzzer.server.Participant,Participant/1[java.net.Socket],score,1
C:\projects\Buzzer-Game-master\src\com\ginasprint\buzzer\server\Participant.java,com.ginasprint.buzzer.server.Participant,Participant/1[java.net.Socket],name,1
C:\projects\Buzzer-Game-master\src\com\ginasprint\buzzer\client\ClientGUI.java,com.ginasprint.buzzer.client.ClientGUI,setupUI/0,FONT_SIZE,3
C:\projects\Buzzer-Game-master\src\com\ginasprint\buzzer\client\ClientGUI.java,com.ginasprint.buzzer.client.ClientGUI,setupUI/0,nameTextField,3
C:\projects\Buzzer-Game-master\src\com\ginasprint\buzzer\client\ClientGUI.java,com.ginasprint.buzzer.client.ClientGUI,actionPerformed/1[java.awt.event.ActionEvent],controller,1
C:\projects\Buzzer-Game-master\src\com\ginasprint\buzzer\client\ClientGUI.java,com.ginasprint.buzzer.client.ClientGUI,actionPerformed/1[java.awt.event.ActionEvent],nameTextField,1
C:\projects\Buzzer-Game-master\src\com\ginasprint\buzzer\client\ClientGUI.java,com.ginasprint.buzzer.client.ClientGUI,ClientGUI/1[com.ginasprint.buzzer.client.ClientController],controller,3
C:\projects\Buzzer-Game-master\src\com\ginasprint\buzzer\client\Client.java,com.ginasprint.buzzer.client.Client,buzzIn/1[java.lang.String],out,2
C:\projects\Buzzer-Game-master\src\com\ginasprint\buzzer\client\Client.java,com.ginasprint.buzzer.client.Client,setControllerAndOpenConnection/1[com.ginasprint.buzzer.client.ClientController],controller,3
C:\projects\Buzzer-Game-master\src\com\ginasprint\buzzer\client\Client.java,com.ginasprint.buzzer.client.Client,closeConnection/0,out,2
C:\projects\Buzzer-Game-master\src\com\ginasprint\buzzer\client\Client.java,com.ginasprint.buzzer.client.Client,"Client/2[java.lang.String,int]",hostName,3
C:\projects\Buzzer-Game-master\src\com\ginasprint\buzzer\client\Client.java,com.ginasprint.buzzer.client.Client,"Client/2[java.lang.String,int]",portNumber,3
C:\projects\Buzzer-Game-master\src\com\ginasprint\buzzer\client\Client.java,com.ginasprint.buzzer.client.Client,"connect/2[java.lang.String,int]",hostName,2
C:\projects\Buzzer-Game-master\src\com\ginasprint\buzzer\client\Client.java,com.ginasprint.buzzer.client.Client,"connect/2[java.lang.String,int]",portNumber,2
C:\projects\Buzzer-Game-master\src\com\ginasprint\buzzer\client\Client.java,com.ginasprint.buzzer.client.Client,openConnection/0,clientSocket,5
C:\projects\Buzzer-Game-master\src\com\ginasprint\buzzer\client\Client.java,com.ginasprint.buzzer.client.Client,openConnection/0,hostName,1
C:\projects\Buzzer-Game-master\src\com\ginasprint\buzzer\client\Client.java,com.ginasprint.buzzer.client.Client,openConnection/0,stdIn,1
C:\projects\Buzzer-Game-master\src\com\ginasprint\buzzer\client\Client.java,com.ginasprint.buzzer.client.Client,openConnection/0,controller,2
C:\projects\Buzzer-Game-master\src\com\ginasprint\buzzer\client\Client.java,com.ginasprint.buzzer.client.Client,openConnection/0,in,2
C:\projects\Buzzer-Game-master\src\com\ginasprint\buzzer\client\Client.java,com.ginasprint.buzzer.client.Client,openConnection/0,portNumber,1
C:\projects\Buzzer-Game-master\src\com\ginasprint\buzzer\client\Client.java,com.ginasprint.buzzer.client.Client,openConnection/0,out,1
C:\projects\Buzzer-Game-master\src\com\ginasprint\buzzer\server\ServerController.java,com.ginasprint.buzzer.server.ServerController,windowIsClosing/0,server,1
C:\projects\Buzzer-Game-master\src\com\ginasprint\buzzer\server\ServerController.java,com.ginasprint.buzzer.server.ServerController,clearScores/0,server,1
C:\projects\Buzzer-Game-master\src\com\ginasprint\buzzer\server\ServerController.java,com.ginasprint.buzzer.server.ServerController,clearLeaderboard/0,server,1
C:\projects\Buzzer-Game-master\src\com\ginasprint\buzzer\server\ServerController.java,com.ginasprint.buzzer.server.ServerController,updateClientComponents/0,server,1
C:\projects\Buzzer-Game-master\src\com\ginasprint\buzzer\server\ServerController.java,com.ginasprint.buzzer.server.ServerController,startListening/0,server,1
C:\projects\Buzzer-Game-master\src\com\ginasprint\buzzer\server\ServerController.java,com.ginasprint.buzzer.server.ServerController,stopListening/0,server,1
C:\projects\Buzzer-Game-master\src\com\ginasprint\buzzer\server\ServerController.java,com.ginasprint.buzzer.server.ServerController,scoreParticipant/0,server,2
C:\projects\Buzzer-Game-master\src\com\ginasprint\buzzer\server\ServerController.java,com.ginasprint.buzzer.server.ServerController,ServerController/1[com.ginasprint.buzzer.server.Server],server,4
C:\projects\Buzzer-Game-master\src\com\ginasprint\buzzer\server\Server.java,com.ginasprint.buzzer.server.Server,startListening/0,listening,2
C:\projects\Buzzer-Game-master\src\com\ginasprint\buzzer\server\Server.java,com.ginasprint.buzzer.server.Server,startListening/0,controller,2
C:\projects\Buzzer-Game-master\src\com\ginasprint\buzzer\server\Server.java,com.ginasprint.buzzer.server.Server,startListening/0,serverSocket,2
C:\projects\Buzzer-Game-master\src\com\ginasprint\buzzer\server\Server.java,com.ginasprint.buzzer.server.Server,startListening/0,worker,3
C:\projects\Buzzer-Game-master\src\com\ginasprint\buzzer\server\Server.java,com.ginasprint.buzzer.server.Server,startListening/0,portNumber,1
C:\projects\Buzzer-Game-master\src\com\ginasprint\buzzer\server\Server.java,com.ginasprint.buzzer.server.Server,startListening/0,participants,1
C:\projects\Buzzer-Game-master\src\com\ginasprint\buzzer\server\Server.java,com.ginasprint.buzzer.server.Server,getParticipants/0,participants,1
C:\projects\Buzzer-Game-master\src\com\ginasprint\buzzer\server\Server.java,com.ginasprint.buzzer.server.Server,clearScores/0,participants,2
C:\projects\Buzzer-Game-master\src\com\ginasprint\buzzer\server\Server.java,com.ginasprint.buzzer.server.Server,scoreParticipant/1[int],responses,1
C:\projects\Buzzer-Game-master\src\com\ginasprint\buzzer\server\Server.java,com.ginasprint.buzzer.server.Server,scoreParticipant/1[int],POINTS,1
C:\projects\Buzzer-Game-master\src\com\ginasprint\buzzer\server\Server.java,com.ginasprint.buzzer.server.Server,scoreParticipant/1[int],participants,1
C:\projects\Buzzer-Game-master\src\com\ginasprint\buzzer\server\Server.java,com.ginasprint.buzzer.server.Server,Server/1[int],portNumber,3
C:\projects\Buzzer-Game-master\src\com\ginasprint\buzzer\server\Server.java,com.ginasprint.buzzer.server.Server,stopListening/0,listening,1
C:\projects\Buzzer-Game-master\src\com\ginasprint\buzzer\server\Server.java,com.ginasprint.buzzer.server.Server,stopListening/0,controller,1
C:\projects\Buzzer-Game-master\src\com\ginasprint\buzzer\server\Server.java,com.ginasprint.buzzer.server.Server,stopListening/0,serverSocket,1
C:\projects\Buzzer-Game-master\src\com\ginasprint\buzzer\server\Server.java,com.ginasprint.buzzer.server.Server,stopListening/0,worker,1
C:\projects\Buzzer-Game-master\src\com\ginasprint\buzzer\server\Server.java,com.ginasprint.buzzer.server.Server,stopListening/0,participants,2
C:\projects\Buzzer-Game-master\src\com\ginasprint\buzzer\server\Server.java,com.ginasprint.buzzer.server.Server,clearResponses/0,responses,1
C:\projects\Buzzer-Game-master\src\com\ginasprint\buzzer\server\Server.java,com.ginasprint.buzzer.server.Server,findParticipant/1[java.net.InetAddress],participants,1
C:\projects\Buzzer-Game-master\src\com\ginasprint\buzzer\server\Server.java,com.ginasprint.buzzer.server.Server,updateParticipantList/0,participants,2
C:\projects\Buzzer-Game-master\src\com\ginasprint\buzzer\server\Server.java,com.ginasprint.buzzer.server.Server,setController/1[com.ginasprint.buzzer.server.ServerController],controller,3
C:\projects\Buzzer-Game-master\src\com\ginasprint\buzzer\server\Server.java,com.ginasprint.buzzer.server.Server,getParticipantScores/0,participants,4
C:\projects\Buzzer-Game-master\src\com\ginasprint\buzzer\client\MainClient.java,com.ginasprint.buzzer.client.MainClient,main/1[java.lang.String[]],GUI,1
C:\projects\Buzzer-Game-master\src\com\ginasprint\buzzer\client\ClientController.java,com.ginasprint.buzzer.client.ClientController,connectionClosed/0,gui,1
C:\projects\Buzzer-Game-master\src\com\ginasprint\buzzer\client\ClientController.java,com.ginasprint.buzzer.client.ClientController,ClientController/1[com.ginasprint.buzzer.client.Client],client,4
C:\projects\Buzzer-Game-master\src\com\ginasprint\buzzer\client\ClientController.java,com.ginasprint.buzzer.client.ClientController,buzzIn/1[java.lang.String],client,1
C:\projects\Buzzer-Game-master\src\com\ginasprint\buzzer\client\ClientController.java,com.ginasprint.buzzer.client.ClientController,windowIsClosing/0,client,1
C:\projects\Buzzer-Game-master\src\com\ginasprint\buzzer\server\ServerGUI.java,com.ginasprint.buzzer.server.ServerGUI,createResponseListPanel/0,FONT_SIZE,2
C:\projects\Buzzer-Game-master\src\com\ginasprint\buzzer\server\ServerGUI.java,com.ginasprint.buzzer.server.ServerGUI,createResponseListPanel/0,responseList,5
C:\projects\Buzzer-Game-master\src\com\ginasprint\buzzer\server\ServerGUI.java,com.ginasprint.buzzer.server.ServerGUI,createResponseListPanel/0,responseListModel,2
C:\projects\Buzzer-Game-master\src\com\ginasprint\buzzer\server\ServerGUI.java,com.ginasprint.buzzer.server.ServerGUI,createScoreListPanel/0,FONT_SIZE,2
C:\projects\Buzzer-Game-master\src\com\ginasprint\buzzer\server\ServerGUI.java,com.ginasprint.buzzer.server.ServerGUI,createScoreListPanel/0,scoreList,5
C:\projects\Buzzer-Game-master\src\com\ginasprint\buzzer\server\ServerGUI.java,com.ginasprint.buzzer.server.ServerGUI,createScoreListPanel/0,scoreListModel,2
C:\projects\Buzzer-Game-master\src\com\ginasprint\buzzer\server\ServerGUI.java,com.ginasprint.buzzer.server.ServerGUI,createButtonPanel/0,FONT_SIZE,4
C:\projects\Buzzer-Game-master\src\com\ginasprint\buzzer\server\ServerGUI.java,com.ginasprint.buzzer.server.ServerGUI,createButtonPanel/0,controller,3
C:\projects\Buzzer-Game-master\src\com\ginasprint\buzzer\server\ServerGUI.java,com.ginasprint.buzzer.server.ServerGUI,createButtonPanel/0,clientCountLabel,4
C:\projects\Buzzer-Game-master\src\com\ginasprint\buzzer\server\ServerGUI.java,com.ginasprint.buzzer.server.ServerGUI,createClientListPanel/0,FONT_SIZE,2
C:\projects\Buzzer-Game-master\src\com\ginasprint\buzzer\server\ServerGUI.java,com.ginasprint.buzzer.server.ServerGUI,createClientListPanel/0,clientListModel,2
C:\projects\Buzzer-Game-master\src\com\ginasprint\buzzer\server\ServerGUI.java,com.ginasprint.buzzer.server.ServerGUI,createClientListPanel/0,clientList,5
C:\projects\Buzzer-Game-master\src\com\ginasprint\buzzer\server\ServerGUI.java,com.ginasprint.buzzer.server.ServerGUI,createConfigPanel/0,FONT_SIZE,1
C:\projects\Buzzer-Game-master\src\com\ginasprint\buzzer\server\ServerGUI.java,com.ginasprint.buzzer.server.ServerGUI,createConfigPanel/0,ipAddress,2
C:\projects\Buzzer-Game-master\src\com\ginasprint\buzzer\server\ServerGUI.java,com.ginasprint.buzzer.server.ServerGUI,ServerGUI/1[com.ginasprint.buzzer.server.ServerController],controller,3
C:\projects\Buzzer-Game-master\src\com\ginasprint\buzzer\server\Server.java,com.ginasprint.buzzer.server.ClientConnectionThread,getNextParticipant/0,nextParticipantIndex,3
C:\projects\Buzzer-Game-master\src\com\ginasprint\buzzer\server\Server.java,com.ginasprint.buzzer.server.ClientConnectionThread,getNextParticipant/0,buzzerServer,1
C:\projects\Buzzer-Game-master\src\com\ginasprint\buzzer\server\Server.java,com.ginasprint.buzzer.server.ClientConnectionThread,run/0,in,3
C:\projects\Buzzer-Game-master\src\com\ginasprint\buzzer\server\Server.java,com.ginasprint.buzzer.server.ClientConnectionThread,run/0,buzzerServer,1
C:\projects\Buzzer-Game-master\src\com\ginasprint\buzzer\server\Server.java,com.ginasprint.buzzer.server.ClientConnectionThread,closeClientConnection/1[com.ginasprint.buzzer.server.Participant],buzzerController,1
C:\projects\Buzzer-Game-master\src\com\ginasprint\buzzer\server\Server.java,com.ginasprint.buzzer.server.ClientConnectionThread,closeClientConnection/1[com.ginasprint.buzzer.server.Participant],buzzerServer,1
C:\projects\Buzzer-Game-master\src\com\ginasprint\buzzer\server\Server.java,com.ginasprint.buzzer.server.ClientConnectionThread,"ClientConnectionThread/2[com.ginasprint.buzzer.server.Server,com.ginasprint.buzzer.server.ServerController]",buzzerController,1
C:\projects\Buzzer-Game-master\src\com\ginasprint\buzzer\server\Server.java,com.ginasprint.buzzer.server.ClientConnectionThread,"ClientConnectionThread/2[com.ginasprint.buzzer.server.Server,com.ginasprint.buzzer.server.ServerController]",buzzerServer,3
C:\projects\Buzzer-Game-master\src\com\ginasprint\buzzer\server\Server.java,com.ginasprint.buzzer.server.ClientConnectionThread,"takeInputLineAction/2[com.ginasprint.buzzer.server.Participant,java.lang.String]",buzzerController,2
