file,class,method,constructor,line,cbo,cboModified,fanin,fanout,wmc,rfc,loc,returnsQty,variablesQty,parametersQty,methodsInvokedQty,methodsInvokedLocalQty,methodsInvokedIndirectLocalQty,loopQty,comparisonsQty,tryCatchQty,parenthesizedExpsQty,stringLiteralsQty,numbersQty,assignmentsQty,mathOperationsQty,maxNestedBlocksQty,anonymousClassesQty,innerClassesQty,lambdasQty,uniqueWordsQty,modifiers,logStatementsQty,hasJavaDoc
C:\projects\Buzzer-Game-master\src\com\ginasprint\buzzer\client\ClientGUI.java,com.ginasprint.buzzer.client.ClientGUI$Anonymous1,windowClosing/1[java.awt.event.WindowEvent],false,34,1,2,0,2,1,2,4,0,0,1,2,0,0,0,0,0,0,0,0,0,0,0,0,0,0,5,1,0,false
C:\projects\Buzzer-Game-master\src\com\ginasprint\buzzer\server\ServerController.java,com.ginasprint.buzzer.server.ServerController$Anonymous1,run/0,false,28,2,3,0,3,1,2,5,0,0,0,2,0,0,0,0,0,0,1,0,1,0,0,0,0,0,11,1,0,false
C:\projects\Buzzer-Game-master\src\com\ginasprint\buzzer\server\Participant.java,com.ginasprint.buzzer.server.Participant,getName/0,false,26,0,4,4,0,1,0,3,1,0,0,0,0,0,0,0,0,0,0,0,0,0,0,0,0,0,3,1,0,false
C:\projects\Buzzer-Game-master\src\com\ginasprint\buzzer\server\Participant.java,com.ginasprint.buzzer.server.Participant,setName/1[java.lang.String],false,30,0,1,1,0,1,0,3,0,0,1,0,0,0,0,0,0,0,0,0,1,0,0,0,0,0,3,1,0,false
C:\projects\Buzzer-Game-master\src\com\ginasprint\buzzer\server\Participant.java,com.ginasprint.buzzer.server.Participant,toString/0,false,64,1,3,1,2,1,4,3,1,0,0,4,2,1,0,0,0,0,2,0,0,1,0,0,0,0,6,1,0,false
C:\projects\Buzzer-Game-master\src\com\ginasprint\buzzer\server\Participant.java,com.ginasprint.buzzer.server.Participant,getScore/0,false,42,0,1,1,0,1,0,3,1,0,0,0,0,0,0,0,0,0,0,0,0,0,0,0,0,0,3,1,0,false
C:\projects\Buzzer-Game-master\src\com\ginasprint\buzzer\server\Participant.java,com.ginasprint.buzzer.server.Participant,setScore/1[int],false,46,0,2,2,0,1,0,3,0,0,1,0,0,0,0,0,0,0,0,0,1,0,0,0,0,0,3,1,0,false
C:\projects\Buzzer-Game-master\src\com\ginasprint\buzzer\server\Participant.java,com.ginasprint.buzzer.server.Participant,compareTo/1[com.ginasprint.buzzer.server.Participant],false,55,1,0,0,0,2,1,6,2,0,1,1,0,0,0,1,0,0,0,0,0,1,1,0,0,0,4,1,0,false
C:\projects\Buzzer-Game-master\src\com\ginasprint\buzzer\server\Participant.java,com.ginasprint.buzzer.server.Participant,setClientSocket/1[java.net.Socket],false,38,0,1,1,0,1,0,3,0,0,1,0,0,0,0,0,0,0,0,0,1,0,0,0,0,0,4,1,0,false
C:\projects\Buzzer-Game-master\src\com\ginasprint\buzzer\server\Participant.java,com.ginasprint.buzzer.server.Participant,getClientSocket/0,false,34,0,7,7,0,1,0,3,1,0,0,0,0,0,0,0,0,0,0,0,0,0,0,0,0,0,4,1,0,false
C:\projects\Buzzer-Game-master\src\com\ginasprint\buzzer\server\Participant.java,com.ginasprint.buzzer.server.Participant,isClosed/0,false,50,0,1,1,0,1,1,3,1,0,0,1,0,0,0,0,0,0,0,0,0,0,0,0,0,0,2,1,0,false
C:\projects\Buzzer-Game-master\src\com\ginasprint\buzzer\server\Participant.java,com.ginasprint.buzzer.server.Participant,Participant/1[java.net.Socket],true,20,0,1,1,0,1,2,5,0,0,1,2,0,0,0,0,0,0,0,1,3,0,0,0,0,0,3,1,0,false
C:\projects\Buzzer-Game-master\src\com\ginasprint\buzzer\client\ClientGUI.java,com.ginasprint.buzzer.client.ClientGUI,setupUI/0,false,42,0,1,1,0,1,6,15,0,4,0,6,0,0,0,0,0,0,5,1,5,0,0,0,0,0,19,2,0,false
C:\projects\Buzzer-Game-master\src\com\ginasprint\buzzer\client\ClientGUI.java,com.ginasprint.buzzer.client.ClientGUI,actionPerformed/1[java.awt.event.ActionEvent],false,62,1,1,0,1,1,2,4,0,1,1,2,0,0,0,0,0,0,0,0,1,0,0,0,0,0,6,1,0,false
C:\projects\Buzzer-Game-master\src\com\ginasprint\buzzer\client\ClientGUI.java,com.ginasprint.buzzer.client.ClientGUI,ClientGUI/1[com.ginasprint.buzzer.client.ClientController],true,24,2,3,1,2,1,5,15,0,0,1,5,1,1,0,0,0,0,1,0,1,0,0,1,0,0,14,1,0,false
C:\projects\Buzzer-Game-master\src\com\ginasprint\buzzer\client\Client.java,com.ginasprint.buzzer.client.Client,buzzIn/1[java.lang.String],false,73,0,1,1,0,2,1,5,0,0,1,1,0,0,0,1,0,0,0,0,0,0,1,0,0,0,5,1,0,false
C:\projects\Buzzer-Game-master\src\com\ginasprint\buzzer\client\Client.java,com.ginasprint.buzzer.client.Client,setControllerAndOpenConnection/1[com.ginasprint.buzzer.client.ClientController],false,37,2,2,1,1,1,1,4,0,0,1,1,1,1,0,0,0,0,0,0,1,0,0,0,0,0,8,1,0,false
C:\projects\Buzzer-Game-master\src\com\ginasprint\buzzer\client\Client.java,com.ginasprint.buzzer.client.Client,closeConnection/0,false,79,0,1,1,0,2,1,5,0,0,0,1,0,0,0,1,0,0,0,0,0,0,1,0,0,0,11,1,0,false
C:\projects\Buzzer-Game-master\src\com\ginasprint\buzzer\client\Client.java,com.ginasprint.buzzer.client.Client,"Client/2[java.lang.String,int]",true,32,0,1,1,0,1,0,4,0,0,2,0,0,0,0,0,0,0,0,0,2,0,0,0,0,0,5,1,0,false
C:\projects\Buzzer-Game-master\src\com\ginasprint\buzzer\client\Client.java,com.ginasprint.buzzer.client.Client,"connect/2[java.lang.String,int]",false,86,0,1,1,0,7,8,26,0,6,2,8,0,0,1,1,1,0,2,0,6,0,4,0,0,0,24,9,0,false
C:\projects\Buzzer-Game-master\src\com\ginasprint\buzzer\client\Client.java,com.ginasprint.buzzer.client.Client,openConnection/0,false,42,1,2,1,1,6,10,30,0,1,0,10,0,0,1,2,2,1,1,0,5,0,6,0,0,1,27,2,0,false
C:\projects\Buzzer-Game-master\src\com\ginasprint\buzzer\server\ServerController.java,com.ginasprint.buzzer.server.ServerController,responseReceived/1[java.lang.String],false,62,0,1,1,0,2,3,8,0,2,1,3,0,0,0,1,0,0,1,3,2,2,1,0,0,0,5,1,0,false
C:\projects\Buzzer-Game-master\src\com\ginasprint\buzzer\server\ServerController.java,com.ginasprint.buzzer.server.ServerController,windowIsClosing/0,false,80,1,2,1,1,1,1,3,0,0,0,1,0,0,0,0,0,0,0,0,0,0,0,0,0,0,3,1,0,false
C:\projects\Buzzer-Game-master\src\com\ginasprint\buzzer\server\ServerController.java,com.ginasprint.buzzer.server.ServerController,clearScores/0,false,84,1,2,1,1,1,2,4,0,0,0,2,0,0,0,0,0,0,0,0,0,0,0,0,0,0,2,2,0,false
C:\projects\Buzzer-Game-master\src\com\ginasprint\buzzer\server\ServerController.java,com.ginasprint.buzzer.server.ServerController,clearLeaderboard/0,false,101,1,2,1,1,1,2,4,0,0,0,2,0,0,0,0,0,0,0,0,0,0,0,0,0,0,2,2,0,false
C:\projects\Buzzer-Game-master\src\com\ginasprint\buzzer\server\ServerController.java,com.ginasprint.buzzer.server.ServerController,updateClientComponents/0,false,71,2,6,4,2,2,6,8,0,1,0,6,0,0,1,0,0,0,1,0,1,1,1,0,0,0,6,1,0,false
C:\projects\Buzzer-Game-master\src\com\ginasprint\buzzer\server\ServerController.java,com.ginasprint.buzzer.server.ServerController,startListening/0,false,106,1,2,1,1,1,1,3,0,0,0,1,0,0,0,0,0,0,0,0,0,0,0,0,0,0,2,2,0,false
C:\projects\Buzzer-Game-master\src\com\ginasprint\buzzer\server\ServerController.java,com.ginasprint.buzzer.server.ServerController,actionPerformed/1[java.awt.event.ActionEvent],false,36,1,5,0,5,6,10,25,0,1,1,10,5,1,0,5,0,0,9,1,1,0,1,0,0,0,17,1,0,false
C:\projects\Buzzer-Game-master\src\com\ginasprint\buzzer\server\ServerController.java,com.ginasprint.buzzer.server.ServerController,stopListening/0,false,110,1,2,1,1,1,1,3,0,0,0,1,0,0,0,0,0,0,0,0,0,0,0,0,0,0,2,2,0,false
C:\projects\Buzzer-Game-master\src\com\ginasprint\buzzer\server\ServerController.java,com.ginasprint.buzzer.server.ServerController,scoreParticipant/0,false,90,1,3,1,2,2,5,8,0,1,0,5,0,0,1,0,0,0,0,0,1,0,1,0,0,0,4,2,0,false
C:\projects\Buzzer-Game-master\src\com\ginasprint\buzzer\server\ServerController.java,com.ginasprint.buzzer.server.ServerController,ServerController/1[com.ginasprint.buzzer.server.Server],true,21,1,3,1,2,1,2,12,0,0,1,2,0,0,0,0,0,0,0,0,1,0,0,1,0,0,14,1,0,false
C:\projects\Buzzer-Game-master\src\com\ginasprint\buzzer\server\Server.java,com.ginasprint.buzzer.server.Server,startListening/0,false,47,4,7,2,5,6,10,35,0,3,0,10,1,1,1,2,2,1,0,0,7,0,4,0,0,1,25,1,0,false
C:\projects\Buzzer-Game-master\src\com\ginasprint\buzzer\server\Server.java,com.ginasprint.buzzer.server.Server,getParticipants/0,false,153,1,3,3,0,1,0,3,1,0,0,0,0,0,0,0,0,0,0,0,0,0,0,0,0,0,3,1,0,false
C:\projects\Buzzer-Game-master\src\com\ginasprint\buzzer\server\Server.java,com.ginasprint.buzzer.server.Server,clearScores/0,false,161,1,2,1,1,2,3,6,0,2,0,3,0,0,1,0,0,0,0,2,2,0,1,0,0,0,5,1,0,false
C:\projects\Buzzer-Game-master\src\com\ginasprint\buzzer\server\Server.java,com.ginasprint.buzzer.server.Server,scoreParticipant/1[int],false,137,1,4,1,3,4,6,12,0,1,1,6,0,0,1,0,1,0,0,0,1,1,3,0,0,0,20,1,0,false
C:\projects\Buzzer-Game-master\src\com\ginasprint\buzzer\server\Server.java,com.ginasprint.buzzer.server.Server,Server/1[int],true,39,0,1,1,0,1,0,3,0,0,1,0,0,0,0,0,0,0,0,0,1,0,0,0,0,0,3,1,0,false
C:\projects\Buzzer-Game-master\src\com\ginasprint\buzzer\server\Server.java,com.ginasprint.buzzer.server.Server,stopListening/0,false,85,3,6,2,4,4,12,21,0,1,0,12,1,1,1,0,1,0,2,0,3,1,3,0,0,0,18,1,0,false
C:\projects\Buzzer-Game-master\src\com\ginasprint\buzzer\server\Server.java,com.ginasprint.buzzer.server.Server,clearResponses/0,false,157,0,1,1,0,1,1,3,0,0,0,1,0,0,0,0,0,0,0,0,0,0,0,0,0,0,2,1,0,false
C:\projects\Buzzer-Game-master\src\com\ginasprint\buzzer\server\Server.java,com.ginasprint.buzzer.server.Server,findParticipant/1[java.net.InetAddress],false,106,1,2,1,1,3,3,8,2,0,1,3,0,0,1,0,0,0,0,0,0,0,2,0,0,0,8,1,0,false
C:\projects\Buzzer-Game-master\src\com\ginasprint\buzzer\server\Server.java,com.ginasprint.buzzer.server.Server,updateParticipantList/0,false,115,1,3,2,1,3,2,9,0,1,0,2,0,0,1,0,0,0,0,0,2,0,2,0,0,0,6,1,0,false
C:\projects\Buzzer-Game-master\src\com\ginasprint\buzzer\server\Server.java,com.ginasprint.buzzer.server.Server,setController/1[com.ginasprint.buzzer.server.ServerController],false,43,1,1,1,0,1,0,3,0,0,1,0,0,0,0,0,0,0,0,0,1,0,0,0,0,0,4,1,0,false
C:\projects\Buzzer-Game-master\src\com\ginasprint\buzzer\server\Server.java,com.ginasprint.buzzer.server.Server,getParticipantScores/0,false,125,1,1,1,0,2,5,10,1,3,0,5,0,0,1,0,0,1,3,2,3,2,1,0,0,0,8,1,0,false
C:\projects\Buzzer-Game-master\src\com\ginasprint\buzzer\client\MainClient.java,com.ginasprint.buzzer.client.MainClient,main/1[java.lang.String[]],false,34,2,3,0,3,3,3,20,0,4,1,3,0,0,0,1,0,0,4,4,6,2,1,0,0,0,14,9,0,false
C:\projects\Buzzer-Game-master\src\com\ginasprint\buzzer\client\ClientController.java,com.ginasprint.buzzer.client.ClientController,connectionClosed/0,false,34,0,1,1,0,1,2,4,0,0,0,2,0,0,0,0,0,0,2,1,0,0,0,0,0,0,5,1,0,false
C:\projects\Buzzer-Game-master\src\com\ginasprint\buzzer\client\ClientController.java,com.ginasprint.buzzer.client.ClientController,ClientController/1[com.ginasprint.buzzer.client.Client],true,17,1,3,1,2,1,2,10,0,0,1,2,0,0,0,0,0,0,0,0,1,0,0,1,0,0,9,1,0,false
C:\projects\Buzzer-Game-master\src\com\ginasprint\buzzer\client\ClientController.java,com.ginasprint.buzzer.client.ClientController,buzzIn/1[java.lang.String],false,30,1,2,1,1,1,1,3,0,0,1,1,0,0,0,0,0,0,0,0,0,0,0,0,0,0,3,1,0,false
C:\projects\Buzzer-Game-master\src\com\ginasprint\buzzer\client\ClientController.java,com.ginasprint.buzzer.client.ClientController,windowIsClosing/0,false,40,1,2,1,1,1,1,3,0,0,0,1,0,0,0,0,0,0,0,0,0,0,0,0,0,0,3,1,0,false
C:\projects\Buzzer-Game-master\src\com\ginasprint\buzzer\client\ClientController.java,com.ginasprint.buzzer.client.ClientController$Anonymous1,run/0,false,24,1,3,0,3,1,0,3,0,0,0,0,0,0,0,0,0,0,0,0,1,0,0,0,0,0,6,1,0,false
C:\projects\Buzzer-Game-master\src\com\ginasprint\buzzer\server\MainServer.java,com.ginasprint.buzzer.server.MainServer,main/1[java.lang.String[]],false,24,2,2,0,2,2,2,12,0,3,1,2,0,0,0,1,0,0,2,3,4,1,1,0,0,0,9,9,0,false
C:\projects\Buzzer-Game-master\src\com\ginasprint\buzzer\server\ServerGUI.java,com.ginasprint.buzzer.server.ServerGUI,createResponseListPanel/0,false,90,0,1,1,0,1,11,17,1,3,0,11,0,0,0,0,0,0,3,6,5,0,0,0,0,0,18,2,0,false
C:\projects\Buzzer-Game-master\src\com\ginasprint\buzzer\server\ServerGUI.java,com.ginasprint.buzzer.server.ServerGUI,createScoreListPanel/0,false,110,0,1,1,0,1,11,17,1,3,0,11,0,0,0,0,0,0,3,6,5,0,0,0,0,0,17,2,0,false
C:\projects\Buzzer-Game-master\src\com\ginasprint\buzzer\server\ServerGUI.java,com.ginasprint.buzzer.server.ServerGUI,createButtonPanel/0,false,150,0,1,1,0,1,7,27,1,4,0,7,0,0,0,0,0,0,11,2,5,0,0,0,0,0,15,2,0,false
C:\projects\Buzzer-Game-master\src\com\ginasprint\buzzer\server\ServerGUI.java,com.ginasprint.buzzer.server.ServerGUI,setupUI/0,false,52,1,6,1,5,1,9,14,0,4,0,9,5,1,0,0,0,0,0,2,4,0,0,0,0,0,22,2,0,false
C:\projects\Buzzer-Game-master\src\com\ginasprint\buzzer\server\ServerGUI.java,com.ginasprint.buzzer.server.ServerGUI,createClientListPanel/0,false,70,0,1,1,0,1,11,17,1,3,0,11,0,0,0,0,0,0,3,6,5,0,0,0,0,0,18,2,0,false
C:\projects\Buzzer-Game-master\src\com\ginasprint\buzzer\server\ServerGUI.java,com.ginasprint.buzzer.server.ServerGUI,createConfigPanel/0,false,130,0,1,1,0,2,6,15,1,3,0,6,0,0,0,0,1,0,2,0,3,1,1,0,0,0,17,2,0,false
C:\projects\Buzzer-Game-master\src\com\ginasprint\buzzer\server\ServerGUI.java,com.ginasprint.buzzer.server.ServerGUI,ServerGUI/1[com.ginasprint.buzzer.server.ServerController],true,34,2,3,1,2,1,5,15,0,0,1,5,1,2,0,0,0,0,1,0,1,0,0,1,0,0,15,1,0,false
C:\projects\Buzzer-Game-master\src\com\ginasprint\buzzer\server\Server.java,com.ginasprint.buzzer.server.ClientConnectionThread,getNextParticipant/0,false,208,2,2,1,1,1,3,6,1,1,0,3,0,0,0,0,0,0,0,0,2,0,0,0,0,0,6,2,0,false
C:\projects\Buzzer-Game-master\src\com\ginasprint\buzzer\server\Server.java,com.ginasprint.buzzer.server.ClientConnectionThread,run/0,false,184,3,4,0,4,8,11,25,0,2,0,11,2,2,1,1,1,1,3,2,3,3,6,0,0,0,21,1,0,false
C:\projects\Buzzer-Game-master\src\com\ginasprint\buzzer\server\Server.java,com.ginasprint.buzzer.server.ClientConnectionThread,closeClientConnection/1[com.ginasprint.buzzer.server.Participant],false,237,3,5,1,4,2,8,14,0,0,1,8,0,0,0,0,1,0,3,0,0,1,1,0,0,1,11,2,0,false
C:\projects\Buzzer-Game-master\src\com\ginasprint\buzzer\server\Server.java,com.ginasprint.buzzer.server.ClientConnectionThread,"ClientConnectionThread/2[com.ginasprint.buzzer.server.Server,com.ginasprint.buzzer.server.ServerController]",true,179,2,1,1,0,1,0,4,0,0,2,0,0,0,0,0,0,0,0,0,2,0,0,0,0,0,6,1,0,false
C:\projects\Buzzer-Game-master\src\com\ginasprint\buzzer\server\Server.java,com.ginasprint.buzzer.server.ClientConnectionThread,"takeInputLineAction/2[com.ginasprint.buzzer.server.Participant,java.lang.String]",false,215,3,7,1,6,4,11,20,0,1,2,11,1,1,0,0,0,0,0,0,1,0,2,0,0,2,11,2,0,false
C:\projects\Buzzer-Game-master\src\com\ginasprint\buzzer\server\ServerGUI.java,com.ginasprint.buzzer.server.ServerGUI$Anonymous1,windowClosing/1[java.awt.event.WindowEvent],false,43,1,2,0,2,1,2,4,0,0,1,2,0,0,0,0,0,0,0,0,0,0,0,0,0,0,5,1,0,false
