file,class,method,variable,usage
C:\projects\Buzzer-Game-master\src\com\ginasprint\buzzer\client\ClientGUI.java,com.ginasprint.buzzer.client.ClientGUI$Anonymous1,windowClosing/1[java.awt.event.WindowEvent],e,1
C:\projects\Buzzer-Game-master\src\com\ginasprint\buzzer\server\Participant.java,com.ginasprint.buzzer.server.Participant,setName/1[java.lang.String],name,2
C:\projects\Buzzer-Game-master\src\com\ginasprint\buzzer\server\Participant.java,com.ginasprint.buzzer.server.Participant,setScore/1[int],score,2
C:\projects\Buzzer-Game-master\src\com\ginasprint\buzzer\server\Participant.java,com.ginasprint.buzzer.server.Participant,compareTo/1[com.ginasprint.buzzer.server.Participant],o,3
C:\projects\Buzzer-Game-master\src\com\ginasprint\buzzer\server\Participant.java,com.ginasprint.buzzer.server.Participant,setClientSocket/1[java.net.Socket],clientSocket,2
C:\projects\Buzzer-Game-master\src\com\ginasprint\buzzer\server\Participant.java,com.ginasprint.buzzer.server.Participant,Participant/1[java.net.Socket],socket,2
C:\projects\Buzzer-Game-master\src\com\ginasprint\buzzer\client\ClientGUI.java,com.ginasprint.buzzer.client.ClientGUI,setupUI/0,topPanel,3
C:\projects\Buzzer-Game-master\src\com\ginasprint\buzzer\client\ClientGUI.java,com.ginasprint.buzzer.client.ClientGUI,setupUI/0,buzzButton,3
C:\projects\Buzzer-Game-master\src\com\ginasprint\buzzer\client\ClientGUI.java,com.ginasprint.buzzer.client.ClientGUI,setupUI/0,panel,2
C:\projects\Buzzer-Game-master\src\com\ginasprint\buzzer\client\ClientGUI.java,com.ginasprint.buzzer.client.ClientGUI,setupUI/0,nameLabel,2
C:\projects\Buzzer-Game-master\src\com\ginasprint\buzzer\client\ClientGUI.java,com.ginasprint.buzzer.client.ClientGUI,actionPerformed/1[java.awt.event.ActionEvent],e,0
C:\projects\Buzzer-Game-master\src\com\ginasprint\buzzer\client\ClientGUI.java,com.ginasprint.buzzer.client.ClientGUI,actionPerformed/1[java.awt.event.ActionEvent],name,1
C:\projects\Buzzer-Game-master\src\com\ginasprint\buzzer\client\ClientGUI.java,com.ginasprint.buzzer.client.ClientGUI,ClientGUI/1[com.ginasprint.buzzer.client.ClientController],controller,2
C:\projects\Buzzer-Game-master\src\com\ginasprint\buzzer\client\Client.java,com.ginasprint.buzzer.client.Client,buzzIn/1[java.lang.String],name,1
C:\projects\Buzzer-Game-master\src\com\ginasprint\buzzer\client\Client.java,com.ginasprint.buzzer.client.Client,setControllerAndOpenConnection/1[com.ginasprint.buzzer.client.ClientController],controller,2
C:\projects\Buzzer-Game-master\src\com\ginasprint\buzzer\client\Client.java,com.ginasprint.buzzer.client.Client,"Client/2[java.lang.String,int]",hostName,2
C:\projects\Buzzer-Game-master\src\com\ginasprint\buzzer\client\Client.java,com.ginasprint.buzzer.client.Client,"Client/2[java.lang.String,int]",portNumber,2
C:\projects\Buzzer-Game-master\src\com\ginasprint\buzzer\client\Client.java,com.ginasprint.buzzer.client.Client,"connect/2[java.lang.String,int]",clientSocket,2
C:\projects\Buzzer-Game-master\src\com\ginasprint\buzzer\client\Client.java,com.ginasprint.buzzer.client.Client,"connect/2[java.lang.String,int]",hostName,1
C:\projects\Buzzer-Game-master\src\com\ginasprint\buzzer\client\Client.java,com.ginasprint.buzzer.client.Client,"connect/2[java.lang.String,int]",stdIn,2
C:\projects\Buzzer-Game-master\src\com\ginasprint\buzzer\client\Client.java,com.ginasprint.buzzer.client.Client,"connect/2[java.lang.String,int]",in,3
C:\projects\Buzzer-Game-master\src\com\ginasprint\buzzer\client\Client.java,com.ginasprint.buzzer.client.Client,"connect/2[java.lang.String,int]",e,1
C:\projects\Buzzer-Game-master\src\com\ginasprint\buzzer\client\Client.java,com.ginasprint.buzzer.client.Client,"connect/2[java.lang.String,int]",serverResponse,1
C:\projects\Buzzer-Game-master\src\com\ginasprint\buzzer\client\Client.java,com.ginasprint.buzzer.client.Client,"connect/2[java.lang.String,int]",userInput,2
C:\projects\Buzzer-Game-master\src\com\ginasprint\buzzer\client\Client.java,com.ginasprint.buzzer.client.Client,"connect/2[java.lang.String,int]",portNumber,1
C:\projects\Buzzer-Game-master\src\com\ginasprint\buzzer\client\Client.java,com.ginasprint.buzzer.client.Client,"connect/2[java.lang.String,int]",out,2
C:\projects\Buzzer-Game-master\src\com\ginasprint\buzzer\client\Client.java,com.ginasprint.buzzer.client.Client,openConnection/0,e,3
C:\projects\Buzzer-Game-master\src\com\ginasprint\buzzer\client\Client.java,com.ginasprint.buzzer.client.Client,openConnection/0,serverResponse,2
C:\projects\Buzzer-Game-master\src\com\ginasprint\buzzer\server\ServerController.java,com.ginasprint.buzzer.server.ServerController,responseReceived/1[java.lang.String],numResponses,1
C:\projects\Buzzer-Game-master\src\com\ginasprint\buzzer\server\ServerController.java,com.ginasprint.buzzer.server.ServerController,responseReceived/1[java.lang.String],response,1
C:\projects\Buzzer-Game-master\src\com\ginasprint\buzzer\server\ServerController.java,com.ginasprint.buzzer.server.ServerController,responseReceived/1[java.lang.String],position,1
C:\projects\Buzzer-Game-master\src\com\ginasprint\buzzer\server\ServerController.java,com.ginasprint.buzzer.server.ServerController,updateClientComponents/0,p,1
C:\projects\Buzzer-Game-master\src\com\ginasprint\buzzer\server\ServerController.java,com.ginasprint.buzzer.server.ServerController,updateClientComponents/0,clients,2
C:\projects\Buzzer-Game-master\src\com\ginasprint\buzzer\server\ServerController.java,com.ginasprint.buzzer.server.ServerController,actionPerformed/1[java.awt.event.ActionEvent],button,4
C:\projects\Buzzer-Game-master\src\com\ginasprint\buzzer\server\ServerController.java,com.ginasprint.buzzer.server.ServerController,actionPerformed/1[java.awt.event.ActionEvent],e,6
C:\projects\Buzzer-Game-master\src\com\ginasprint\buzzer\server\ServerController.java,com.ginasprint.buzzer.server.ServerController,scoreParticipant/0,scoreStr,1
C:\projects\Buzzer-Game-master\src\com\ginasprint\buzzer\server\ServerController.java,com.ginasprint.buzzer.server.ServerController,scoreParticipant/0,scores,1
C:\projects\Buzzer-Game-master\src\com\ginasprint\buzzer\server\ServerController.java,com.ginasprint.buzzer.server.ServerController,ServerController/1[com.ginasprint.buzzer.server.Server],server,3
C:\projects\Buzzer-Game-master\src\com\ginasprint\buzzer\server\Server.java,com.ginasprint.buzzer.server.Server,startListening/0,clientSocket,4
C:\projects\Buzzer-Game-master\src\com\ginasprint\buzzer\server\Server.java,com.ginasprint.buzzer.server.Server,startListening/0,p,4
C:\projects\Buzzer-Game-master\src\com\ginasprint\buzzer\server\Server.java,com.ginasprint.buzzer.server.Server,startListening/0,inetAddress,1
C:\projects\Buzzer-Game-master\src\com\ginasprint\buzzer\server\Server.java,com.ginasprint.buzzer.server.Server,startListening/0,e,3
C:\projects\Buzzer-Game-master\src\com\ginasprint\buzzer\server\Server.java,com.ginasprint.buzzer.server.Server,clearScores/0,p,1
C:\projects\Buzzer-Game-master\src\com\ginasprint\buzzer\server\Server.java,com.ginasprint.buzzer.server.Server,clearScores/0,i,3
C:\projects\Buzzer-Game-master\src\com\ginasprint\buzzer\server\Server.java,com.ginasprint.buzzer.server.Server,scoreParticipant/1[int],p,3
C:\projects\Buzzer-Game-master\src\com\ginasprint\buzzer\server\Server.java,com.ginasprint.buzzer.server.Server,scoreParticipant/1[int],responseAddress,1
C:\projects\Buzzer-Game-master\src\com\ginasprint\buzzer\server\Server.java,com.ginasprint.buzzer.server.Server,scoreParticipant/1[int],e,0
C:\projects\Buzzer-Game-master\src\com\ginasprint\buzzer\server\Server.java,com.ginasprint.buzzer.server.Server,scoreParticipant/1[int],responseIndex,1
C:\projects\Buzzer-Game-master\src\com\ginasprint\buzzer\server\Server.java,com.ginasprint.buzzer.server.Server,Server/1[int],portNumber,2
C:\projects\Buzzer-Game-master\src\com\ginasprint\buzzer\server\Server.java,com.ginasprint.buzzer.server.Server,stopListening/0,s,4
C:\projects\Buzzer-Game-master\src\com\ginasprint\buzzer\server\Server.java,com.ginasprint.buzzer.server.Server,stopListening/0,e,1
C:\projects\Buzzer-Game-master\src\com\ginasprint\buzzer\server\Server.java,com.ginasprint.buzzer.server.Server,stopListening/0,out,1
C:\projects\Buzzer-Game-master\src\com\ginasprint\buzzer\server\Server.java,com.ginasprint.buzzer.server.Server,findParticipant/1[java.net.InetAddress],p,2
C:\projects\Buzzer-Game-master\src\com\ginasprint\buzzer\server\Server.java,com.ginasprint.buzzer.server.Server,findParticipant/1[java.net.InetAddress],inetAddress,1
C:\projects\Buzzer-Game-master\src\com\ginasprint\buzzer\server\Server.java,com.ginasprint.buzzer.server.Server,updateParticipantList/0,p,2
C:\projects\Buzzer-Game-master\src\com\ginasprint\buzzer\server\Server.java,com.ginasprint.buzzer.server.Server,updateParticipantList/0,connectedList,2
C:\projects\Buzzer-Game-master\src\com\ginasprint\buzzer\server\Server.java,com.ginasprint.buzzer.server.Server,setController/1[com.ginasprint.buzzer.server.ServerController],controller,2
C:\projects\Buzzer-Game-master\src\com\ginasprint\buzzer\server\Server.java,com.ginasprint.buzzer.server.Server,getParticipantScores/0,p,2
C:\projects\Buzzer-Game-master\src\com\ginasprint\buzzer\server\Server.java,com.ginasprint.buzzer.server.Server,getParticipantScores/0,scores,2
C:\projects\Buzzer-Game-master\src\com\ginasprint\buzzer\server\Server.java,com.ginasprint.buzzer.server.Server,getParticipantScores/0,i,4
C:\projects\Buzzer-Game-master\src\com\ginasprint\buzzer\client\MainClient.java,com.ginasprint.buzzer.client.MainClient,main/1[java.lang.String[]],args,3
C:\projects\Buzzer-Game-master\src\com\ginasprint\buzzer\client\MainClient.java,com.ginasprint.buzzer.client.MainClient,main/1[java.lang.String[]],hostName,4
C:\projects\Buzzer-Game-master\src\com\ginasprint\buzzer\client\MainClient.java,com.ginasprint.buzzer.client.MainClient,main/1[java.lang.String[]],controller,0
C:\projects\Buzzer-Game-master\src\com\ginasprint\buzzer\client\MainClient.java,com.ginasprint.buzzer.client.MainClient,main/1[java.lang.String[]],client,1
C:\projects\Buzzer-Game-master\src\com\ginasprint\buzzer\client\MainClient.java,com.ginasprint.buzzer.client.MainClient,main/1[java.lang.String[]],portNumber,4
C:\projects\Buzzer-Game-master\src\com\ginasprint\buzzer\client\ClientController.java,com.ginasprint.buzzer.client.ClientController,ClientController/1[com.ginasprint.buzzer.client.Client],client,3
C:\projects\Buzzer-Game-master\src\com\ginasprint\buzzer\client\ClientController.java,com.ginasprint.buzzer.client.ClientController,buzzIn/1[java.lang.String],name,1
C:\projects\Buzzer-Game-master\src\com\ginasprint\buzzer\server\MainServer.java,com.ginasprint.buzzer.server.MainServer,main/1[java.lang.String[]],args,2
C:\projects\Buzzer-Game-master\src\com\ginasprint\buzzer\server\MainServer.java,com.ginasprint.buzzer.server.MainServer,main/1[java.lang.String[]],server,1
C:\projects\Buzzer-Game-master\src\com\ginasprint\buzzer\server\MainServer.java,com.ginasprint.buzzer.server.MainServer,main/1[java.lang.String[]],controller,0
C:\projects\Buzzer-Game-master\src\com\ginasprint\buzzer\server\MainServer.java,com.ginasprint.buzzer.server.MainServer,main/1[java.lang.String[]],portNumber,3
C:\projects\Buzzer-Game-master\src\com\ginasprint\buzzer\server\ServerGUI.java,com.ginasprint.buzzer.server.ServerGUI,createResponseListPanel/0,border,1
C:\projects\Buzzer-Game-master\src\com\ginasprint\buzzer\server\ServerGUI.java,com.ginasprint.buzzer.server.ServerGUI,createResponseListPanel/0,panel,4
C:\projects\Buzzer-Game-master\src\com\ginasprint\buzzer\server\ServerGUI.java,com.ginasprint.buzzer.server.ServerGUI,createResponseListPanel/0,paneScrollPane,4
C:\projects\Buzzer-Game-master\src\com\ginasprint\buzzer\server\ServerGUI.java,com.ginasprint.buzzer.server.ServerGUI,createScoreListPanel/0,border,1
C:\projects\Buzzer-Game-master\src\com\ginasprint\buzzer\server\ServerGUI.java,com.ginasprint.buzzer.server.ServerGUI,createScoreListPanel/0,scoreScrollPane,4
C:\projects\Buzzer-Game-master\src\com\ginasprint\buzzer\server\ServerGUI.java,com.ginasprint.buzzer.server.ServerGUI,createScoreListPanel/0,panel,4
C:\projects\Buzzer-Game-master\src\com\ginasprint\buzzer\server\ServerGUI.java,com.ginasprint.buzzer.server.ServerGUI,createButtonPanel/0,startStopButton,5
C:\projects\Buzzer-Game-master\src\com\ginasprint\buzzer\server\ServerGUI.java,com.ginasprint.buzzer.server.ServerGUI,createButtonPanel/0,clearButton,5
C:\projects\Buzzer-Game-master\src\com\ginasprint\buzzer\server\ServerGUI.java,com.ginasprint.buzzer.server.ServerGUI,createButtonPanel/0,scoreButton,5
C:\projects\Buzzer-Game-master\src\com\ginasprint\buzzer\server\ServerGUI.java,com.ginasprint.buzzer.server.ServerGUI,createButtonPanel/0,buttonPanel,6
C:\projects\Buzzer-Game-master\src\com\ginasprint\buzzer\server\ServerGUI.java,com.ginasprint.buzzer.server.ServerGUI,setupUI/0,listsPanel,4
C:\projects\Buzzer-Game-master\src\com\ginasprint\buzzer\server\ServerGUI.java,com.ginasprint.buzzer.server.ServerGUI,setupUI/0,buttonPanel,1
C:\projects\Buzzer-Game-master\src\com\ginasprint\buzzer\server\ServerGUI.java,com.ginasprint.buzzer.server.ServerGUI,setupUI/0,panel,5
C:\projects\Buzzer-Game-master\src\com\ginasprint\buzzer\server\ServerGUI.java,com.ginasprint.buzzer.server.ServerGUI,setupUI/0,configPanel,1
C:\projects\Buzzer-Game-master\src\com\ginasprint\buzzer\server\ServerGUI.java,com.ginasprint.buzzer.server.ServerGUI,createClientListPanel/0,border,1
C:\projects\Buzzer-Game-master\src\com\ginasprint\buzzer\server\ServerGUI.java,com.ginasprint.buzzer.server.ServerGUI,createClientListPanel/0,panel,4
C:\projects\Buzzer-Game-master\src\com\ginasprint\buzzer\server\ServerGUI.java,com.ginasprint.buzzer.server.ServerGUI,createClientListPanel/0,paneScrollPaneClient,4
C:\projects\Buzzer-Game-master\src\com\ginasprint\buzzer\server\ServerGUI.java,com.ginasprint.buzzer.server.ServerGUI,createConfigPanel/0,ipLabel,3
C:\projects\Buzzer-Game-master\src\com\ginasprint\buzzer\server\ServerGUI.java,com.ginasprint.buzzer.server.ServerGUI,createConfigPanel/0,inetAddress,0
C:\projects\Buzzer-Game-master\src\com\ginasprint\buzzer\server\ServerGUI.java,com.ginasprint.buzzer.server.ServerGUI,createConfigPanel/0,e,1
C:\projects\Buzzer-Game-master\src\com\ginasprint\buzzer\server\ServerGUI.java,com.ginasprint.buzzer.server.ServerGUI,createConfigPanel/0,panel,2
C:\projects\Buzzer-Game-master\src\com\ginasprint\buzzer\server\ServerGUI.java,com.ginasprint.buzzer.server.ServerGUI,ServerGUI/1[com.ginasprint.buzzer.server.ServerController],controller,2
C:\projects\Buzzer-Game-master\src\com\ginasprint\buzzer\server\Server.java,com.ginasprint.buzzer.server.ClientConnectionThread,getNextParticipant/0,client,1
C:\projects\Buzzer-Game-master\src\com\ginasprint\buzzer\server\Server.java,com.ginasprint.buzzer.server.ClientConnectionThread,run/0,inputLine,4
C:\projects\Buzzer-Game-master\src\com\ginasprint\buzzer\server\Server.java,com.ginasprint.buzzer.server.ClientConnectionThread,run/0,e,3
C:\projects\Buzzer-Game-master\src\com\ginasprint\buzzer\server\Server.java,com.ginasprint.buzzer.server.ClientConnectionThread,run/0,client,2
C:\projects\Buzzer-Game-master\src\com\ginasprint\buzzer\server\Server.java,com.ginasprint.buzzer.server.ClientConnectionThread,closeClientConnection/1[com.ginasprint.buzzer.server.Participant],e,1
C:\projects\Buzzer-Game-master\src\com\ginasprint\buzzer\server\Server.java,com.ginasprint.buzzer.server.ClientConnectionThread,closeClientConnection/1[com.ginasprint.buzzer.server.Participant],client,2
C:\projects\Buzzer-Game-master\src\com\ginasprint\buzzer\server\Server.java,com.ginasprint.buzzer.server.ClientConnectionThread,"ClientConnectionThread/2[com.ginasprint.buzzer.server.Server,com.ginasprint.buzzer.server.ServerController]",controller,1
C:\projects\Buzzer-Game-master\src\com\ginasprint\buzzer\server\Server.java,com.ginasprint.buzzer.server.ClientConnectionThread,"ClientConnectionThread/2[com.ginasprint.buzzer.server.Server,com.ginasprint.buzzer.server.ServerController]",buzzerServer,2
C:\projects\Buzzer-Game-master\src\com\ginasprint\buzzer\server\Server.java,com.ginasprint.buzzer.server.ClientConnectionThread,"takeInputLineAction/2[com.ginasprint.buzzer.server.Participant,java.lang.String]",inputLineFinal,1
C:\projects\Buzzer-Game-master\src\com\ginasprint\buzzer\server\Server.java,com.ginasprint.buzzer.server.ClientConnectionThread,"takeInputLineAction/2[com.ginasprint.buzzer.server.Participant,java.lang.String]",inputLine,4
C:\projects\Buzzer-Game-master\src\com\ginasprint\buzzer\server\Server.java,com.ginasprint.buzzer.server.ClientConnectionThread,"takeInputLineAction/2[com.ginasprint.buzzer.server.Participant,java.lang.String]",client,5
C:\projects\Buzzer-Game-master\src\com\ginasprint\buzzer\server\ServerGUI.java,com.ginasprint.buzzer.server.ServerGUI$Anonymous1,windowClosing/1[java.awt.event.WindowEvent],e,1
