file,class,type,cbo,cboModified,fanin,fanout,wmc,dit,noc,rfc,lcom,lcom*,tcc,lcc,totalMethodsQty,staticMethodsQty,publicMethodsQty,privateMethodsQty,protectedMethodsQty,defaultMethodsQty,visibleMethodsQty,abstractMethodsQty,finalMethodsQty,synchronizedMethodsQty,totalFieldsQty,staticFieldsQty,publicFieldsQty,privateFieldsQty,protectedFieldsQty,defaultFieldsQty,finalFieldsQty,synchronizedFieldsQty,nosi,loc,returnQty,loopQty,comparisonsQty,tryCatchQty,parenthesizedExpsQty,stringLiteralsQty,numbersQty,assignmentsQty,mathOperationsQty,variablesQty,maxNestedBlocksQty,anonymousClassesQty,innerClassesQty,lambdasQty,uniqueWordsQty,modifiers,logStatementsQty
C:\projects\SlotMachineAPP-main\APP.java,APP,class,1,1,0,1,1,1,0,0,0,0.0,NaN,NaN,1,1,1,0,0,0,1,0,0,0,0,0,0,0,0,0,0,0,0,5,0,0,0,0,0,0,0,0,0,0,0,0,0,0,5,1,0
C:\projects\SlotMachineAPP-main\SlotAPP.java,SlotAPP,class,3,4,1,3,2,5,0,1,1,1.0,0.0,0.0,2,0,2,0,0,0,2,0,0,0,24,0,0,0,0,24,0,0,1,433,0,0,0,0,0,0,1,3,0,49,0,1,2,0,49,1,0
C:\projects\SlotMachineAPP-main\SlotAPP.java,SlotAPP$SlotPane,innerclass,0,0,0,0,14,5,0,18,1,0.58974355,0.33333334,0.33333334,3,0,2,0,1,0,3,0,0,0,13,0,0,10,0,3,0,0,7,189,1,0,7,1,1,6,288,17,62,14,2,1,0,0,61,1,0
C:\projects\SlotMachineAPP-main\SlotAPP.java,SlotAPP$Anonymous1,anonymous,1,1,0,1,1,1,0,29,0,0.0,NaN,NaN,1,0,1,0,0,0,1,0,0,0,0,0,0,0,0,0,0,0,11,117,0,0,0,0,0,13,63,19,0,1,0,2,0,0,40,-1,0
C:\projects\SlotMachineAPP-main\SlotAPP.java,SlotAPP$BetterSlot,innerclass,2,2,0,2,41,1,0,7,13,0.7380953,0.1904762,0.33333334,7,0,7,0,0,0,7,0,0,0,6,0,0,0,0,6,0,0,0,96,7,8,16,0,0,0,42,37,2,18,4,0,0,0,27,0,0
C:\projects\SlotMachineAPP-main\SlotAPP.java,SlotAPP$Anonymous1$Anonymous3,anonymous,0,0,0,0,1,1,0,1,0,0.0,NaN,NaN,1,0,1,0,0,0,1,0,0,0,0,0,0,0,0,0,0,0,0,5,0,0,0,0,0,1,0,0,0,0,0,0,0,0,5,-1,0
C:\projects\SlotMachineAPP-main\SlotAPP.java,SlotAPP$SlotPane$Anonymous4,anonymous,0,0,0,0,6,1,0,2,0,0.0,NaN,NaN,1,0,1,0,0,0,1,0,0,0,0,0,0,0,0,0,0,0,0,29,0,0,4,0,2,0,6,14,1,2,1,0,0,0,19,-1,0
C:\projects\SlotMachineAPP-main\SlotAPP.java,SlotAPP$Anonymous1$Anonymous2,anonymous,1,1,0,1,2,1,0,5,0,0.0,NaN,NaN,1,0,1,0,0,0,1,0,0,0,0,0,0,0,0,0,0,0,0,16,0,0,1,0,0,2,0,4,1,0,1,0,0,0,15,-1,0
