file,class,method,variable,usage
C:\projects\SlotMachineAPP-main\SlotAPP.java,SlotAPP$SlotPane,paintComponent/1[java.awt.Graphics],p1,9
C:\projects\SlotMachineAPP-main\SlotAPP.java,SlotAPP$SlotPane,paintComponent/1[java.awt.Graphics],p2,9
C:\projects\SlotMachineAPP-main\SlotAPP.java,SlotAPP$SlotPane,paintComponent/1[java.awt.Graphics],p3,2
C:\projects\SlotMachineAPP-main\SlotAPP.java,SlotAPP$SlotPane,paintComponent/1[java.awt.Graphics],p4,3
C:\projects\SlotMachineAPP-main\SlotAPP.java,SlotAPP$SlotPane,paintComponent/1[java.awt.Graphics],p5,4
C:\projects\SlotMachineAPP-main\SlotAPP.java,SlotAPP$SlotPane,paintComponent/1[java.awt.Graphics],Yvelocity,1
C:\projects\SlotMachineAPP-main\SlotAPP.java,SlotAPP$SlotPane,paintComponent/1[java.awt.Graphics],p6,3
C:\projects\SlotMachineAPP-main\SlotAPP.java,SlotAPP$SlotPane,paintComponent/1[java.awt.Graphics],y,58
C:\projects\SlotMachineAPP-main\SlotAPP.java,SlotAPP$SlotPane,paintComponent/1[java.awt.Graphics],frame,11
C:\projects\SlotMachineAPP-main\SlotAPP.java,SlotAPP$SlotPane,SlotPane/0,p1,2
C:\projects\SlotMachineAPP-main\SlotAPP.java,SlotAPP$SlotPane,SlotPane/0,p2,1
C:\projects\SlotMachineAPP-main\SlotAPP.java,SlotAPP$SlotPane,SlotPane/0,p3,1
C:\projects\SlotMachineAPP-main\SlotAPP.java,SlotAPP$SlotPane,SlotPane/0,p4,1
C:\projects\SlotMachineAPP-main\SlotAPP.java,SlotAPP$SlotPane,SlotPane/0,p5,1
C:\projects\SlotMachineAPP-main\SlotAPP.java,SlotAPP$SlotPane,SlotPane/0,p6,1
C:\projects\SlotMachineAPP-main\SlotAPP.java,SlotAPP$SlotPane,SlotPane/0,frame,1
C:\projects\SlotMachineAPP-main\SlotAPP.java,SlotAPP$BetterSlot,occurancecounter/1[int[]],ocount,4
C:\projects\SlotMachineAPP-main\SlotAPP.java,SlotAPP$BetterSlot,occurancecounter/1[int[]],bookmark,1
C:\projects\SlotMachineAPP-main\SlotAPP.java,SlotAPP$BetterSlot,isPSquare/1[int[]],isPSquare,3
C:\projects\SlotMachineAPP-main\SlotAPP.java,SlotAPP$BetterSlot,isfourtwo/1[int[]],isfourtwo,3
C:\projects\SlotMachineAPP-main\SlotAPP.java,SlotAPP$BetterSlot,payOff/1[int[]],isPoweroftwo,1
C:\projects\SlotMachineAPP-main\SlotAPP.java,SlotAPP$BetterSlot,payOff/1[int[]],isfourtwo,1
C:\projects\SlotMachineAPP-main\SlotAPP.java,SlotAPP$BetterSlot,payOff/1[int[]],isPSquare,1
C:\projects\SlotMachineAPP-main\SlotAPP.java,SlotAPP$BetterSlot,ispair/1[int[]],ocount,4
C:\projects\SlotMachineAPP-main\SlotAPP.java,SlotAPP$BetterSlot,ispair/1[int[]],bookmark,1
C:\projects\SlotMachineAPP-main\SlotAPP.java,SlotAPP$BetterSlot,ispair/1[int[]],isfullhouse,2
C:\projects\SlotMachineAPP-main\SlotAPP.java,SlotAPP$BetterSlot,isPoweroftwo/1[int[]],isPoweroftwo,3
