file,class,method,constructor,line,cbo,cboModified,fanin,fanout,wmc,rfc,loc,returnsQty,variablesQty,parametersQty,methodsInvokedQty,methodsInvokedLocalQty,methodsInvokedIndirectLocalQty,loopQty,comparisonsQty,tryCatchQty,parenthesizedExpsQty,stringLiteralsQty,numbersQty,assignmentsQty,mathOperationsQty,maxNestedBlocksQty,anonymousClassesQty,innerClassesQty,lambdasQty,uniqueWordsQty,modifiers,logStatementsQty,hasJavaDoc
C:\projects\SlotMachineAPP-main\APP.java,APP,main/1[java.lang.String[]],false,5,1,1,0,1,1,0,3,0,0,1,0,0,0,0,0,0,0,0,0,0,0,0,0,0,0,5,9,0,false
C:\projects\SlotMachineAPP-main\SlotAPP.java,SlotAPP,SlotAPP/0,true,69,0,2,1,1,1,1,120,0,0,0,1,0,0,0,0,0,0,0,0,0,0,0,1,0,0,54,1,0,false
C:\projects\SlotMachineAPP-main\SlotAPP.java,SlotAPP,actionPerformed/1[java.awt.event.ActionEvent],false,229,0,0,0,0,1,0,2,0,0,1,0,0,0,0,0,0,0,0,0,0,0,0,0,0,0,5,1,0,false
C:\projects\SlotMachineAPP-main\SlotAPP.java,SlotAPP$SlotPane,paintComponent/1[java.awt.Graphics],false,319,0,0,0,0,11,7,114,0,1,1,7,0,0,0,7,0,1,0,263,3,62,2,0,0,0,16,4,0,false
C:\projects\SlotMachineAPP-main\SlotAPP.java,SlotAPP$SlotPane,getPreferredSize/0,false,314,0,0,0,0,1,0,3,1,0,0,0,0,0,0,0,0,0,0,2,0,0,0,0,0,0,4,1,0,false
C:\projects\SlotMachineAPP-main\SlotAPP.java,SlotAPP$SlotPane,SlotPane/0,true,251,0,2,1,1,2,11,57,0,0,0,11,0,0,0,0,1,0,6,21,11,0,1,1,0,0,46,1,0,false
C:\projects\SlotMachineAPP-main\SlotAPP.java,SlotAPP$Anonymous1,run/0,false,72,1,2,0,2,1,29,115,0,1,0,29,0,0,0,0,0,0,13,63,19,0,0,2,0,0,51,1,0,false
C:\projects\SlotMachineAPP-main\SlotAPP.java,SlotAPP$BetterSlot,pullTheLever/0,false,462,1,1,1,0,2,1,9,1,3,0,1,0,0,1,0,0,0,0,3,5,0,1,0,0,0,8,1,0,false
C:\projects\SlotMachineAPP-main\SlotAPP.java,SlotAPP$BetterSlot,occurancecounter/1[int[]],false,511,1,1,1,0,5,1,17,1,3,1,1,0,0,2,1,0,0,0,4,6,1,3,0,0,0,7,1,0,false
C:\projects\SlotMachineAPP-main\SlotAPP.java,SlotAPP$BetterSlot,isPSquare/1[int[]],false,573,1,1,1,0,8,0,8,1,1,1,0,0,0,1,6,0,0,0,7,2,0,2,0,0,0,6,1,0,false
C:\projects\SlotMachineAPP-main\SlotAPP.java,SlotAPP$BetterSlot,isfourtwo/1[int[]],false,587,1,1,1,0,3,0,8,1,1,1,0,0,0,1,1,0,0,0,2,2,0,2,0,0,0,4,1,0,false
C:\projects\SlotMachineAPP-main\SlotAPP.java,SlotAPP$BetterSlot,payOff/1[int[]],false,482,2,6,1,5,9,6,20,1,0,1,6,5,1,0,0,0,0,0,13,8,0,4,0,0,0,11,1,0,false
C:\projects\SlotMachineAPP-main\SlotAPP.java,SlotAPP$BetterSlot,ispair/1[int[]],false,536,1,1,1,0,7,0,18,1,3,1,0,0,0,2,3,0,0,0,5,6,1,3,0,0,0,9,1,0,false
C:\projects\SlotMachineAPP-main\SlotAPP.java,SlotAPP$BetterSlot,isPoweroftwo/1[int[]],false,558,1,1,1,0,7,0,8,1,1,1,0,0,0,1,5,0,0,0,6,2,0,2,0,0,0,5,1,0,false
C:\projects\SlotMachineAPP-main\SlotAPP.java,SlotAPP$Anonymous1$Anonymous3,actionPerformed/1[java.awt.event.ActionEvent],false,200,0,3,0,3,1,1,3,0,0,1,1,0,0,0,0,0,0,1,0,0,0,0,0,0,0,5,1,0,false
C:\projects\SlotMachineAPP-main\SlotAPP.java,SlotAPP$SlotPane$Anonymous4,actionPerformed/1[java.awt.event.ActionEvent],false,282,0,3,0,3,6,2,27,0,2,1,2,0,0,0,4,0,2,0,6,14,1,1,0,0,0,19,1,0,false
C:\projects\SlotMachineAPP-main\SlotAPP.java,SlotAPP$Anonymous1$Anonymous2,actionPerformed/1[java.awt.event.ActionEvent],false,164,1,3,0,3,2,5,14,0,0,1,5,0,0,0,1,0,0,2,0,4,1,1,0,0,0,15,1,0,false
