file,class,method,variable,usage
C:\projects\SlotMachineAPP-main\APP.java,APP,main/1[java.lang.String[]],args,0
C:\projects\SlotMachineAPP-main\SlotAPP.java,SlotAPP,actionPerformed/1[java.awt.event.ActionEvent],e,0
C:\projects\SlotMachineAPP-main\SlotAPP.java,SlotAPP$SlotPane,paintComponent/1[java.awt.Graphics],g,2
C:\projects\SlotMachineAPP-main\SlotAPP.java,SlotAPP$SlotPane,paintComponent/1[java.awt.Graphics],g2d,90
C:\projects\SlotMachineAPP-main\SlotAPP.java,SlotAPP$SlotPane,SlotPane/0,exp,1
C:\projects\SlotMachineAPP-main\SlotAPP.java,SlotAPP$Anonymous1,run/0,frame,14
C:\projects\SlotMachineAPP-main\SlotAPP.java,SlotAPP$BetterSlot,pullTheLever/0,slots,1
C:\projects\SlotMachineAPP-main\SlotAPP.java,SlotAPP$BetterSlot,pullTheLever/0,slotnum,1
C:\projects\SlotMachineAPP-main\SlotAPP.java,SlotAPP$BetterSlot,pullTheLever/0,i,3
C:\projects\SlotMachineAPP-main\SlotAPP.java,SlotAPP$BetterSlot,occurancecounter/1[int[]],values,5
C:\projects\SlotMachineAPP-main\SlotAPP.java,SlotAPP$BetterSlot,occurancecounter/1[int[]],i,5
C:\projects\SlotMachineAPP-main\SlotAPP.java,SlotAPP$BetterSlot,occurancecounter/1[int[]],Maxfreq,4
C:\projects\SlotMachineAPP-main\SlotAPP.java,SlotAPP$BetterSlot,occurancecounter/1[int[]],m,3
C:\projects\SlotMachineAPP-main\SlotAPP.java,SlotAPP$BetterSlot,isPSquare/1[int[]],values,7
C:\projects\SlotMachineAPP-main\SlotAPP.java,SlotAPP$BetterSlot,isPSquare/1[int[]],i,8
C:\projects\SlotMachineAPP-main\SlotAPP.java,SlotAPP$BetterSlot,isfourtwo/1[int[]],values,2
C:\projects\SlotMachineAPP-main\SlotAPP.java,SlotAPP$BetterSlot,isfourtwo/1[int[]],i,3
C:\projects\SlotMachineAPP-main\SlotAPP.java,SlotAPP$BetterSlot,payOff/1[int[]],values,5
C:\projects\SlotMachineAPP-main\SlotAPP.java,SlotAPP$BetterSlot,ispair/1[int[]],values,5
C:\projects\SlotMachineAPP-main\SlotAPP.java,SlotAPP$BetterSlot,ispair/1[int[]],i,5
C:\projects\SlotMachineAPP-main\SlotAPP.java,SlotAPP$BetterSlot,ispair/1[int[]],Maxfreq,3
C:\projects\SlotMachineAPP-main\SlotAPP.java,SlotAPP$BetterSlot,ispair/1[int[]],m,3
C:\projects\SlotMachineAPP-main\SlotAPP.java,SlotAPP$BetterSlot,isPoweroftwo/1[int[]],values,6
C:\projects\SlotMachineAPP-main\SlotAPP.java,SlotAPP$BetterSlot,isPoweroftwo/1[int[]],i,7
C:\projects\SlotMachineAPP-main\SlotAPP.java,SlotAPP$Anonymous1$Anonymous3,actionPerformed/1[java.awt.event.ActionEvent],e,0
C:\projects\SlotMachineAPP-main\SlotAPP.java,SlotAPP$SlotPane$Anonymous4,actionPerformed/1[java.awt.event.ActionEvent],slots,1
C:\projects\SlotMachineAPP-main\SlotAPP.java,SlotAPP$SlotPane$Anonymous4,actionPerformed/1[java.awt.event.ActionEvent],slotnum,4
C:\projects\SlotMachineAPP-main\SlotAPP.java,SlotAPP$SlotPane$Anonymous4,actionPerformed/1[java.awt.event.ActionEvent],e,0
C:\projects\SlotMachineAPP-main\SlotAPP.java,SlotAPP$Anonymous1$Anonymous2,actionPerformed/1[java.awt.event.ActionEvent],e,0
